delta_us	pkt_len
0	30
728	99
1750	27
1293	80
834	13
221	138
191	124
4	110
288	97
669	21
270	4
1137	88
91	50
979	68
128	325
69	144
297	53
34	19
337	100
1244	10
340	6
2407	385
82	20
702	135
328	23
2341	72
322	23
246	91
1846	156
899	379
283	227
68	92
181	132
1196	8
1538	159
1329	57
215	260
1681	20
1560	127
1478	22
230	110
387	61
676	43
2427	8
1561	127
1022	131
493	91
725	132
350	320
1865	121
793	15
1265	47
70	57
1890	157
1945	68
112	79
87	98
22	86
2176	285
647	27
1100	83
104	185
2139	358
913	27
1008	277
112	43
2251	12
2101	180
2685	87
440	135
235	86
1222	24
438	59
2704	54
6	35
49	3
817	13
370	360
274	207
555	72
351	219
368	6
3282	31
201	109
1712	8
3550	19
2178	2
1687	132
940	8
736	68
1032	58
2605	179
248	190
137	29
191	43
1302	628
930	125
2285	110
594	278
1511	125
1023	66
370	114
718	16
442	80
1378	258
206	35
724	132
459	60
19	60
3014	69
1887	5
2622	7
1780	189
729	51
226	22
1431	9
2400	254
1085	35
1683	145
109	35
1826	3
1726	28
591	36
255	97
1462	17
652	83
727	177
1927	57
791	6
92	147
802	34
2516	18
727	110
220	98
1725	35
1627	16
1688	148
54	57
1492	102
519	2
139	111
2613	35
3102	279
4230	3
4622	120
405	124
484	333
187	40
254	94
559	313
964	31
652	402
35	7
218	102
465	152
761	33
1080	98
1550	118
1437	131
267	14
2245	22
410	164
1263	340
14	49
1208	260
180	231
102	139
97	91
1602	20
1787	122
1095	5
546	168
1223	10
1658	191
1236	254
126	111
1097	324
1496	186
1525	103
159	55
879	166
977	155
692	147
1853	57
1474	196
750	15
657	14
193	1
70	68
439	277
219	12
156	89
116	179
913	33
2866	6
696	170
349	54
1412	33
1940	78
1441	34
804	1
505	473
7035	241
1692	93
7	43
2121	91
1544	87
306	632
144	43
1081	67
198	88
163	19
170	12
48	99
1356	8
218	40
271	68
902	6
343	12
201	47
943	39
839	39
105	150
3632	30
1413	298
677	142
843	5
841	24
3748	69
1202	26
749	130
2902	56
731	86
1607	69
934	193
1363	81
507	83
104	22
1146	31
272	420
3276	90
4652	163
149	7
1131	320
482	100
459	5
132	116
247	55
428	67
266	126
1164	39
1140	37
1950	187
236	50
847	14
1353	196
1282	59
1643	122
39	128
402	75
778	443
201	149
637	98
755	33
899	56
890	30
16	55
781	10
1060	93
1154	82
1013	79
589	340
191	112
89	53
4499	60
280	308
1027	217
1894	325
1889	24
3052	29
65	14
1934	49
144	114
802	74
51	357
2416	79
832	130
1238	393
152	24
1215	28
714	113
192	241
1790	31
89	18
231	125
177	226
1803	31
126	17
213	175
598	69
2274	220
1002	59
58	74
854	20
371	45
979	54
310	56
1379	125
3893	44
354	4
2064	5
409	3
163	17
88	51
922	173
869	211
712	263
94	26
382	19
1814	66
869	151
2203	190
1535	24
201	172
1506	36
1446	24
677	39
1158	20
972	245
157	115
503	22
1978	41
429	112
1379	99
281	93
717	187
803	204
2236	40
3035	48
1125	137
778	76
939	379
1704	6
10	52
772	21
64	26
570	10
1529	268
847	56
365	204
1076	15
1602	89
1734	36
1020	93
691	28
2043	9
1042	107
342	26
884	59
974	46
357	11
3831	69
531	110
194	90
2492	324
876	69
130	116
596	142
2639	98
691	154
68	201
50	656
822	39
948	162
1318	112
502	115
1507	20
3842	44
790	523
60	94
66	29
192	113
526	13
705	19
1268	319
388	115
1638	32
433	28
1627	15
1088	44
182	35
930	93
1046	118
824	29
271	119
811	278
210	48
2311	162
1963	4
1244	36
19	39
188	151
194	91
1165	108
1134	113
584	17
1256	55
47	299
18	77
1368	43
292	277
3135	24
259	86
649	65
1538	63
1889	96
20	13
1259	200
612	33
1294	58
411	92
223	84
1099	333
1329	43
593	159
913	344
719	24
1390	11
2387	36
1428	48
528	330
1846	74
261	101
2060	88
217	23
283	112
774	30
335	10
430	376
987	105
488	44
1964	164
778	18
1144	59
2891	97
1139	11
3595	101
4119	49
553	185
1141	29
741	164
484	265
2126	12
1314	84
1649	41
2122	267
518	123
381	21
529	1
188	134
185	46
128	56
367	18
2108	52
786	37
549	73
345	63
601	153
1388	127
1424	76
9	154
1033	153
965	16
232	34
109	49
1370	83
2317	29
935	170
2072	86
687	73
696	18
2430	16
956	209
205	64
153	69
3177	52
790	98
370	7
1529	703
1044	82
3033	30
4066	118
1101	67
1000	594
114	56
1094	38
1104	96
483	24
174	200
1855	357
1140	114
100	22
275	55
309	21
274	115
2717	3
776	66
230	10
1338	50
2243	67
19	94
403	85
747	99
1025	73
1811	56
382	86
1095	3
3151	30
1515	243
704	219
2455	24
1363	9
166	12
2808	20
696	60
1188	181
335	39
1342	158
73	192
1763	381
1373	9
950	16
230	108
2428	209
5704	123
143	523
35	123
1399	66
1469	22
1803	35
1101	10
3507	178
186	244
72	65
426	22
458	41
717	140
263	151
764	69
111	49
996	43
914	43
513	40
2255	77
2884	10
2339	23
751	49
357	103
1090	98
517	44
2093	50
154	57
276	62
566	29
1288	15
644	6
104	153
130	63
532	1
4956	168
112	30
725	242
907	11
1465	4
2299	36
1334	245
1376	22
2030	62
243	151
284	78
115	185
279	92
1244	21
254	74
184	183
489	298
256	19
1921	35
343	329
1330	177
466	40
2090	18
1232	11
561	171
703	451
852	17
357	16
1189	123
164	27
173	2
1103	13
1191	4
867	122
65	16
585	45
1369	22
2716	31
414	46
314	2
632	51
138	169
2210	49
40	102
700	31
2597	51
2002	68
909	130
487	107
625	432
632	263
625	8
3733	121
517	123
786	6
1367	282
4026	126
1760	34
47	75
153	20
1989	69
2654	150
107	1
120	63
120	63
90	60
1147	266
1340	18
1861	158
1634	202
980	36
2855	29
3091	14
9	139
97	196
3395	114
2569	47
3772	4
820	7
1341	291
597	37
271	76
2177	6
3083	77
11	16
3518	13
239	10
152	100
197	14
3709	389
449	10
313	174
472	195
995	106
431	181
335	88
210	39
111	268
337	18
470	134
2753	95
1119	19
272	12
896	125
402	60
317	1
1689	177
1683	122
244	98
692	90
237	71
478	29
3489	80
122	206
4958	158
681	2
482	2
5352	58
649	16
987	102
1012	235
296	265
147	151
1064	34
1209	133
433	78
1435	20
901	132
1094	20
1683	181
1493	23
216	34
143	80
213	62
180	6
1319	80
440	525
2393	66
2060	155
1073	50
179	10
1862	223
576	47
481	335
218	20
1551	44
1506	45
186	141
293	4
805	7
279	82
420	135
1785	146
278	124
1004	17
878	86
822	84
4764	128
94	17
1049	32
657	507
27	351
894	148
2166	99
4144	170
15	191
2179	38
952	31
821	170
866	119
454	30
207	123
221	222
672	33
53	35
1135	10
43	101
633	15
1434	109
2065	6
1243	30
421	7
881	55
1211	273
43	41
231	6
1525	222
1061	45
3622	90
878	35
3351	24
1824	102
560	68
454	428
7361	8
4319	61
521	147
1005	49
888	18
351	90
1131	24
411	29
330	103
1165	310
618	67
440	10
719	161
488	212
49	130
111	125
1569	29
212	35
812	141
412	4
773	64
1503	54
835	161
193	45
436	15
3284	60
709	109
195	91
1678	21
926	37
1845	118
2484	41
141	92
300	57
298	29
380	79
3115	24
1636	25
1491	5
2184	71
786	65
481	249
923	223
23	136
2066	11
918	61
2532	17
1400	29
474	291
189	14
594	21
349	85
1116	232
681	17
1050	15
307	31
638	5
734	148
4149	30
195	108
28	185
2339	314
512	70
198	39
1784	83
117	29
1335	75
791	683
1849	31
695	170
3340	19
922	26
1936	11
516	146
870	66
216	21
850	54
2028	297
79	23
218	33
1359	156
915	37
1467	239
501	58
98	102
335	202
257	159
1373	73
1293	53
1275	27
757	206
535	26
417	157
2578	156
176	245
1023	266
85	159
469	138
743	95
2793	38
941	10
1782	27
810	84
1934	6
341	197
714	96
432	187
542	20
638	20
491	134
83	74
1951	56
404	63
778	57
2563	51
448	2
2619	16
3511	277
727	13
1446	42
864	137
232	95
882	191
1288	71
146	260
1732	82
116	239
809	88
566	60
352	65
1705	12
161	35
1463	144
221	263
1284	107
375	40
248	19
1138	288
49	60
73	19
898	19
238	65
1375	3
552	467
1474	234
479	83
1862	44
1149	124
2186	101
316	54
46	275
2057	65
753	24
582	56
1486	11
210	110
1073	108
1333	48
639	322
1651	244
861	95
1075	112
449	111
2015	48
403	7
257	218
1429	22
1924	112
606	55
324	38
430	328
4045	13
104	5
1159	23
1362	226
2101	98
389	23
1161	15
1710	84
48	9
926	143
203	17
935	64
277	64
906	129
362	10
1030	290
68	35
1338	131
1415	59
680	102
4769	194
199	239
807	30
3012	176
666	55
426	47
712	50
904	312
1810	14
1954	138
484	117
83	291
3424	95
668	148
1906	46
1732	118
741	2
586	286
463	186
181	5
164	65
1021	23
307	122
181	217
147	188
623	48
1886	315
2655	160
301	74
933	188
1188	64
2516	13
1704	19
221	28
903	134
257	229
748	46
67	256
1004	40
2642	32
504	90
1524	48
1133	99
316	155
859	2
2426	57
129	13
1691	13
197	194
2277	39
1242	13
786	51
591	45
139	53
1626	158
657	22
3981	122
579	63
1055	231
2655	14
1600	85
635	91
212	7
2129	23
4501	12
152	40
1625	85
873	102
484	52
1012	97
237	22
303	203
2612	21
1077	103
1015	86
1449	27
99	41
2270	29
222	37
605	65
622	235
3363	229
357	144
708	12
788	25
204	107
1864	88
2476	94
2762	45
57	35
40	254
101	272
856	98
265	60
1875	23
165	434
1536	38
1892	138
930	191
4592	1
159	123
1424	35
1655	104
335	194
1276	6
1938	42
112	314
190	18
1934	21
303	243
135	128
627	14
716	268
2658	90
1904	157
207	113
149	30
331	8
229	23
162	134
785	444
1184	111
350	85
825	6
444	25
169	149
2741	51
241	224
387	293
1145	211
1762	62
1549	39
2445	136
62	101
4360	91
671	132
2430	20
140	27
706	397
123	393
1060	19
992	26
419	88
1180	24
1268	7
70	86
932	325
120	80
643	125
390	92
1890	209
1339	108
746	8
1984	91
203	158
719	39
96	21
324	56
1365	119
67	61
373	37
256	4
527	39
1610	16
206	46
626	127
61	167
764	182
604	56
3048	128
90	119
371	179
1469	15
910	4
105	91
851	71
2971	130
1224	191
1162	39
144	49
1425	7
977	347
235	80
166	114
175	512
2465	62
4434	75
909	115
1827	78
107	48
1023	142
720	36
549	113
103	34
56	155
538	39
250	23
1880	142
916	207
1621	12
490	58
338	152
259	24
556	76
1719	339
1745	57
283	6
555	377
1865	20
1512	3
194	32
525	5
283	222
583	37
448	81
229	55
102	66
469	51
1818	4
325	24
319	48
725	55
206	116
2706	275
1080	46
1751	17
799	17
312	79
4407	138
338	66
1088	165
141	19
1065	365
290	50
942	150
677	90
1658	186
1506	12
411	49
1862	130
743	53
1194	95
529	197
419	151
1073	101
147	105
1126	137
1261	76
906	22
797	130
229	15
383	94
1765	227
1842	49
2051	38
360	25
188	64
1613	242
360	37
2704	134
608	5
136	99
464	98
480	177
524	116
368	152
3308	22
122	246
2926	213
1064	7
549	67
141	298
372	86
157	48
1826	1
1950	4
29	29
443	113
1795	162
1067	354
218	127
3135	310
545	53
2011	34
134	163
709	58
4615	107
134	56
258	29
965	187
56	46
840	6
1341	157
3487	103
1257	21
3419	135
1201	122
115	77
1061	98
357	60
1498	39
828	97
1211	73
55	51
1215	42
419	98
4480	25
2444	244
2062	75
326	88
1486	12
891	74
306	34
995	50
580	76
607	205
2448	139
1536	97
335	226
203	19
1524	31
1025	51
1864	41
99	341
226	114
581	135
86	16
445	81
277	142
164	18
62	137
1703	110
1095	32
1054	56
2475	95
511	14
332	345
532	45
166	131
991	54
558	105
2611	19
78	364
1535	8
1695	184
727	3
1213	83
374	61
875	105
972	296
268	128
271	252
436	10
1599	51
2084	5
1404	45
778	188
245	79
1607	271
1492	87
394	44
1315	2
630	52
534	243
354	203
69	125
369	59
269	127
1023	52
724	104
2578	184
652	154
1710	24
4122	168
1052	8
1910	59
951	144
771	31
926	28
2682	50
2575	35
549	37
102	71
707	459
744	40
614	150
1957	101
2079	19
3411	1
235	143
310	52
1845	73
419	26
305	11
661	399
819	103
890	266
103	33
1333	157
2995	394
4063	75
503	101
1004	160
197	124
415	45
277	23
296	128
1007	79
562	81
3790	56
95	147
642	7
1567	258
937	437
2040	145
290	23
168	17
467	237
82	5
84	17
266	69
2471	92
1966	17
1680	106
1392	252
4787	2
1431	152
512	80
1038	116
1418	17
2244	16
352	4
1354	18
1694	225
115	1
1316	247
1173	39
998	1
1106	49
1003	127
2657	87
1301	16
1481	4
3642	50
934	84
947	192
976	12
420	13
1226	269
1533	18
1715	112
316	90
2233	73
1860	41
236	80
72	44
465	23
1378	15
1306	156
1585	65
2691	425
1595	73
173	202
107	7
477	5
19	5
206	322
283	129
183	32
137	9
1051	107
342	76
638	32
124	103
803	8
1412	31
285	11
1295	56
256	23
719	27
449	82
5155	187
498	69
521	38
1508	74
1168	161
1646	21
2822	16
877	49
463	72
2203	229
621	579
99	108
857	259
1649	94
2324	246
955	15
301	44
797	171
1047	40
877	237
1027	59
518	41
832	209
1226	14
597	116
312	41
504	26
1379	16
1447	180
542	128
1927	129
2825	41
1717	34
101	459
2893	37
464	2
44	175
183	7
160	75
149	45
2674	55
89	159
221	39
2690	18
531	69
878	112
392	72
1280	14
590	60
1067	64
802	121
3529	116
888	159
2576	133
307	343
107	24
2641	112
1727	27
493	11
1763	64
604	50
1449	47
565	21
886	245
91	51
1248	168
621	12
552	1
1436	159
1827	175
1140	36
977	119
967	84
546	37
2778	4
391	73
1375	325
2238	14
452	85
918	24
1248	5
1291	177
414	59
929	36
1969	128
733	292
225	17
495	45
280	328
214	31
758	162
646	185
4284	16
444	12
106	54
812	31
7933	183
739	57
162	37
806	74
1880	90
898	420
292	55
1767	211
371	12
628	108
658	256
875	245
501	367
971	59
1345	20
1555	287
310	117
406	225
4786	45
1754	211
1265	52
1584	194
492	32
1105	46
462	71
786	29
1346	64
1954	6
1741	15
125	117
185	72
3898	6
548	12
1329	100
549	65
1282	26
1753	9
39	23
3851	63
310	1
27	242
736	9
1023	133
3232	198
1354	3
870	92
795	34
2330	3
3957	15
4405	41
243	182
401	114
1231	190
1224	26
2069	33
192	87
1654	76
201	577
1037	154
1720	207
153	151
860	162
1617	139
1178	11
1258	175
1346	267
77	5
3612	160
686	18
1325	15
874	15
481	86
2106	19
831	79
2466	81
986	7
957	77
49	44
64	100
82	250
1166	6
1696	61
1110	37
678	200
803	53
1011	137
669	189
209	41
2117	233
1211	14
875	22
2661	32
4361	22
169	223
1143	116
40	40
2635	199
2519	76
3440	37
496	55
1525	31
1422	196
494	18
542	21
973	65
710	38
261	78
68	14
461	72
345	4
316	51
1476	211
528	112
1221	332
362	136
230	97
408	240
67	67
730	57
411	86
1930	147
1916	151
181	614
2672	45
327	231
1247	72
1077	25
881	57
87	39
705	417
2588	298
1827	33
842	99
1447	61
251	369
1652	13
372	112
57	65
1566	82
556	120
2714	62
742	53
590	13
997	56
300	92
454	239
1439	24
730	127
509	77
833	36
1487	37
266	193
666	121
1201	155
983	68
205	50
2589	121
309	318
1955	47
175	13
1350	1
1211	11
245	52
234	47
646	10
1602	3
301	56
56	245
1092	46
714	86
361	268
592	49
166	82
4922	327
477	23
2500	111
1359	173
362	243
241	73
3520	4
334	1
428	20
3572	119
749	285
1605	112
218	141
805	17
650	14
208	38
3171	168
3431	33
1189	57
101	15
442	37
919	167
892	114
956	349
2241	216
538	278
210	116
487	74
2508	47
79	335
4862	4
712	4
138	29
1441	2
854	37
317	115
4874	64
648	254
529	32
3554	83
234	68
1902	141
2641	349
112	35
446	164
118	16
563	10
81	82
340	29
805	25
888	18
134	188
1903	17
799	56
1786	32
395	152
495	166
169	89
653	52
382	42
1379	290
3170	201
413	97
347	77
1183	36
225	34
2830	121
2522	102
658	17
703	126
618	528
606	4
1233	166
935	11
2886	26
1294	42
138	64
2717	252
2202	182
667	94
1015	268
504	28
1883	8
4292	105
1135	26
59	37
2028	274
3384	22
597	1
947	12
2747	41
575	45
217	162
264	34
3024	6
1307	28
1026	100
502	56
1928	101
200	77
953	353
1457	21
723	123
445	56
178	292
375	122
2325	212
106	72
412	3
461	258
1825	337
1127	66
168	221
2691	6
50	57
611	214
1110	113
800	27
1261	84
3116	83
58	151
299	21
216	28
2802	189
234	187
260	165
275	120
456	261
1479	65
393	123
330	6
1113	155
1273	1
87	127
339	209
1231	92
289	247
465	201
290	38
2226	14
1692	19
153	25
387	105
729	64
443	109
2108	57
509	33
632	122
2756	46
628	12
1374	96
965	20
878	12
5361	99
5001	99
679	71
3172	283
434	87
155	56
1099	111
1494	160
208	9
428	365
332	31
231	47
1313	37
492	79
836	76
2170	129
404	49
343	19
214	168
978	170
325	37
1274	22
1102	234
2956	3
3404	195
957	32
2186	22
3503	196
56	99
1772	113
339	183
173	59
2753	95
3170	131
3181	24
849	97
2551	199
359	57
853	204
405	77
659	333
352	46
1306	23
567	26
796	9
1228	223
334	12
152	28
365	107
1157	28
1210	168
192	151
421	95
362	98
1328	26
2958	50
2386	72
89	11
3694	61
1118	170
206	148
2862	4
3134	42
854	315
185	70
2987	168
626	247
2879	107
1430	117
1335	200
1916	4
1533	39
1879	227
394	128
1410	81
429	34
786	10
67	13
1179	20
393	455
313	268
3336	35
2191	95
2536	99
1104	188
88	1
71	156
1863	136
206	36
588	455
357	19
634	65
192	21
2040	33
4315	23
765	26
84	11
1267	46
309	31
697	93
1453	106
1724	25
3673	179
162	54
1949	352
483	62
1207	20
219	2
355	88
824	102
360	90
461	252
511	51
1643	6
591	65
508	104
948	483
2753	369
60	87
305	41
683	38
997	38
2445	71
594	145
1133	65
1428	49
389	135
1195	325
1330	97
3862	7
425	110
282	50
418	1
473	1
867	31
1751	34
2339	4
279	54
803	77
810	94
2331	6
2543	174
965	306
939	61
394	28
1319	71
1013	27
27	208
366	46
645	94
978	203
58	76
181	2
2162	69
3764	452
304	9
297	15
1117	326
271	17
5518	139
446	144
1083	40
846	75
101	63
3508	77
264	106
223	8
156	24
991	18
2174	672
1208	33
784	75
53	16
284	194
591	207
3245	23
1267	20
783	165
686	105
2192	68
1305	152
3579	9
1140	146
395	126
1104	64
1648	52
155	13
3205	2
1494	196
2176	48
546	13
2647	89
450	11
1142	84
494	66
1088	15
1345	2
588	5
1559	101
1373	34
1430	50
1109	60
366	17
386	45
1420	123
349	10
850	1
2417	38
1335	32
1359	67
1046	2
552	160
3053	139
792	42
368	1
1379	107
1615	17
2141	89
1109	107
571	56
267	136
115	63
253	191
539	113
1461	51
220	51
1261	235
1528	125
9	64
1146	37
205	42
808	91
404	93
360	154
599	36
759	6
486	233
886	27
1039	46
2655	11
115	50
90	58
717	138
1450	65
151	32
1905	11
1645	54
245	76
626	166
274	2
511	19
46	106
854	82
1307	60
1948	286
755	16
69	269
1117	341
731	40
30	3
1442	57
626	70
841	11
2008	163
3320	5
3982	52
2493	312
314	60
252	141
1532	4
306	40
361	446
5158	146
435	64
381	131
63	227
709	289
1332	77
1457	46
1923	36
1144	134
555	54
1554	308
1545	48
297	220
706	95
3476	37
1202	207
249	142
4185	83
131	88
2203	282
1217	55
536	2
241	244
1117	2
762	130
1747	132
1154	21
915	19
380	102
1326	352
883	84
100	386
2781	92
577	17
528	138
122	177
1174	18
3012	86
2804	2
368	38
2147	18
1161	79
2287	141
467	35
2393	24
43	138
776	78
219	7
550	74
866	105
404	4
746	125
373	105
506	36
405	193
615	11
175	37
921	399
282	71
877	322
561	46
415	37
218	63
487	107
80	273
445	87
635	123
160	43
1008	122
1373	20
323	23
1189	327
555	170
844	95
1801	275
892	219
953	18
2233	14
150	357
2377	201
629	59
331	9
38	65
673	247
218	181
461	245
269	217
696	38
337	7
1237	25
12	47
1260	222
595	217
175	165
447	91
2321	2
1906	105
711	22
981	308
278	134
1827	124
2183	55
1266	124
208	78
173	16
299	176
663	143
646	210
701	37
441	66
266	26
3107	158
539	104
1356	18
209	34
1313	95
801	26
1472	3
141	252
99	63
718	18
488	155
323	126
531	51
66	2
175	51
1057	33
2076	291
2029	64
10	199
289	38
1715	112
340	71
285	289
1486	134
716	213
2379	184
547	28
1145	96
1008	15
394	258
631	142
1049	115
196	3
170	58
754	64
1151	136
967	87
883	4
1712	94
1412	130
398	24
2377	94
970	61
1191	150
178	15
2224	12
9	162
1927	64
926	685
719	22
645	336
1567	116
1288	22
2004	45
1487	89
297	98
87	63
1339	9
3173	51
1665	223
236	210
1577	13
185	58
704	2
1708	5
712	123
62	45
1098	98
309	35
538	26
186	50
1069	276
157	129
70	32
1179	25
783	1
576	48
3618	177
109	13
356	24
88	6
642	33
414	131
209	176
1022	34
124	23
1231	28
574	31
373	11
858	77
502	7
712	37
561	34
424	21
1179	68
409	32
93	20
223	260
370	61
1528	114
2253	191
127	28
1070	5
160	534
810	102
1045	306
627	257
812	58
715	108
1190	22
1746	107
163	22
410	85
594	67
134	316
1895	238
2018	506
211	109
474	152
315	319
739	4
101	479
1178	3
3014	3
258	137
238	182
540	10
2123	13
2766	81
3483	24
1873	159
1518	29
223	42
2301	38
680	214
147	213
28	5
684	37
986	263
65	128
304	6
801	6
86	213
2357	60
1715	136
1843	31
1663	345
261	116
238	10
1184	6
1785	54
93	187
358	76
249	50
537	147
589	163
2356	55
580	41
17	82
114	95
272	29
1078	1
95	86
834	22
2336	44
1608	19
1261	16
1021	22
126	92
5	81
588	44
224	356
207	7
2139	50
2086	165
214	217
403	40
4249	113
872	10
135	150
174	96
2581	192
693	1
593	150
90	118
962	97
1511	55
606	83
1016	69
1067	27
4201	439
130	1
168	37
260	117
997	230
538	42
481	32
323	105
1188	67
1338	5
1543	143
1193	3
1390	21
530	29
92	80
1349	7
514	29
287	78
812	2
255	9
111	68
305	85
644	16
1801	11
738	70
271	59
1349	71
857	36
576	93
1764	30
11	274
1293	25
61	36
754	46
746	72
298	72
1856	21
1031	27
2532	44
142	5
260	49
1154	15
787	140
681	14
56	142
528	377
119	28
2146	66
1578	139
149	47
653	61
803	88
1059	63
2982	273
1602	95
604	123
259	110
1846	49
938	158
1002	190
110	58
1893	202
1945	98
1357	63
450	70
7	95
1131	89
352	36
1468	53
125	41
119	65
172	37
2505	27
136	101
2135	26
2243	134
724	29
127	27
373	685
1247	16
2558	8
556	116
81	194
184	50
681	2
2015	150
252	23
1699	6
1558	39
105	151
161	92
1247	113
1484	130
1394	17
1482	23
35	402
1622	199
647	65
2215	33
2145	18
606	72
441	109
1318	33
3498	22
1563	10
954	58
425	783
468	104
236	24
252	108
2670	23
1447	8
951	224
236	43
1374	101
50	17
844	62
416	22
1416	17
451	177
868	357
1093	19
1130	67
436	34
220	74
292	72
1511	68
986	29
557	222
1432	35
944	175
711	131
662	162
1207	21
321	91
1162	36
732	279
447	45
3218	9
3026	65
137	216
2262	212
1327	114
597	13
65	44
3409	458
2574	207
421	40
657	115
1067	10
1712	46
1590	224
200	1
478	118
2650	22
1944	19
195	167
408	65
191	6
2352	49
1319	70
182	20
607	50
113	311
2354	13
692	12
2622	238
784	27
864	307
1557	62
142	36
2064	285
828	6
114	129
161	29
215	19
568	302
206	8
543	35
697	191
159	52
3099	49
344	34
510	43
311	1
3126	66
6	249
976	239
308	78
659	188
79	36
1235	160
63	65
213	67
1418	178
2574	49
7	185
1426	15
65	247
3107	12
454	159
540	102
5	200
342	146
126	61
2377	67
336	273
60	126
190	131
1076	46
1946	199
817	31
593	16
2442	173
307	142
1629	37
1820	10
2043	14
854	34
667	82
577	127
1794	5
2437	106
449	20
247	12
993	223
1253	21
1524	4
1731	70
2046	39
1202	36
131	62
975	36
872	17
133	214
1604	155
1715	59
2759	4
1665	2
724	40
1953	140
572	24
2024	216
241	224
1088	22
1831	19
685	15
534	39
5022	119
720	12
506	129
8	186
190	236
1492	57
2896	5
267	4
1887	215
342	60
659	50
2252	302
38	20
778	120
803	148
791	114
433	181
3337	485
306	45
981	22
820	21
375	43
144	28
612	90
862	349
597	27
261	120
1109	335
286	32
468	10
1373	76
600	136
1722	14
407	75
1164	272
318	141
1120	248
397	25
309	73
185	77
937	168
1801	18
302	317
588	201
2387	66
22	49
233	37
1035	13
359	101
4656	243
644	268
394	84
111	99
1168	214
1023	3
1670	53
404	320
533	108
719	237
1027	17
935	535
666	323
4076	62
3606	167
228	52
502	7
484	59
102	83
945	19
397	185
882	58
1645	220
191	103
70	10
428	89
2379	7
46	134
342	42
1555	107
1114	56
319	123
1579	150
1059	146
134	378
3216	231
1495	124
833	7
564	17
496	74
614	49
1780	154
172	89
1358	18
260	3
892	40
1755	73
1276	2
300	30
1887	8
2024	1
919	37
755	164
2904	192
1713	25
748	194
1051	157
2074	543
1885	335
2387	2
1022	98
263	97
2164	35
1828	75
7030	8
1048	104
1240	21
1382	8
1102	341
960	60
505	82
1100	303
162	87
1291	12
375	1
920	32
46	158
1488	28
744	29
1556	70
1923	28
1700	23
390	211
2468	7
578	85
4041	45
59	300
726	98
1318	68
2638	150
326	85
1997	51
390	35
461	42
2095	22
303	59
881	6
3402	24
1643	358
152	56
2298	52
1182	40
802	14
813	40
77	61
401	154
2956	179
117	19
1110	200
759	61
1802	162
1468	97
2864	3
475	98
1240	116
696	2
481	61
1486	20
332	3
145	72
866	168
1758	301
844	99
322	30
5262	269
880	120
1034	88
678	144
925	159
77	189
419	287
341	107
79	357
2084	52
242	62
1473	83
626	57
873	203
831	67
132	73
284	52
901	17
278	171
741	67
1075	167
791	183
3302	148
140	176
1416	72
411	8
163	96
301	101
1410	79
5	3
287	399
261	46
295	326
263	166
2809	57
1325	217
1865	52
1075	80
1108	20
1335	57
2881	304
119	63
1937	5
1757	40
1312	274
247	723
677	41
686	70
247	90
1461	271
863	69
479	87
2354	189
417	73
367	160
517	44
642	32
422	47
593	128
2005	66
855	174
2352	123
2188	49
172	10
343	33
150	94
996	87
496	60
326	37
187	79
358	13
255	44
562	164
1532	73
1622	22
478	123
75	16
1016	44
626	21
357	137
46	53
2246	179
308	308
1008	199
417	181
1400	27
3536	9
1218	148
153	1
1856	10
670	198
209	83
1359	206
410	10
2916	11
979	106
2238	56
532	90
1474	147
75	3
1160	156
62	253
2875	9
929	130
2962	12
1693	18
827	129
978	51
5036	42
13	197
39	49
1158	52
493	131
313	192
423	37
511	35
226	34
1043	68
1358	3
4966	105
1403	45
15	19
138	26
1778	4
791	295
343	318
177	60
326	6
272	3
1036	66
2156	30
768	1
3098	205
1233	98
683	38
1691	172
172	52
445	239
1333	377
720	159
2473	100
74	63
1429	15
2870	237
533	44
528	122
1164	10
418	151
2306	236
2626	92
2446	254
2502	158
1088	127
1439	206
205	199
3062	116
1226	224
503	5
760	54
244	492
7	28
509	108
7	46
1177	117
537	132
615	272
1614	443
95	428
89	190
188	264
1187	9
1460	95
573	181
727	49
4911	48
805	96
114	29
76	2
2090	30
86	35
840	244
493	2
1089	271
341	142
563	118
1945	121
1582	46
50	6
701	110
17	340
168	49
303	108
325	41
86	16
748	234
912	510
1016	174
314	3
112	88
439	134
1035	14
646	80
1018	145
759	78
486	12
1218	32
512	131
371	68
554	122
943	53
2876	174
8	168
1430	91
75	63
498	58
728	384
1658	51
459	71
330	233
1778	37
3180	105
1531	83
145	155
1380	303
1107	44
38	163
1541	162
1752	113
1225	58
1653	83
535	8
1890	30
365	134
740	482
442	89
566	23
593	419
216	294
1161	28
251	156
391	44
1769	17
1867	19
562	257
3824	8
853	65
474	100
495	107
9	15
54	26
5209	59
775	54
1506	37
28	14
4648	225
234	11
422	4
389	90
338	86
1687	21
516	56
413	23
1522	209
1011	17
423	37
572	10
2491	58
467	1
234	237
202	33
255	171
1652	1
2757	3
3525	101
1268	13
388	294
68	61
463	33
493	112
803	47
378	12
673	8
1940	44
1309	173
1146	104
887	302
1651	41
2286	34
319	159
1174	52
847	62
488	115
1804	20
461	60
192	259
181	210
5	45
191	62
2147	272
550	60
447	14
5421	22
699	43
1058	41
432	181
160	107
2144	183
418	15
3425	182
855	199
314	22
87	1
1361	9
442	25
260	244
442	77
1473	33
252	9
2532	33
670	30
330	26
143	214
1430	24
6776	28
234	27
231	22
604	163
428	61
2086	46
324	52
579	154
2704	76
57	137
103	60
908	76
702	27
990	59
292	58
344	13
1018	25
821	12
1148	56
1420	34
465	29
1545	32
312	195
420	8
961	222
1349	23
113	440
75	55
148	48
286	146
261	39
827	248
414	48
1523	20
292	48
203	96
622	28
226	4
835	28
3454	214
1239	140
211	82
65	37
223	163
1971	343
253	261
80	150
276	39
547	271
329	13
57	12
369	40
2231	57
1224	89
69	147
1308	112
979	3
741	5
840	243
574	30
1227	202
100	3
2454	23
181	197
461	27
570	43
236	213
386	287
379	63
111	20
1318	26
33	11
1176	155
3206	77
1284	31
1000	334
110	89
773	66
2516	148
445	71
783	117
465	93
2108	49
1337	20
2833	38
46	131
1335	317
3311	22
602	32
1344	254
1676	490
1567	29
1182	18
1312	98
1437	15
625	162
587	235
748	113
267	136
32	8
227	109
68	103
165	24
1246	170
4114	180
2924	243
610	265
1468	15
211	4
1920	1
1013	3
459	558
1802	182
928	185
544	153
497	113
482	250
678	234
773	20
80	237
705	99
329	125
378	74
319	61
102	12
57	29
2311	118
459	8
478	19
1979	160
609	130
76	57
1209	132
2090	113
329	125
856	194
704	54
1170	72
534	87
546	3
1106	49
1275	398
804	268
2416	15
178	151
664	22
497	76
336	2
477	15
1094	329
608	12
362	16
44	51
1239	11
683	137
1405	413
1434	238
261	85
293	74
1033	87
123	80
96	15
1077	126
638	53
1034	103
266	210
377	44
252	108
3043	344
39	92
449	22
607	208
153	20
1688	72
945	17
2836	103
431	95
3190	94
1350	9
1345	68
163	13
2371	398
371	37
1068	217
321	197
1053	69
1954	151
856	192
405	41
176	170
1198	65
147	105
2914	122
2343	111
704	194
1109	382
1243	14
960	89
814	215
862	49
244	70
1831	77
1547	76
2251	19
3100	33
496	6
927	126
312	56
1484	34
450	45
570	23
1409	9
1227	45
2534	81
375	83
1762	76
961	9
536	35
1149	165
801	259
2141	26
730	41
461	11
2161	44
4201	159
153	202
981	39
1071	19
3069	74
1104	193
829	151
893	188
1145	461
641	158
516	115
240	35
2224	107
608	187
265	258
3195	106
60	227
1132	68
1940	5
2064	132
494	112
927	348
1239	119
638	130
525	38
1299	149
299	105
3746	223
1525	3
84	105
351	2
2357	3
1271	163
2762	20
4240	168
432	141
446	63
798	48
108	60
385	41
1009	22
4423	158
538	12
1636	20
305	87
138	515
322	56
241	67
738	11
288	78
3585	87
3752	38
2222	43
1764	54
548	54
104	375
78	697
1208	337
170	34
1251	12
952	42
517	206
366	183
3214	149
142	44
1054	7
121	38
200	119
200	35
153	97
60	25
316	129
318	25
471	131
189	84
736	15
702	127
1324	35
636	9
268	63
322	199
4422	21
453	56
508	121
799	51
2426	111
1392	58
416	52
1989	172
113	80
129	48
676	302
941	142
1030	236
2367	45
642	23
161	115
938	77
51	92
1075	253
1313	66
2621	19
1928	144
262	9
2491	19
135	253
239	32
83	89
507	72
394	98
2117	19
2332	119
2047	21
465	72
1926	124
119	5
772	73
619	130
322	23
532	80
1064	120
604	6
842	78
822	211
288	169
2448	57
373	74
889	37
1643	100
173	264
64	151
824	61
109	167
1811	3
626	39
271	32
230	55
438	383
714	23
2018	185
1099	268
969	49
1119	16
2083	121
226	20
965	55
55	46
768	79
1785	296
1413	6
790	12
540	215
1402	265
52	82
5400	31
663	37
1783	2
1134	31
1251	260
343	84
2270	113
113	28
271	320
466	115
1095	220
43	11
322	63
1302	45
700	388
3595	72
1081	32
140	101
442	108
62	35
2792	24
1360	152
3466	128
369	30
950	11
2347	8
233	40
4848	99
1276	19
227	66
1365	90
1198	19
306	168
1109	21
1769	21
1570	60
457	90
181	48
273	499
2146	56
426	33
249	55
686	175
2070	251
290	55
503	68
1731	56
2488	160
2151	372
234	140
1095	199
473	172
102	183
101	262
855	4
152	134
854	171
697	190
565	322
88	7
570	310
1004	100
2290	63
879	22
2125	102
242	223
2452	293
269	88
1337	97
2959	28
515	2
598	193
1644	87
2113	136
210	135
1892	37
512	74
127	28
2201	21
461	126
978	95
524	140
577	28
887	511
261	172
898	85
1270	133
1164	62
1675	2
541	122
588	11
77	66
1354	96
673	243
3147	208
2347	10
321	154
604	99
484	126
1894	42
4191	127
622	38
477	284
1678	4
188	44
114	145
2659	9
504	272
2183	257
3565	26
918	124
791	89
387	244
1610	71
1683	155
543	47
1997	183
195	71
971	213
1888	27
836	65
590	7
1493	3
758	220
728	70
783	167
4168	4
182	162
131	80
2157	86
2089	73
1222	178
178	10
578	55
1283	37
250	391
441	27
1904	18
292	95
950	141
801	35
556	257
922	21
1969	604
1819	105
454	33
1074	2
2619	408
644	157
3167	277
2825	151
232	67
474	5
485	101
823	4
127	10
167	165
1075	162
626	55
1730	97
309	124
355	77
208	206
2266	8
666	1
1059	251
7167	71
1520	44
411	235
2854	81
162	57
2256	43
2135	15
1680	24
1040	200
1154	31
554	40
1707	22
786	8
1874	79
307	7
738	32
1730	45
1485	27
344	46
1297	68
1398	44
527	147
2077	167
338	65
1749	83
1418	40
478	68
220	152
3039	255
1051	81
578	157
696	171
1513	200
1398	112
295	34
2206	90
327	24
474	2
1068	4
1300	164
474	38
1263	29
2390	42
1333	179
766	29
583	43
385	52
266	50
2620	14
868	37
664	143
1793	16
1145	172
663	196
1317	119
1075	177
204	308
599	24
2047	1
91	95
373	144
1168	191
223	18
939	184
258	110
2567	109
89	306
787	127
950	135
501	261
200	120
195	21
166	121
209	57
539	142
1404	20
799	113
1302	161
485	232
248	162
753	261
947	48
838	233
1465	36
2609	3
133	378
161	42
523	87
135	143
152	93
915	21
1472	47
256	65
1024	14
3466	64
408	24
1259	53
41	34
731	366
390	272
3924	55
2800	160
2899	179
598	76
1280	47
719	41
3515	40
482	98
154	48
767	5
102	179
278	103
928	64
1128	98
937	53
2922	107
392	171
1471	4
179	54
1963	49
57	164
1173	58
605	34
1174	38
763	5
950	109
934	17
4441	57
184	234
1548	29
466	185
158	449
3048	107
786	98
3858	137
939	1
4026	191
371	288
624	75
250	282
817	24
410	339
72	29
459	36
275	3
693	54
432	1
274	24
491	111
725	89
752	61
1508	166
324	14
974	131
647	152
794	30
725	30
727	113
1804	50
368	202
2112	5
339	167
2607	1
1457	17
1667	83
302	167
880	181
2292	10
453	44
144	39
1531	42
359	45
189	91
572	34
1172	90
76	40
1394	318
1430	7
2719	476
804	116
775	111
388	104
299	259
1506	58
1760	21
548	4
437	153
826	55
242	7
1642	17
681	221
2509	32
567	234
1198	186
263	192
1280	292
137	98
344	272
490	59
668	110
595	134
94	150
1193	98
132	42
1396	42
868	149
878	26
4121	44
525	45
141	512
816	43
1286	83
2161	62
758	27
544	5
3799	3
922	56
311	234
956	12
1092	9
898	33
2273	13
2206	68
698	205
479	108
313	87
945	60
1842	70
824	14
860	58
259	45
663	144
1878	8
462	254
2217	248
311	179
485	79
1547	84
94	233
2148	260
428	68
928	36
237	13
572	179
383	26
862	75
129	81
498	132
552	25
2226	67
5095	40
145	7
992	88
3043	142
1150	158
990	124
793	36
558	34
591	163
796	16
507	124
4288	52
3824	68
714	108
3015	315
2020	269
2123	151
961	60
402	176
1599	61
1320	424
127	166
216	229
1504	158
517	78
2375	43
516	106
2002	163
610	17
2547	187
333	66
701	90
1567	9
155	161
176	20
1068	44
2787	10
2368	105
33	47
1922	81
366	174
4311	142
144	38
247	93
314	53
742	382
514	66
223	17
1404	79
830	185
171	32
327	399
414	17
3102	51
1391	15
334	34
234	19
287	339
724	128
66	118
435	178
479	32
800	2
642	83
250	128
2569	43
1187	111
4306	21
159	131
578	139
1754	419
1024	56
2013	144
3395	6
74	54
2641	336
952	234
881	289
304	78
1690	549
106	64
1032	85
850	200
1511	2
972	264
819	5
564	42
900	62
442	103
692	171
1826	27
1264	8
430	9
3248	165
905	5
853	107
268	34
3210	37
1186	222
1289	12
169	7
830	168
5949	34
1973	17
1923	42
741	25
2382	23
258	48
2419	98
674	70
765	171
207	22
1255	573
677	64
154	8
105	151
878	31
2407	50
256	49
1994	55
4207	125
1302	46
2044	4
1004	25
1799	107
499	90
1466	206
3535	2
402	22
2518	142
87	121
653	30
610	4
767	2
1301	176
1819	188
1115	157
2663	150
1404	6
314	27
888	350
668	106
271	224
361	341
539	13
635	334
1718	132
1690	2
408	76
566	103
1617	56
368	168
380	58
971	190
598	119
174	106
273	104
1462	39
1984	18
938	89
183	14
163	185
367	8
1974	327
614	104
318	27
1428	19
856	100
3904	362
1557	10
344	8
486	38
399	85
1310	32
460	15
1627	30
17	232
82	11
244	28
140	5
608	15
1793	202
160	171
943	81
606	7
1647	355
706	114
523	295
1544	1
287	242
1120	35
4819	136
137	109
3576	83
193	4
1954	103
608	242
158	123
815	66
444	5
571	97
2217	88
1055	48
1322	95
3458	26
761	24
382	7
387	4
1091	55
70	80
2026	144
3115	43
484	147
601	28
249	40
1542	81
1731	90
293	92
159	119
326	73
770	106
925	38
71	9
782	54
451	57
1094	141
359	114
1264	225
2822	143
9	78
588	157
109	45
167	109
1262	4
1103	159
2188	62
1684	39
1065	20
616	83
555	4
1649	88
2583	56
779	35
639	113
546	246
256	71
516	45
498	51
77	46
1025	132
965	13
486	293
466	169
2076	95
3030	60
997	194
1388	49
178	166
572	142
539	296
120	202
634	172
822	10
499	96
222	199
1072	69
920	56
1535	30
1667	422
613	112
797	35
358	36
3217	11
1415	134
301	189
502	4
1436	35
2758	206
957	60
1068	1
375	19
989	16
159	22
486	92
2211	59
1159	210
14	159
2087	86
1639	4
303	128
282	123
85	133
363	36
1746	35
468	18
811	74
260	202
582	148
9	149
2477	11
438	3
1333	110
1597	36
752	29
1379	16
53	298
965	100
798	20
2773	85
195	19
1047	17
3806	50
329	73
428	235
3253	114
22	3
474	303
441	27
829	7
322	5
723	22
1628	42
3492	2
1117	49
597	179
708	7
226	17
243	184
1864	67
149	38
673	124
1029	83
1897	52
604	128
455	4
1031	110
262	9
743	5
69	19
3177	7
478	24
259	42
1725	38
48	113
1195	37
829	94
210	322
305	21
260	278
1129	84
1289	243
863	28
405	47
474	8
355	93
156	74
675	58
329	157
1062	22
1096	323
349	27
579	33
2983	36
728	274
912	13
777	26
1458	93
2497	44
4452	82
140	58
1152	81
1866	207
1080	101
466	46
1062	183
2875	237
978	88
1035	17
2282	7
2494	780
681	27
3435	71
643	39
313	195
120	211
261	2
2524	222
1318	116
212	26
1072	19
1160	3
1143	204
67	49
538	24
239	154
594	39
4858	28
1362	84
141	6
82	254
302	78
280	19
1377	29
128	58
1410	191
124	371
891	176
1966	464
230	131
60	97
1151	69
1031	577
1189	44
373	24
847	192
2101	9
509	157
2172	127
267	30
248	215
1374	106
1477	140
203	27
743	75
3225	164
42	67
477	188
1566	47
2014	79
162	11
15	144
918	17
300	110
75	308
539	4
1404	148
1065	56
1322	227
179	174
337	259
865	27
727	61
453	194
981	21
253	243
594	229
1801	65
3563	4
2710	33
1010	197
1658	58
416	30
199	3
243	72
714	11
1820	93
386	94
569	26
60	51
1931	96
1227	8
648	144
456	92
1411	29
878	5
886	110
603	62
84	32
2383	27
3346	38
642	165
1359	164
841	32
1281	95
732	7
1003	125
3592	19
1623	32
557	7
4857	7
1858	76
784	216
778	25
1268	32
181	37
631	99
653	95
2202	46
1082	81
1287	78
1003	29
221	166
258	287
38	7
425	372
914	204
134	7
214	78
2001	254
470	251
3585	649
312	57
2373	129
97	57
696	110
196	38
507	244
1560	24
1942	35
382	50
452	175
2317	112
123	51
2137	99
3711	1
1844	148
2746	144
1696	259
4542	19
1132	12
1149	85
5888	33
953	313
344	85
608	146
2871	189
1310	32
1934	185
754	89
2873	9
927	82
701	139
187	74
993	86
2074	170
1326	35
575	9
1380	69
961	107
134	32
2803	144
3838	3
947	152
550	95
98	132
1110	98
717	87
23	160
168	318
366	2
529	17
2826	102
5435	18
279	283
1707	33
42	58
299	3
41	212
121	221
2383	27
536	22
73	3
1161	96
1671	39
477	69
1239	45
37	88
1198	10
209	1
236	68
2208	36
1286	137
1967	169
55	163
955	215
2073	42
294	218
412	30
939	53
831	69
72	35
189	19
485	303
631	40
1569	291
2282	184
1224	126
151	197
2477	96
1058	18
1283	38
325	32
493	239
3692	21
2259	104
1381	8
584	228
544	92
219	39
601	228
2116	227
21	81
2340	215
531	3
109	100
77	4
224	13
1415	63
305	150
1240	82
518	156
1179	322
2915	3
676	326
814	68
329	187
261	33
1809	1
115	78
354	66
134	30
835	8
253	82
65	53
3551	25
476	157
137	26
135	336
414	115
1611	39
148	27
2382	18
1325	37
158	55
2596	73
161	8
537	98
638	14
735	24
547	236
1966	130
144	48
3203	38
759	52
1937	11
333	11
1699	18
671	167
900	98
1627	36
393	62
307	23
701	160
2973	146
1688	18
374	106
205	23
341	33
3151	22
100	25
693	26
2715	155
57	311
1930	157
103	189
126	75
1119	52
1191	186
2033	405
559	153
235	271
748	53
629	42
705	35
150	54
673	20
294	6
2674	40
342	5
289	33
2503	49
665	12
269	65
844	25
2803	214
142	35
3340	88
2049	91
898	71
881	43
91	34
1518	43
1141	84
4064	334
958	138
864	7
1248	14
1140	5
316	65
971	118
789	4
63	13
133	22
80	256
1089	22
982	212
1079	131
1977	20
160	83
1058	319
2389	22
1130	144
416	333
265	12
447	5
896	11
55	142
316	74
1764	15
248	74
306	97
2904	2
504	158
183	73
1868	106
1628	2
1828	106
682	15
2212	79
167	133
900	36
1375	4
496	84
339	242
327	114
1629	31
603	139
2479	258
226	216
753	37
981	44
1320	22
2118	18
908	21
463	21
1274	107
227	66
1350	43
107	15
967	5
450	24
3683	123
1901	63
1576	72
1174	250
1307	164
2926	11
3594	59
1353	219
485	121
2751	59
63	19
332	3
1952	409
2350	11
947	96
1824	80
2201	197
697	28
641	33
317	11
710	104
327	95
3654	24
1409	181
1077	200
346	48
895	58
2739	23
159	78
739	76
971	56
882	73
743	21
460	34
334	51
278	11
1328	75
10	204
710	34
319	41
576	88
906	320
993	88
1061	190
1539	332
540	6
484	143
68	85
149	181
442	89
1944	41
1332	59
1809	2
352	135
1548	13
939	38
90	47
943	512
719	18
248	53
1751	23
1021	38
204	41
3581	145
1463	91
869	58
1115	13
996	111
762	19
4387	49
62	77
265	10
1471	50
157	76
161	150
1386	450
1912	510
1775	142
78	726
1225	42
962	175
156	365
464	59
300	17
2301	1
1494	43
2243	11
2311	109
88	106
284	7
588	28
1533	59
4955	72
233	94
2606	209
358	128
2343	130
2056	153
1425	294
250	25
946	436
607	85
177	64
4231	41
400	143
119	107
239	167
1206	192
904	155
15	5
944	187
88	26
1616	87
408	31
256	99
1875	143
2559	30
608	4
40	60
1413	35
91	33
335	55
312	28
823	6
10	283
1158	50
358	47
69	259
1951	177
3187	58
19	215
522	9
1785	100
282	73
525	26
1842	95
1522	121
744	8
908	439
516	20
1263	106
1035	107
1034	63
1394	37
633	49
1236	48
1522	223
1062	87
431	59
2558	6
640	104
185	62
2400	134
407	47
418	32
1722	59
1318	100
40	52
440	46
1969	56
212	93
386	23
565	198
1079	126
1862	66
787	102
267	384
261	22
326	5
1328	8
1992	26
570	59
520	1
999	1
1153	68
208	9
1486	186
1191	422
1674	81
291	284
800	130
531	49
34	3
1934	13
189	310
352	84
2575	12
614	141
670	92
193	32
218	50
1102	155
2294	42
173	49
2049	169
1904	1
867	120
1073	45
1119	43
742	74
993	105
1384	344
502	80
1024	38
101	34
113	61
903	206
122	112
304	9
924	17
1447	266
580	125
639	144
978	195
487	149
403	22
132	229
506	30
483	311
340	73
555	38
804	39
268	102
926	452
1925	77
383	120
1246	49
748	142
893	276
2627	117
304	343
4385	138
2300	171
681	2
1544	68
553	83
69	15
561	81
225	124
629	473
2237	9
1746	253
132	110
3449	77
2290	43
89	76
894	54
320	57
1018	44
148	369
366	127
627	49
2722	138
442	112
902	139
128	153
3694	182
1947	123
1164	194
262	58
685	127
449	391
701	50
5110	333
1243	319
202	67
634	175
1266	120
434	145
1042	309
1148	8
375	211
712	26
1435	132
336	213
461	183
82	291
972	52
129	54
1310	353
2152	4
141	6
122	12
303	29
238	103
609	165
2711	137
223	33
95	360
710	9
357	5
2981	39
1962	59
1014	39
1094	206
430	15
1636	84
1006	94
1285	97
2543	152
303	16
138	125
933	72
313	58
264	129
284	154
654	162
572	70
1760	121
974	17
156	40
387	35
2704	91
244	380
825	74
465	19
1835	60
279	53
319	169
178	39
254	47
2421	121
689	47
1330	138
253	156
1976	18
832	162
440	114
162	106
78	116
794	87
215	120
1929	34
2556	174
376	22
2405	670
760	71
272	140
497	105
707	59
419	115
1839	16
260	83
629	21
828	6
1452	42
1903	285
1175	82
1357	339
643	116
916	47
234	46
281	16
198	32
2941	174
1345	100
97	22
724	63
1851	49
2260	28
1599	69
1588	86
773	61
1126	165
2180	51
1540	135
1043	79
974	23
367	3
506	164
1009	56
567	25
3136	68
533	86
3389	20
1629	208
2621	150
378	105
902	49
280	166
584	24
282	26
2862	11
333	88
906	167
475	68
163	29
337	122
381	45
802	124
2271	102
8	6
7	117
404	61
18	33
935	26
762	527
1067	63
1869	47
564	31
5036	85
3758	20
9	100
8	130
8	70
1988	41
2753	21
11	68
8	466
1343	284
1065	94
111	111
1487	59
1056	37
461	27
609	21
1745	5
2356	125
478	18
1130	38
1588	70
78	171
222	41
1686	95
372	36
866	149
10	104
469	217
500	40
921	230
2402	99
446	27
2181	58
166	40
4248	2
726	82
615	10
4371	7
1611	216
873	123
797	7
250	149
157	35
347	253
5636	248
420	14
100	227
1197	6
417	13
1691	5
2218	1
1054	96
455	69
41	11
2350	10
132	125
149	38
550	87
479	128
2111	111
977	53
1748	180
240	81
258	15
377	45
580	17
127	120
12	57
2863	6
1654	22
791	124
1842	105
1164	158
260	269
1480	36
3777	54
450	401
878	14
1260	7
635	226
1422	332
2785	60
530	15
148	108
295	45
253	21
2866	245
537	20
235	27
148	48
419	110
490	140
122	134
1696	31
180	127
1418	60
1258	117
954	140
314	35
1654	2
2487	62
11	417
58	79
43	273
747	115
191	15
1150	174
3438	22
900	130
116	76
957	108
701	42
1024	239
917	38
653	109
2037	90
224	21
1622	109
75	341
1864	149
1876	6
767	29
652	22
1518	32
1428	17
399	191
324	36
2315	4
2591	46
51	45
702	9
59	52
1223	138
1178	21
282	105
474	254
1001	53
1616	46
2199	3
201	93
304	1
47	21
628	48
2162	31
1948	22
478	20
192	154
195	229
87	12
1819	25
273	184
1002	53
1480	20
2396	1
489	298
434	336
654	63
222	38
609	125
858	5
1684	11
936	96
3357	146
641	17
5105	229
4799	436
1975	14
1207	221
295	121
174	208
169	38
1644	38
1264	155
729	148
1425	361
1124	110
52	75
1981	39
335	324
2272	101
204	50
2136	152
110	126
226	4
117	89
195	6
4602	163
1930	78
869	60
2402	55
193	234
2881	140
577	59
2207	3
297	74
112	32
359	141
679	87
438	100
391	96
651	46
413	9
973	23
1242	3
365	10
1143	116
1173	285
2727	311
329	42
3875	62
1385	97
3209	2
2376	20
320	79
1973	131
301	357
263	146
377	89
1238	41
783	61
1399	120
1419	77
846	5
1250	25
1862	54
593	224
1057	188
1494	108
99	8
1376	43
538	61
141	57
453	3
3157	126
1337	41
236	16
1614	46
213	10
1351	202
3476	22
3132	150
2053	143
3138	21
761	47
754	22
82	67
454	268
1418	107
447	121
1629	234
735	89
244	317
1995	336
688	348
84	29
562	220
2691	498
477	7
1754	73
854	128
111	41
170	74
1623	102
171	93
648	175
1460	6
445	2
1294	11
316	53
103	21
416	11
3577	53
4235	100
664	87
115	244
262	2
866	276
194	20
2163	41
1544	55
1815	20
346	235
1384	63
231	30
1047	31
628	362
1005	39
3465	233
562	34
1069	387
651	5
272	61
376	57
427	141
329	37
191	430
176	194
111	125
842	46
3256	35
635	78
1018	66
87	58
1718	30
1611	119
333	107
480	6
262	187
370	214
1084	67
1095	13
250	14
1201	206
3249	105
475	106
1207	30
227	86
1273	28
3321	215
2967	183
620	24
906	436
558	45
1880	51
180	14
89	124
390	23
331	31
1298	60
450	251
591	19
640	24
3914	49
135	205
329	23
1033	61
968	78
2045	47
429	29
1767	90
1220	195
728	57
1098	33
60	131
244	40
655	163
365	35
360	53
675	161
147	66
465	164
157	135
267	24
1572	7
332	60
145	22
1508	42
476	14
398	67
682	28
940	4
430	61
2024	12
1331	170
593	102
878	52
438	86
1471	3
1090	140
889	242
517	104
173	50
86	33
1745	111
71	15
745	30
753	60
487	45
2570	380
1120	57
1778	123
905	161
1317	68
348	265
460	158
950	26
152	318
4050	34
2470	12
768	270
68	31
697	8
211	121
220	19
1462	462
1047	63
393	287
840	160
2445	267
1326	153
462	80
77	154
265	15
178	63
944	2
184	64
61	190
2603	71
2075	18
2374	13
993	44
936	432
156	17
150	212
277	48
476	213
649	40
104	56
530	11
1580	7
925	189
224	34
1719	273
191	15
867	17
154	298
2090	59
371	13
7098	52
1207	308
2250	54
656	192
595	25
2336	115
2185	5
311	226
1764	159
1004	258
313	17
2542	32
2168	89
527	149
883	47
78	22
3093	50
1810	45
467	26
1841	16
872	46
1726	41
106	66
703	23
1206	77
321	42
146	47
542	317
224	20
3214	37
2645	61
1107	99
1854	87
2505	113
2328	55
547	11
555	97
195	54
83	195
157	6
2841	85
204	113
2779	399
955	27
3252	59
2198	4
752	27
1315	439
106	83
1933	148
730	203
406	113
806	30
2710	120
2760	58
400	145
272	27
2440	20
136	96
3108	36
615	301
2223	18
2587	65
160	15
1216	48
311	238
2310	91
808	45
990	48
3401	47
2182	17
582	36
255	69
1937	48
579	79
383	8
1200	5
576	29
510	248
2465	284
1529	155
171	42
509	123
133	286
862	10
439	78
113	40
284	18
2174	179
86	101
1582	156
378	225
460	242
140	8
768	9
118	26
875	27
1043	36
53	293
1099	326
3197	93
446	33
799	20
900	76
598	179
3962	23
1675	32
746	76
997	44
28	24
192	29
191	35
1060	55
2340	46
766	56
1955	167
391	67
524	107
200	123
294	152
113	58
934	30
2466	106
480	14
3315	372
716	64
2933	17
2617	62
3879	335
1409	34
1479	478
1318	916
518	139
1625	87
646	181
2518	101
3822	19
2540	23
2964	71
647	28
751	253
5252	35
2515	9
939	237
178	308
115	229
687	14
939	123
2567	5
853	88
144	93
516	61
173	206
315	246
442	303
1027	223
1068	171
930	217
847	69
232	58
546	217
715	95
882	390
1740	77
2420	194
479	60
1131	173
1135	487
1270	139
1520	184
2994	50
290	34
1419	37
1997	79
1602	30
1600	37
51	27
1322	104
7	74
517	22
876	176
1286	146
122	4
993	1
187	23
468	23
156	12
782	10
443	119
106	98
1068	18
409	22
148	80
87	280
856	19
130	82
123	67
590	59
308	46
216	54
339	11
66	16
842	209
2332	24
868	161
1091	2
60	33
1169	81
1324	73
2594	300
418	234
2951	17
263	100
2065	59
2941	127
1410	77
699	14
85	20
337	165
261	26
1156	100
749	88
272	27
1266	203
100	61
1406	191
2200	27
22	32
243	193
60	66
130	117
720	69
2038	37
1048	68
2032	97
523	21
67	15
434	287
3856	27
410	239
525	85
402	129
1380	55
2642	35
2004	1
1394	130
1082	77
1043	127
2960	82
1694	81
266	28
2439	87
1289	191
442	52
119	111
1018	46
338	182
718	274
241	66
1336	62
345	42
132	235
501	62
1425	21
481	236
767	233
96	192
446	139
2607	32
1165	93
485	30
2347	21
1080	126
362	11
2072	32
1008	35
1084	29
530	46
737	11
771	195
374	21
150	357
794	75
874	18
1201	132
728	1
211	21
354	16
980	24
2176	23
1311	3
368	274
2240	18
121	35
599	211
1028	38
1959	364
1148	10
166	80
1896	132
306	389
456	203
2757	113
129	75
1044	143
2108	326
2366	1
485	45
760	14
4359	80
952	1
53	258
100	142
499	147
67	14
2201	2
1903	70
537	314
1807	20
90	217
100	168
1015	104
265	26
649	222
1319	104
1816	30
1041	164
1183	15
988	204
617	2
116	24
585	12
815	226
738	76
392	2
2391	235
1335	279
97	148
83	164
46	50
900	360
2733	40
425	34
1467	78
338	298
1617	112
1580	23
913	42
5459	1
2463	79
3676	291
2160	248
1708	226
218	42
1755	19
3737	74
66	105
51	41
97	55
4721	65
571	100
1478	125
105	1
148	395
2051	40
2366	38
82	101
51	193
230	90
346	173
1467	101
1216	13
1259	241
139	46
1002	354
251	149
2799	84
2496	34
1153	81
750	175
4124	19
337	163
1181	215
1322	89
556	198
863	18
816	195
7812	14
131	53
1497	44
196	124
1268	119
396	170
1130	20
487	34
619	39
154	359
610	139
2616	124
544	20
631	84
331	39
1641	209
1542	7
114	37
175	134
2607	43
574	217
1860	35
395	89
313	399
170	87
712	43
1827	109
1739	78
976	32
346	173
2610	344
211	101
168	3
654	212
9164	79
197	167
261	74
72	232
1782	17
299	44
1078	124
37	27
705	8
726	46
369	153
159	31
287	54
1900	223
46	18
2500	64
419	63
673	144
334	56
426	93
266	56
1081	18
1237	293
224	60
2209	135
1509	161
522	58
2751	105
345	65
868	16
407	32
247	139
1766	2
518	129
1108	75
91	46
686	36
112	52
134	4
2142	2
1337	7
22	149
284	152
2524	110
1660	9
1292	133
648	143
2308	180
856	8
1097	54
82	181
1699	91
11	59
4724	4
12	52
763	50
248	3
894	67
324	26
212	87
870	118
704	22
116	117
142	24
919	11
1898	35
704	74
2156	41
1752	2
7	75
117	104
524	34
352	21
1060	138
98	72
1405	26
2313	50
3829	16
952	245
1804	73
2157	234
2293	91
780	15
143	20
1075	73
253	14
285	455
3095	2
1919	227
712	205
284	93
72	53
224	108
739	262
2160	13
393	230
92	21
621	161
1006	94
2450	32
6	5
1240	50
1008	128
662	105
205	20
1231	43
4211	89
1126	416
195	67
1205	87
7	35
199	96
1679	155
1240	25
1602	50
615	86
820	131
552	30
1724	100
729	44
259	103
1658	17
2915	20
305	86
769	36
1678	51
1879	344
32	7
232	129
456	216
655	20
528	160
653	81
1979	72
72	126
2062	1
2904	91
134	35
134	7
342	89
894	28
1110	173
11	49
659	33
146	49
5102	144
1378	63
1248	124
78	33
1350	90
330	184
2560	117
1671	32
2189	206
1789	361
114	130
2087	50
232	86
782	9
19	387
48	107
149	35
310	196
2693	548
641	28
274	15
4	38
1186	33
341	20
697	32
405	20
3599	233
288	231
705	156
794	6
779	125
2331	19
498	126
1049	236
1213	20
314	109
844	34
6416	39
585	136
2419	1
775	2
488	22
268	48
1036	39
1952	102
1397	212
105	45
769	15
318	282
637	1
47	36
117	165
1273	19
694	29
2978	57
73	132
493	33
1497	32
536	111
486	122
1017	32
1750	59
387	188
1699	23
772	174
261	75
421	506
1276	33
861	4
611	10
896	23
753	482
198	35
57	430
146	112
1239	64
92	129
5	63
1296	49
380	467
598	153
935	61
114	73
1324	72
610	297
124	13
2105	175
2641	10
470	13
9	70
1982	157
946	10
1581	67
678	46
1559	52
6	51
1134	152
420	12
419	161
1748	51
1634	34
1945	438
279	26
940	82
1148	152
1557	206
2139	64
108	82
406	144
1526	52
792	15
1134	61
1476	30
2499	48
566	36
38	44
159	11
49	393
40	28
92	2
1056	166
314	10
1051	319
1668	18
1026	70
706	35
333	183
719	82
1142	58
1761	92
1243	81
780	73
2344	12
310	125
707	18
902	84
1243	87
340	17
2164	57
1080	128
1998	69
996	112
287	26
664	20
2100	60
307	78
292	350
2108	218
1395	124
1254	65
254	351
4206	96
126	179
371	155
316	137
1177	164
262	24
458	216
267	12
253	160
226	173
336	108
323	60
212	225
104	183
5	3
1401	36
1618	138
5	233
1787	95
89	10
473	179
577	57
3415	97
646	45
1095	58
87	185
566	40
952	73
968	189
174	66
1003	151
958	11
639	3
4330	25
578	48
531	85
748	128
458	17
1902	7
119	119
1312	302
665	146
195	180
1846	113
885	39
331	174
124	11
616	108
2767	12
504	28
357	75
910	56
7	40
627	16
57	11
510	294
740	19
74	363
1035	98
210	6
2454	159
2216	65
1560	5
764	108
2731	65
507	38
589	99
493	53
2662	114
646	25
1411	305
680	147
1809	985
1101	430
800	42
962	22
1261	112
209	72
146	25
168	170
1853	14
1488	224
1486	68
83	18
321	28
170	34
411	69
747	85
740	109
331	72
1750	70
350	111
478	230
1453	24
309	526
436	180
569	161
329	66
160	23
3866	104
4681	126
1372	47
399	22
1232	366
127	1
179	218
117	21
1214	119
191	261
194	8
1908	216
737	127
3906	63
133	271
416	125
5624	58
125	92
866	34
472	37
630	110
671	76
3608	13
987	22
1428	87
1476	9
304	120
160	26
191	87
542	84
122	22
952	9
2736	32
2336	139
1032	9
135	81
753	196
136	82
86	118
1753	5
215	17
717	195
2407	36
781	16
2382	118
507	64
249	93
1587	161
63	1
459	17
1674	75
249	71
365	63
2673	49
187	45
997	135
721	359
2899	2
2066	56
4067	45
736	38
1632	12
2044	52
1127	245
1596	8
1089	106
782	260
771	53
126	1
208	50
202	15
466	109
1961	16
8	22
3353	25
829	203
722	7
1672	214
203	14
171	60
1204	350
1314	81
785	37
1204	195
2279	111
1200	39
3539	154
359	9
1393	199
2946	171
901	53
1204	172
2379	2
174	144
4163	4
55	125
1670	119
276	6
2492	3
776	48
591	2
391	78
347	20
240	75
410	76
946	115
891	250
797	110
388	312
2255	133
115	34
979	92
884	44
438	183
1238	43
8	146
527	126
2505	3
541	54
1224	10
255	12
2721	94
552	89
1805	269
204	40
84	133
471	579
379	2
698	54
1435	32
4574	67
781	88
1074	49
198	101
1052	32
946	302
715	68
1701	6
779	4
1296	30
369	50
297	172
872	131
114	327
1251	60
214	73
4663	428
257	157
538	142
1085	89
1281	136
135	67
408	90
292	143
437	68
484	249
1738	5
276	48
47	50
814	59
183	23
2420	77
85	119
411	343
229	54
776	34
2122	74
15023	106
807	29
881	96
468	24
3203	18
3646	101
3202	119
2264	146
2151	49
11232	47
6283	145
1043	13
6188	12
6744	66
492	127
690	2
316	18
9846	33
1565	10
559	128
1097	54
1972	228
1539	19
838	50
1653	454
165	22
1069	150
785	141
670	54
2655	152
336	198
257	30
2193	6
1318	64
990	13
781	18
245	90
423	39
160	40
158	122
1907	88
1419	10
272	61
525	25
1957	25
641	17
28	238
1273	64
685	110
1030	331
2054	249
184	187
1285	114
913	67
244	5
1813	364
198	63
4495	35
104	109
2522	170
928	39
64	104
159	70
66	66
307	39
3829	229
2897	100
2885	27
1539	3
2000	18
1848	102
1332	126
634	9
847	97
113	62
3744	126
828	130
777	33
309	213
358	77
1733	188
868	98
45	114
688	30
286	199
837	296
1196	28
667	19
1504	5
1860	1
344	137
1767	19
2070	264
1167	267
175	11
632	32
1097	161
917	19
5036	154
3177	30
2941	9
418	17
235	59
206	75
1528	231
47	1
2519	75
1025	44
301	4
964	98
1902	32
1231	32
349	1
2203	99
1974	218
402	101
1897	35
599	23
694	67
1626	29
184	20
105	67
936	4
3953	55
1151	1
2083	218
1820	240
1372	12
340	63
4030	64
1821	152
338	78
621	1
1393	95
120	111
3385	55
4353	115
3599	137
105	80
267	140
1189	70
421	1
209	5
502	51
4981	210
1065	49
95	2
756	42
562	5
104	26
123	20
992	86
1171	79
419	31
246	174
9883	171
461	161
1253	55
457	111
1311	142
3120	86
292	71
209	320
2152	13
1460	25
167	91
280	59
271	29
2076	73
962	59
604	107
1260	293
574	29
611	24
1325	168
411	240
684	77
1579	60
512	52
1388	9
536	12
217	19
121	243
1216	55
989	25
1466	90
93	475
152	60
5162	244
549	29
1060	47
1500	32
77	77
169	16
1581	101
946	126
364	129
1242	49
885	33
5635	245
5414	31
1008	92
105	8
279	122
1391	6
2059	16
362	47
425	3
2713	18
1061	54
507	188
596	191
149	103
270	79
3105	8
127	143
656	206
473	227
556	261
2143	127
1834	180
1549	61
712	24
513	50
870	99
1756	99
3047	11
914	14
6185	50
5406	80
2655	33
486	55
493	123
8599	33
307	635
2324	208
8989	39
810	120
1181	50
270	78
319	114
3757	99
924	29
1718	128
2076	138
76	65
184	8
818	43
299	321
323	21
85	40
789	382
407	351
7447	44
2034	64
562	41
4206	2
254	11
215	329
407	24
1611	71
9699	27
2249	70
1356	88
1581	63
157	62
1976	3
173	216
234	85
317	95
736	29
979	77
882	21
770	20
374	14
315	94
1216	160
288	46
9	40
1511	228
649	57
12	99
154	217
1111	91
251	12
210	56
3167	85
337	146
1187	36
150	149
1103	339
545	105
849	171
885	68
249	9
1425	30
495	85
1288	196
356	348
2360	29
113	21
2130	87
130	7
586	167
1169	201
563	82
697	23
1084	287
5286	251
27	151
1443	13
1618	67
701	40
1653	66
2482	101
1674	18
116	284
2988	108
84	41
2731	34
407	84
541	163
350	1
1244	74
92	11
106	67
3288	5
689	68
1296	37
929	2
1565	115
163	3
6546	403
340	201
1287	12
1297	109
4152	98
779	122
293	219
319	175
938	41
970	179
3793	15
448	1
317	62
2401	19
2097	41
480	41
805	174
708	42
846	31
467	42
236	1
1695	73
3503	15
1364	10
197	147
1055	124
90	29
28	21
530	13
1483	184
771	127
314	123
1087	79
2105	152
2018	27
1996	159
1282	32
681	34
337	71
140	150
1619	86
2621	11
1578	129
846	260
143	34
3381	40
1594	45
494	132
2376	45
940	20
1532	115
863	551
544	7
40	21
1062	24
57	260
1074	16
2633	260
1661	58
1630	59
159	23
1684	157
3580	200
3231	405
18	97
725	77
853	83
910	49
2584	465
162	60
179	10
662	185
75	301
3613	160
1167	65
21	133
1245	7
485	70
212	111
93	6
422	124
105	248
671	96
1220	42
501	52
151	66
916	42
817	25
1543	84
638	14
287	107
1009	130
532	142
1022	57
1292	5
2056	21
440	80
2949	484
113	31
195	2
1911	71
2569	8
4115	233
450	20
2445	150
1293	70
1221	70
677	199
2956	163
1190	34
1231	285
4197	63
908	35
62	26
52	72
97	76
1393	62
1273	58
5769	112
224	224
5	4
480	55
2778	77
1057	138
1199	4
1509	220
1930	2
38	320
905	19
853	5
3561	20
385	2
1331	146
260	67
1384	190
740	155
3932	147
60	347
2039	52
996	119
57	44
445	96
1808	125
945	95
2796	102
373	83
1165	376
435	35
2451	121
642	15
597	134
3102	18
1268	68
791	2
128	107
4987	3
8	103
229	49
56	185
1447	109
1267	108
1101	5
555	163
4694	59
1210	30
881	15
1902	7
1425	42
2154	384
1254	102
1883	57
2462	187
182	441
596	78
655	68
452	192
530	227
953	137
1597	131
1972	230
521	182
44	15
1519	227
810	29
1674	82
801	138
382	211
1096	19
2067	24
207	146
1889	65
273	75
772	87
135	352
314	85
1385	12
9	21
1630	24
416	54
370	4
1800	314
222	34
1812	90
2137	112
459	16
13	23
208	180
222	129
32	5
3184	67
940	82
940	106
383	63
2547	46
287	56
119	14
445	51
882	254
314	28
2140	240
1123	10
1374	134
515	22
49	41
519	230
980	12
3047	39
522	16
3462	64
1643	15
640	39
966	204
10	168
294	230
777	77
446	31
313	12
2269	112
170	124
449	356
63	73
779	16
375	6
741	39
1312	239
226	79
2597	183
953	61
1446	126
1920	20
2911	17
1423	15
402	41
1127	284
987	214
1000	10
2099	72
2664	10
674	20
165	76
1284	181
554	83
1258	83
494	71
1094	96
135	51
696	333
1395	188
7	10
1697	40
1153	81
1647	89
365	67
576	182
3186	25
1205	444
802	4
139	4
823	190
644	129
730	82
494	10
1736	16
2877	4
1040	161
235	170
805	81
3966	49
1097	15
1283	107
278	2
1016	44
278	4
828	14
634	28
983	111
1944	100
270	2
1835	479
176	29
381	88
738	21
1177	40
3652	208
42	401
195	54
2857	233
4523	50
802	81
1398	275
1587	171
1496	60
229	203
508	81
1467	434
223	3
732	38
1500	11
501	246
958	49
2072	58
989	48
531	7
301	87
1456	83
89	92
313	151
563	193
1313	66
425	273
185	38
243	41
1811	10
1391	68
23	166
194	8
522	170
1222	81
150	57
618	369
899	114
333	214
1757	99
1786	90
4007	38
267	75
1204	177
1194	109
1362	25
572	79
204	85
605	18
70	41
685	36
862	212
2660	55
2274	42
682	43
180	138
1806	116
2346	175
655	151
1668	94
271	114
1314	7
788	159
684	267
356	96
987	44
42	163
942	31
2656	72
1092	38
854	32
86	196
1827	57
544	139
297	8
593	84
196	131
1122	11
1519	272
1375	127
3042	6
176	168
592	13
266	65
3379	58
51	223
57	102
2019	38
305	58
4189	10
314	476
693	410
430	51
346	24
787	45
406	73
689	39
1194	197
256	150
2300	206
2350	48
930	9
540	37
150	3
1634	59
222	18
1836	85
726	36
405	8
151	75
2720	138
3084	65
1491	101
842	114
458	9
141	14
1591	109
2210	4
357	91
619	39
216	64
2764	20
102	188
870	48
240	117
2964	188
990	99
2650	111
5056	30
172	78
520	15
349	41
2374	20
276	184
4736	68
722	64
895	53
132	14
1168	58
434	57
2565	262
36	37
330	305
1060	123
142	6
729	47
1665	29
748	393
1618	215
1354	27
203	98
566	7
2345	40
5087	197
1916	27
1262	36
618	31
311	44
10277	9
4307	154
2180	50
1051	36
1011	124
1551	43
10357	236
633	73
828	5
1376	51
532	221
307	12
2387	10
395	159
253	218
1468	173
845	90
1065	8
546	37
1965	313
472	116
1182	12
2999	30
291	157
422	58
308	106
1541	204
290	146
1428	82
2175	22
2008	10
153	4
1038	105
1597	21
3002	6
465	111
1847	39
1281	80
173	169
606	25
244	259
943	24
242	111
790	157
3343	21
621	100
422	99
2470	213
278	47
2355	78
1516	357
1751	297
495	31
1545	48
1635	303
2596	21
410	18
712	38
419	51
67	16
127	142
2619	44
1606	28
4322	159
1386	85
347	96
1090	121
899	15
491	76
1231	73
83	41
61	2
361	45
1075	106
2178	55
1783	161
1008	17
946	129
997	71
164	181
1151	55
1274	85
859	23
64	9
611	176
739	11
1153	386
149	32
1757	21
1009	49
1215	171
1344	28
268	103
529	372
72	13
2581	13
2052	12
313	69
712	150
118	382
87	100
1407	29
2820	414
1615	334
1304	227
311	15
1950	42
392	5
488	110
794	169
256	104
2664	9
672	13
5	33
874	313
424	167
2656	105
1444	58
135	2
723	85
3446	107
1329	92
568	39
275	220
460	1
1859	11
304	291
6761	9
380	38
2160	50
339	34
542	163
296	35
1930	38
2680	220
6118	22
926	7
1183	84
149	161
1180	50
1695	60
402	74
550	58
1290	15
961	278
1160	65
1722	2
262	108
130	115
282	8
646	223
145	229
113	42
698	122
200	15
1066	164
1749	50
108	12
500	21
761	4
214	19
58	92
207	85
1285	121
349	99
954	191
1351	19
809	61
62	165
5778	160
848	28
3351	16
1354	26
1361	44
199	24
432	145
3559	67
1085	196
1280	53
1258	24
168	25
803	164
37	6
102	553
342	200
477	221
1053	182
268	19
66	94
328	4
258	104
154	99
946	48
4371	103
138	338
1203	6
330	422
1449	172
1430	9
300	12
1551	16
283	39
1309	215
60	81
406	72
235	18
1461	75
384	226
995	27
1399	66
404	48
3176	100
315	33
1240	39
155	61
2109	21
2125	67
380	169
1185	53
888	21
837	104
428	114
1235	23
576	119
1293	51
525	31
374	299
2985	329
1083	52
2625	154
185	56
1280	128
27	2
185	177
156	8
1579	8
491	378
797	116
544	34
1079	95
523	183
397	2
789	34
1118	45
2128	41
1263	118
1290	353
437	170
68	10
4901	45
763	123
2147	44
10	185
264	31
931	25
2628	26
2151	29
428	45
231	55
1784	118
1963	70
940	23
1630	3
806	49
7	7
362	24
579	78
1527	24
778	35
969	215
41	303
3270	68
205	346
100	37
1912	41
1131	163
130	155
1288	86
298	16
1121	42
246	139
2574	9
1383	239
746	319
489	81
2227	173
298	97
784	28
1486	103
2076	13
1343	12
322	17
2351	66
2069	150
1404	87
1094	214
1198	157
297	145
493	62
542	49
1227	94
4957	185
2643	67
1637	53
115	182
798	36
499	18
177	46
2107	51
2534	333
455	6
404	135
1694	197
2854	52
161	10
4315	88
262	127
132	43
1520	5
50	20
3220	108
331	54
1352	58
209	107
662	45
1659	251
3546	198
623	361
498	116
403	67
550	157
215	12
164	18
600	182
742	31
1266	35
192	43
1600	89
3257	64
1141	64
1262	73
2322	287
437	27
1967	90
531	383
313	72
1193	447
934	162
152	209
243	22
878	85
178	36
1246	83
2231	62
1335	13
221	404
153	313
370	115
542	161
39	102
322	17
402	18
3807	60
1902	14
2021	5
3067	182
18	24
1899	64
66	504
639	65
1263	8
3025	112
1980	93
462	69
151	38
757	13
852	228
156	51
477	55
377	188
194	140
1237	1
142	35
1507	137
520	142
2138	58
313	321
538	69
806	175
610	260
170	390
476	206
622	15
251	53
927	87
287	126
262	49
502	34
139	10
1418	118
574	77
520	7
1661	151
973	160
212	240
9	49
1034	156
453	99
490	25
812	29
269	147
388	105
10	7
697	34
129	103
224	55
897	322
333	61
50	23
921	106
694	223
468	22
1480	61
352	46
340	18
3410	21
1083	57
690	6
1077	73
716	54
1008	29
1285	200
1641	167
1263	75
1068	90
760	35
729	231
1051	20
314	28
2060	25
1215	8
2772	72
139	43
3262	147
830	100
687	71
42	178
886	2
231	39
1653	374
695	4
734	49
1417	290
699	22
56	153
165	14
352	42
1847	13
347	51
1878	73
986	176
575	17
828	84
735	43
2640	78
1023	304
819	91
2479	22
829	88
328	26
821	66
43	66
138	41
35	138
229	69
4680	184
719	161
355	231
3260	123
86	1
340	7
587	28
707	293
1009	86
981	56
1183	20
47	128
134	410
3041	17
804	8
1178	6
625	111
747	21
288	98
178	77
396	12
394	290
128	32
213	117
1843	97
2404	82
1229	250
1244	106
380	148
263	3
590	32
2680	3
1882	182
546	73
2651	16
767	254
369	106
572	61
251	15
641	82
268	98
1157	47
1713	149
329	131
198	44
1509	217
769	109
1037	167
4146	92
527	57
290	138
731	255
1008	155
2742	15
611	27
613	218
2606	52
299	142
819	46
1829	51
854	18
1059	157
539	113
678	47
286	6
1123	23
1356	78
768	4
723	208
800	20
105	110
889	89
2541	6
1633	15
2690	163
675	131
965	52
255	68
126	164
693	96
865	73
1293	142
664	102
1291	79
112	51
461	186
78	158
1281	32
60	71
642	73
987	104
635	11
3013	18
2438	39
1061	29
355	208
1494	51
2206	1
800	8
2059	68
201	114
116	200
479	451
122	92
327	14
1884	25
75	206
1546	26
421	91
1063	9
1734	111
255	260
112	123
635	47
1173	107
456	27
389	30
102	188
221	94
1908	157
76	7
117	30
843	201
115	99
554	55
171	226
3018	65
1072	126
61	131
823	189
460	414
393	147
827	9
1485	39
1915	7
130	16
1216	418
1304	48
776	39
394	139
720	58
75	32
415	383
2404	29
811	38
53	85
762	138
802	80
426	225
438	127
701	127
183	18
1820	90
241	55
80	63
1026	207
1446	98
353	131
977	261
314	44
830	138
418	20
494	102
343	40
357	10
247	130
2985	119
534	28
1533	18
290	125
1680	115
830	16
616	144
419	10
562	52
177	36
611	130
290	409
2156	31
1011	182
1460	50
4089	18
22	95
1435	113
1401	24
51	109
210	92
48	320
2681	27
4013	38
17	214
643	91
214	114
203	113
2473	24
1502	3
72	10
1117	548
2417	77
711	46
1506	278
1402	21
459	29
208	43
726	112
45	16
66	33
43	57
407	6
81	15
576	48
1264	306
526	15
618	34
2245	66
205	81
133	62
969	13
162	217
1845	28
381	31
82	7
310	152
143	88
1054	34
530	153
822	5
785	124
1180	14
435	70
907	180
812	223
211	39
280	89
324	80
187	58
197	16
5286	188
2102	40
477	49
1143	120
444	91
545	4
38	93
324	74
550	88
145	2
1961	430
975	43
766	515
600	161
1299	171
497	142
2101	50
1511	83
845	10
190	78
542	267
2364	43
931	248
1230	43
102	51
109	58
905	99
138	37
670	172
542	9
145	96
1379	260
2679	101
1202	146
646	48
1356	131
3142	357
370	7
2124	88
1772	33
948	49
1578	19
850	258
1362	125
67	4
2465	22
662	135
724	144
451	133
953	95
252	40
684	152
174	127
499	202
229	183
1377	171
1067	226
2060	128
1355	146
102	65
1209	182
88	22
1028	107
471	163
456	38
646	58
320	80
2455	205
3204	21
287	191
1817	40
473	555
1406	54
175	103
453	111
148	36
630	118
682	149
472	259
432	1
888	92
4136	264
324	33
160	57
1885	104
581	155
407	16
2016	120
18	23
1107	43
1812	17
335	495
711	85
1350	38
468	38
689	89
1298	355
948	90
464	120
209	46
166	222
112	114
556	111
2030	26
171	97
412	53
1927	24
1400	12
979	59
132	9
1225	22
240	56
1724	55
55	64
1260	46
1026	188
605	8
882	5
1368	30
97	36
515	142
562	31
733	94
1549	2
434	17
2612	71
1063	51
512	250
511	82
429	128
1294	248
88	146
1395	124
496	185
813	78
536	44
1852	53
424	27
483	115
1187	152
537	19
152	67
575	51
3369	43
75	14
1254	112
199	36
229	133
1639	301
3601	72
587	10
675	26
553	171
1629	16
1223	16
1326	205
471	172
6057	157
1140	31
188	9
821	38
495	216
352	125
1331	35
531	37
906	122
3304	11
384	28
950	97
2556	86
1621	283
352	74
2134	3
405	94
376	58
2045	61
709	226
745	43
181	29
195	104
3563	10
102	97
70	17
81	227
1987	103
1270	64
1387	2
445	32
1560	28
2123	117
1791	148
126	45
590	114
419	6
1121	188
93	15
3407	337
1950	4
273	41
427	183
858	64
1406	74
5122	33
1582	51
73	36
1846	39
267	40
1243	35
1157	7
1247	42
436	126
1155	51
3214	65
443	54
1029	62
97	55
850	38
3739	12
615	28
741	11
725	44
472	38
1409	67
968	43
168	154
960	30
144	38
1126	154
1975	259
3881	159
1399	147
1156	56
1009	29
1224	8
290	5
3357	145
162	87
194	9
1217	67
869	183
1489	57
199	105
621	129
418	146
948	314
346	31
259	73
1065	76
276	16
829	10
300	1
465	446
541	1
48	5
2453	101
166	214
1316	15
869	9
981	8
2555	45
1048	280
1479	44
143	46
3137	40
1078	291
33	192
339	260
139	23
619	71
116	216
429	15
262	8
690	81
627	149
907	171
858	15
3140	115
466	153
2294	233
606	49
514	63
511	54
525	136
861	56
1380	28
1682	12
1214	20
229	51
83	54
715	42
2960	95
793	52
176	126
2993	4
826	30
297	76
673	54
150	61
693	3
1069	60
72	41
770	116
478	32
1134	15
1315	181
303	25
660	26
1591	37
596	40
729	52
1034	258
232	35
275	513
230	37
224	7
449	27
268	19
118	212
1121	221
2075	133
182	107
534	20
1230	57
806	218
2415	306
1391	13
876	166
45	73
903	79
1454	109
615	6
720	93
172	21
583	3
1021	9
539	173
2054	9
3112	4
915	88
1892	97
750	138
142	62
1318	10
1528	32
353	64
671	14
1636	86
42	29
278	40
68	183
113	134
2507	101
3543	114
1956	87
816	117
105	93
414	185
261	6
759	291
638	266
395	123
2174	135
663	195
160	46
605	61
611	353
1075	178
151	351
1633	96
1396	184
1822	93
277	94
4923	41
482	36
134	137
1882	63
1369	133
520	21
1749	29
424	38
205	281
12	56
1989	43
2269	170
1271	69
734	25
735	143
66	103
1646	355
887	7
1440	178
494	2
2712	454
313	56
634	67
362	14
424	11
1300	43
6011	51
402	2
1375	360
391	188
1576	138
2107	9
1613	134
1412	26
768	86
272	36
206	15
2522	1
290	74
1634	46
142	248
111	280
629	28
320	15
744	34
5797	111
1306	106
272	59
1250	137
1462	43
350	18
1060	277
1342	102
298	97
1765	117
332	18
532	10
614	1
2875	57
514	82
374	33
1008	21
233	293
1269	173
815	33
4649	10
178	69
185	95
3554	20
2420	334
2076	70
74	44
247	76
1912	79
2331	113
330	9
681	49
3408	292
286	128
355	30
1694	183
368	44
1109	42
2890	55
2215	92
3985	78
1216	34
2852	427
998	202
2903	467
869	192
2122	205
1497	84
211	154
1159	101
603	106
430	89
600	145
1261	98
1889	69
1519	13
72	2
773	134
822	90
2306	103
1943	15
569	97
263	190
2159	21
1060	97
1266	71
2479	165
1837	90
679	29
1557	101
5975	183
3798	92
439	35
682	162
390	31
1460	98
127	398
1353	12
2087	50
1056	124
1513	104
1754	55
81	77
3423	27
1114	201
1042	1
398	118
77	62
343	33
220	38
4321	122
715	18
678	44
2642	21
360	37
865	27
3745	38
1312	27
110	237
1683	67
1959	102
43	59
453	43
576	57
1105	55
34	36
1224	2
1514	38
243	46
125	137
508	84
545	67
719	29
1584	125
290	119
247	89
363	165
477	114
689	32
1249	41
495	90
6887	45
1727	127
105	40
1170	7
264	136
73	50
351	17
1575	103
2449	76
166	29
189	53
293	5
216	366
148	2
430	411
436	13
722	62
506	12
131	96
2787	59
1422	2
597	78
699	61
386	95
1919	112
275	24
2387	40
343	54
297	96
1723	9
87	41
271	10
1162	92
2158	105
409	158
635	146
13	9
335	198
860	56
3417	54
401	56
2202	21
289	360
97	11
1019	82
1660	339
380	91
214	127
63	115
152	34
726	79
507	1
779	63
1534	149
2405	208
266	109
1141	24
244	40
3261	50
1569	232
724	42
2119	113
387	250
1042	43
259	95
221	96
2900	192
643	26
2537	16
279	88
752	31
639	7
896	65
617	214
2999	42
152	38
108	17
1308	158
1573	42
1013	485
713	24
454	113
119	18
1421	35
512	131
819	42
319	20
3954	58
325	48
99	324
515	15
322	21
2653	82
558	132
563	39
1253	247
233	57
3558	68
2379	64
580	24
743	83
456	133
2773	97
103	64
460	148
458	12
793	13
974	130
3286	91
1178	140
669	27
168	32
173	29
490	6
2371	35
655	290
700	236
47	40
191	124
763	189
842	279
697	130
906	19
2680	66
101	125
345	7
1445	47
909	54
1609	2
71	10
558	28
558	356
236	102
1565	82
335	74
3570	65
348	197
2575	35
543	27
191	4
1244	216
193	921
3203	4
351	50
290	44
190	159
957	76
443	40
158	57
509	18
1335	224
701	128
65	87
959	91
168	277
228	191
2493	6
466	112
385	138
194	152
244	82
629	120
1180	29
2362	203
980	40
490	105
2353	112
1014	243
992	60
762	55
391	128
2168	51
2299	78
860	224
364	418
2625	118
527	44
949	78
912	322
65	7
2734	21
2598	66
1632	154
640	24
1164	28
423	32
638	26
1321	52
571	138
543	36
1194	68
222	180
1186	181
2948	107
225	168
87	38
679	213
250	108
608	138
1381	17
683	189
914	3
1849	15
506	94
132	15
724	206
560	95
351	143
311	136
615	161
538	18
370	6
316	88
160	39
128	14
2299	167
314	236
932	97
1445	169
1657	15
699	256
181	220
3035	44
1798	55
155	11
267	23
244	24
289	6
484	86
3072	3
1281	28
815	262
80	13
839	38
84	21
763	84
2633	8
857	312
256	285
1022	37
3568	103
1657	87
1359	17
1164	11
260	35
4259	98
1100	28
1589	80
2511	45
2035	142
158	117
606	16
2810	23
180	96
783	47
139	45
57	62
116	14
247	68
1677	126
550	49
218	64
329	37
1463	68
674	34
235	110
1977	1
353	174
1425	128
797	232
256	50
361	25
215	20
810	49
551	14
966	78
184	7
932	289
731	131
525	84
441	224
484	69
599	471
510	235
1780	65
828	89
100	165
941	114
250	43
1224	153
1288	128
265	6
2001	22
723	45
143	48
306	23
552	51
304	17
91	106
152	9
150	366
520	3
667	48
1641	6
679	5
3519	105
989	52
200	21
465	86
3509	18
4624	86
748	56
1066	30
2503	89
439	8
1637	429
1083	54
318	26
335	565
198	49
1832	3
3272	12
819	13
179	147
954	69
2235	257
60	57
388	36
317	11
490	37
1166	391
108	219
2200	135
591	119
663	218
742	9
1425	139
2489	27
397	26
1001	90
297	114
761	95
2301	365
1142	19
962	13
1840	76
882	71
110	256
975	79
258	157
640	66
554	110
485	71
939	13
52	352
800	44
53	47
436	77
613	184
1135	9
397	31
179	211
1064	17
868	80
115	3
63	35
1758	6
292	148
1842	151
106	136
1517	17
2445	214
121	68
772	60
425	15
4358	60
200	75
163	189
943	91
2923	49
595	12
1948	88
143	450
494	69
583	98
772	2
942	298
1351	350
1772	144
558	89
658	30
1007	105
2516	4
704	27
205	28
1249	70
504	830
398	56
786	38
339	77
336	98
41	57
395	443
1134	47
1177	48
365	116
313	67
1387	2
148	39
2828	8
123	71
2822	143
459	4
1291	18
232	68
1736	9
390	105
685	131
1365	22
1073	8
526	158
2488	208
922	150
2197	164
81	40
1563	58
450	1
791	116
43	9
534	71
755	19
3013	134
1357	53
1935	202
3117	126
927	75
321	45
871	169
483	82
345	42
1451	279
348	106
88	10
1008	46
232	98
318	26
90	38
879	160
662	1
482	258
161	111
358	12
1257	110
1487	14
898	17
226	72
1708	160
56	31
478	124
565	112
622	15
103	50
1248	15
341	37
503	203
1377	112
513	212
2657	163
1330	64
261	306
804	80
2545	25
6564	68
1723	218
719	27
212	56
518	212
717	278
149	82
309	40
2640	294
717	72
379	312
223	43
976	61
908	44
4144	122
1008	87
208	73
198	173
4494	44
132	14
722	16
2542	82
168	8
510	7
1372	9
2012	72
566	83
960	18
472	90
525	83
3027	63
408	97
281	58
1371	52
287	299
1030	7
428	97
1439	120
2520	6
192	8
779	29
515	168
558	122
479	438
2629	78
1019	262
3460	123
84	196
366	172
705	54
573	19
499	20
1846	210
681	59
740	61
1448	12
1222	14
1789	77
2458	48
1511	48
821	105
333	61
5486	27
91	77
325	37
232	155
203	199
730	282
522	54
897	24
2230	48
3167	227
5137	111
772	230
1630	26
1942	271
924	218
2608	39
465	8
377	35
2008	69
533	184
475	125
350	262
92	56
1269	190
549	194
146	13
248	16
2167	59
1952	109
678	111
1051	12
829	51
2688	128
134	89
814	19
920	87
765	237
364	121
2618	114
376	65
86	182
247	146
846	258
1346	105
803	91
102	33
1177	17
892	2
984	17
1688	18
178	152
312	38
6813	77
433	69
1480	83
1456	179
600	409
882	39
422	41
834	22
125	27
295	14
1987	50
2783	43
2536	8
608	204
1861	101
1461	32
2402	60
94	16
326	43
116	83
625	209
961	2
563	35
112	3
443	97
1660	7
1481	26
1150	18
1261	159
473	135
834	129
1395	95
1058	205
1023	64
1149	206
1482	246
2400	6
142	60
2007	378
1694	19
853	394
582	58
2198	13
2058	55
524	77
589	288
795	32
1034	11
131	76
1775	404
737	115
850	191
1423	212
1328	153
547	20
516	72
442	327
902	5
1363	106
96	11
2849	51
203	1
996	122
1738	148
1006	275
1448	147
604	77
851	79
1678	206
858	270
292	25
1167	109
2001	19
1052	449
4130	131
684	16
1917	295
346	42
750	163
2646	146
473	42
411	151
3057	120
318	130
359	56
1754	49
1646	14
985	99
713	139
943	47
2763	643
364	169
158	12
418	2
263	194
1311	208
791	61
1983	31
667	140
1588	24
3140	171
1492	100
818	229
1342	242
2262	34
233	23
334	34
147	140
155	69
1511	108
1532	26
890	53
770	1
2312	18
131	48
3185	55
531	71
193	4
231	69
547	89
462	55
1476	176
513	11
2563	12
615	25
881	106
676	216
170	4
667	155
2454	75
1103	66
56	74
2109	109
467	99
2848	51
1675	293
387	83
2333	70
1175	99
2793	49
95	106
2290	1
968	38
309	30
679	69
3279	49
1780	96
1475	229
3129	145
1119	70
1841	33
915	160
1990	328
1176	34
890	203
1315	9
257	104
329	1
979	7
1647	38
2747	45
1348	359
119	95
335	29
2257	62
2496	156
1364	90
663	97
901	65
2022	308
1368	8
246	35
2653	70
2299	2
617	103
259	62
80	28
393	9
548	257
200	157
2901	197
358	43
3561	183
3016	80
1062	1
537	1
855	11
94	21
801	32
399	143
120	118
82	50
180	35
1006	38
1920	36
65	10
1348	26
746	59
411	289
82	156
1034	248
785	1
2122	61
315	46
2213	187
675	84
498	58
68	81
1040	50
1631	31
122	65
1566	24
499	102
309	294
926	93
1187	20
1809	29
198	203
2915	30
662	89
312	142
3313	14
1574	178
228	226
1294	110
1806	449
534	151
698	1
404	198
861	75
1378	208
858	134
1137	61
399	190
190	8
965	114
1644	54
952	132
182	12
1204	117
268	266
2343	703
374	106
1101	91
376	18
917	197
4047	88
195	143
1805	15
927	228
319	82
575	236
185	227
1389	69
126	32
60	249
1639	79
1699	31
471	478
1606	56
55	47
473	111
2920	277
717	105
1606	60
247	97
416	166
603	540
1670	79
893	8
1831	13
936	37
1630	16
74	263
306	4
1220	18
70	46
1134	45
458	289
2282	25
269	83
1047	7
658	1
1266	12
572	39
2346	218
849	106
481	12
1131	135
1167	35
894	20
449	229
666	227
359	63
596	6
3356	95
404	245
316	90
253	95
65	140
527	112
555	65
324	262
190	99
229	71
408	22
59	2
1357	5
916	187
922	9
221	54
323	38
246	190
977	12
548	136
79	448
1459	101
997	311
5890	62
1363	38
322	74
857	329
541	73
2746	86
199	9
779	151
1660	216
164	18
243	4
637	8
1479	110
156	11
3238	44
1265	139
1142	105
377	92
1407	195
607	57
1067	94
875	21
2130	59
299	24
191	184
438	196
748	24
905	45
5619	133
3706	11
2823	140
2928	82
804	25
309	16
503	28
1249	48
428	65
344	53
107	30
837	76
1524	13
701	199
214	63
380	49
267	45
1708	137
339	153
130	213
822	69
97	21
1487	227
729	190
318	25
759	42
2301	224
630	82
591	52
2059	132
118	20
316	221
743	73
1655	13
547	15
3730	50
536	153
1242	61
145	59
311	19
579	9
79	108
1886	27
59	129
237	1
1012	54
202	109
163	34
366	128
2143	34
2948	78
611	35
1121	29
1423	116
871	1
1427	46
1422	22
1310	55
1788	99
609	82
426	74
1049	126
4554	6
1494	46
377	362
50	7
447	16
224	165
578	164
1158	387
1541	25
1468	79
1225	37
496	65
1040	266
725	173
473	170
192	76
2583	252
820	180
149	15
641	60
797	125
471	43
425	13
1153	67
729	12
70	7
817	60
301	92
613	124
647	203
276	34
93	49
2697	230
707	47
553	5
1117	35
696	95
998	268
389	402
2017	95
258	154
444	62
1169	37
379	80
319	47
1649	45
618	245
1070	79
378	47
587	86
2309	67
844	56
199	119
160	252
145	167
120	341
3504	53
1328	30
705	36
1370	144
3147	39
4057	45
49	41
537	175
855	79
2841	248
169	6
1006	62
1983	68
2895	175
344	294
101	78
243	258
1183	9
897	16
1545	45
128	18
353	43
2203	152
242	97
376	69
1025	24
535	534
229	24
973	204
100	154
97	103
2031	61
159	200
2098	66
2144	33
1521	24
1452	33
760	153
524	152
151	39
920	40
274	139
1587	273
957	6
764	84
248	333
167	111
1047	46
1153	306
571	69
3868	55
3882	154
2910	5
763	170
706	13
443	73
124	84
366	41
228	50
169	18
1051	94
385	15
179	43
106	46
802	21
957	7
5137	27
1430	109
336	213
204	12
996	211
1595	123
1123	126
483	13
1244	14
2444	12
674	27
1936	223
729	39
1108	7
2168	28
2457	288
299	3
341	210
115	52
383	45
717	139
180	264
1662	40
1001	178
854	452
275	34
385	398
2812	112
1636	153
188	51
179	141
1172	35
396	16
1161	32
76	94
583	132
917	28
1612	16
246	39
1946	11
365	69
362	5
175	265
303	182
4797	29
557	62
660	77
1523	224
278	83
2447	69
2089	16
81	55
357	44
407	41
264	2
821	235
893	35
646	10
224	9
576	88
1543	8
886	100
1888	79
1086	102
99	164
2414	318
654	446
224	76
513	50
279	18
342	122
521	47
299	5
742	354
4596	132
257	67
744	92
657	97
102	146
459	50
1533	15
2088	30
810	145
1389	36
195	8
1643	120
764	209
100	159
1556	42
294	25
1456	39
197	103
3427	53
84	9
570	9
752	69
227	151
946	212
180	54
2517	94
804	22
531	50
515	185
1938	468
2774	74
451	1
1184	148
1660	163
316	191
633	31
765	13
1377	49
1017	91
895	103
153	52
2037	255
1024	41
1137	38
602	17
1977	95
579	111
236	169
2409	22
415	81
739	130
427	3
189	112
111	152
752	387
192	28
1133	32
2362	36
2399	3
658	14
400	35
2669	173
1686	71
1582	253
1198	62
845	44
1116	66
365	58
1790	61
69	93
49	49
4200	150
174	73
2087	5
968	77
1493	92
114	88
880	123
144	9
99	218
464	22
4656	75
4366	90
409	124
809	134
1927	105
173	83
1389	45
301	147
2297	35
900	41
778	204
1979	57
145	48
1329	13
223	21
215	144
800	73
137	150
258	145
464	187
261	27
891	84
887	5
470	82
528	297
1018	1
2858	267
716	63
1479	17
243	38
1320	10
963	3
1746	116
193	24
209	33
310	95
908	96
2186	109
90	112
2807	272
2726	206
1391	176
438	2
3292	48
963	151
1774	13
3524	103
470	50
1572	292
562	32
2781	2
1466	302
197	21
1068	162
57	21
79	21
278	119
291	4
238	5
1428	109
1602	113
491	4
214	23
527	8
185	316
1228	53
313	57
764	136
1536	247
1194	176
159	213
626	143
4323	59
744	86
735	33
322	65
552	89
923	22
404	19
500	35
446	26
600	101
305	52
1229	19
2001	54
1307	59
58	53
1105	129
2974	136
143	141
482	30
1384	19
1117	154
332	15
1159	155
1669	52
97	44
246	5
664	116
1409	34
1322	62
627	77
1209	87
809	111
316	110
812	194
1203	77
1029	38
1460	157
718	82
1410	6
1586	43
370	434
857	29
415	217
2001	64
4642	157
1414	167
1718	46
1505	22
1378	85
130	233
3050	10
1204	145
2551	156
352	194
190	93
2283	385
2218	66
1909	41
410	106
1011	87
1798	158
2752	58
324	432
2783	317
1860	38
1178	26
964	2
1459	622
234	178
1136	48
634	97
1233	187
384	7
75	361
790	91
264	17
146	53
1140	56
253	24
1819	33
2635	228
55	153
283	103
1824	101
782	174
3642	6
635	18
1110	14
1010	143
181	44
252	83
2221	3
580	30
481	88
1416	133
1275	254
2103	51
907	88
138	62
743	52
154	227
1065	82
1541	4
475	174
1095	40
143	44
1820	76
1063	293
1346	81
287	182
934	138
819	85
253	94
749	85
491	178
2716	236
220	274
402	99
164	106
152	69
264	10
1000	2
90	72
900	34
1871	34
556	41
394	13
545	14
936	5
274	18
927	130
2839	27
1691	38
821	130
545	140
333	73
1275	15
1286	100
661	185
3399	4
361	70
635	35
1207	170
941	31
992	11
968	370
1945	6
1788	44
4556	14
1399	280
1111	138
226	17
2052	29
418	67
549	205
3805	46
421	67
478	15
667	24
410	2
202	119
281	39
773	33
778	216
293	132
959	69
128	1
2680	52
520	98
191	37
740	99
165	241
819	152
155	187
1913	92
881	123
356	78
1781	119
255	5
329	35
2563	96
543	98
672	11
565	88
887	12
329	180
1725	61
788	247
552	93
216	118
830	12
146	128
661	31
637	15
201	429
335	6
168	68
372	58
705	23
1453	34
1137	82
585	538
3997	93
1590	217
1004	90
2633	53
148	161
222	34
1299	15
1137	95
6076	100
616	84
370	168
913	179
928	159
2082	32
267	242
659	211
148	8
3686	10
1176	43
629	95
835	87
471	87
278	127
173	61
299	107
481	75
349	247
216	38
719	60
324	74
1046	178
3544	168
426	34
509	10
661	533
249	176
427	390
498	195
99	25
949	2
943	39
233	102
78	349
1461	87
254	30
1359	22
187	9
1136	3
85	47
446	12
348	117
928	165
307	42
5106	119
2248	148
705	13
3480	37
1800	69
618	66
194	51
1575	4
1722	70
1529	161
1201	165
600	43
1081	114
384	38
1732	54
2657	196
1000	30
99	166
1671	69
130	183
1248	224
175	78
662	10
671	5
122	186
727	27
350	223
2847	50
1288	121
2658	92
2848	88
352	63
841	29
3689	59
1411	16
707	54
1338	29
733	134
238	12
465	100
568	38
166	19
3908	206
1947	47
133	136
147	51
653	7
835	21
176	49
1229	70
156	5
3525	92
2349	214
1340	90
222	193
201	61
503	59
200	87
376	9
201	79
544	43
2797	172
986	29
99	105
1541	12
710	42
1427	10
1237	46
384	72
570	163
323	286
5586	29
375	74
270	8
50	339
4660	5
670	9
124	235
1290	133
1802	22
1143	11
548	46
709	70
1356	43
478	357
521	58
2696	12
1106	55
450	68
805	184
749	282
3338	239
541	216
932	179
79	5
1337	35
1695	49
75	15
2214	9
112	19
1690	43
971	186
226	192
864	140
1943	382
1686	19
1250	31
3437	47
912	24
2261	170
358	52
302	24
124	107
1356	77
1141	73
327	51
455	60
1059	53
830	27
1700	85
436	5
351	50
1139	132
291	39
307	4
1831	67
256	14
761	34
1069	13
309	75
295	81
2850	105
664	289
1712	546
1052	48
996	11
378	74
978	23
315	79
434	88
3879	189
410	338
1366	6
1300	7
774	78
61	75
2307	126
959	27
456	57
3714	127
3528	38
1124	48
283	48
517	178
161	199
747	12
907	4
294	260
4283	23
287	60
454	34
201	63
599	269
77	127
1052	42
1137	41
94	3
613	30
470	55
593	86
258	78
389	86
395	96
451	98
1481	138
574	35
1142	112
2194	294
480	327
1550	183
674	12
411	178
434	112
3509	11
528	145
165	81
1403	16
2368	23
149	18
81	13
692	8
307	92
404	14
266	85
47	25
1823	61
1528	59
582	187
393	243
1272	6
2747	187
926	56
467	249
1068	163
1160	46
2888	78
240	135
1490	145
1003	64
2655	12
366	72
348	130
632	53
359	229
438	178
125	20
466	58
1516	62
123	35
310	83
198	79
1097	96
527	29
1135	26
645	83
292	304
403	12
518	84
733	194
1692	103
912	36
1498	41
736	215
756	26
155	25
285	65
93	54
3178	23
44	337
1953	25
322	209
1160	138
126	289
1518	34
298	120
146	277
684	176
2221	33
1405	98
1290	51
173	102
969	70
274	317
382	15
316	44
143	14
862	53
1239	130
495	8
1220	93
522	78
369	117
623	2
139	43
179	133
516	13
178	6
742	94
3196	4
136	122
410	6
290	9
395	163
736	406
534	299
1249	29
1017	63
1210	113
1928	100
3447	112
787	22
2879	34
551	87
1352	51
937	46
2330	92
1458	21
530	116
340	91
352	7
1373	9
849	23
1189	360
1231	404
2560	48
1001	78
1079	74
578	127
999	68
155	220
253	126
455	9
108	396
198	121
2086	15
1031	36
3205	3
2650	16
1431	42
692	338
3066	42
978	79
597	524
248	236
2214	10
1579	23
172	1
322	265
610	1
566	24
784	3
1180	258
55	79
178	21
1719	23
1258	94
2055	47
831	15
332	76
3247	258
447	196
261	24
236	15
853	15
156	39
196	187
331	18
1534	63
593	94
571	28
391	199
267	91
179	83
568	34
155	13
177	282
414	180
332	53
1612	96
212	43
489	65
504	15
580	28
534	47
1584	59
1233	44
772	6
233	11
1036	123
238	46
250	38
690	16
1282	104
3191	137
763	5
750	109
1482	205
1115	115
633	109
2275	112
869	110
1922	9
5120	38
36	63
147	35
342	2
255	83
2649	40
234	198
361	2
3889	22
273	31
2794	55
819	22
1639	366
148	102
656	164
1527	265
177	137
486	70
495	64
821	27
2451	121
1169	1
597	129
629	65
2157	5
2498	29
689	94
1744	77
182	4
1921	65
748	39
196	2
401	68
353	113
414	36
148	57
1764	1
3411	233
1593	119
131	78
815	95
1117	133
680	45
320	82
1456	119
1985	51
1806	6
178	142
785	156
858	27
1474	66
198	11
1418	122
523	335
1409	117
660	50
509	53
1400	577
534	426
656	1
730	51
329	172
577	141
84	35
762	108
520	49
1415	402
1126	189
365	157
600	109
625	23
1020	156
662	37
1063	36
1854	4
138	58
742	77
1753	69
976	128
4850	14
527	254
1214	214
1140	155
97	54
404	15
183	35
294	105
423	188
1803	90
898	98
251	85
526	9
2809	1
2437	301
384	28
179	90
287	53
747	31
2413	105
2157	203
351	2
1990	138
467	80
736	210
199	44
226	36
389	214
1709	71
1348	96
761	47
474	13
1253	129
3552	146
296	18
198	82
286	5
1041	25
232	113
1558	66
2544	44
973	84
551	60
82	105
168	46
1848	70
708	48
378	158
56	240
1001	81
6343	25
782	81
1589	26
526	66
634	23
936	289
2828	148
244	4
561	35
1287	20
482	26
231	87
1928	49
626	50
355	232
309	173
1196	280
1437	109
691	42
1547	144
802	48
72	199
637	111
2365	4
990	49
531	10
1421	28
152	205
2936	7
3303	30
292	199
657	36
4896	95
464	19
236	29
2387	26
719	45
2417	52
651	128
421	3
937	454
799	73
3366	6
1936	61
181	189
621	160
539	136
115	87
1695	102
234	176
296	64
766	301
422	102
135	30
2345	24
1822	20
661	9
555	63
2026	55
279	62
169	63
203	28
238	2
1233	130
944	25
2803	147
1142	195
397	41
1121	327
154	363
346	207
491	30
664	95
427	160
249	106
1159	32
685	49
846	93
587	150
1007	81
1110	112
341	74
346	161
2165	146
355	119
324	103
1070	38
424	95
1634	5
88	31
1097	47
420	28
1391	180
1099	331
3157	144
477	178
712	83
367	75
1070	36
2282	412
1325	38
263	203
1529	23
447	211
591	2
248	66
294	31
1080	54
410	215
106	185
2091	20
1302	15
1360	158
1186	36
801	130
80	143
1838	162
1888	276
211	392
1475	52
761	275
148	629
852	34
215	168
135	34
227	3
1289	112
1331	118
1077	56
3302	112
2784	58
784	31
711	152
1745	116
201	40
288	155
392	36
318	6
336	58
372	160
2196	95
151	29
769	50
2357	7
309	218
1716	90
413	88
94	298
777	2
1781	112
2988	40
838	112
2287	5
1663	138
2032	107
733	26
1166	32
3165	80
941	20
341	4
265	87
186	78
2383	83
551	4
764	11
1246	33
1628	191
184	170
558	32
339	20
981	551
917	15
1210	234
591	266
1004	102
231	41
230	52
1281	167
50	15
812	70
276	74
960	201
86	85
303	366
1020	32
308	114
313	74
863	31
1121	82
1372	62
1140	159
3546	106
1275	58
1733	53
1972	85
3087	225
181	170
1572	94
2015	47
3002	16
1314	92
431	23
1021	150
1497	48
756	19
2033	256
182	57
973	11
1126	249
300	320
1896	46
331	11
762	30
941	259
200	33
231	113
375	39
457	5
141	67
1322	42
786	185
1135	10
1517	40
679	33
586	71
1486	77
529	292
213	358
429	167
147	1
431	284
1397	93
1585	296
602	33
239	64
831	129
3751	90
567	12
2004	132
422	143
49	260
334	145
220	47
598	8
1438	254
314	167
35	1
2279	205
153	75
735	102
1179	20
1509	11
817	30
559	168
874	69
658	5
130	101
2098	180
1192	120
103	142
1622	59
171	105
604	115
1506	5
1058	33
365	39
614	25
2233	10
3678	148
1466	116
320	6
147	302
862	124
981	48
497	143
1294	159
332	60
817	271
1130	2
120	1
1543	9
1371	32
2027	238
3975	7
8123	114
433	157
280	609
846	5
682	222
442	48
1483	19
1540	55
989	184
496	252
1596	3
428	42
73	61
79	120
3236	31
344	324
1381	103
436	46
102	39
917	90
348	294
1166	22
1407	41
158	50
388	112
76	121
2597	172
221	10
1051	120
2231	69
143	80
232	75
1338	79
5412	12
1144	32
1341	123
187	146
250	31
3015	60
694	33
1069	27
3126	59
283	103
895	66
923	46
1486	20
99	101
1360	125
138	32
2735	246
1921	218
1398	114
715	24
224	95
383	49
677	54
1060	128
330	108
3245	54
2910	349
690	182
282	80
489	10
840	157
1824	54
549	3
192	34
1168	4
914	29
4824	183
82	214
66	161
1110	116
4832	33
1049	112
295	135
4296	52
83	21
181	123
415	241
1308	96
2314	6
528	14
1802	50
308	230
124	466
835	144
2348	86
1581	92
457	16
2523	232
263	77
1192	32
1822	24
837	44
278	468
126	56
1126	24
276	267
676	12
1461	87
1304	7
1344	33
272	53
383	183
511	20
74	59
867	48
552	95
491	104
424	119
197	2
1511	70
2432	121
1706	113
775	92
293	112
138	120
1577	35
3027	59
142	131
1706	127
247	80
352	51
89	70
1471	111
593	16
1909	69
1050	36
1210	52
737	9
1146	35
235	54
1363	45
804	46
1892	98
801	306
189	218
516	11
237	24
1939	148
2379	129
880	109
297	116
862	51
964	60
1000	3
75	404
922	60
343	42
139	25
237	144
459	38
151	18
2062	77
875	4
1540	52
507	194
85	125
250	265
305	215
1204	255
637	7
523	150
1301	13
440	221
1790	16
1686	65
2112	84
917	51
1080	272
1844	4
101	170
207	177
2343	110
1383	12
156	18
112	265
1589	64
1514	14
494	85
1545	180
4608	71
586	22
468	19
430	2
1299	138
879	91
825	24
1699	52
61	117
114	14
235	93
4213	95
519	25
130	117
178	85
355	56
1271	65
617	127
378	60
1587	255
840	10
2458	34
3594	138
269	56
390	170
1900	320
824	151
676	193
1019	321
190	76
501	548
217	14
508	15
496	199
419	22
1720	180
270	197
843	56
768	37
666	99
528	34
1204	14
3375	78
1402	8
2273	132
2784	134
375	48
194	204
581	141
1305	82
138	201
93	158
834	65
376	60
1031	196
349	20
2001	362
838	88
3238	24
301	4
1344	243
1246	25
835	7
3806	35
2748	67
1275	7
623	45
1320	139
85	250
876	407
267	264
216	73
1546	28
325	213
397	32
2121	56
613	132
85	30
783	7
269	51
2285	131
291	3
657	72
742	129
581	102
126	148
676	172
264	11
959	63
879	2
290	58
729	17
384	79
2575	260
760	270
119	91
1013	108
434	301
487	11
154	12
566	32
385	346
391	39
155	129
72	105
922	69
135	121
1228	588
1055	125
2723	27
798	100
193	19
519	59
2046	1
239	76
273	5
961	19
1227	69
370	8
181	51
867	77
394	67
180	171
47	170
107	110
1229	140
3030	80
289	3
954	27
593	6
114	258
2910	109
5716	30
571	79
1128	155
1423	64
138	33
641	68
2168	28
62	115
2138	50
3555	39
1055	131
529	63
139	34
5831	26
531	90
433	86
1184	234
1583	8
827	55
77	64
185	63
140	144
213	106
1160	264
356	54
3550	6
249	186
73	37
1037	48
287	109
1512	31
2541	77
371	10
337	89
449	18
871	98
720	78
393	95
219	18
1221	1
940	295
796	4
1672	107
109	140
122	121
739	50
571	44
1235	18
493	206
3080	36
1316	84
196	56
1442	130
79	61
1561	1
1014	125
381	586
846	7
792	21
44	241
471	52
1267	13
2661	293
3108	102
282	245
5198	212
372	22
176	70
117	162
2550	87
367	93
3512	43
1056	120
582	7
321	152
1076	175
85	204
794	2
2237	344
121	402
78	126
343	6
861	240
1915	11
2827	4
770	91
232	364
584	154
1172	107
259	53
2375	16
614	49
290	84
4242	5
837	26
225	22
207	157
197	61
690	103
2134	53
750	104
203	95
488	84
2000	9
2640	19
315	50
396	56
109	184
2534	76
1301	8
105	81
1810	143
2220	231
66	73
1523	132
635	115
257	172
725	160
494	60
1569	7
1916	110
1658	539
729	5
1965	286
1151	116
4020	142
2275	119
1409	348
249	11
2313	19
142	486
2496	339
2068	62
1443	122
4046	34
2626	55
644	6
825	1
190	90
1040	36
287	78
348	85
341	34
275	19
1378	87
265	54
514	66
438	146
690	49
1097	14
207	152
5096	3
120	234
444	7
1063	36
450	143
1975	18
4139	64
796	66
511	69
1416	113
1301	141
636	17
3606	8
1128	99
431	48
686	13
1667	45
1025	162
792	13
1597	26
154	71
609	39
868	169
118	79
1959	81
2740	24
3108	78
652	218
1184	6
345	141
294	121
1330	22
787	44
457	151
70	122
94	20
364	67
150	116
1244	10
586	168
2311	4
377	7
2237	48
1683	38
393	110
1116	171
410	90
1133	34
2177	105
1146	209
285	113
153	59
3865	388
110	187
1697	21
405	37
1174	174
795	19
807	53
2475	19
1058	277
602	59
773	19
104	9
1691	14
1110	130
1285	115
517	155
1023	13
1149	475
1861	239
1862	107
2852	10
518	189
1434	319
313	23
200	17
285	4
285	43
227	197
439	20
1539	79
934	115
431	207
323	178
462	89
794	140
898	14
948	8
2103	127
154	61
1243	48
1957	167
592	52
383	252
1381	4
1416	148
130	83
1662	9
1179	13
959	16
556	193
702	39
886	281
1002	78
1133	92
831	5
110	280
2411	34
2187	9
887	127
98	98
137	164
985	215
1021	74
159	153
1721	214
131	7
4143	131
96	2
1505	63
1564	64
417	30
1009	147
1622	33
1280	106
1636	30
305	9
856	55
100	32
297	74
1566	127
804	49
95	31
1571	31
931	120
1496	6
2587	23
767	37
745	51
291	3
1783	101
713	261
513	70
1455	36
536	32
50	303
1735	103
297	370
1821	408
612	105
675	61
710	120
2170	96
2001	139
168	42
698	254
1460	100
1053	18
1630	43
2344	216
2900	164
491	179
1210	57
90	107
371	50
1203	12
276	39
1013	61
274	173
1321	162
192	318
1119	78
1021	222
1208	31
842	43
867	106
104	119
307	153
5016	110
857	98
939	1
307	65
2215	23
2887	187
2896	43
814	34
1395	66
2040	118
2835	153
961	75
752	69
205	69
340	47
828	459
420	195
722	57
501	74
893	2
3329	109
527	185
243	112
449	57
1981	121
559	84
2643	34
1388	26
1393	22
801	310
372	39
1448	36
716	231
672	42
784	10
141	68
3123	307
52	304
666	133
326	10
263	246
1020	217
934	12
438	13
776	152
3049	111
658	40
58	40
992	8
1289	27
638	46
439	2
661	31
1303	133
409	70
1030	42
2425	152
785	34
861	2
130	1
181	143
303	993
3755	24
64	27
718	9
1207	166
1998	60
576	38
434	375
1501	159
657	235
997	79
573	41
2563	78
1109	330
1789	10
429	169
93	111
928	72
674	266
676	13
2075	80
1149	267
1556	173
1667	714
235	120
218	138
321	23
488	160
235	34
146	66
2321	84
1437	106
2488	132
146	158
1098	202
2686	14
546	74
824	156
443	34
760	38
1139	12
496	192
389	309
996	18
56	292
512	177
459	59
202	139
765	77
1782	28
365	6
91	108
130	127
2882	65
400	2
222	140
260	176
473	22
160	335
118	371
203	306
472	37
425	28
335	219
1970	171
1763	6
211	61
2051	115
3015	393
1156	24
1095	233
2068	14
554	33
404	208
166	1
127	31
2868	179
197	161
333	98
627	192
442	121
1161	68
563	6
451	2
399	436
930	160
321	84
2164	61
1200	83
194	75
228	121
1037	282
645	120
286	259
1279	112
1021	35
186	160
2586	230
170	102
1330	42
1277	169
1459	12
2535	113
832	29
1951	144
3077	11
405	149
629	73
1886	196
860	205
1566	62
486	53
536	227
1151	114
3670	39
2305	124
1809	69
1372	97
900	204
311	40
419	222
4188	41
291	1
1384	55
296	418
659	62
706	25
506	195
146	187
1912	36
2227	88
137	44
791	126
1554	8
1582	2
184	21
899	10
74	272
82	26
270	323
764	4
1751	185
318	21
1287	18
2375	184
602	120
832	23
1099	83
832	52
200	155
89	152
1728	409
244	239
316	117
2045	32
420	29
255	126
98	279
168	3
3867	2
2225	82
497	49
289	48
524	170
1380	15
587	33
2174	39
421	59
693	168
764	221
1515	253
667	4
955	28
1021	306
2455	153
706	104
159	62
1417	122
4400	18
4330	49
5721	37
243	196
643	38
5252	23
229	8
126	156
2845	190
76	20
413	161
604	42
1616	49
638	40
2874	163
868	125
315	34
969	83
387	15
672	238
1602	130
1656	50
352	277
253	38
668	89
2602	1
461	36
837	23
607	170
967	46
896	60
573	51
1679	43
39	23
745	5
607	75
5808	121
1785	57
192	416
1460	223
2674	32
1530	116
6928	163
2768	20
372	127
331	163
1226	14
121	163
406	113
698	72
1517	126
328	33
751	14
812	56
417	28
1311	7
920	3
1126	32
987	156
1028	91
1504	79
377	24
294	13
758	123
633	173
922	1
885	98
973	9
1373	127
1008	71
803	122
651	299
930	107
280	3
4066	10
230	8
3301	6
1726	207
627	24
1261	255
242	57
90	29
233	32
2714	132
2981	11
3249	54
177	111
241	131
2146	160
632	110
2383	70
703	9
1250	94
1157	73
197	22
605	30
580	111
502	194
2692	101
1066	288
434	103
652	6
2063	77
290	183
1564	239
1168	8
1367	8
366	169
323	23
479	97
4247	66
814	90
192	11
451	180
1067	363
758	401
1448	35
1143	128
379	27
291	13
548	85
2612	109
2049	10
262	41
469	57
113	36
2425	16
88	1
166	91
1725	22
1009	34
882	22
1775	6
710	36
1031	15
417	77
2090	199
547	703
85	7
227	64
598	262
496	56
403	24
3800	47
447	92
5446	10
94	11
3021	517
2405	6
736	324
2317	40
53	116
279	152
682	37
891	463
2128	29
144	110
697	168
1425	20
258	75
1035	59
1272	70
1175	10
254	147
4398	161
361	118
79	197
1241	70
2931	86
655	18
1594	60
208	230
1009	222
273	111
1343	3
403	80
1022	273
72	138
147	23
1204	106
953	88
1308	6
89	107
1673	57
78	22
703	84
554	168
1026	133
288	18
906	15
73	53
1083	77
534	141
292	101
311	49
1722	120
270	122
898	89
319	282
2974	99
1895	81
155	94
1694	189
1693	202
494	49
1534	24
2327	113
708	3
838	63
1014	146
930	124
214	26
659	3
798	152
523	8
1414	123
145	3
820	28
697	18
2308	5
685	111
362	85
1814	49
655	196
1786	103
79	148
122	78
2351	351
208	103
1851	48
1459	27
1672	12
1053	4
318	142
1441	287
1024	80
433	168
1462	8
1012	64
247	259
1731	198
899	306
1357	88
238	267
587	64
1714	81
1466	89
709	64
311	15
945	628
607	66
1203	19
973	8
346	28
2118	83
2295	23
335	175
87	26
2476	116
943	33
4760	14
290	41
1542	74
640	80
480	327
1110	47
278	160
600	88
1138	160
1394	194
958	109
784	2
234	83
641	15
1188	60
447	41
236	323
128	104
844	30
472	15
53	105
1072	30
1070	32
147	46
1436	68
1346	253
2783	15
287	238
110	246
503	397
463	310
707	98
1076	74
213	52
1225	187
801	80
201	56
727	11
115	19
515	23
1646	6
1544	99
698	74
1398	95
882	295
1916	180
105	35
75	296
1089	28
210	350
187	257
571	354
694	114
1551	66
3618	121
310	123
329	388
225	192
240	150
1060	33
95	65
2187	8
144	13
1919	83
164	40
518	364
2999	61
1257	49
70	39
197	38
604	7
619	33
231	12
1376	229
329	19
165	59
786	22
249	68
1537	130
711	74
814	50
67	125
3582	111
209	59
2981	44
1185	9
324	466
336	41
1866	3
2437	78
2426	349
360	33
294	38
37	28
709	18
932	38
935	7
738	281
184	102
1682	749
238	12
1665	26
801	146
346	16
2006	33
811	77
366	75
4850	152
194	119
555	43
476	65
2171	110
213	6
1323	12
14	116
782	324
2840	20
970	109
3014	38
1493	93
3908	19
4719	18
295	370
400	73
2177	29
485	158
1035	107
1342	101
123	23
589	162
144	44
2897	32
387	415
2405	53
1122	10
2684	8
209	105
139	158
818	264
58	85
909	191
991	68
1576	34
491	255
1765	21
3148	58
1053	135
2405	130
748	129
1721	139
41	8
1166	93
57	412
274	72
205	133
2332	176
1037	101
186	16
1661	26
65	87
764	17
96	126
1467	35
366	154
959	68
162	151
850	157
340	386
620	3
1176	170
1122	25
1144	30
1217	191
769	48
1154	77
892	7
1591	34
1530	38
111	21
621	23
301	72
1017	67
1509	94
4036	100
128	160
2297	160
373	13
355	24
1260	101
388	45
322	38
901	141
1796	209
5727	14
247	77
1727	56
251	17
101	45
109	260
256	24
2105	75
901	70
1052	43
1230	1
3082	41
1506	51
179	118
888	62
1657	193
726	289
837	11
552	107
2930	208
424	95
1051	149
726	93
775	5
1670	76
900	125
3050	27
2036	54
1804	64
1269	66
1076	123
1518	15
1483	128
180	67
335	2
337	116
281	38
3160	69
415	3
2134	2
1365	187
2243	200
3174	105
149	36
661	48
3055	93
721	28
2120	33
1550	115
1490	99
308	239
72	275
513	21
3153	29
510	60
1199	31
988	26
223	5
892	150
4152	15
858	2
360	86
246	34
2323	12
176	171
2423	8
634	167
2633	13
1857	65
267	2
459	37
938	58
1211	118
152	26
421	36
490	156
385	6
782	62
448	163
1631	27
1992	149
320	51
312	27
2682	32
282	32
745	100
672	277
950	110
1798	81
745	17
310	45
848	35
2453	78
1491	13
1379	37
100	405
561	228
281	4
931	175
2625	452
923	59
297	79
3584	71
138	3
183	27
2139	124
936	27
229	66
106	75
3009	181
1039	96
1026	115
145	164
2885	151
546	46
1077	64
1522	38
1111	10
46	81
685	78
343	55
87	108
1157	80
577	88
1985	110
110	12
365	37
1702	28
746	24
1118	138
936	91
343	54
1263	120
967	111
242	98
346	40
1645	134
515	68
4115	75
822	51
855	83
535	55
518	2
460	39
2682	61
1106	29
2045	510
2882	397
418	296
2184	167
1461	140
1695	127
530	97
1235	9
246	10
1754	80
225	192
4420	43
770	98
371	28
1459	52
931	5
66	122
366	32
466	12
1606	129
1369	267
241	314
408	16
3205	8
170	124
883	10
153	42
2216	32
550	123
1028	36
79	14
483	303
875	2
1056	2
397	27
1284	34
663	239
166	1
95	120
526	81
81	35
1380	152
223	5
847	29
886	7
840	14
1154	9
251	33
695	258
428	265
269	98
343	1
869	42
619	74
918	413
756	119
404	42
830	118
158	103
251	465
430	86
1645	136
1019	71
864	53
631	126
259	217
595	44
91	18
184	13
383	59
908	60
950	188
1811	97
216	35
314	3
1420	42
332	150
2859	13
92	33
781	1
2184	126
447	52
357	119
979	71
140	21
2745	129
183	48
620	80
369	37
688	146
961	24
425	129
930	198
325	234
125	1
241	17
646	169
308	19
224	85
116	427
543	223
1484	30
2335	41
417	225
1715	3
1281	109
383	142
724	111
1944	33
1474	113
2031	185
64	255
80	11
2132	6
2016	5
2133	153
328	131
641	9
411	44
1165	337
851	119
951	50
988	61
1637	62
2689	227
513	79
392	29
1945	210
1276	17
629	41
1765	46
2452	120
2050	1469
48	106
100	80
77	138
524	45
1464	80
222	82
1086	120
1573	315
1411	258
2980	74
481	355
560	76
256	62
1050	181
649	16
653	121
486	43
1263	26
2047	164
517	18
317	37
651	117
1575	233
343	34
359	59
1326	8
953	39
170	21
2507	85
1034	86
914	105
1177	73
1087	307
498	318
151	223
313	64
526	128
570	5
642	12
251	130
345	192
130	73
370	187
1114	54
260	105
1420	39
1165	108
485	54
619	58
454	8
3887	23
3275	136
923	71
1320	23
2279	201
1166	169
1307	324
3499	126
222	238
1300	52
1647	16
625	6
1409	114
1475	217
257	51
946	261
779	43
631	310
693	24
1593	74
550	112
137	56
703	190
860	160
223	105
64	246
270	40
1135	190
1893	124
759	48
1202	16
2061	293
996	129
2287	100
265	33
1246	364
1285	60
1275	196
1936	84
284	61
577	134
418	335
2675	37
606	179
282	164
948	43
108	81
477	35
119	38
835	307
137	208
1481	120
1228	207
367	241
378	50
443	10
1233	67
121	303
1337	123
252	182
476	114
372	91
1666	176
100	13
1468	285
446	23
531	68
654	121
691	31
487	113
343	72
10111	697
1609	3
418	51
828	13
1832	4
510	20
422	9
600	135
839	232
635	114
2869	50
573	23
210	81
1494	2
88	106
97	72
550	94
1713	61
233	116
602	40
1669	215
1362	41
2844	48
2036	132
747	13
1019	85
4343	241
534	83
1056	32
1730	50
1177	25
369	42
183	218
911	154
869	116
605	176
4200	130
1367	10
2656	103
3644	437
1628	98
245	97
681	155
1561	111
850	87
607	65
874	45
151	235
677	2
1714	14
308	196
2287	174
236	392
686	74
1656	53
380	18
1790	14
1826	160
486	223
4507	27
840	25
705	97
2204	19
2322	50
106	81
1248	10
2097	37
343	113
1099	169
1404	17
911	41
116	25
260	21
390	74
314	13
842	225
1105	8
290	57
2928	62
548	112
256	10
1886	252
562	212
198	67
400	8
4004	115
362	6
528	25
716	104
1159	7
168	41
2587	68
1117	25
313	96
162	20
3092	30
1009	14
320	36
3973	95
522	43
3686	4
567	5
443	11
134	185
328	6
325	5
1028	45
1710	215
1349	87
2271	4
1261	89
1875	90
544	5
388	1
194	144
5289	11
253	141
231	39
1751	18
626	86
1347	208
2419	48
924	38
102	7
804	33
293	51
123	87
389	28
614	186
1115	56
281	8
590	122
1290	40
229	146
2061	46
762	127
1746	132
1221	175
183	17
138	229
1880	203
884	21
707	30
878	174
971	29
672	60
815	148
1947	145
2345	31
82	45
748	189
713	204
933	20
579	129
152	177
1116	25
2118	52
647	63
815	17
197	18
990	97
542	283
1412	3
816	6
277	87
472	104
485	297
1948	5
397	326
841	178
1493	28
1262	43
224	35
793	15
788	44
931	141
135	14
3894	108
110	43
52	260
1836	20
55	383
419	34
2652	269
71	59
139	19
597	63
2308	30
2681	64
122	130
284	166
2382	1
953	156
2937	24
80	2
1448	225
1053	28
167	82
1519	223
1207	67
577	60
1462	37
1890	25
2038	52
1651	30
3256	282
90	1
1688	94
266	26
315	28
2443	13
166	251
244	50
283	10
2320	148
2148	15
302	88
523	16
1015	153
184	145
203	64
1237	6
96	5
1297	73
2141	17
128	15
353	165
1105	376
873	15
820	35
1570	102
319	114
737	30
359	55
772	104
348	33
1296	322
104	32
68	176
1436	296
848	48
2066	55
3543	114
2188	41
2743	21
783	56
345	128
3709	313
699	70
203	26
635	17
2065	83
356	42
435	74
157	71
363	186
577	42
1120	110
177	376
884	93
3277	31
1041	135
406	36
461	121
1565	266
458	109
1371	139
836	14
1362	192
1816	1
615	151
1477	6
160	61
120	171
305	15
664	51
1013	173
499	10
2202	30
332	33
219	58
945	27
765	32
377	44
1329	4
6355	187
305	58
438	102
5845	19
140	10
984	33
1242	78
1082	88
1590	136
162	122
1722	54
2017	5
1375	34
2084	66
820	35
2089	3
164	64
902	53
619	106
830	42
2520	75
509	66
1544	7
168	4
1080	31
1476	173
224	235
1681	124
1083	151
1047	219
106	8
864	176
375	15
525	83
210	88
1029	13
736	16
1137	18
614	13
353	136
1243	180
2696	127
252	397
1059	16
379	79
469	333
1220	20
836	139
182	55
2769	45
1526	44
247	47
269	293
3210	119
106	26
3573	72
1742	154
501	81
344	136
114	100
1380	97
1495	84
48	8
302	349
433	121
1862	36
128	164
294	191
2449	2
223	73
1081	28
2771	279
425	171
189	29
892	35
552	93
1060	68
3563	203
1771	54
295	228
2467	71
1514	41
951	111
398	41
1713	70
451	130
739	134
366	244
1779	80
1375	85
1100	57
753	55
81	56
1260	6
177	81
427	375
833	100
1349	8
667	116
696	66
1294	6
3447	18
411	178
378	389
261	88
1519	260
129	154
512	46
2103	73
3039	339
773	32
675	200
816	208
842	205
402	274
349	10
1193	194
477	18
698	90
555	11
89	27
921	28
207	8
959	24
466	68
282	27
2797	195
1285	214
846	56
1309	113
102	112
3251	24
285	2
807	19
1694	41
1565	130
212	3
413	127
1338	53
220	57
2804	95
1375	177
370	2
285	71
154	157
111	245
894	53
1235	9
694	62
4175	23
4123	234
564	180
1335	9
1296	309
859	8
1387	3
919	22
813	25
1306	82
458	388
2346	90
511	55
328	36
2741	40
1037	98
376	293
1136	59
2531	111
4836	57
66	55
685	24
3092	4
1539	191
1068	51
453	9
1425	8
1208	47
590	59
1278	22
277	2
523	16
1027	159
501	159
360	367
207	15
2878	106
438	10
960	74
340	3
2945	79
1188	604
1098	94
457	17
395	31
1332	27
442	112
2486	56
822	75
82	266
1533	209
1988	837
374	136
130	108
306	57
59	31
1396	11
747	321
105	48
253	64
55	119
3127	316
338	83
2229	21
218	135
557	304
998	43
85	106
1765	40
1233	11
1458	208
461	838
1063	29
1027	29
826	69
341	219
2751	84
951	69
2532	47
781	429
1339	1
265	5
1534	44
811	339
219	72
1048	9
756	203
300	62
2771	191
85	60
228	130
1185	7
142	1
1276	234
725	111
1354	229
1669	1
803	66
509	150
1209	109
259	8
798	48
804	198
827	127
806	10
1964	100
1859	88
2736	89
124	37
2097	434
1969	155
687	9
1551	3
305	1
1481	137
1395	143
622	298
2082	55
434	18
882	1
848	23
454	10
241	141
948	240
440	268
1543	89
2284	272
402	17
2185	112
219	17
952	80
4924	130
2213	99
656	129
447	27
194	89
682	295
2502	267
1207	132
943	58
873	55
989	85
169	200
1282	111
93	86
389	27
1187	44
1368	33
2239	94
1018	35
432	186
355	58
2439	78
1388	161
934	6
921	256
598	67
273	85
1063	110
802	145
430	16
177	72
2462	21
71	59
5533	86
669	21
420	8
3362	84
877	91
314	76
485	1
1290	55
63	172
833	22
450	95
445	72
199	92
4103	40
782	28
314	46
1829	173
1373	12
1380	4
453	214
2761	29
3166	123
778	344
2403	75
2840	340
438	9
275	178
350	28
1997	205
547	324
905	44
2734	5
764	132
1752	117
684	151
921	208
167	114
1337	110
525	20
1645	156
1887	5
1911	264
817	44
534	48
343	5
498	127
1047	152
895	12
417	213
437	111
66	89
1954	156
1184	27
291	28
99	276
219	92
880	123
1035	10
1965	83
543	190
1210	25
2703	167
1207	205
879	12
7501	87
83	423
828	61
155	52
1567	85
560	128
916	69
586	23
199	129
111	241
2247	11
631	67
2247	35
2502	30
2242	7
874	321
1220	114
1219	143
541	47
259	195
1394	88
719	34
1467	70
1310	47
100	68
236	84
47	218
1226	7
204	94
437	202
147	22
1301	54
1207	144
909	42
1539	17
583	85
2146	29
218	8
94	3
753	23
296	64
383	98
631	50
569	93
1514	50
482	121
113	4
1232	251
250	68
1305	248
930	4
1241	116
360	14
2036	135
1279	68
1835	16
1524	38
294	30
2021	41
594	7
992	295
1547	177
107	157
1972	30
941	402
805	9
2871	38
632	41
1045	99
3123	51
782	60
241	67
730	16
493	136
1225	216
126	55
1521	11
157	226
92	40
449	164
2730	447
547	382
2363	36
1252	169
626	225
1124	89
1073	173
1285	12
642	25
2019	44
305	45
1550	169
605	204
81	257
988	295
1696	16
120	153
377	51
326	157
604	185
920	91
115	30
2422	37
3470	79
311	242
320	111
713	8
2364	32
2665	207
374	44
2104	60
353	219
1567	32
1058	42
231	44
2901	14
602	196
3529	27
123	30
1035	31
155	256
1197	19
2600	231
1919	17
1715	290
161	75
3072	64
449	194
589	81
419	70
177	73
623	11
462	12
115	3
3631	84
2184	41
1113	177
951	56
1900	10
125	70
1652	26
2110	26
325	61
1492	82
517	15
369	127
350	61
585	58
445	91
1204	104
317	18
966	121
845	153
2796	186
250	39
461	302
120	277
1170	235
6379	348
108	530
2154	113
1143	161
76	278
3311	251
188	29
4036	77
1224	118
1283	97
208	181
560	103
216	46
3027	326
873	7
234	45
1584	85
1631	14
1053	112
2340	22
2411	463
466	226
255	222
460	27
861	41
1597	41
344	53
272	27
1471	81
110	129
2687	152
1266	42
4262	30
2255	104
495	30
845	101
276	80
488	39
2228	34
525	51
953	73
110	75
789	22
2410	281
559	185
85	212
1171	418
945	137
545	145
457	10
1715	32
522	91
1973	73
398	89
128	152
474	18
740	47
232	63
1691	128
1069	79
256	4
938	29
616	13
325	313
159	61
71	31
709	86
1041	141
2067	13
2064	110
2893	104
686	180
1300	8
144	7
1176	204
67	17
110	149
692	19
1296	22
3301	23
1247	379
1439	161
1439	4
741	129
105	8
43	127
422	28
332	210
1068	161
426	119
687	8
796	27
232	144
169	26
1525	17
640	17
526	15
453	320
834	8
1001	102
435	191
292	182
1573	451
616	26
2256	176
1191	16
2593	13
2348	43
1706	110
1148	148
599	123
564	49
84	44
158	76
885	10
983	43
1925	5
174	319
507	34
753	69
1137	100
1600	9
1767	8
234	253
2236	40
669	19
3196	128
377	106
312	39
688	306
3742	159
958	80
368	38
2330	16
3828	29
160	35
251	65
235	135
1317	22
262	27
179	103
1687	152
659	24
1906	32
2034	56
873	57
517	239
1199	115
379	35
713	7
1369	31
274	18
1172	20
1553	62
4071	151
333	280
127	82
1376	85
1483	62
1446	69
510	109
201	232
480	7
2954	81
366	183
448	1
2405	76
579	17
863	97
332	44
3139	3
938	176
2600	47
3351	26
1530	61
864	85
2445	96
800	242
1538	4
1829	268
1482	26
296	18
170	41
474	30
626	98
395	105
437	43
240	271
664	142
431	231
1731	245
1032	42
889	59
268	189
209	171
845	119
1578	53
401	82
807	25
489	80
1325	99
187	134
274	14
877	9
2637	29
1460	14
166	252
1334	45
380	10
1194	103
587	399
4005	13
276	7
709	87
87	88
80	100
1145	28
1769	34
1269	151
616	48
3165	3
910	113
1257	50
676	84
447	38
776	42
2225	248
1156	354
188	103
1276	305
704	63
99	217
262	31
139	147
5035	20
1103	5
453	268
250	34
3286	140
517	267
3558	16
626	16
288	114
1251	80
152	203
419	68
2046	371
1283	236
1859	2
1376	64
1934	60
240	46
199	152
843	91
487	81
224	155
1591	159
665	137
1138	7
272	154
1101	20
986	211
169	455
1028	95
576	46
762	110
130	103
1048	119
738	69
712	51
3030	19
3567	2
638	69
973	272
1211	25
3024	15
66	51
1411	8
172	28
369	291
2441	206
1921	90
646	131
165	62
1504	77
327	186
522	2
194	399
2406	26
91	16
127	150
517	102
256	17
1268	163
3364	238
1018	161
974	21
598	32
405	40
347	91
699	73
2283	28
595	17
834	42
970	163
798	96
1536	234
1447	328
1867	245
2148	148
382	362
521	66
741	80
1375	12
2316	35
983	189
307	24
704	201
1358	34
1116	142
233	38
1921	234
577	25
1831	71
1808	2
398	153
1225	173
1345	42
464	26
731	12
393	19
2697	261
999	71
220	411
1400	36
2884	74
497	27
106	147
113	73
169	73
211	1
307	189
421	57
1567	35
140	201
655	75
284	67
1976	77
652	80
3052	84
268	33
1055	24
511	23
552	40
1561	29
841	50
504	90
512	71
144	51
62	48
163	95
289	96
889	29
1060	184
926	69
316	30
505	11
298	19
241	98
3753	17
165	43
605	38
2398	367
657	10
1132	141
372	23
898	138
1574	9
1255	7
246	255
1417	74
648	62
1491	113
2535	100
1272	23
706	93
971	176
704	92
742	22
631	143
3692	14
325	51
111	8
1735	161
2025	133
2785	5
853	42
2308	103
626	80
687	109
2505	287
1223	389
966	29
859	145
1166	6
337	115
905	79
410	35
702	281
627	327
1320	208
1213	42
865	36
534	67
113	26
751	84
574	18
350	26
579	4
161	68
1311	50
96	56
1105	111
359	6
2064	105
1288	80
458	161
759	76
1104	15
922	39
1325	12
1438	422
308	8
1472	91
153	42
983	36
926	118
211	257
923	77
2802	43
1306	52
406	243
673	118
780	75
160	16
441	121
308	11
1864	302
324	20
77	25
746	94
208	194
221	65
167	25
190	298
1110	56
365	156
1643	21
764	64
1028	55
1768	30
668	234
4479	65
76	64
66	120
765	109
783	109
5527	31
701	151
817	14
529	74
645	16
1190	302
2293	156
278	18
649	5
1334	41
325	39
538	83
2210	79
551	143
107	75
1154	50
3049	104
1317	147
238	94
1140	403
779	83
929	33
738	126
2497	67
1733	22
200	5
909	5
884	62
1739	135
478	66
86	14
435	106
1174	74
1177	126
735	51
1826	46
610	165
394	60
233	37
1467	41
1620	307
1532	183
454	204
181	5
5698	144
223	48
141	28
1422	189
1337	11
406	104
605	660
2538	18
261	90
435	178
777	72
330	34
2913	96
510	382
129	97
2125	50
1774	82
289	57
875	135
1465	8
358	82
2518	22
357	36
958	56
248	117
2686	47
296	82
1665	16
923	90
1355	8
732	264
252	60
1547	233
621	52
285	221
188	76
2212	275
73	49
807	39
2393	181
365	86
408	99
514	104
284	24
1162	117
1720	177
603	65
337	13
174	6
79	50
557	210
2153	14
556	126
689	500
745	22
1919	79
3234	11
1476	237
83	49
260	25
856	47
615	54
1207	57
1369	60
429	25
1279	110
1386	28
738	317
1077	178
986	20
978	311
1752	77
1198	69
1804	304
283	66
2062	171
3251	145
788	152
810	18
185	63
73	159
54	155
1744	17
1565	13
2208	68
1282	70
3367	60
506	148
1782	9
2571	54
2363	1
167	24
1247	1
815	28
192	7
252	34
337	10
624	85
408	113
306	139
724	8
788	36
630	10
536	74
230	61
3354	4
1506	297
3501	97
546	43
202	4
347	25
1027	9
137	143
979	35
2992	17
699	26
348	192
305	316
854	130
559	108
230	636
251	22
464	193
100	14
254	52
544	102
836	196
279	93
1160	107
1973	136
216	1
429	44
715	497
180	53
95	34
266	70
502	89
220	18
3051	108
2169	143
5728	105
2304	56
2179	21
542	5
41	24
916	79
1681	128
950	87
610	94
233	21
988	84
1301	78
965	62
158	14
954	55
1119	180
1252	14
498	3
1222	3
80	114
1803	50
2416	40
927	290
134	281
739	174
634	129
962	121
808	43
888	50
104	19
699	252
2572	107
498	252
392	103
1502	13
415	34
276	57
953	29
642	13
582	29
507	82
938	326
1659	61
187	19
3165	139
774	51
1238	81
1236	230
404	29
201	33
811	29
807	21
1381	181
4433	25
194	299
1598	35
797	54
202	21
1354	243
235	593
658	51
103	263
712	119
446	266
556	181
1838	17
80	156
1210	87
2361	36
376	47
152	82
603	20
1755	20
1878	2
962	143
2165	188
1791	132
217	68
1179	127
2025	203
2252	325
136	3
542	19
1753	54
983	109
100	61
158	148
362	31
842	139
4112	89
333	86
1590	8
270	80
1825	73
1736	89
2079	29
332	29
2162	142
1508	21
1395	19
1536	25
748	163
1152	141
182	2
2237	45
141	10
3583	162
2693	52
168	176
742	22
495	418
1514	111
833	57
161	57
265	57
356	84
2318	200
2749	57
137	148
1569	58
1396	23
894	208
106	234
172	34
1680	2
428	181
1067	47
880	26
1232	4
168	115
598	38
3322	32
547	2
1082	309
301	183
391	126
649	160
602	163
1640	131
2327	31
639	9
364	22
1118	175
565	18
275	145
726	30
162	6
631	25
1678	677
542	149
337	16
715	157
578	20
872	167
149	77
518	45
509	43
518	122
274	14
121	67
726	43
2134	44
764	74
1352	55
2552	1
1867	61
125	100
269	40
2923	12
1149	169
479	24
1626	45
1574	411
231	200
1719	17
1874	5
1895	72
257	41
87	78
2715	240
200	81
936	15
2692	226
841	304
314	15
4124	79
1315	21
468	431
3203	102
203	138
326	82
535	6
1272	66
88	121
1967	142
1951	70
2171	86
1271	97
1918	120
1161	35
1237	99
340	8
987	71
675	149
679	52
677	37
2612	209
429	8
354	24
1142	133
481	157
655	92
911	32
1179	18
747	82
382	15
116	165
1477	27
2279	51
834	130
1065	154
2012	165
427	69
336	12
4669	89
1391	116
794	76
1667	126
215	3
468	214
1176	120
115	27
125	139
2359	300
5027	68
856	88
230	39
802	165
424	211
101	21
230	11
2376	18
103	13
268	98
1442	53
4496	65
228	23
955	149
1208	9
62	87
2135	158
238	131
1734	84
572	150
772	150
21	10
767	10
262	196
3813	299
300	10
860	38
132	126
1023	55
2165	96
83	76
195	232
161	40
1383	63
758	29
5344	46
1571	26
838	127
981	172
5270	14
2907	64
303	9
1836	8
370	49
648	159
2017	110
160	66
727	111
2138	1
119	21
458	23
550	60
1777	33
1698	35
717	53
824	165
554	12
1052	176
316	38
156	5
347	24
416	613
433	86
568	359
659	121
738	22
644	70
1299	20
1676	205
3925	73
535	14
2022	12
371	73
280	93
2575	68
270	172
694	76
1578	10
172	293
2417	14
66	134
1406	46
606	95
1064	47
1231	160
2699	33
1527	393
96	149
2023	91
1206	94
506	391
984	21
3995	36
527	1
1336	2
1428	22
1126	29
1621	162
5401	79
1721	2
1350	224
1306	130
2514	4
583	259
415	49
1029	7
1648	265
895	86
617	138
256	33
243	88
743	131
1662	72
1785	76
1177	10
1369	15
1192	13
606	24
233	58
866	59
3730	89
884	19
839	32
996	75
81	241
1917	443
1645	474
1663	1
3813	76
1231	68
1708	125
415	4
393	117
2087	56
489	117
1154	207
878	90
342	42
983	61
4160	74
91	57
1529	170
420	9
2084	267
2469	15
808	276
506	14
1348	46
2572	41
1014	4
3272	289
3239	170
552	50
2878	189
946	87
2337	21
409	16
907	43
2649	292
181	78
248	306
1263	121
372	1
394	45
201	134
413	22
1048	415
1274	59
1017	128
576	64
608	29
362	53
974	13
182	27
1907	70
371	225
119	24
599	54
956	10
378	3
1161	150
2570	41
318	140
618	230
1660	91
699	31
43	25
455	239
824	168
180	15
473	317
458	109
461	39
167	34
173	133
531	68
449	45
410	66
653	20
2141	249
638	41
344	9
1864	23
3705	2
2355	66
1545	57
161	58
1584	97
761	20
314	96
302	15
111	31
1539	431
1620	194
500	29
435	13
1748	141
985	43
3835	237
141	50
546	90
973	271
1325	35
865	208
84	105
939	137
787	36
195	171
1459	119
1837	13
4848	162
912	33
232	25
507	18
1640	29
562	163
121	28
939	16
964	312
656	203
1740	267
80	31
1100	110
973	14
1947	164
1261	117
379	48
2555	8
1072	45
613	39
4828	1
2522	50
539	42
2001	279
302	78
562	83
2251	91
884	153
813	35
1210	299
585	106
337	115
2536	60
1002	53
409	36
229	31
754	144
320	74
1410	54
4240	31
2720	60
1498	39
850	7
381	53
258	35
652	18
709	370
603	174
643	116
191	4
1237	50
1050	119
1873	29
1705	85
3222	6
537	38
405	31
623	27
2266	15
104	25
498	20
1671	6
70	9
797	100
488	107
591	69
4157	19
200	47
872	34
858	31
1483	178
304	55
377	6
1113	52
170	79
1049	31
139	43
1386	128
328	131
935	155
1929	89
1308	68
109	87
1907	200
365	172
811	398
2949	43
619	204
620	28
372	27
1721	187
120	2
431	110
1182	306
577	25
620	136
843	41
1910	12
1153	8
1479	134
2176	312
2841	113
348	95
2560	119
1771	172
74	25
582	129
164	302
2326	38
118	114
2133	11
878	106
515	400
4253	92
229	207
257	94
964	125
1228	85
216	122
1630	37
323	106
518	4
1185	64
400	56
263	191
75	107
694	44
1390	74
1217	160
188	35
421	207
399	113
3397	51
2000	119
234	98
391	189
3603	27
382	67
1873	105
810	135
833	61
408	25
2656	3
475	396
85	56
991	288
923	18
2373	49
766	52
950	287
951	24
441	145
317	81
906	15
139	79
2117	44
66	17
561	11
1243	129
3212	28
2017	93
123	34
800	75
459	107
2793	49
2290	11
892	13
83	292
528	56
157	191
433	88
1219	96
272	133
807	3
1075	6
1230	99
348	65
510	19
434	52
1854	36
151	36
481	42
116	1
238	19
81	14
795	122
1227	58
1888	1
1773	161
1263	28
407	81
2726	69
935	107
534	354
535	85
782	50
2288	109
729	318
256	84
824	34
124	80
230	7
611	43
1475	176
164	111
2237	110
570	41
1349	58
2364	105
1492	12
1928	37
676	492
168	434
346	247
805	9
2542	343
1254	33
2069	27
147	46
148	114
1271	136
836	287
990	160
961	29
3364	25
280	23
666	96
1015	48
730	209
584	272
976	3
2503	60
1039	240
492	143
3621	22
834	128
144	101
734	66
847	105
931	45
3156	4
1849	189
1960	54
456	25
1965	232
1265	93
1938	174
126	27
1440	90
1508	94
244	32
1605	15
1045	80
1639	43
488	2
2467	65
214	21
124	29
2601	81
39	54
107	194
2013	66
388	83
1199	165
434	53
450	100
400	71
3435	7
289	69
441	271
1097	67
779	4
834	60
3959	19
359	46
4206	64
224	160
178	61
838	63
425	130
1371	711
219	194
1054	31
494	69
980	286
737	101
511	24
1273	12
998	199
1171	121
3032	81
185	24
375	8
2003	24
1124	436
1504	43
74	24
103	14
512	305
2431	27
837	72
552	29
3630	16
1395	39
242	63
620	130
120	14
562	51
208	9
1565	388
399	126
510	25
823	171
309	13
265	9
474	130
810	60
280	12
52	50
928	133
109	17
290	473
415	124
2272	19
573	124
2596	59
683	30
709	13
575	21
585	117
1337	104
569	55
402	30
1749	79
111	21
963	196
320	102
1901	27
601	20
1636	26
235	69
3401	1
213	7
1620	58
1638	8
669	66
716	204
266	92
454	72
424	182
284	373
1983	88
447	53
498	44
487	418
1400	170
1258	244
2518	163
558	3
410	2
743	68
468	22
835	31
1247	172
611	82
407	53
62	185
402	110
1083	94
713	91
509	28
753	117
2092	82
2443	106
689	126
536	58
1713	169
174	10
237	50
652	106
152	53
163	76
1055	53
1113	141
2953	145
1904	5
510	93
653	39
802	14
442	1
1680	43
280	163
1606	13
643	283
140	147
420	27
31	62
965	402
282	196
469	37
1264	265
673	4
439	36
244	61
1399	170
3481	74
1771	4
3320	29
497	43
569	115
1043	431
547	92
1594	76
916	231
395	31
1255	80
578	175
191	4
2095	25
587	217
1248	12
2948	131
973	102
2050	4
643	92
584	55
90	139
761	132
323	17
935	30
937	29
670	13
1645	120
179	25
1066	89
1279	53
554	59
2927	49
2747	49
276	28
821	82
585	307
3492	207
170	48
1228	37
602	54
257	124
218	128
542	13
71	7
365	96
609	64
350	25
223	51
2732	16
133	151
1623	1
1830	73
2029	121
566	166
2558	222
1516	77
281	95
336	41
280	4
396	26
975	20
1005	29
240	44
2289	146
1403	57
1305	17
480	253
920	70
68	64
211	223
1168	270
207	57
906	110
855	293
701	10
3177	72
946	47
1664	21
1110	36
981	4
156	58
364	645
2107	19
1414	137
397	52
207	79
1928	48
362	93
170	34
172	216
2170	12
693	64
747	157
1243	3
310	13
168	108
190	13
790	167
1331	97
1803	169
400	46
653	256
1957	143
820	116
955	90
252	165
972	190
376	8
655	29
2587	78
2543	26
464	35
249	80
511	144
923	6
1096	61
57	74
270	56
836	144
1444	32
671	7
929	49
851	42
436	40
85	164
1320	63
1454	136
235	19
518	197
258	46
89	54
220	110
206	47
3555	115
49	55
280	119
667	28
911	15
253	53
3607	76
2361	32
3718	64
1223	199
1149	333
2726	9
183	414
998	151
1666	12
1642	77
674	74
152	61
1212	224
672	178
201	139
957	98
1340	36
38	133
312	187
748	61
1017	142
2880	340
1110	117
307	68
567	192
1419	113
2794	100
1419	165
1123	21
488	106
2000	330
2862	4
814	128
1456	328
2955	77
554	39
58	3
1196	258
1412	96
2287	223
445	69
411	217
439	11
528	31
446	331
128	6
122	126
1230	7
448	39
2757	63
831	28
1047	68
1286	132
361	25
889	112
1628	210
1986	43
223	7
94	8
281	188
2418	4
4667	113
278	167
566	60
183	106
1352	164
1831	121
573	90
1166	81
404	145
4607	4
1809	236
1437	351
902	40
1401	31
1668	264
511	13
3183	176
282	62
1515	495
246	43
609	25
331	67
609	8
147	77
281	87
1235	74
2651	86
124	110
1053	400
2131	64
1087	67
821	21
1250	121
1966	164
730	228
658	141
604	5
1707	133
69	130
581	129
1513	118
3176	62
827	214
1150	70
985	35
5597	154
92	184
937	88
418	90
1049	51
3202	5
137	5
369	59
610	140
462	50
774	41
1263	252
206	133
1404	24
3162	153
176	168
647	38
1778	58
2264	157
437	8
1550	29
3601	97
149	233
1826	8
1190	71
114	46
266	64
355	41
2036	123
669	89
1788	9
1440	2
2230	5
1529	108
202	141
1485	82
385	101
3218	97
1105	89
635	42
311	19
141	170
1031	7
424	180
713	153
2535	129
1192	30
2878	78
126	343
851	74
2712	22
609	115
489	49
1529	5
198	14
925	14
1727	51
416	126
73	22
190	76
484	10
1296	159
728	19
350	69
45	85
251	182
116	145
115	33
325	15
1319	28
851	65
588	159
1108	83
1376	38
293	170
1737	6
324	214
499	114
2143	19
284	52
1119	314
148	41
3220	46
159	82
1353	37
1923	678
188	3
697	204
2211	19
3768	2
1461	142
512	129
569	39
274	22
157	663
1728	27
5732	192
186	111
245	8
1217	63
208	184
971	31
715	108
1531	120
505	75
506	18
142	188
339	2
1006	108
213	30
5336	252
243	459
170	200
520	49
926	81
1886	136
246	9
874	4
2131	21
1437	15
552	33
1748	35
301	136
603	62
2489	48
382	100
141	128
1557	165
763	297
803	212
298	104
941	102
202	64
831	60
732	4
1003	86
979	313
433	152
2386	96
937	42
669	145
1659	65
491	638
111	53
383	95
1468	51
282	28
197	19
1114	74
3546	50
1756	32
1075	82
209	32
1733	135
556	11
850	67
2866	124
790	107
1420	155
469	2
495	20
3457	74
493	235
687	151
2393	33
2200	434
797	5
948	75
484	97
948	98
334	92
1025	47
77	52
1008	11
174	101
181	16
2296	62
490	83
222	12
1229	78
596	286
628	7
1125	3
855	162
384	20
326	8
436	90
487	237
4050	15
1896	102
1725	103
1047	10
269	395
345	40
688	80
1249	57
2222	180
872	259
1430	20
496	245
240	58
1014	317
151	74
1168	5
482	17
180	208
993	52
603	23
1730	33
2941	137
194	15
1747	56
155	113
620	3
410	116
807	286
259	106
1219	53
299	200
240	23
270	4
1408	46
546	5
1515	80
1425	78
1939	10
2525	104
532	231
1764	72
172	116
736	41
1842	204
3924	65
307	245
103	222
230	40
1222	316
1744	147
662	2
513	51
90	18
579	46
1229	72
740	67
591	66
162	12
529	77
1247	145
1972	267
449	90
359	85
1119	81
1415	10
412	42
690	105
968	16
183	84
1919	112
433	145
855	4
1141	26
257	145
577	88
5221	152
1845	4
4733	8
2162	18
343	21
383	136
309	65
2567	84
234	63
400	285
99	12
1077	185
252	207
727	118
1114	8
290	119
1429	181
738	54
600	17
533	4
2271	66
1086	16
2694	41
1921	7
612	158
128	99
345	95
69	166
2316	70
192	22
90	1
602	47
1035	128
125	49
100	155
797	5
4661	149
287	77
3504	163
563	514
741	511
874	40
288	66
747	63
129	63
719	311
801	134
1008	17
135	7
191	50
157	51
863	29
577	61
325	31
3746	85
236	96
3806	33
960	159
923	37
514	49
734	57
698	19
923	391
1246	41
615	89
128	101
2433	127
2287	122
522	440
1065	46
420	9
1573	283
3111	37
601	90
271	297
327	164
513	122
2585	20
365	17
1104	29
101	118
842	129
277	46
2330	275
75	5
1152	4
3425	70
525	123
1643	49
607	3
1560	53
952	152
102	365
1359	22
418	171
619	226
1013	262
728	291
381	114
642	92
321	78
222	46
871	62
1087	51
647	125
457	79
581	16
293	12
576	37
185	21
336	143
4893	18
1553	28
634	123
172	74
1395	329
726	131
101	2
3282	23
2332	15
508	52
3919	126
1179	276
107	38
1000	8
609	262
211	228
216	11
2917	5
1844	64
144	25
1363	79
722	119
787	14
1040	114
751	28
386	14
2920	24
413	89
377	244
1033	89
234	111
1092	59
472	48
1795	1
1301	313
1051	47
1743	69
336	12
118	34
3044	42
2612	50
993	75
77	150
1222	374
1452	211
2978	150
256	137
281	78
1430	75
2268	159
833	78
836	30
592	6
1049	104
949	51
202	26
1510	26
1436	11
639	23
1205	47
1618	83
666	227
1738	72
3130	42
584	3
349	42
1119	178
208	84
721	83
1512	17
1505	3
404	81
1961	71
635	57
998	289
118	77
184	38
1834	122
193	99
859	33
1355	39
2460	44
1371	61
489	12
59	114
1771	237
186	44
980	5
1639	16
2954	45
297	77
1081	317
526	235
475	7
832	74
773	114
1060	19
3558	90
1936	231
1249	58
1120	22
78	2
1394	376
86	105
89	26
258	26
2323	124
1031	6
1070	1
351	11
573	87
550	92
2063	31
658	87
668	216
1111	70
279	4
650	211
171	117
267	87
1064	55
1222	134
453	9
1456	61
1306	83
118	89
491	73
192	48
225	21
102	209
1608	388
6100	48
757	144
1189	51
1711	124
402	178
1313	8
2306	365
370	144
315	186
2598	97
264	44
512	82
1156	387
381	153
576	50
349	58
1128	127
121	97
856	154
290	82
297	26
801	236
2136	32
261	92
158	168
1600	321
462	43
275	261
696	176
185	107
2044	35
253	214
1231	255
1204	246
2109	96
2470	154
1380	13
1348	287
107	91
1719	283
4840	243
310	28
469	5
411	30
1372	39
568	8
1252	247
1155	108
3179	8
1576	12
446	38
489	17
149	234
1171	324
277	14
526	127
300	59
262	257
1242	38
1588	129
91	43
322	177
393	2
1516	215
870	353
628	59
705	9
468	74
80	18
1617	150
518	82
626	127
213	44
594	271
1015	128
2396	105
1885	72
206	24
2044	32
175	164
499	6
1298	178
4165	282
410	66
63	6
2522	254
1612	292
1332	59
1290	90
461	61
4773	51
181	164
167	174
1105	71
1879	3
190	36
673	139
1637	68
956	46
496	172
218	70
273	39
160	119
1062	26
1825	135
841	94
1483	2
961	272
1065	178
1821	35
919	36
710	12
300	158
1305	50
800	61
5332	106
1304	61
1357	28
518	119
850	35
449	8
357	30
1139	1
1540	157
204	97
2180	29
79	98
2138	209
302	3
878	164
821	4
1492	99
302	138
489	73
123	23
303	413
1003	57
493	101
109	25
235	66
1165	104
399	28
812	129
489	2
1208	26
2571	4
154	28
481	135
1289	38
871	41
749	61
2942	124
964	35
1763	104
1894	87
585	58
414	57
506	233
921	247
1490	9
159	56
1119	150
485	111
422	26
78	179
1195	43
649	74
105	72
2524	6
1384	68
473	157
207	196
244	9
323	63
541	159
1117	50
1583	82
256	328
127	376
2045	45
618	6
2166	105
273	128
400	31
404	62
161	27
758	81
207	21
690	195
522	48
140	111
836	32
332	326
691	20
79	23
610	21
554	147
2500	138
282	305
1475	304
434	5
67	96
1469	33
1594	112
166	373
717	31
297	1
719	144
1059	8
641	248
4180	116
1314	71
1842	417
220	46
397	10
996	163
1117	71
2229	89
1146	169
1054	152
365	32
206	76
1981	122
230	204
3062	48
2312	38
1285	10
215	39
281	169
466	33
1758	7
1011	179
3458	145
738	74
1202	161
1259	87
1364	38
3291	46
2320	55
99	36
164	152
221	7
346	46
3005	68
35	35
1035	141
2966	346
786	113
81	91
570	178
889	88
1002	2
907	89
186	32
523	238
85	98
1124	269
2000	86
551	3
1696	183
2194	1
1218	59
3016	247
3816	86
1416	1
1149	83
914	12
544	74
1336	74
451	61
547	152
843	87
701	22
836	48
185	18
1640	287
520	4
1570	18
113	42
537	282
154	18
96	23
1919	47
2740	77
851	85
297	7
417	23
2676	275
2247	45
2746	37
455	120
2303	120
1157	172
1941	181
1187	82
514	6
340	43
275	13
1853	227
971	112
89	11
1132	22
692	177
381	61
1541	82
912	67
445	104
388	104
1013	12
147	339
1485	45
305	172
4083	54
169	130
418	261
875	109
1571	19
1032	125
336	1
176	132
2568	43
1054	12
1329	12
338	58
2315	572
621	101
1376	46
391	35
407	30
452	261
1261	392
843	14
263	179
411	95
1123	80
128	56
1162	9
886	30
768	128
740	66
2507	141
623	39
132	21
1275	118
955	18
2887	126
53	299
622	212
664	85
586	46
1301	60
147	42
743	14
485	104
372	143
1072	44
300	29
99	96
1096	258
418	15
2029	62
392	98
462	432
2166	46
1558	119
942	39
786	136
1501	46
287	22
1855	8
4595	8
1257	270
1582	68
693	74
3730	8
897	32
1097	32
432	20
647	17
691	4
1191	38
1614	89
267	24
1413	78
1825	86
732	110
2033	34
2535	49
85	160
818	8
1020	55
790	77
496	8
573	198
843	320
1381	109
3472	17
157	5
300	31
414	41
220	8
2119	263
2248	261
1793	27
3999	9
1124	50
313	149
1624	25
200	176
249	64
1401	81
347	59
1463	70
3403	183
4044	68
238	1
233	37
615	18
2872	40
1774	151
374	216
329	32
3600	32
747	18
91	68
1540	77
2641	63
160	31
306	44
238	5
116	55
1599	119
221	84
1922	69
419	435
242	54
488	1
378	7
1006	3
1439	85
855	65
319	101
933	139
813	30
279	1
2814	28
157	14
3797	34
4502	37
447	41
326	39
619	28
1334	192
703	21
547	90
130	59
116	68
2419	36
1058	72
714	155
223	107
550	26
739	152
2568	14
492	73
789	12
1992	19
945	103
2227	45
609	39
158	30
369	64
679	111
1817	255
501	5
2205	32
2375	118
403	36
974	197
2378	187
925	10
2570	188
2432	31
3245	5
123	9
294	4
1054	97
1729	12
957	57
254	80
1205	93
846	59
1497	167
664	117
252	160
255	112
597	7
741	108
1011	53
1417	149
1627	76
708	69
2135	118
889	134
188	127
485	209
489	11
624	72
681	32
180	56
964	347
436	19
1035	14
835	113
3661	21
682	46
3427	41
1118	61
1692	296
987	158
201	106
3206	43
994	49
182	64
212	90
242	23
346	103
403	44
1090	390
2214	80
293	34
619	47
2154	70
214	22
654	86
197	210
4196	42
326	11
5241	9
1340	20
547	62
2522	12
398	6
764	51
164	52
1183	26
306	182
4854	50
624	194
1478	39
1091	11
299	68
375	35
1231	71
2552	215
956	56
394	154
137	32
228	95
486	116
1143	12
1894	80
861	6
351	34
1012	139
944	63
279	155
138	104
368	95
754	80
1637	99
649	45
3181	251
254	166
800	190
722	23
2018	41
2082	36
2187	54
670	76
1676	172
239	196
548	9
2521	16
446	212
508	29
537	60
1875	194
292	161
245	63
1289	11
1235	255
84	42
612	373
1493	188
999	166
640	10
565	106
190	170
1577	261
1534	1
1853	18
275	52
1018	3
564	544
321	105
1074	14
1752	49
875	25
4819	69
373	1
396	50
823	269
469	25
370	50
1438	138
615	145
1422	52
3947	65
805	120
996	29
528	10
834	83
194	161
386	35
439	6
1202	58
1988	73
143	18
270	62
732	171
130	72
291	222
1248	65
2495	100
847	68
56	13
3066	301
305	7
668	182
1628	44
2920	87
1284	56
495	194
1208	124
1359	112
187	263
3855	49
533	349
427	15
440	89
1043	67
1425	142
759	34
2854	78
3118	9
91	78
710	216
510	28
910	10
898	242
356	169
909	21
440	39
873	268
566	286
1475	77
289	32
670	260
1006	70
1748	40
4140	20
4363	6
641	223
1157	61
1731	39
375	50
3227	33
563	14
1407	45
93	124
1895	11
2530	15
1092	117
1240	12
3357	118
2414	434
295	67
4092	103
644	32
328	23
2982	14
6139	131
257	46
1586	248
80	172
1870	92
530	47
2917	77
470	44
3449	88
1944	1
331	326
1187	228
357	3
2001	22
71	84
251	56
330	6
489	62
657	160
874	162
606	56
2445	46
4462	97
940	7
776	242
1950	28
521	4
317	75
3229	145
301	14
2715	12
1482	33
2406	219
3533	103
1691	101
1370	90
2098	103
877	53
1143	26
144	41
101	73
124	120
794	224
1072	256
1452	161
1399	160
179	118
1017	94
1539	34
1011	8
5633	288
849	66
760	131
2385	38
218	4
835	67
709	131
1463	101
99	45
1878	89
2568	171
1547	189
64	1
2826	89
986	73
380	43
1753	521
1431	8
343	68
160	181
799	88
718	159
555	59
1437	32
962	145
97	40
3590	9
485	30
70	95
739	84
158	82
613	8
6308	6
786	37
115	11
522	77
2301	4
651	8
79	29
4383	171
178	182
1396	16
2151	11
463	55
724	10
1269	20
405	77
792	6
2480	58
2523	25
581	2
157	32
207	105
2079	190
1309	21
290	229
664	36
343	81
155	28
1142	80
342	11
420	34
69	106
616	256
378	47
751	24
1502	40
1691	29
432	62
146	34
1859	107
355	117
1003	227
413	75
1254	126
1194	130
268	86
610	901
270	4
1066	107
858	125
1938	202
1145	84
706	69
483	56
132	56
339	247
375	76
833	74
662	68
2042	57
1256	107
2574	13
447	15
1951	30
1794	144
241	46
1178	245
2274	69
1373	128
468	22
655	102
276	221
103	220
805	11
1901	246
485	213
229	8
305	104
2203	13
1508	11
175	21
2615	78
585	154
2227	41
1886	2
1002	388
163	4
1296	35
261	259
377	9
200	143
2902	1
78	17
732	93
459	59
502	141
1039	21
644	70
1293	75
598	16
1111	90
435	1
2185	327
1080	29
3872	22
567	17
1242	15
763	18
1141	101
890	121
2847	15
89	42
260	95
666	270
209	116
194	7
2229	27
142	34
946	167
1964	69
369	10
239	13
1162	6
1906	249
90	52
95	45
320	18
1190	101
1188	290
843	112
479	109
1911	19
865	82
896	183
824	174
215	59
175	195
444	54
1709	902
238	42
945	1
551	256
2140	27
2467	79
641	68
1474	51
1613	23
367	62
679	145
1715	299
2543	1
386	128
539	77
353	206
366	36
439	142
1633	71
767	15
4488	7
680	78
850	266
379	21
1410	152
1778	145
2371	20
386	164
1998	18
1246	93
867	127
2433	51
274	119
255	23
2319	171
625	94
1224	135
1276	1
179	58
553	126
1121	93
512	64
208	330
1232	175
2469	168
692	82
304	18
253	16
500	59
2850	18
3488	36
1889	188
1912	189
410	84
751	5
1866	61
218	25
828	214
507	40
177	90
664	144
7489	58
1030	90
620	41
140	93
272	58
1001	25
120	148
317	2
498	300
568	9
222	216
1883	9
1681	235
151	40
212	46
609	108
82	185
2150	75
791	300
1779	63
479	147
984	167
81	144
260	25
941	207
1930	115
224	16
254	58
1281	13
814	15
563	10
779	9
1232	50
118	28
381	152
1637	6
726	137
156	138
534	55
105	32
838	416
115	13
312	116
422	1
1610	87
1596	57
168	63
1153	128
312	134
661	167
502	209
1978	49
944	27
710	145
2677	20
1430	17
206	47
72	274
1005	19
196	41
627	133
592	47
338	120
1082	252
664	242
500	76
903	2
313	12
2069	37
527	2
282	270
306	80
741	23
3709	79
956	60
194	53
3665	29
505	103
1334	134
648	130
305	39
659	140
1718	146
277	60
1629	72
236	11
1258	177
683	72
1146	32
3917	54
317	142
516	101
144	128
2572	84
1166	181
620	58
547	66
1729	79
299	59
1764	13
1128	11
296	29
1716	108
325	132
608	230
462	166
612	32
1165	186
528	118
127	106
122	20
4722	124
253	221
2139	39
1004	26
1375	114
759	191
92	42
327	127
259	34
133	330
682	157
136	359
383	2
822	65
1110	317
2692	306
1859	24
1000	75
120	56
1535	231
189	36
4239	29
95	79
764	19
653	132
1365	97
364	253
2438	34
511	45
2416	63
1440	67
205	5
684	86
1634	30
337	43
2972	278
572	95
543	188
401	230
446	44
1124	154
132	102
1546	14
939	56
212	186
264	90
355	7
1417	119
220	104
2007	58
368	200
557	115
232	46
2521	76
2123	59
211	14
71	14
1190	6
437	152
1004	4
229	81
880	56
105	190
1651	161
529	16
1030	192
250	203
1145	55
167	205
2895	193
970	126
221	4
496	304
158	232
99	34
890	16
621	3
1427	36
84	32
462	69
125	32
256	99
471	138
1276	49
115	135
229	6
1535	379
322	80
1243	48
323	37
890	1
299	110
1623	32
1484	243
1651	53
65	22
75	338
999	77
772	87
4504	75
242	25
400	28
673	11
2983	71
447	46
186	117
74	66
310	51
443	54
308	21
4128	115
1016	10
351	262
228	12
3736	2
652	92
1765	65
1719	24
715	70
260	227
846	35
85	164
456	33
147	35
971	7
1133	15
317	122
731	94
2142	46
788	4
541	284
144	124
408	70
729	108
509	10
2607	143
149	26
1353	203
331	96
1558	121
1121	228
1272	144
2442	35
459	56
439	14
1510	383
2672	56
448	109
1623	29
547	101
676	72
335	1
296	52
859	4
1487	196
1039	23
1595	320
1118	11
1525	123
702	56
1478	179
1792	57
312	186
2288	16
104	88
751	52
498	26
4298	128
243	23
951	115
679	21
1056	176
443	175
1627	42
2638	47
441	142
64	60
664	169
1679	233
3024	59
152	65
1927	238
2213	144
1513	155
85	195
516	33
2065	64
743	33
1353	86
2846	426
4204	178
1298	77
5809	76
769	72
2015	44
1525	116
1551	7
903	34
207	6
175	14
1093	91
4673	154
3463	246
597	46
1960	151
1853	106
3346	69
135	70
4854	27
901	8
709	87
910	22
1260	12
231	75
1138	271
962	142
2716	159
2785	376
75	124
600	11
408	138
1738	2
267	244
2539	31
260	157
359	35
809	93
1630	46
2376	51
3677	20
231	30
1142	8
351	175
1538	14
517	23
2829	42
84	7
874	14
1555	55
505	22
1076	73
686	30
1605	9
776	57
549	172
399	53
1302	38
882	38
1082	17
572	123
3390	20
566	36
861	29
996	47
715	288
1712	9
813	178
254	43
2713	207
254	117
800	49
162	67
673	61
1364	466
108	292
2065	56
2478	116
233	210
171	77
185	19
242	36
1407	163
468	164
761	20
752	76
59	136
1898	1
2382	215
1763	64
121	25
1160	38
196	5
518	343
271	345
368	38
1796	46
398	348
289	33
1143	43
1981	232
91	38
449	73
1653	42
439	54
199	40
4002	18
2853	24
1186	258
580	3
298	95
2860	243
650	16
251	103
360	18
1561	35
1401	41
489	113
675	458
1485	55
385	295
589	29
2939	15
224	126
193	2
1205	56
2190	54
457	37
181	193
919	29
885	75
94	15
2696	221
530	13
685	120
231	200
611	51
121	34
3210	7
771	7
296	38
141	200
1267	50
1157	277
2264	19
1204	11
100	8
99	145
602	144
263	38
1852	70
761	172
1709	43
516	89
937	540
693	57
558	23
167	46
256	44
436	216
245	165
130	7
388	196
303	70
681	174
598	71
252	148
3457	199
1898	135
104	149
105	14
350	83
181	158
668	27
61	353
2603	252
3048	72
832	54
639	39
352	94
516	203
1475	188
630	7
245	19
674	103
2657	143
1809	53
2915	14
1323	61
253	42
297	33
1244	285
554	49
189	28
382	38
408	83
1888	72
113	19
320	99
1163	15
312	260
95	47
97	44
1915	25
1229	7
191	589
417	107
2674	276
95	182
405	65
60	53
586	142
1325	52
746	16
531	18
226	12
420	239
52	81
271	177
1852	91
1344	167
179	78
903	114
1151	41
188	123
727	135
783	230
1726	66
131	124
117	10
1036	21
511	116
376	144
217	248
1155	190
158	9
1998	119
4640	19
560	34
459	9
1537	10
4525	14
122	61
237	71
226	33
1453	16
1513	44
1361	114
1449	441
441	40
960	249
701	74
1099	243
124	36
322	109
3685	313
1889	111
305	81
304	111
97	153
1285	44
855	116
58	81
339	33
893	91
196	51
66	13
135	43
2236	9
2099	134
519	374
290	73
504	414
2218	116
694	45
148	13
420	47
1639	32
640	71
252	82
189	56
367	15
713	29
91	26
2287	70
774	291
307	24
1425	333
831	111
967	70
3505	78
1776	246
115	416
128	218
752	79
778	96
229	74
143	365
1536	85
732	356
1796	390
93	80
1251	11
168	148
390	88
3129	29
1175	320
648	49
1257	38
868	297
461	90
1500	70
480	3
723	5
1645	101
1738	6
1292	307
657	173
2879	39
2543	2
1207	87
120	54
2889	2
1267	7
329	8
421	190
672	74
10721	58
954	10
94	14
1089	13
160	121
864	15
1266	53
2749	104
212	83
1293	13
1583	47
487	182
916	54
259	184
1441	87
1569	421
1666	134
739	49
1654	10
369	37
1292	54
429	71
1845	23
1562	99
525	23
230	55
312	48
1765	77
402	26
479	42
710	25
832	125
3047	941
1400	58
2165	74
1942	211
1201	59
313	161
2621	69
307	29
1086	100
465	47
345	29
2024	250
434	109
841	110
1537	39
584	90
399	79
1239	76
365	91
2140	21
815	88
417	8
1417	89
1408	47
576	3
192	5
114	134
356	104
1529	7
1179	895
300	83
236	34
553	150
203	174
884	48
1740	205
2533	24
3969	17
1449	76
1544	33
388	83
847	165
77	50
1179	112
1120	29
2180	5
2152	188
113	30
2764	182
609	99
2472	7
902	109
1267	55
409	64
2427	44
1626	47
425	22
936	64
1019	169
810	74
1911	322
1242	123
433	5
917	71
747	340
2305	79
544	14
1017	120
108	30
391	37
2892	52
228	39
1680	172
1612	113
1469	368
1889	182
446	1
5908	5
795	46
605	63
3696	61
335	9
435	12
143	387
382	18
399	254
1033	55
3199	233
1507	95
2922	65
2193	141
231	1
114	105
285	226
642	61
229	99
2424	227
124	109
140	3
636	18
2993	254
277	24
302	212
1579	32
220	5
2358	21
161	20
296	3
162	180
710	89
1266	62
1691	158
2132	419
1411	105
356	514
490	129
578	281
309	75
82	130
3561	106
309	212
1748	25
1212	90
1927	306
856	42
118	2
347	195
530	80
2628	151
2734	159
715	57
2609	125
710	33
157	571
931	35
200	60
229	86
2129	40
342	572
294	93
207	2
1349	142
622	306
1496	85
149	73
341	63
1260	101
595	59
1036	73
503	81
306	34
1286	62
2139	72
805	293
284	36
1577	185
92	319
339	167
1603	2
137	168
80	72
165	29
103	213
289	114
408	63
95	283
1894	102
774	145
1287	51
4455	164
333	116
385	23
2380	62
961	11
1160	133
826	402
3306	139
2669	234
159	2
1501	28
2301	23
2314	78
524	135
2595	18
1409	23
2438	31
663	189
542	57
918	120
2389	1
2142	129
1841	276
1076	27
123	227
1340	301
685	6
1845	112
2612	74
484	125
322	8
1741	33
648	68
324	144
1933	17
1444	65
630	82
1599	105
907	167
1618	2
1764	182
330	3
932	84
2138	4
1976	135
1592	48
89	56
810	56
332	203
5115	184
4053	130
1019	37
269	208
1412	53
2439	413
3888	125
1401	29
171	36
77	259
215	299
766	15
314	103
736	55
1299	88
544	61
737	82
686	251
377	190
415	99
1962	194
1159	74
1001	5
521	74
2581	51
839	187
477	197
133	1
498	7
354	74
3593	227
952	39
1784	149
1147	5
2821	1
1589	33
490	8
538	206
649	144
274	124
102	236
1040	27
833	124
243	87
1652	155
337	8
1186	93
5994	128
2783	195
1226	94
127	37
525	33
744	9
594	21
201	10
1841	30
281	60
488	15
309	83
55	167
326	153
986	10
457	216
2986	110
201	9
3241	50
1489	208
1636	91
799	18
1961	124
1499	280
404	260
5641	112
194	112
130	63
742	275
1271	88
1667	44
223	80
363	63
750	192
1619	11
280	43
621	71
1138	47
138	45
501	82
1403	54
4697	14
292	9
313	215
319	38
367	28
597	25
509	215
284	84
1452	97
535	34
1824	205
1050	116
1952	182
653	163
97	416
1013	49
1216	1
1016	153
1642	4
2595	143
3680	30
62	82
1547	20
145	18
1990	188
1777	20
1023	160
1254	24
411	47
415	210
1337	37
90	15
3258	222
1891	92
414	17
91	200
243	81
547	6
442	62
1279	56
527	50
1498	210
365	162
1922	56
342	5
205	13
773	81
284	41
263	4
764	54
6273	153
3410	50
420	7
169	2
1252	171
1028	309
425	20
659	253
614	53
550	121
361	2
829	26
803	245
417	74
310	92
2508	161
1700	122
617	95
301	10
731	30
763	42
378	2
350	3
268	16
98	30
164	108
356	46
3490	15
2455	1
698	88
371	6
908	12
1884	4
2426	13
2219	53
3797	17
4139	159
1976	66
349	11
157	35
272	116
2687	6
772	37
1554	34
231	82
1418	179
1251	14
884	59
2097	63
276	15
688	96
2532	120
144	29
2447	3
530	4
2557	30
238	195
745	113
4091	285
1559	101
526	5
831	304
267	40
2375	161
987	152
1110	4
400	11
427	19
508	125
971	47
395	10
591	31
749	25
1924	168
791	6
46	55
702	81
164	87
321	67
239	44
447	125
725	208
482	11
189	57
597	143
2776	154
2038	99
5381	47
1093	162
459	16
119	75
654	62
1016	74
388	77
2664	21
584	84
1283	77
1056	56
382	19
431	126
882	408
1310	244
246	12
698	120
716	30
2096	4
8063	188
886	60
123	242
88	264
793	2
113	209
1816	43
3172	44
541	469
2089	270
2699	156
359	116
227	14
3322	99
739	16
876	215
382	16
1076	7
393	184
760	211
1649	2
208	223
254	204
155	2
3467	203
1322	120
1373	52
729	1
297	31
241	12
1356	141
1261	184
1220	28
140	162
312	122
1403	20
184	213
1453	181
164	58
235	113
414	141
1668	311
57	395
163	50
98	56
737	298
940	104
1775	15
3157	14
1119	216
255	7
560	145
1022	13
64	140
509	250
455	203
711	484
913	63
684	255
373	222
1278	2
1285	48
94	116
315	140
1716	71
43	8
73	59
791	420
260	44
1238	69
1119	76
2237	89
662	31
2891	84
1325	23
172	205
746	108
431	5
978	86
3161	93
2878	22
545	24
307	203
1794	112
1032	34
2670	169
712	5
1649	123
800	8
1148	180
225	136
91	17
1488	162
387	170
1928	156
740	74
105	12
342	47
740	187
432	56
757	93
269	37
459	226
430	30
811	38
287	37
1599	63
1514	51
2110	250
2042	49
1185	21
2251	15
1655	89
1513	8
140	65
88	56
2188	84
222	71
1028	376
546	87
1545	47
425	76
2852	18
1909	4
58	49
551	14
1459	63
860	77
1095	39
188	133
1213	45
333	45
72	153
732	131
178	22
3079	4
910	60
1484	24
2613	299
3014	231
1586	10
1762	18
555	26
1303	68
330	64
271	73
743	24
586	61
1237	59
2107	111
178	223
780	1
732	236
4477	6
948	91
2612	25
359	98
874	18
775	24
1431	4
255	224
1232	96
61	140
2826	42
1126	89
507	25
1330	158
304	21
287	27
71	119
620	151
840	10
2243	61
1210	18
2210	79
503	215
1715	58
273	25
121	3
786	49
1333	59
1650	46
282	25
296	7
458	40
1575	21
691	23
436	55
735	43
3019	74
219	67
5377	86
214	69
737	56
289	2
1831	344
1552	91
1265	53
941	55
86	133
1380	50
210	217
1428	62
493	114
646	82
456	169
1031	28
220	101
2755	88
614	194
70	179
2235	3
1251	3
2445	86
1630	42
332	14
494	49
2446	108
1154	32
2294	82
1404	68
588	89
766	253
307	163
2751	193
515	43
1013	30
940	18
294	28
391	2
698	309
861	377
1313	79
2092	24
550	6
480	56
627	14
470	88
952	34
2476	225
1146	88
678	69
482	186
190	200
1570	200
463	28
406	18
1203	525
697	121
892	71
1278	67
431	6
549	45
1167	140
1019	156
846	117
764	31
1546	21
1475	5
1599	22
78	16
323	31
488	229
1096	446
552	178
2193	143
902	231
413	174
636	9
846	36
786	79
328	83
743	24
565	67
1825	230
532	28
1455	38
147	115
794	195
2389	47
1149	15
5563	47
264	4
578	19
549	360
717	80
2282	16
3345	3
356	77
698	126
516	160
828	74
2051	47
466	115
2746	4
3603	9
1102	105
795	169
1892	247
1528	23
408	73
296	113
1830	40
442	14
199	179
1204	80
3912	242
164	13
946	3
938	91
254	133
423	56
222	32
515	23
1977	30
787	126
546	46
391	202
105	2
61	115
163	207
780	32
1276	74
1067	88
701	15
1112	62
210	118
685	329
232	31
943	24
78	193
2949	155
1501	59
1258	48
542	83
585	40
3330	107
556	84
1154	6
195	189
1418	24
1665	12
1201	47
1250	74
273	28
759	27
1557	192
1473	51
711	60
1385	38
2323	74
1881	25
328	105
1644	116
198	6
1159	29
1947	258
578	4
2417	6
1825	2
1132	21
583	109
1664	50
3608	83
4401	437
543	1
1141	29
2371	8
4262	82
826	24
317	51
351	25
108	180
685	208
279	232
1003	55
653	207
717	79
1567	44
1757	44
572	356
848	14
2043	53
1222	41
806	43
804	200
74	85
603	7
400	23
130	37
2131	58
2168	55
602	115
2022	171
2368	241
1386	77
246	54
664	47
287	120
1484	22
882	48
553	47
231	42
538	80
2808	41
597	158
88	26
64	91
1678	49
118	10
97	21
1970	172
304	48
1836	72
620	54
152	133
690	68
423	27
446	47
650	180
2882	6
1232	37
2476	276
195	100
1653	279
1031	13
417	84
1453	65
178	215
106	6
1588	69
664	71
1970	69
711	276
1354	16
804	134
465	97
251	122
445	250
1377	60
776	12
540	30
906	110
2726	130
1439	2
707	230
782	125
1163	29
1721	69
115	106
2926	25
1976	50
1667	22
69	114
2142	12
1009	94
276	151
772	101
3203	549
859	162
119	11
1958	20
491	91
642	10
1059	126
1287	136
543	41
172	60
748	110
984	246
184	9
124	71
611	3
441	70
1493	32
1012	63
514	186
882	31
88	46
199	66
42	19
2413	86
677	146
2006	188
4400	155
666	136
700	85
744	670
385	44
616	74
238	130
1300	130
902	43
1260	31
372	28
1165	30
127	270
443	35
1542	140
1847	73
117	204
1198	51
1177	20
127	212
1527	33
151	52
100	42
115	32
113	52
1863	112
197	23
1698	166
757	8
970	73
307	39
3937	43
1140	67
387	159
449	47
1579	96
1089	160
649	4
1156	200
980	210
513	156
1084	146
782	107
2492	120
3338	2
1440	95
2959	117
2344	112
403	35
453	493
73	79
413	74
399	18
1010	198
2117	181
593	75
438	33
569	31
4666	30
114	64
122	24
1736	101
88	23
1239	155
3397	48
135	66
435	280
662	141
1087	110
495	101
710	29
552	224
988	211
2756	7
559	108
721	124
1238	46
1695	38
206	15
981	85
274	172
978	184
1684	199
402	34
895	132
2186	312
496	76
1650	57
1705	80
287	53
1448	4
1342	4
96	198
551	192
1704	223
268	159
716	11
1570	77
1018	81
676	14
2213	96
3984	85
484	408
432	4
259	114
630	61
347	10
183	43
2067	3
370	197
1191	34
712	57
569	111
2362	35
945	300
453	192
1494	21
874	7
565	148
4497	7
851	39
625	221
332	59
422	68
338	58
513	28
839	178
265	68
1656	187
88	57
313	18
848	129
523	51
196	136
466	66
272	61
520	53
1017	5
186	42
477	70
2966	100
161	14
363	101
2244	9
2578	423
1139	186
586	278
846	100
3889	7
57	39
610	438
44	74
1333	4
1906	65
1615	18
549	72
2079	336
668	53
162	27
286	108
1309	108
645	154
657	186
1262	36
238	32
577	151
1379	96
177	216
353	200
96	143
885	194
116	90
118	159
308	173
120	63
1584	25
1389	43
107	198
1300	10
94	88
1328	85
233	8
1039	32
209	98
786	64
838	89
594	120
5164	9
524	3
126	471
1148	95
206	112
343	152
1763	113
532	67
359	170
340	114
3773	168
2657	33
2820	84
517	59
1683	110
2455	95
805	127
2722	263
644	137
435	80
299	23
392	8
666	82
902	45
267	39
2228	202
946	53
2717	69
376	3
1330	234
1091	31
1501	6
698	2
654	40
3229	14
509	72
839	80
2224	577
924	2
93	139
1497	317
1826	36
1228	10
371	15
182	101
2836	175
1952	117
636	11
1291	6
941	14
349	127
1800	13
1480	65
508	36
990	15
1578	22
1292	86
443	205
570	96
1137	276
351	405
1306	528
809	28
780	153
3306	69
759	47
1401	79
158	30
2067	7
1247	26
459	61
280	5
88	21
909	66
829	219
1043	25
290	168
353	12
1770	8
601	354
1153	67
5911	42
692	2
777	140
595	10
1248	102
509	54
344	10
2621	160
783	61
1022	2
228	202
571	44
418	59
469	278
1062	12
655	31
1261	28
2106	106
1338	27
259	110
2052	61
353	216
2102	46
1816	52
739	5
1637	300
440	34
188	287
351	27
454	269
1056	206
1105	233
1791	9
2000	34
2940	56
98	337
1909	294
848	15
1769	107
637	3
165	60
947	84
677	104
154	37
669	94
552	53
1162	73
191	195
1514	36
1185	36
3579	73
792	69
364	98
868	104
1498	148
855	22
1873	80
819	30
657	203
1038	70
2543	100
1876	255
895	111
807	17
1765	57
1338	185
890	12
87	123
89	22
598	131
69	33
1211	60
989	1
629	14
182	370
3387	12
540	63
1517	23
79	38
62	5
1314	134
1047	170
92	37
1726	7
633	288
2736	11
1248	37
768	119
167	24
250	18
162	225
313	104
2171	169
211	75
1543	162
1044	21
1140	15
2332	64
3860	48
294	33
70	17
2308	9
139	75
448	11
618	105
317	27
1444	143
312	117
2237	22
1232	104
435	559
166	23
483	176
715	23
317	64
971	210
2903	17
877	87
1199	23
429	226
1774	257
1674	166
108	174
968	38
935	193
145	136
3267	151
361	71
453	166
395	153
1132	190
120	61
1582	5
2994	66
658	22
1765	81
2299	29
521	105
948	110
3031	278
2153	204
497	120
3263	330
94	40
232	296
411	151
393	19
4456	109
150	59
1012	236
3276	71
620	69
438	34
363	195
1119	16
223	18
1474	49
955	300
416	305
629	14
683	18
184	198
123	423
872	243
690	46
666	2
861	10
372	37
1446	14
1001	468
2196	212
508	50
2337	121
176	119
323	3
188	116
1094	137
983	122
204	5
2586	28
919	81
507	73
1987	124
112	13
324	76
270	95
4346	40
141	36
189	169
502	74
831	42
836	167
330	34
378	67
150	18
1209	81
1324	89
296	138
2567	194
234	90
2932	37
373	35
493	185
535	38
960	127
284	52
833	51
609	255
740	157
292	413
941	176
671	4
1486	85
465	4
157	120
5206	39
472	548
236	158
4130	24
2940	130
265	15
1794	77
6439	10
346	26
1233	198
132	42
771	360
207	54
679	111
236	330
1577	31
502	158
2307	18
679	104
3557	6
3372	92
305	151
1034	128
1106	225
232	89
1930	31
297	44
1621	118
519	160
604	77
281	57
3735	121
1527	9
1265	45
928	102
574	22
731	285
944	187
732	32
2183	34
124	69
469	73
188	42
1392	321
2262	199
439	138
1191	19
570	195
728	2
1763	14
1465	8
1021	74
291	416
279	29
750	21
218	14
572	59
214	20
1606	118
289	107
1049	315
438	56
819	32
247	141
1577	14
1215	284
754	206
125	209
136	85
1177	3
622	133
272	216
416	17
716	28
1277	34
401	92
568	55
961	51
116	6
2061	317
554	5
93	35
752	20
3506	79
427	244
922	89
401	107
788	89
2083	151
3516	4
2355	53
509	109
1282	32
559	29
430	96
1077	17
1096	108
949	214
1563	71
553	9
116	99
378	37
2163	82
475	121
2399	122
447	18
821	92
999	3
644	39
1571	40
1348	50
291	100
1185	3
307	126
305	228
523	147
2694	32
233	157
245	214
2559	150
269	11
332	196
166	154
861	452
516	10
1299	211
673	96
1809	6
132	60
114	32
411	11
608	39
1815	60
1703	59
976	199
502	71
428	176
1032	220
3184	21
236	22
241	14
316	35
113	114
141	158
1215	13
179	29
1126	52
478	22
315	240
997	8
88	68
2764	273
923	98
364	138
278	28
776	131
290	53
3081	290
1008	306
162	56
194	115
6675	9
301	132
974	43
308	101
504	104
388	14
448	24
2759	168
2114	30
800	40
869	178
2860	19
604	36
619	9
733	36
163	107
1863	78
72	73
1433	121
1622	12
1194	245
2525	128
907	80
162	68
1999	68
465	19
460	98
119	55
1227	62
772	22
892	288
790	34
338	114
703	28
871	163
430	16
416	36
500	27
494	11
534	4
461	157
505	22
290	30
1746	166
625	491
1984	130
3146	113
1005	10
259	70
1291	160
360	157
249	86
585	80
442	117
1712	16
377	84
717	128
500	151
472	69
237	139
1654	2
4393	37
5431	180
493	95
416	4
2076	40
1364	61
2015	155
216	34
2039	31
1354	11
739	76
240	77
686	12
132	76
1451	45
64	16
922	72
545	30
428	59
87	204
440	47
597	178
1115	55
592	162
1166	7
3445	31
1951	162
57	16
1148	189
100	98
453	245
571	44
449	65
1293	30
587	84
660	27
618	163
1603	39
2012	67
214	231
248	43
897	114
306	56
1668	178
2823	32
319	225
771	120
533	44
1020	19
196	10
1434	18
1130	114
486	45
1165	177
1719	69
436	340
931	8
760	11
1831	36
2197	102
82	397
1054	176
433	28
808	144
876	77
3591	71
177	13
1561	140
145	117
811	126
367	71
3990	96
512	12
689	14
457	1
1690	161
844	39
545	17
1966	78
873	102
570	273
2058	24
2155	73
690	46
522	3
264	141
82	46
980	205
647	55
1584	6
254	86
2589	249
657	2
67	1
60	203
496	9
1433	36
444	30
213	229
965	182
1466	19
1378	6
559	176
407	116
63	36
794	75
893	30
748	110
2277	62
414	96
3867	127
507	160
622	112
392	138
773	16
409	29
397	52
113	301
1093	9
1298	26
804	195
227	87
887	39
1116	18
524	43
3008	71
6339	52
273	152
1133	373
2700	2
712	75
1179	18
3389	54
1850	8
1378	143
1042	2
1534	147
3289	69
1088	26
4750	10
254	48
756	34
384	75
127	13
1033	5
521	30
2499	100
73	2
209	22
591	71
608	25
1596	257
448	110
759	149
1364	74
1801	33
1974	19
1774	31
230	21
660	55
759	84
1335	243
57	214
126	4
190	128
760	6
1227	44
969	184
986	41
1853	169
1281	34
1162	9
799	108
2067	52
226	15
1128	411
717	234
511	24
1563	83
424	31
181	55
73	33
1686	50
2037	4
1136	27
1073	156
3162	14
1466	13
184	63
374	2
1592	88
1218	84
1824	163
1173	118
156	34
146	37
2130	15
3362	73
181	219
519	173
1340	97
3062	332
479	74
1099	122
745	109
1537	572
286	5
2278	216
1391	42
155	11
865	175
1226	79
2861	217
269	253
177	33
584	79
178	66
434	24
395	113
724	8
249	127
1992	415
532	139
1103	66
5432	47
855	397
372	42
983	224
381	15
2170	284
1632	285
1988	123
400	81
792	195
469	145
310	290
1650	383
98	7
228	143
1067	28
313	37
282	113
1177	39
1030	13
80	43
117	28
299	109
90	60
169	430
1397	33
1077	95
1196	104
820	27
378	46
3802	9
305	27
691	34
948	56
283	18
2049	103
436	13
56	74
942	129
1706	91
878	65
2219	108
545	19
430	165
2397	120
2543	186
1417	74
1179	29
241	57
3901	221
898	12
1882	129
2110	157
643	37
1030	157
893	15
879	30
2648	67
317	31
156	9
1287	193
260	168
773	177
578	22
1105	8
1270	52
1621	1
657	39
976	71
816	295
705	134
903	39
1028	506
1417	9
3375	95
554	17
1359	46
159	60
316	23
391	7
731	70
370	61
118	3
3076	28
1309	114
639	202
824	99
2691	113
230	55
369	2
804	230
1610	6
2591	1
507	27
741	177
671	85
3962	120
49	8
767	33
173	100
177	66
602	78
395	55
330	373
2369	45
675	106
3056	22
1627	238
3820	67
1904	21
584	198
928	60
79	63
2144	27
736	190
136	97
920	334
976	185
448	7
3710	104
1672	33
698	46
2029	24
1595	3
3362	15
880	2
947	3
896	64
387	21
1003	51
3898	26
607	106
1107	117
1188	3
2182	5
1657	261
568	220
1132	62
4600	23
1216	17
421	62
711	88
2011	94
832	138
163	164
676	317
2964	71
466	125
1035	82
1578	242
463	157
1250	235
891	20
1406	25
211	30
161	20
673	61
408	187
1755	20
328	194
126	45
2607	75
456	279
533	28
276	241
1343	44
1052	65
2257	22
696	200
846	37
726	92
404	21
1586	88
3267	327
193	63
1528	14
413	341
414	33
2373	39
153	5
156	82
321	41
505	4
2258	104
287	75
126	185
591	95
967	347
198	12
388	17
428	32
81	11
1078	69
2123	7
488	4
1967	72
2714	56
1548	50
1031	72
1862	10
362	12
1311	188
803	76
1650	31
332	53
328	235
2891	8
630	11
404	56
1713	3
1680	30
237	194
576	75
903	59
288	111
683	188
329	172
1027	73
1912	250
1960	157
921	23
958	243
2490	57
502	69
969	48
1782	107
170	13
2587	46
979	392
2416	583
686	201
909	103
837	3
1095	160
246	16
2258	5
2016	9
177	120
116	60
1092	208
601	88
1986	9
1708	227
351	193
558	87
2075	264
1222	34
524	64
574	30
74	38
1273	12
161	89
480	7
424	470
1872	114
1398	246
384	130
1749	2
479	95
1344	294
613	65
816	47
2049	165
558	47
316	14
190	18
177	120
871	28
177	63
4910	34
2608	204
1056	70
1027	6
500	186
483	125
758	40
2511	46
1144	25
378	11
494	45
2483	45
178	100
187	259
1384	225
1598	2
1625	67
1852	137
1050	188
572	39
3474	78
5040	72
71	76
920	181
2174	53
1146	196
379	97
1995	6
3404	63
452	21
210	1
695	5
612	12
1834	23
538	58
1504	54
814	291
596	111
320	39
1426	46
848	3
1172	49
319	333
659	1
1447	3
321	80
81	56
1601	101
1326	4
572	63
1001	123
1501	21
453	88
972	74
1427	184
190	90
157	44
2315	55
2248	5
498	88
1666	166
225	194
2683	25
787	33
1015	422
428	28
648	53
1187	63
1571	139
249	44
817	355
1019	11
1039	12
3892	78
756	71
1153	25
395	168
1019	90
443	1
1066	72
279	14
1618	79
501	27
706	47
1228	96
389	121
1819	15
932	34
426	10
974	49
373	90
3877	94
3733	19
1801	61
1121	8
191	25
397	8
73	98
683	184
493	50
182	42
893	73
901	72
1092	136
487	9
916	41
196	119
170	36
506	96
557	61
1587	101
361	66
470	456
1993	69
1615	39
611	114
1205	10
1117	21
121	35
72	67
1268	33
959	22
644	30
161	39
1668	8
1972	113
1278	33
2483	46
288	151
5115	157
625	15
1775	100
2412	13
957	97
298	11
1731	75
816	10
2229	36
203	121
941	18
369	55
111	58
195	125
711	37
587	40
236	103
561	296
181	17
273	59
112	263
402	68
1945	110
79	103
149	6
587	94
220	101
218	27
2953	8
298	15
537	193
1103	97
237	156
630	97
590	6
615	52
475	94
2162	5
3329	62
273	179
1087	93
286	230
123	191
91	299
2003	141
1674	115
39	2
4093	98
426	36
3027	71
1184	91
1416	38
499	527
687	27
1505	100
378	155
668	117
492	122
884	215
2548	83
722	20
2141	50
138	20
166	202
1038	106
455	44
906	161
85	4
346	126
778	195
1120	227
734	229
203	328
1298	203
533	188
106	136
980	17
974	29
4244	3
3645	42
1724	69
157	57
147	62
1104	53
2089	9
2566	182
335	5
155	69
3014	149
1242	42
758	108
720	109
1158	18
2064	3
293	268
882	99
974	26
274	287
736	12
346	62
729	40
579	16
247	68
1418	112
2818	62
1721	9
268	112
717	3
461	35
1918	201
701	182
141	171
1005	22
595	47
226	49
929	91
136	11
369	45
1612	11
328	12
836	161
1354	262
120	50
474	50
645	1
441	37
383	226
246	116
2021	92
2998	62
448	54
246	378
932	191
927	10
635	201
705	68
243	11
437	17
3718	62
1843	50
1244	79
1626	18
303	86
2735	352
613	20
1601	12
302	190
1284	24
1424	94
163	9
440	200
1416	15
259	11
1989	26
278	11
178	13
924	32
1105	97
607	187
3035	131
7458	35
4066	45
608	135
57	75
282	4
1861	13
58	70
732	82
952	114
588	36
418	179
445	15
334	61
894	99
829	35
1234	307
1281	163
154	127
1595	83
353	58
1497	15
184	219
287	105
3949	31
715	62
815	75
1357	72
820	86
936	28
639	298
1260	15
746	7
5239	435
1503	45
483	254
304	7
627	4
75	264
293	103
345	17
369	212
431	95
4322	16
199	60
797	32
334	110
501	119
525	44
458	91
463	19
681	8
331	222
999	51
932	235
110	131
1093	217
866	12
400	15
139	16
468	27
210	7
4086	55
2233	451
1963	7
227	10
1289	69
668	16
857	472
124	142
722	13
1223	189
1699	130
341	170
1990	152
324	230
1826	325
1585	23
394	49
3920	48
442	202
292	270
82	165
3457	244
237	30
1824	55
1115	72
2446	206
586	116
1516	94
569	1
246	109
2673	6
2441	35
340	114
97	302
476	53
126	24
4541	135
114	17
187	120
605	228
512	4
473	158
750	4
995	47
594	68
505	20
1327	33
324	5
233	157
776	236
72	52
300	59
316	28
2382	60
401	148
722	18
2557	142
132	114
1790	5
459	122
888	204
1144	100
2692	6
138	75
591	38
1521	38
645	268
50	14
875	653
254	6
756	117
740	3
698	93
2215	5
1252	375
108	233
315	13
72	8
1064	107
2227	209
772	174
2977	9
86	32
120	32
486	595
292	2
695	28
1649	11
1660	175
1323	146
273	233
1729	82
2030	37
1706	70
104	141
1539	6
5306	143
2388	9
354	24
82	4
1770	151
4868	150
2186	67
135	8
111	44
679	25
172	302
242	91
161	65
1567	13
1409	192
203	30
947	75
950	125
368	311
1354	103
1475	31
2680	59
658	49
146	3
115	193
1836	49
1835	48
753	125
2123	39
1118	12
782	110
912	71
1841	123
156	3
622	255
4171	141
483	92
1090	128
932	276
700	16
2968	265
133	67
905	4
3217	517
167	17
432	55
283	47
375	1
463	80
253	22
527	164
2033	114
65	13
509	426
502	105
377	74
754	159
117	81
1613	84
433	79
3516	114
277	61
87	302
1852	174
397	212
1048	36
162	4
397	146
143	20
2156	16
1650	99
159	103
1648	47
3182	250
116	90
1108	10
3669	105
200	4
242	81
508	6
362	35
467	322
1067	284
1695	142
603	153
475	4
2069	212
1605	137
944	23
515	64
1024	158
1120	46
928	13
2840	142
1194	8
224	22
852	42
304	76
1276	34
2312	10
1258	10
2762	96
2698	118
866	186
468	347
743	69
396	161
658	41
648	19
1167	108
2706	12
528	105
424	52
365	161
369	285
213	103
725	135
1561	16
2207	9
1226	150
378	87
325	11
1007	295
1978	47
192	117
592	74
488	96
69	40
409	198
1496	108
474	20
713	186
546	40
875	121
722	211
146	274
1007	4
869	20
838	35
65	17
412	1
755	99
3090	231
389	30
365	53
1922	4
957	16
3400	43
1160	70
510	3
2549	193
1578	7
2122	64
1318	16
580	76
1066	40
672	50
1329	231
490	30
2773	321
1927	302
1656	33
218	222
133	40
723	33
1973	29
249	129
472	4
1097	89
939	38
150	32
1399	192
194	73
583	4
131	95
1194	159
395	267
2701	29
908	31
839	231
61	109
452	41
957	183
494	21
280	129
1258	268
839	92
2102	140
361	100
249	70
426	161
619	129
117	93
1930	95
311	118
820	84
1110	96
200	164
2201	154
795	21
216	32
3139	81
1215	288
532	154
137	39
583	27
968	86
430	8
515	50
385	228
915	28
631	90
2159	14
709	2
1974	59
1809	58
2801	46
2027	75
295	248
570	72
1312	75
72	8
697	102
1421	193
1350	106
357	59
283	161
346	303
232	112
472	159
2332	14
847	58
184	61
1469	100
1263	123
578	25
225	118
1916	242
4198	69
982	139
859	9
409	137
476	160
1104	231
1019	14
392	148
807	376
846	125
2573	39
745	10
513	70
509	416
181	11
406	144
970	233
1314	8
306	112
71	101
3228	165
249	36
341	116
3472	175
208	34
2259	9
340	47
158	48
3232	39
167	259
2364	21
162	203
575	347
1278	366
1925	184
588	160
1550	49
693	381
809	334
1089	304
2379	42
2623	128
808	22
1941	171
1129	84
319	9
610	69
302	258
1094	469
816	6
1591	11
672	166
3179	41
321	106
843	92
1795	56
582	83
662	34
3237	26
314	211
459	18
2773	39
402	9
813	68
2591	36
1984	74
1560	194
3309	66
769	289
969	54
589	94
853	14
1131	82
262	43
706	35
2133	13
340	70
3684	67
755	332
702	7
665	52
367	51
265	9
545	137
655	14
886	185
774	135
1849	27
531	58
441	324
4028	106
102	282
700	225
612	84
358	60
1215	100
885	7
177	48
324	15
125	90
1651	279
473	45
605	11
2849	65
660	84
1601	91
405	393
719	3
280	9
4379	31
744	128
1636	60
762	9
117	235
165	181
803	350
2834	72
2050	16
256	3
82	3
158	34
1205	50
1807	261
602	136
2519	235
2185	80
506	27
1015	31
1189	65
779	149
385	195
1160	197
122	143
451	16
247	102
1570	88
3674	204
877	27
991	13
683	271
282	31
302	57
1638	155
2074	18
682	132
2731	52
319	2
893	22
460	162
1121	62
485	39
624	280
115	123
3539	169
486	154
224	3
1915	198
981	45
1871	39
139	39
279	84
531	116
964	169
1014	2
1536	43
434	120
780	216
3630	43
58	182
1120	51
167	27
1467	112
307	134
1599	64
2066	112
524	51
569	36
585	3
110	311
1310	3
796	63
950	90
1493	250
560	212
1129	68
526	273
843	47
85	85
1490	120
402	20
1078	141
2006	58
338	9
2630	184
2080	215
1201	2
298	178
718	156
1626	82
1582	13
754	25
1280	198
1183	9
1153	142
260	16
835	176
235	28
187	54
260	56
321	267
938	129
68	150
2922	18
2737	74
792	182
2350	16
1245	92
197	18
630	18
3059	72
1146	46
760	382
166	89
304	310
2818	105
292	18
818	105
1884	158
140	289
1414	92
797	23
1780	24
1864	94
215	113
127	71
1287	187
894	161
534	35
871	220
3069	68
679	51
334	78
935	69
615	90
780	34
1725	7
517	214
720	38
693	145
345	174
624	370
547	153
2867	39
590	439
1698	56
49	202
554	350
113	142
469	31
571	458
635	14
112	70
1809	30
695	357
613	304
1759	57
1737	29
424	2
79	46
610	12
2304	122
901	34
306	348
233	5
841	120
342	52
717	25
734	11
1630	68
511	3
1286	21
820	19
1200	147
904	71
182	44
688	12
99	133
5714	327
1450	182
1049	287
380	19
1281	3
3324	40
1303	7
134	29
369	51
923	191
268	49
1143	59
1219	430
705	31
3987	22
511	38
810	967
1124	8
536	116
583	2
1036	290
2400	74
780	16
3554	120
892	177
305	50
1039	97
209	2
2010	7
143	20
768	38
1402	9
1796	118
531	89
684	581
478	29
297	10
226	20
335	53
1007	57
415	164
679	211
244	6
328	44
117	108
3142	397
1785	105
941	16
639	57
767	126
557	203
2292	21
476	30
689	40
735	1
285	16
619	5
297	123
68	38
3102	174
681	82
727	121
820	28
1895	56
695	50
306	196
1031	4
2058	58
216	31
1999	31
482	255
1770	52
503	80
1401	9
4319	232
795	39
976	155
2834	328
1015	77
1271	282
1487	18
1667	270
238	170
1306	167
3199	15
605	140
676	12
1325	58
193	14
532	121
1169	48
791	100
855	40
706	158
259	36
1113	1
586	337
495	180
473	368
628	199
960	23
117	71
300	22
276	164
1042	38
1153	44
1141	10
3189	62
379	11
161	38
1374	1
526	200
174	48
652	64
1231	217
672	97
845	218
2253	81
1769	190
595	168
65	25
5581	96
1756	189
172	161
2330	98
2266	17
205	45
783	60
255	38
2006	27
935	13
1074	8
185	16
598	49
2170	117
1821	156
1430	73
483	56
3519	30
159	292
150	154
713	60
1131	39
132	34
1264	113
1387	46
1403	160
903	72
856	216
145	74
805	69
1025	66
391	66
771	34
226	26
866	19
1937	62
3116	4
1932	139
518	6
254	120
1153	690
2745	79
1568	195
748	341
146	33
751	35
468	57
695	152
680	181
1440	2
1090	191
1129	34
718	15
235	28
59	314
834	15
145	132
103	95
3103	13
329	48
158	196
147	47
1572	108
1016	21
558	134
2211	74
2285	10
352	27
344	35
175	215
2700	18
259	13
1046	140
1246	110
726	156
687	65
177	39
685	255
139	175
3249	56
347	9
205	285
585	121
241	96
404	44
756	77
2008	25
195	31
492	25
407	69
1082	175
1589	75
180	46
163	89
330	4
878	31
166	14
1933	76
75	31
585	94
1382	76
201	14
238	134
355	64
321	58
2340	147
406	29
122	43
2666	39
955	8
593	80
3606	84
2694	340
435	22
87	8
3065	112
1362	27
417	9
1186	2
3750	44
825	9
84	200
1738	43
1667	37
481	65
838	228
659	73
747	287
892	93
929	103
672	25
2548	191
1461	111
2206	138
409	115
3132	57
726	31
755	14
469	10
436	10
648	111
106	70
697	114
142	124
1121	114
74	17
490	131
355	165
406	3
662	68
647	95
393	172
1877	112
82	164
553	172
959	31
2843	14
221	161
814	72
61	32
739	121
646	36
666	62
2089	77
867	49
449	152
1237	177
485	99
829	83
1568	12
467	640
1468	105
122	37
1122	272
544	71
1247	48
307	16
2939	47
711	33
319	40
920	239
1643	66
1423	172
1784	118
2654	83
87	10
784	16
466	36
195	76
817	145
832	2
2293	152
100	2
281	87
132	1
420	217
332	70
972	10
1527	202
538	277
884	132
931	4
385	66
1523	145
284	313
1733	88
3901	5
1259	10
209	7
246	8
3051	58
636	13
568	90
736	94
1787	15
1142	60
742	55
401	9
680	35
101	269
472	123
895	40
2017	30
486	93
1557	32
476	160
817	26
79	2
682	319
324	99
90	32
2075	311
605	24
866	14
250	18
1586	5
1180	40
431	104
127	218
1195	219
2946	55
154	110
1167	34
564	203
182	51
948	166
624	28
1254	105
137	341
1044	33
102	16
3221	35
940	36
836	12
280	160
2882	162
2667	86
520	11
604	25
276	5
635	227
152	228
1376	262
697	17
62	71
574	106
979	350
317	139
1139	272
1281	488
329	135
495	25
2476	62
489	16
2346	19
224	6
951	132
2340	10
952	68
61	15
2206	48
175	26
95	153
76	129
1246	208
3688	41
1422	210
1237	101
316	76
648	26
561	7
422	113
920	228
1403	37
580	22
851	127
145	146
1087	5
1386	126
1699	26
511	53
339	23
327	83
225	26
1931	82
1595	90
1998	270
1865	21
2045	104
445	136
540	20
602	119
253	55
1742	2
1405	15
3143	36
662	65
715	84
1070	1
147	15
224	77
522	19
1025	1
346	155
858	196
259	7
1573	116
759	20
2605	44
4456	287
124	2
190	105
516	181
490	27
1538	36
359	34
148	45
2509	3
905	341
150	37
251	61
329	139
103	258
446	13
200	8
1213	21
995	102
2926	128
1530	296
573	50
1056	33
3133	8
2257	177
1105	40
1282	119
371	43
226	37
66	77
74	260
939	173
1055	71
412	29
105	243
2513	32
347	3
1733	41
381	17
3299	201
1896	46
3013	166
145	86
392	76
2477	109
1533	31
671	2
156	36
861	14
512	3
616	322
309	48
241	40
644	12
170	23
119	35
1080	165
1340	30
1604	16
593	104
718	17
3182	3
74	165
461	73
45	225
168	208
59	83
1059	179
953	452
85	328
355	197
1409	9
266	235
907	50
293	93
642	3
225	132
1516	243
382	124
287	89
311	189
671	13
609	87
300	4
1714	3
1466	104
1618	240
685	261
389	57
111	46
352	276
3044	98
303	258
2275	162
854	158
158	56
1002	123
71	158
672	158
828	292
980	23
89	97
1907	108
1468	14
312	47
983	24
431	9
455	87
417	67
512	65
286	9
2136	77
1211	92
259	86
757	202
895	98
2061	221
1129	54
139	111
1778	113
983	22
1243	30
1487	15
221	529
86	125
62	194
613	193
144	50
1424	23
1183	80
522	111
245	128
1780	209
846	3
1765	91
2464	307
650	48
1836	31
178	9
274	153
161	110
3448	249
878	203
962	101
538	88
201	133
4457	158
188	161
365	24
2453	25
1560	42
595	39
413	143
2766	47
306	54
2527	8
993	175
1825	49
1240	43
997	182
1524	195
196	144
2017	53
6079	89
774	28
1939	139
2376	87
113	107
1124	359
243	30
2725	86
448	3
1265	64
305	360
372	129
1178	112
1064	44
108	21
1542	72
727	150
1464	212
1141	201
706	13
1876	72
1127	366
1250	93
1935	166
1655	151
1300	51
130	548
1709	197
748	6
1818	55
1728	44
1043	82
54	121
1174	124
1037	46
957	49
188	101
225	37
1197	29
165	6
1948	26
1692	165
4290	117
797	94
988	76
1716	200
1183	57
934	218
393	175
2096	135
2609	91
389	59
486	28
891	161
168	148
577	11
1017	24
487	73
4489	26
879	20
2902	55
466	54
158	45
274	100
1357	233
2461	68
2638	107
371	301
2006	81
420	680
272	179
173	185
643	7
979	1
1081	15
1435	193
2165	20
654	161
1258	46
438	160
525	98
1454	15
133	64
158	66
128	109
1396	149
441	280
1711	93
1404	41
1389	113
584	71
162	301
344	28
2608	90
714	54
716	168
733	72
760	12
500	24
1465	15
2392	201
164	15
1142	274
1363	103
358	59
90	58
1931	88
122	19
102	44
1558	91
888	189
1200	268
440	23
2563	43
1873	27
257	16
851	77
644	110
233	119
184	256
122	177
1901	32
454	582
1026	29
558	9
1726	50
97	94
384	137
929	17
393	70
1644	13
2150	121
3589	109
3095	61
3059	175
712	361
701	62
95	21
701	202
2302	77
1196	7
864	15
800	95
415	152
3480	291
769	157
2429	292
485	44
132	9
2099	65
1935	5
1477	125
906	293
1307	85
731	226
1480	14
835	50
1808	78
33	1
271	74
367	268
2821	32
379	28
1130	69
1230	92
208	303
1134	58
701	6
3591	270
422	6
1800	127
164	125
1897	44
79	64
244	14
289	172
916	30
349	72
1684	139
575	37
93	63
1438	20
207	24
953	45
163	27
2650	19
733	135
1838	354
841	157
2290	55
284	65
2289	78
532	5
3319	163
2022	26
1115	106
2536	12
285	55
190	159
3288	182
929	34
69	149
2294	115
490	14
2436	118
95	33
204	144
176	13
484	13
4218	60
979	47
2414	34
2144	35
357	67
221	104
1084	21
4366	86
489	156
960	18
2537	16
549	10
102	49
429	233
4043	480
1038	273
1794	18
468	83
2232	22
764	171
433	8
432	100
440	6
411	63
952	7
146	93
1262	71
1375	141
292	388
699	27
753	154
402	111
669	94
918	60
239	92
258	10
620	29
123	72
101	1
1114	154
3396	8
402	8
275	140
1388	8
233	212
1752	43
1340	167
2891	17
1785	68
385	36
356	1
50	102
2184	70
786	72
1423	56
557	7
2243	138
2099	5
652	7
820	129
189	49
406	8
327	133
2633	6
2114	234
554	70
315	39
722	45
913	3
115	67
953	17
1209	78
596	4
388	93
262	18
117	363
2096	78
5081	39
185	89
763	92
228	74
1062	54
506	479
1756	4
64	103
93	60
112	107
64	205
766	59
1886	144
59	10
961	176
286	51
1123	6
986	160
234	173
189	1
2048	32
1624	29
2117	110
130	96
1051	51
572	17
3755	43
226	210
1425	110
431	27
1545	7
662	184
1432	41
648	45
527	317
2643	42
192	180
3570	40
367	271
422	21
719	110
102	33
1580	164
2549	103
602	8
4162	58
419	79
114	3
652	104
676	107
3136	41
1417	134
506	27
349	2
1552	454
409	202
3860	26
749	1
1512	180
627	199
250	126
1604	88
506	17
329	176
175	268
62	6
981	313
2728	70
1317	87
273	7
2741	60
404	91
592	18
696	30
5939	17
671	4
427	67
276	68
356	33
195	445
291	44
72	70
1066	45
585	18
182	8
799	6
849	22
1897	32
997	34
121	41
1754	125
261	16
425	368
1188	33
980	10
1186	117
3195	47
1535	272
418	88
152	318
367	39
436	7
2152	19
1148	155
2945	187
1051	272
128	17
511	45
888	231
761	69
2987	36
154	107
126	5
180	248
116	45
462	25
1560	147
2134	24
764	48
73	27
2157	81
1254	53
287	99
558	39
988	28
151	63
916	25
254	215
1707	76
10223	147
1061	57
311	39
92	132
88	32
1702	17
2087	80
445	166
296	3
503	97
1702	117
320	192
7431	98
300	212
1234	116
297	21
206	56
758	35
4005	241
1042	79
178	22
764	9
166	40
195	117
523	101
147	457
1727	250
151	99
905	269
489	112
1062	25
562	7
422	44
106	103
445	98
1711	109
604	39
700	44
426	52
96	218
514	372
887	383
724	165
90	58
1382	1
564	80
289	438
1775	7
740	42
639	322
480	66
355	7
147	440
2121	22
1618	65
930	3
2078	39
1014	55
145	78
1106	28
1012	125
489	36
1246	224
2729	6
1040	72
99	443
634	56
737	36
752	53
730	111
2543	24
960	6
363	334
873	18
814	79
2680	61
1457	129
2225	117
282	290
456	62
195	19
376	92
171	25
3217	82
1533	114
1406	146
137	111
308	123
1143	20
334	99
245	208
1423	71
292	28
408	44
2562	94
851	2
1017	231
1052	43
354	132
919	89
2425	168
1030	222
911	102
111	355
669	207
1756	3
1091	16
419	255
125	1
363	12
1008	220
2406	3
501	35
700	21
342	15
1138	79
1768	61
210	109
159	120
239	77
2259	17
585	112
1573	80
677	33
1872	111
4631	91
1010	80
872	146
534	50
2454	184
3034	76
484	96
486	92
870	60
511	152
567	149
226	53
203	155
1652	58
463	107
1146	707
1334	109
663	584
568	45
889	40
1315	86
428	39
689	199
5443	447
1223	32
553	9
583	395
819	41
1408	37
2587	16
351	8
1701	22
1962	161
75	116
457	21
377	140
436	4
524	59
4057	34
421	2
489	103
1431	8
92	16
513	150
496	178
415	22
1078	167
1074	30
3803	43
872	81
3683	7
1271	59
1323	47
381	2
1093	159
451	118
535	101
591	13
2335	31
1029	5
988	22
778	97
1224	101
286	39
730	144
350	640
677	17
476	17
1447	48
1145	3
1161	132
75	134
889	35
867	156
502	4
764	9
1069	23
171	135
1562	17
2038	172
311	123
460	10
357	735
2666	287
1385	339
1565	7
718	264
829	134
472	19
1110	198
306	301
211	42
2177	87
1691	190
1987	214
448	201
2705	343
450	76
453	51
2525	83
832	96
165	62
285	255
1293	229
399	28
275	152
3539	68
3511	2
1658	148
2756	76
154	9
126	100
2030	26
600	81
1435	36
226	10
1510	49
1436	177
873	46
624	32
3406	336
325	203
1587	95
769	96
1202	38
3627	37
1160	83
1238	152
298	232
275	297
2499	6
1091	54
2375	31
153	71
2578	82
1330	398
1660	161
2307	262
200	276
1811	132
182	30
1535	173
1038	112
2081	92
411	66
880	76
1703	13
1400	51
874	284
448	69
519	28
281	1
276	22
534	37
4155	215
267	191
1483	36
1080	22
609	14
1588	192
1077	25
164	114
612	23
431	69
127	43
1705	25
363	30
683	57
397	96
3916	103
772	5
270	122
3223	70
50	5
2109	22
1062	9
454	316
1728	60
388	35
3528	59
1594	17
4484	144
248	112
894	6
286	48
3180	35
484	25
690	22
621	41
533	349
1684	144
808	13
4318	58
2083	71
1683	52
884	79
534	58
604	341
952	80
340	71
2769	94
1024	181
556	49
452	15
386	232
1215	36
2377	279
1779	42
515	77
168	15
3603	84
1951	12
2681	44
1096	10
2823	11
732	161
2062	215
2940	84
281	242
1579	1
1332	56
365	3
113	191
322	230
979	9
3423	153
1216	103
91	6
296	69
1486	43
235	145
1375	40
1912	92
1019	21
1250	124
401	25
271	63
3374	16
2628	7
140	161
1132	92
3451	3
290	387
1629	23
2047	229
272	10
2664	24
121	51
1043	30
795	68
217	55
977	22
806	167
110	26
1740	195
919	20
383	99
441	25
753	381
914	117
556	167
2643	168
188	31
861	3
972	88
247	22
888	2
1666	114
177	77
414	44
981	75
788	157
1266	129
156	103
2430	174
1550	69
588	9
1589	203
1896	105
160	156
2557	18
187	86
3870	36
1344	56
836	13
867	92
172	9
1183	48
517	25
189	145
312	44
381	65
836	251
1686	84
671	117
1081	103
724	258
122	64
1135	41
2143	79
116	170
1016	280
130	37
340	298
1167	12
3078	149
3711	165
1205	134
4435	4
609	141
3899	24
251	51
182	19
669	150
1392	102
3186	105
291	4
867	1
1325	94
90	78
692	140
63	25
311	44
4674	81
372	21
944	105
1921	244
2159	158
1321	59
212	69
98	100
678	80
187	29
379	39
1757	222
580	13
471	3
1384	47
476	6
214	74
310	123
855	77
164	69
388	14
1005	90
1422	160
953	64
1868	42
2329	24
193	270
795	320
272	18
1002	372
909	185
1306	3
957	244
638	20
385	69
279	74
1166	36
890	165
1108	525
465	180
399	146
2351	71
247	4
438	163
484	11
2343	8
1779	5
105	15
3830	130
707	58
1387	176
804	92
515	86
1144	85
2188	52
249	23
985	12
478	73
713	158
1159	5
863	99
2840	259
165	48
298	31
590	102
753	114
488	18
208	90
1114	145
2000	36
3517	487
895	6
913	51
59	193
196	211
346	116
584	101
37	216
1818	238
3867	28
729	48
2488	67
981	130
2996	106
1011	119
1610	62
1127	53
390	45
352	174
1764	100
1487	101
1338	60
3238	21
120	103
1027	216
603	177
967	9
2564	63
725	37
1588	177
206	314
994	192
924	574
294	74
1235	44
1196	111
1254	243
737	168
1639	17
340	82
353	184
669	1
646	274
3401	9
533	394
2425	148
2880	157
1098	334
419	120
355	31
602	133
1185	90
1643	246
127	7
392	177
2390	160
405	1
826	150
329	18
3791	386
2007	17
1338	51
2839	65
2852	100
1453	59
859	307
442	37
1774	51
558	194
219	215
115	144
906	686
2385	36
1182	38
634	35
2154	46
203	110
324	1
1063	100
173	19
911	129
2747	24
217	261
438	262
340	113
500	51
246	50
295	330
1140	101
721	35
1088	443
513	33
564	131
848	85
899	191
650	18
2240	76
2900	24
530	57
323	107
3262	38
505	367
1999	258
491	4
1534	69
3183	38
1413	83
337	18
3590	115
542	78
354	43
1903	16
1034	24
118	143
2038	399
853	158
1315	8
396	7
321	95
610	175
584	229
1507	131
189	32
3985	13
746	128
1385	90
856	31
750	60
57	7
474	28
2250	13
75	20
373	180
433	53
1790	80
551	171
631	63
412	45
1784	31
4725	18
440	75
1167	13
444	33
2778	354
296	145
630	78
543	347
778	275
396	9
551	38
1500	159
462	23
1425	241
1642	142
829	249
883	71
1916	77
111	63
313	74
411	54
433	30
938	32
2078	31
484	9
237	108
3332	54
1938	70
467	59
88	113
2271	12
293	130
162	57
2627	189
115	33
390	28
1765	159
2671	63
639	114
91	6
1098	8
1275	141
647	26
1017	7
187	113
1341	21
531	159
2415	56
1934	13
507	38
327	90
635	284
256	124
792	3
569	16
184	406
5401	1
1307	45
1627	59
1859	141
2660	130
588	109
236	44
1323	37
483	50
322	73
3402	40
1926	175
923	16
615	47
614	1
73	42
378	17
4724	175
27	27
24	80
23	34
23	8
21	13
149	50
2200	259
2641	74
18	10
13	4
1129	156
1103	121
22	88
1309	29
2698	48
62	122
212	54
1382	1
30	39
32	33
125	2
3927	258
1038	139
42	118
1486	46
1062	180
1145	89
169	37
94	109
423	6
609	13
548	56
1026	4
158	745
2053	43
129	105
690	36
186	9
580	4
1149	122
1353	39
308	78
3002	91
368	8
571	156
1188	130
927	94
694	53
246	34
217	16
123	16
1869	24
2549	75
1263	187
2158	15
3180	113
108	162
240	124
302	8
2334	14
710	22
624	36
1410	174
562	679
1690	85
362	146
62	95
494	7
604	33
603	26
2501	13
913	6
1555	108
178	84
248	96
2963	86
1827	35
349	11
349	39
774	36
882	14
1223	152
3204	146
172	75
560	348
408	51
114	49
1085	15
1048	421
1668	94
1616	19
1150	178
392	73
1088	70
935	77
719	52
2653	239
212	352
958	162
1742	157
678	37
1458	535
1940	126
1742	77
2691	9
265	174
500	5
298	64
479	15
565	25
1396	49
575	198
393	422
82	118
761	28
211	106
649	91
125	17
482	10
450	125
1923	269
1840	75
494	82
421	299
1701	19
1309	253
968	61
4215	11
198	109
975	110
179	166
608	41
309	53
881	1
4187	73
210	192
1184	155
750	168
615	123
2311	49
181	145
134	64
238	1
160	185
651	171
84	215
1129	39
787	221
882	5
2074	2
1359	73
333	30
351	218
1687	333
606	162
1800	57
255	36
2227	2
276	116
1695	101
361	4
2168	68
1206	184
1105	92
698	10
945	29
112	21
1840	49
277	71
865	59
33	254
1560	387
1297	34
120	15
389	256
1805	23
345	4
2414	71
292	35
563	7
223	81
102	4
244	80
223	230
1354	255
1357	93
248	9
1205	5
947	109
140	218
1019	114
264	44
1715	52
2410	157
260	69
805	4
102	199
1324	106
1059	63
713	55
80	49
170	279
2626	50
654	14
2782	101
1362	90
569	497
2146	81
1756	108
284	351
377	67
118	39
999	160
966	151
715	20
1010	29
1300	144
2593	28
1024	186
3175	29
2592	165
3448	131
666	65
308	12
89	23
228	106
2777	41
634	14
1451	149
611	129
799	82
465	4
317	36
2245	97
164	96
288	194
1314	54
1723	28
744	177
366	4
2222	12
3457	43
545	19
551	104
134	26
256	147
111	52
1447	322
858	99
1249	24
221	26
177	1
1377	74
103	50
344	29
2615	191
347	73
1072	13
205	257
434	176
885	326
493	125
1065	95
1187	59
717	45
1192	76
1224	231
5785	100
241	30
1277	52
2114	45
404	103
435	45
3350	69
107	86
278	46
478	65
916	63
299	158
241	17
422	98
1105	149
3603	43
1142	38
1572	235
977	42
975	142
88	100
332	8
1607	81
936	76
157	526
1187	219
2365	285
3379	130
235	10
274	249
1779	63
1071	42
2906	39
671	66
1997	25
885	37
925	381
109	108
671	6
2064	9
277	71
812	21
1554	75
2819	2
467	63
185	98
373	28
483	102
1399	137
589	229
1590	31
1304	18
303	138
915	21
1882	7
1111	549
579	96
903	98
890	323
323	52
959	113
371	156
290	57
223	36
420	52
599	311
560	76
916	37
335	16
1553	193
795	244
340	162
586	281
609	127
4073	112
143	171
2314	43
117	119
422	20
107	199
1297	6
3492	172
435	253
447	18
1115	3
948	114
1063	18
752	23
374	55
430	23
136	120
2226	188
258	46
3526	19
1066	13
1401	237
1869	138
94	157
874	28
331	42
557	117
258	152
1506	183
3634	103
3406	175
939	46
186	88
101	76
2249	207
224	224
811	24
1599	188
520	4
1095	123
650	85
1183	19
1115	132
109	26
759	145
939	9
3154	71
158	83
1962	24
3073	57
407	35
2293	6
1463	9
446	93
181	140
824	116
1397	49
2042	20
130	74
263	236
1139	134
594	68
194	8
330	43
1486	19
2296	84
2321	29
755	20
625	267
691	143
2059	21
164	45
3667	24
269	119
1514	184
1416	14
1780	15
853	30
6368	358
1874	184
950	19
1205	55
311	32
3219	252
550	253
1526	53
1940	191
2950	111
1555	228
313	50
1170	92
460	55
1501	120
1018	145
1105	19
2182	401
603	10
2755	43
163	198
2951	43
1590	43
503	47
2482	75
560	2
94	40
753	253
1864	31
768	131
871	315
1767	78
561	144
1130	9
3592	29
832	42
3664	26
146	46
3939	25
167	61
2103	1
364	243
2994	13
757	38
587	151
1243	42
531	304
665	115
203	157
836	282
945	247
684	33
1239	40
331	73
424	8
734	142
132	23
3882	9
752	64
2026	208
432	15
933	232
234	45
368	13
98	163
643	31
219	19
301	103
1682	52
316	32
458	262
603	1
1166	50
1152	397
2505	80
181	132
1763	232
1042	12
744	86
1073	106
847	87
1076	6
2742	52
73	171
1285	143
114	80
196	172
1583	32
89	352
907	301
2290	38
197	204
231	4
557	300
865	43
282	64
997	13
543	189
2068	175
555	335
1297	674
941	5
1734	89
952	340
1013	14
394	11
1634	76
1750	108
4377	1
122	186
1803	18
218	38
493	38
1197	38
2559	115
174	366
3130	11
478	12
710	75
1400	25
743	96
1521	6
1160	70
1945	88
91	1
1122	40
819	82
1885	372
224	175
1015	65
2131	172
5329	29
173	17
358	230
1695	174
1617	59
1089	76
1700	41
340	29
1368	72
1524	74
891	212
406	194
563	42
1847	67
910	22
236	111
37	87
2294	29
350	183
816	135
1065	5
552	40
4030	34
1325	190
1250	44
656	98
819	66
483	23
468	95
1823	10
1194	415
1849	54
1543	40
536	107
1047	339
752	33
4562	203
195	127
256	95
184	42
755	86
515	45
612	35
984	80
3194	36
2169	166
267	49
1096	317
2290	184
458	32
888	70
182	205
123	213
915	200
133	1
121	1
173	167
171	142
280	165
1821	6
1233	26
1189	29
477	91
512	54
1626	67
689	65
1486	433
617	98
1768	106
694	68
2073	12
2433	6
793	22
875	61
809	77
809	25
731	278
1841	95
83	40
80	135
362	77
384	49
97	35
1850	4
659	82
390	46
984	45
2607	62
859	119
494	332
2935	59
115	35
575	5
242	41
113	45
6517	277
244	52
491	2
1944	158
262	166
375	21
2343	10
117	190
2209	62
487	162
1196	3
439	187
794	27
764	326
459	2
6162	52
1998	6
1970	28
74	39
1065	72
338	257
1103	242
2063	40
2845	61
814	75
425	99
3839	137
6518	134
865	45
236	5
125	59
164	150
595	34
1785	98
166	19
453	498
91	218
706	122
1745	126
330	7
475	23
243	469
42	214
1428	88
888	7
1051	14
2793	94
960	22
800	519
317	119
2662	40
1318	92
468	61
730	30
501	5
2251	74
576	63
721	29
1353	142
540	74
2148	15
431	24
2888	18
509	135
109	154
492	85
173	1
1204	75
3128	51
262	42
400	38
2358	9
648	281
704	73
405	30
568	79
1180	8
419	34
229	51
107	56
874	172
1761	219
242	136
1859	30
1799	164
1223	142
1691	117
1462	39
96	213
655	19
266	78
110	25
733	44
974	242
1109	48
1768	170
1148	81
847	123
1926	24
145	23
161	25
479	150
1804	11
235	31
1639	204
138	34
353	182
748	232
2993	117
926	296
475	41
770	73
1393	11
169	34
619	75
6300	18
511	118
214	174
457	43
1578	168
411	70
714	250
610	29
2444	45
1793	176
1181	59
1770	31
1390	16
115	169
451	152
1691	5
3035	327
2580	10
950	14
98	24
2911	48
99	252
895	20
402	175
241	126
1214	70
228	49
1542	151
830	38
1831	41
256	128
82	88
1408	151
474	470
305	103
310	175
199	166
418	17
458	102
169	179
563	45
558	128
823	11
188	81
1863	74
116	369
63	32
598	22
723	222
895	19
619	220
2614	11
1155	174
231	129
1510	114
1730	9
648	9
282	1
880	163
1274	94
2713	217
174	99
2197	37
953	15
799	62
3862	220
1835	89
357	28
1097	55
198	455
311	42
1507	56
572	302
73	18
1388	78
1189	26
622	26
1537	11
3342	72
1209	36
316	141
526	59
745	126
1429	303
37	81
846	115
5808	28
879	135
1603	4
2300	246
233	48
681	149
263	204
1286	119
3922	104
476	113
695	108
52	32
661	39
581	86
739	54
668	1
1503	131
3521	127
1305	204
851	56
763	44
1778	143
917	5
2703	133
1143	21
1610	7
2856	72
326	16
102	31
449	50
905	269
735	42
680	94
455	210
2709	40
3195	23
191	135
904	20
956	35
108	244
345	61
1085	51
513	129
55	43
327	300
3351	8
160	28
1044	111
940	202
376	24
1019	87
809	199
165	46
1503	28
2240	97
336	22
298	115
414	24
2636	60
608	249
683	259
308	441
888	117
267	64
1398	298
541	10
1439	137
172	164
315	95
260	129
44	82
421	322
260	147
2288	155
644	6
192	61
863	72
1258	20
184	294
752	27
867	56
318	161
431	51
657	16
3279	86
555	133
1257	58
262	119
317	102
1974	171
171	126
244	65
756	11
104	1
1856	137
801	95
1764	18
761	308
552	34
2265	178
1073	145
2788	185
2042	19
2582	185
1851	372
503	32
2057	7
5672	43
850	62
1241	13
652	222
2294	32
892	9
596	138
1264	142
1397	56
1938	10
1561	11
581	247
802	163
558	11
942	139
799	32
225	40
2091	8
2509	130
836	68
532	49
363	26
286	29
848	17
1299	167
256	189
1846	27
912	35
423	23
283	83
1414	134
1933	144
1373	35
1177	107
559	70
3098	185
1658	71
871	59
408	123
143	35
3981	624
1114	232
1878	11
1201	110
1243	43
1687	35
1214	68
3420	27
1772	13
395	43
2221	5
616	123
1306	40
1686	63
138	59
447	79
164	74
68	120
1895	25
92	279
492	86
300	70
2321	76
1235	5
334	70
168	189
2007	107
350	102
796	84
1062	64
736	72
1647	112
332	16
152	409
3265	7
1895	150
772	4
849	10
400	217
1067	80
1128	13
48	22
1056	355
836	6
2425	165
1092	128
1042	41
1844	36
790	13
1328	138
1543	167
1025	154
583	10
841	93
314	14
2968	39
228	80
374	26
856	94
886	263
154	20
903	30
737	22
2986	101
814	8
217	159
1223	171
179	28
2834	37
816	43
556	71
883	62
785	2
153	588
588	204
292	3
45	25
244	230
325	2
3251	76
98	113
483	171
257	47
690	44
156	43
525	12
1220	176
368	25
498	448
729	146
274	21
183	85
634	206
1562	260
3132	52
591	41
637	15
544	130
623	184
1441	95
736	492
170	24
791	53
396	63
1812	239
1737	266
2894	89
756	82
2228	113
598	42
1561	1
1171	16
3080	95
348	9
567	357
1070	42
181	5
1413	9
1190	636
1540	114
438	95
704	14
1166	58
173	67
952	43
88	64
2123	14
225	65
547	224
295	36
1295	140
558	180
774	99
100	98
1046	105
187	73
841	121
498	38
71	68
160	119
453	113
832	50
456	113
1257	181
1117	41
282	88
832	211
266	347
1173	3
1873	358
667	37
949	30
1014	60
1095	13
2103	4
107	306
1158	163
1925	245
1000	39
2145	50
180	126
533	13
1403	125
2173	214
540	31
552	16
38	229
428	2
83	111
1884	62
710	45
284	41
3028	299
1149	49
926	111
206	134
640	45
612	478
2485	21
73	51
240	25
432	174
6273	2
1534	21
262	27
2587	36
1811	60
566	302
46	143
754	58
355	70
44	43
2091	39
1103	306
2752	440
1403	95
691	193
1855	57
1148	21
243	65
1212	32
119	236
994	243
1040	259
406	115
1009	93
1038	217
686	29
249	209
1913	230
744	232
3133	342
1408	209
202	89
1197	431
753	7
1934	35
1054	12
1253	276
99	73
909	313
2411	331
358	11
1045	15
2010	107
878	32
1222	445
1914	183
955	34
3667	27
4781	557
2291	68
371	33
333	4
491	286
121	21
110	197
777	99
909	63
507	347
480	49
467	47
811	143
239	46
521	1
1638	15
2259	50
1479	10
192	169
132	58
2535	149
322	27
1342	417
1980	24
1951	443
111	45
363	17
2118	66
6601	44
1079	231
1789	197
298	29
1347	95
107	23
2126	6
248	56
1175	14
128	132
307	44
102	19
1726	142
582	104
3388	136
475	41
1464	21
569	80
1062	297
322	7
191	200
1230	110
378	33
255	40
59	185
2107	50
502	119
654	8
168	11
517	162
996	7
925	121
2719	13
1863	11
518	217
1753	59
158	8
1312	2
2842	9
80	35
1962	162
1349	38
215	8
3951	62
955	112
81	59
2427	112
1088	43
1422	96
491	7
1020	391
2855	83
2920	90
141	76
77	51
2844	331
390	329
1057	176
120	15
859	19
1519	21
344	34
1087	80
820	17
360	8
85	50
764	99
112	19
939	140
399	93
741	119
466	49
1331	10
125	30
117	4
173	188
2247	53
3587	17
482	56
85	103
465	23
3019	60
113	189
1866	8
2451	10
259	22
708	62
42	39
768	12
752	136
236	70
3077	24
1396	17
2671	142
131	86
756	102
922	148
559	134
515	198
910	33
435	118
399	10
162	149
638	86
1876	124
1846	161
1995	54
402	33
918	67
1463	153
805	44
1545	275
688	21
906	24
286	68
73	22
342	39
557	24
2310	36
752	22
1518	91
863	18
193	150
431	39
261	74
202	44
282	58
379	124
616	144
716	45
1877	7
991	88
475	156
1546	272
320	96
535	108
98	241
1079	363
1311	6
606	34
1302	75
4590	16
488	21
192	26
829	93
3119	146
278	36
132	16
934	133
624	21
294	14
4287	104
788	3
836	35
248	27
1332	44
1047	39
121	62
250	198
201	6
2007	143
1994	90
143	49
837	174
2376	56
116	210
592	142
586	151
1485	13
1511	36
551	19
859	142
1767	12
1564	25
1093	10
477	28
986	29
951	151
635	23
1389	10
573	292
906	9
934	289
2892	100
1138	152
748	112
141	42
146	25
2805	126
1337	17
709	1
889	51
3426	3
132	42
985	69
349	83
2443	38
1615	69
1334	27
885	6
634	49
1414	414
441	4
2743	197
161	61
118	423
84	89
226	72
410	13
531	22
1299	91
1590	40
1472	107
1420	236
187	40
3935	31
1865	215
1435	72
1323	86
423	74
100	51
615	35
63	308
2652	312
4433	20
363	71
951	250
2032	58
3006	213
250	2
1163	155
2489	37
1984	55
124	27
298	22
1245	57
1490	44
378	66
2012	102
134	24
288	306
108	4
1030	80
196	124
400	93
1520	102
4300	99
873	18
389	3
300	4
1928	82
147	23
522	22
1163	47
1778	60
283	79
2228	2
705	171
506	62
807	272
3765	179
2308	230
117	3
238	152
1474	66
1558	105
2098	322
1793	86
826	17
1387	18
2184	91
1429	31
164	15
2726	22
811	145
1874	124
978	34
543	59
1526	226
1139	31
4058	25
1504	169
1327	184
2238	195
1711	23
1743	34
7552	264
1536	215
1512	22
1416	32
1444	10
1162	31
296	44
3198	201
2477	45
295	122
195	14
2366	142
54	75
991	127
2276	156
5292	6
1604	39
354	20
442	26
684	371
516	131
74	91
1043	63
607	270
533	260
2635	23
153	123
5232	2
2598	62
381	181
572	57
1259	297
1392	126
287	44
781	49
545	157
671	6
841	66
587	177
787	90
482	95
304	50
196	175
1467	85
1001	40
147	39
712	26
2811	70
1455	184
257	350
3183	179
72	101
154	68
534	11
62	45
1873	32
221	110
1130	30
2249	17
630	83
1080	97
217	99
1084	11
763	6
1173	22
359	123
765	152
1367	63
209	115
251	25
541	244
1209	64
739	75
752	9
1730	299
497	72
1024	17
309	174
442	62
127	13
3143	57
2963	179
289	76
676	81
1074	42
680	104
895	14
1823	308
312	122
242	82
174	175
1152	265
2172	19
182	256
2002	61
323	406
141	43
2154	132
2311	4
71	47
575	20
1394	174
3376	68
2211	109
1918	126
1633	161
140	14
644	196
412	69
915	507
857	76
861	318
121	194
316	38
273	4
871	37
134	46
609	438
1864	54
99	19
483	20
2115	119
988	70
430	153
69	16
68	58
896	152
714	102
1649	56
198	207
3642	122
602	77
120	76
544	25
1374	206
1652	10
1004	21
901	83
412	256
114	186
1150	162
70	83
264	107
335	99
2403	97
168	285
55	71
963	141
2771	37
1535	150
2178	45
161	79
301	83
1476	86
1463	209
217	53
457	298
518	32
432	209
652	14
888	53
179	293
2223	171
794	102
2831	42
1418	147
555	4
858	89
132	27
53	74
265	9
205	56
659	3
1144	14
632	304
886	34
330	56
1244	99
349	45
547	206
514	155
185	187
1596	159
2958	40
1162	226
1307	73
2579	207
548	339
2402	10
1969	161
916	196
79	81
2339	17
1634	151
488	41
2452	209
945	16
1268	55
652	60
2305	144
212	45
798	163
728	145
256	39
692	51
817	65
424	52
630	10
567	5
1369	20
787	1
545	173
1234	56
830	54
4096	199
666	275
245	82
2797	89
2480	180
1462	3
586	133
1033	24
1272	26
1417	101
2918	64
351	99
486	1
469	219
1326	72
2170	94
1518	29
487	85
2001	24
116	130
305	12
431	32
492	122
859	57
1935	24
1118	54
664	82
1997	332
1100	72
566	6
3179	138
925	209
1142	318
2568	125
1179	99
136	8
138	48
972	14
2277	2
1669	314
1040	129
290	26
347	353
2039	55
177	18
566	8
397	353
2470	41
1817	4
254	95
557	86
2365	142
117	8
199	120
227	15
109	211
282	36
617	95
1149	1
238	8
2647	37
1270	271
286	10
1249	59
631	280
526	19
667	8
758	5
358	238
116	181
3092	86
79	9
1440	284
630	226
300	60
1582	21
370	53
3796	140
1029	10
863	39
3424	19
1805	125
1028	82
1395	156
1020	2
1226	174
340	80
2229	173
212	122
1991	23
1682	245
295	62
1603	143
300	105
411	58
960	193
821	29
1649	21
563	122
546	143
2072	78
856	30
526	91
531	91
1957	10
917	3
274	38
1404	87
1617	105
220	86
693	208
164	95
451	194
617	127
212	201
1565	64
3646	98
2397	85
85	10
176	77
476	17
3496	19
1405	56
2370	19
613	79
244	151
3918	382
2450	43
481	3
2573	201
281	130
601	86
1221	91
804	93
900	45
334	122
734	7
116	295
319	36
1074	97
5246	242
1892	539
256	87
225	166
2091	48
203	5
1205	145
1326	100
243	212
797	274
1288	11
670	56
807	26
1510	9
172	3
1599	27
3553	24
648	97
87	8
2738	332
1966	69
2254	17
518	45
2764	60
140	12
387	92
863	66
2112	47
304	6
735	2
129	12
432	183
501	200
479	80
1773	250
1423	28
949	14
1508	125
355	20
201	11
191	32
2227	488
474	31
230	76
359	10
1253	42
2110	482
1196	337
1518	113
148	55
511	28
1759	4
5995	130
538	118
780	101
2177	7
1854	12
495	281
2190	26
111	45
1212	49
1425	33
2379	483
277	1
725	177
2192	51
555	32
1295	4
3152	47
376	221
2027	123
93	364
4076	107
1435	30
345	28
324	29
2837	87
484	18
926	219
919	72
916	69
659	10
2744	52
362	280
1138	161
1859	33
1796	216
940	59
784	10
1243	59
669	148
608	74
1998	69
463	15
716	28
1139	303
635	269
3890	91
506	242
1420	86
1410	57
414	41
529	24
755	480
518	37
273	41
1672	84
1766	22
213	76
385	65
4391	315
767	95
2940	13
1198	62
1232	16
668	124
1397	53
727	9
631	278
728	4
310	75
1591	31
663	3
1430	206
3758	71
164	47
2236	74
385	11
95	57
2444	147
4714	296
1690	17
1361	38
6198	31
930	121
738	27
2478	43
259	61
1555	297
354	36
1295	250
222	113
2606	20
649	51
875	59
878	87
904	3
1461	82
163	15
1403	41
354	34
116	198
1170	92
94	343
1140	23
956	4
797	49
945	101
2113	50
3653	45
369	93
513	132
1119	276
1027	122
129	29
1313	28
189	126
437	19
282	137
1004	52
1279	42
710	16
1379	50
944	59
3227	35
614	47
1277	49
866	264
1880	265
894	33
1979	126
574	37
277	5
2084	194
4828	138
2225	9
7416	39
451	196
396	81
223	326
137	13
296	264
317	125
2504	7
3046	24
222	26
385	32
389	38
920	38
924	70
2100	69
480	88
2104	237
983	81
1082	99
561	129
741	113
1088	97
741	37
371	324
1618	3
1286	70
2786	313
363	42
886	63
296	27
1127	149
1451	52
529	128
247	248
645	128
219	315
572	6
357	257
2037	177
604	29
3938	57
351	210
964	7
2541	1
679	23
1834	21
477	69
1999	20
1420	92
517	122
897	215
842	47
92	9
694	284
99	78
322	47
281	214
352	39
383	164
1225	92
759	96
1078	27
140	317
126	317
2817	40
1426	6
3080	12
145	304
95	48
1508	11
1297	21
526	132
204	43
416	216
755	73
843	54
1515	87
362	41
250	14
121	157
839	63
259	95
566	44
810	75
433	34
5918	44
323	9
571	78
763	10
826	20
4369	31
159	71
748	348
342	8
74	5
620	82
302	140
134	70
438	63
3095	55
1333	122
2038	95
62	227
532	30
250	156
169	57
8360	48
1764	138
5281	18
322	65
819	143
1931	9
1257	108
803	138
274	12
446	97
840	73
596	148
2475	168
993	110
1229	225
337	13
236	39
1103	25
570	303
983	1
524	437
989	40
842	241
1481	207
1375	104
844	186
656	162
629	159
275	111
1213	64
270	85
467	2
373	148
114	104
2318	60
1542	125
716	20
116	35
537	21
229	311
1078	61
2341	1
2461	23
78	36
882	18
2711	101
543	16
923	81
835	4
1390	56
829	63
868	55
2378	34
667	4
861	138
917	80
513	68
2636	3
477	104
1191	157
828	135
1414	30
1853	100
81	8
796	303
285	56
957	117
129	80
142	234
699	115
71	63
1726	13
865	296
565	488
421	40
827	14
731	129
940	29
2385	43
339	40
1814	114
825	307
90	179
1364	34
1943	294
495	11
903	20
2890	115
1390	57
1659	30
1214	69
1135	22
937	51
1874	15
481	60
638	37
1040	27
1676	173
929	142
630	78
355	41
1656	28
375	59
148	143
5031	42
2741	191
332	160
1063	165
426	32
410	40
351	125
81	130
142	43
371	14
744	180
1623	9
421	146
196	41
294	14
290	139
1090	20
159	229
1135	35
1178	39
674	55
560	30
1567	48
870	230
235	51
741	8
721	27
74	46
1695	4
3104	56
1715	41
379	219
3371	55
297	70
532	136
601	130
807	4
487	55
356	12
3491	77
354	165
588	186
1472	273
1259	106
2827	27
1673	23
1399	3
271	67
2051	58
275	56
1229	3
1078	10
733	115
519	41
1061	34
2140	34
2668	12
3558	285
327	58
415	7
169	46
141	126
476	18
381	80
425	47
363	65
1332	154
574	97
401	100
208	40
2010	70
412	92
1230	464
261	55
757	30
811	88
1086	258
600	29
366	102
555	230
190	67
881	125
2594	64
333	28
905	32
525	194
406	281
229	15
1176	5
504	88
2009	480
160	163
2547	55
2582	99
1403	180
1562	101
177	388
286	63
3005	1
1250	38
520	36
1597	98
743	17
589	192
842	9
1486	61
105	218
1105	5
1072	19
340	91
1238	7
266	65
581	64
797	123
253	40
2560	82
99	8
2989	18
683	2
2167	44
2098	121
1085	168
1989	39
1612	8
2806	15
1350	30
710	426
823	94
1357	102
1037	99
1558	9
227	27
234	109
537	347
458	230
226	170
1194	115
5906	1
573	185
162	7
7594	28
1254	56
2704	71
1927	29
81	108
119	165
552	121
386	28
1687	127
625	313
681	75
945	31
651	109
527	32
689	3
548	18
675	304
433	88
415	3
738	110
1020	95
514	41
115	174
2995	68
274	68
713	97
932	259
503	63
1869	78
203	213
641	35
131	236
871	224
1218	63
401	118
126	174
620	15
1650	40
747	193
1541	108
693	61
394	113
680	165
1387	301
151	40
214	8
2672	22
949	16
738	23
1397	30
319	59
338	54
84	5
203	155
362	131
1699	26
3389	48
305	32
2094	5
496	9
834	217
1049	127
253	86
465	196
481	10
613	59
85	269
71	11
2578	101
1722	31
242	6
1454	252
745	104
1197	76
458	84
649	1
1899	20
682	94
1913	75
192	28
840	171
972	157
560	169
2087	65
2470	31
1736	54
575	65
1433	32
640	40
3130	35
1133	273
1721	93
125	200
667	250
465	47
2500	152
547	21
348	18
1035	40
1399	140
958	210
1294	122
202	92
165	78
148	44
831	10
1529	14
691	267
467	39
680	60
1561	624
1076	49
2010	127
68	5
1773	42
1610	63
303	24
130	52
728	140
348	50
2679	30
2988	144
2670	8
1152	35
487	13
775	153
267	60
552	13
1901	106
1077	109
4086	52
1335	143
594	40
594	31
1012	35
286	58
496	69
992	156
1072	167
47	71
1033	4
1823	77
387	28
362	81
739	219
163	73
984	5
623	89
675	34
1782	121
306	26
112	38
527	5
879	7
2892	170
601	15
1385	3
202	91
1561	11
616	114
402	179
83	16
1449	48
1634	19
769	91
2654	122
1303	58
1087	364
992	89
2608	62
1162	95
2584	136
319	6
1098	144
475	96
1399	175
1941	5
1929	46
792	173
920	96
188	4
2619	105
553	82
403	94
333	123
2131	10
650	66
439	299
1250	222
6007	157
930	124
3973	177
674	99
536	71
117	137
1003	45
109	24
341	105
740	61
534	184
1874	48
1121	59
231	294
109	104
1341	62
4142	198
1956	13
555	218
34	5
566	26
215	144
3569	69
293	83
412	33
1494	5
869	154
1329	114
153	42
1715	58
297	25
2548	194
3414	70
255	185
1309	384
1088	64
3296	245
838	16
1842	87
2184	5
722	4
1445	51
890	59
2864	620
663	78
265	254
263	109
593	616
2287	23
1830	22
1958	13
1342	9
1358	10
9877	96
677	94
1372	337
641	63
3250	109
1010	75
776	13
264	46
171	46
253	241
1451	19
1648	271
143	211
446	65
100	145
828	237
136	2
933	100
583	272
544	12
1372	125
1370	237
1137	13
6410	151
376	214
1065	10
852	136
2125	14
154	250
247	193
237	122
591	144
434	205
5	18
391	148
3224	102
409	280
2220	5
1758	152
1208	23
47	135
231	282
685	118
23	44
374	4
787	98
1811	88
636	38
1268	29
122	13
1955	9
223	65
2134	12
294	44
1201	35
1142	16
632	66
950	26
332	85
274	26
1404	95
3507	21
2165	19
312	78
1632	52
1292	12
1849	320
146	181
447	49
574	20
642	16
8058	60
1683	259
246	129
1047	44
1428	71
896	26
1107	34
444	55
1334	13
1514	5
1990	57
50	233
1670	237
230	158
2567	524
59	29
585	345
1721	313
1345	262
443	311
1912	7
466	168
184	52
422	3
890	119
1714	64
818	87
564	157
576	39
1181	53
137	72
1116	3
380	13
812	64
1214	77
77	129
1867	4
718	16
151	177
666	406
62	4
1545	25
552	93
199	43
681	40
2125	106
1001	141
1200	17
1220	85
418	29
724	85
1445	67
439	197
180	73
2993	135
713	23
1901	170
332	35
125	67
161	61
2536	48
306	45
1989	30
2485	341
257	75
1533	226
924	79
436	2
654	87
402	102
961	180
236	59
369	89
1816	103
388	149
691	61
481	47
1351	8
1954	53
795	29
675	317
490	146
578	15
393	46
946	97
2067	66
2099	78
259	14
1617	20
3109	58
2281	48
550	259
690	31
1594	21
157	62
351	85
143	33
249	22
1158	129
539	69
3415	21
853	56
543	10
316	44
968	148
299	165
986	82
602	106
1984	6
1593	8
173	46
1162	177
179	15
3643	128
3110	20
322	11
854	205
462	129
368	93
3912	84
3541	26
725	288
582	203
697	167
1840	91
279	15
1166	70
1322	145
1600	2
1071	43
2574	34
286	101
2565	43
1430	56
2551	32
1287	86
257	107
2502	139
2392	169
452	126
1721	94
1479	31
181	269
2252	344
1892	113
166	117
3207	107
988	33
1949	74
1981	42
762	33
853	348
1397	73
502	75
3203	66
342	132
97	20
574	66
227	140
915	33
248	32
2276	239
3481	37
294	54
1172	108
290	214
1227	23
376	178
591	280
7504	29
750	146
2349	95
1692	239
2563	9
487	443
1304	100
1511	102
1333	160
3015	51
1917	30
695	44
131	60
132	42
1947	58
726	74
493	105
1050	133
842	13
2171	159
993	22
449	64
180	96
2794	15
919	219
534	131
1248	50
359	42
2719	74
1518	65
1659	24
3131	63
646	15
1512	32
733	311
369	83
945	78
352	27
404	36
104	3
82	56
3948	222
600	120
1099	229
1077	101
265	3
852	56
1431	12
598	34
568	139
663	86
1354	65
706	172
648	122
689	35
810	25
2499	122
571	283
1162	164
355	98
135	44
1231	108
437	4
646	137
252	76
132	84
2290	66
360	227
2361	93
2376	32
565	259
140	28
271	178
97	7
1401	13
108	35
1636	43
1107	184
628	26
1533	21
396	28
1142	260
300	83
1485	95
1074	180
1334	79
1554	14
1991	2
647	9
2139	132
3838	94
928	116
570	45
2177	70
66	121
1094	333
1563	114
1209	100
402	19
1102	54
2466	47
2723	96
1903	101
2375	59
920	104
1183	8
1181	109
575	245
657	139
719	64
1006	196
2931	49
471	43
257	6
72	39
2148	61
3595	447
827	179
2178	45
2586	65
47	56
1580	20
2142	139
73	175
751	101
525	225
589	50
2073	352
439	38
2078	69
3638	136
575	180
893	89
311	120
1347	214
244	18
904	136
2046	13
429	180
735	131
988	57
1556	153
185	111
213	160
3344	155
570	78
1489	47
1895	39
1281	60
2519	15
85	314
3824	169
647	37
179	138
375	79
151	7
270	108
746	296
463	94
176	138
1091	126
131	2
383	131
550	27
352	27
4151	153
1437	27
1790	29
455	144
615	13
722	142
594	112
163	28
161	255
725	90
999	140
1423	434
1110	179
1555	41
1264	230
573	26
2072	93
1375	46
633	43
1874	9
2739	30
670	507
234	42
307	81
372	61
453	39
181	99
591	6
188	114
2585	4
1015	7
1297	176
1666	32
79	7
2782	66
129	192
4361	135
4325	14
547	79
35	71
29	32
21	56
147	31
1874	6
683	3
775	18
445	321
196	87
1204	128
1121	26
396	1
2231	8
1369	34
350	96
1272	192
1900	74
745	249
207	73
260	30
154	40
803	13
1521	401
173	30
2248	232
1725	309
1611	254
583	64
874	58
1204	110
1101	104
1003	1
455	45
1014	2
983	42
7004	119
515	69
451	235
963	210
442	197
245	15
90	68
760	166
1166	20
3280	22
286	28
494	161
1748	75
1033	15
463	254
1196	107
1240	210
235	4
1428	50
999	72
3416	39
301	11
884	215
1740	186
805	137
664	198
936	229
1160	231
96	106
3868	39
1753	64
289	174
2928	56
1692	54
617	24
400	4
1096	16
1761	44
96	1
2091	36
1257	43
727	17
126	93
1600	174
1703	228
348	13
944	96
89	42
778	392
434	85
85	23
428	125
763	76
375	37
291	132
507	5
1515	96
900	53
116	199
373	60
976	88
2265	33
527	146
1277	36
2058	60
2058	28
1440	64
946	167
633	5
77	4
1158	222
606	15
594	7
319	220
6576	92
462	52
726	100
161	66
241	87
704	27
205	150
3629	206
532	89
1284	124
1745	6
1194	48
1174	41
635	110
1324	31
624	34
1331	74
388	385
120	64
394	27
1152	191
450	46
475	120
186	11
628	367
454	86
52	50
404	222
1049	61
899	40
3317	28
488	122
1000	112
549	83
388	220
1868	108
1293	31
557	56
913	29
494	128
560	98
432	11
1484	174
134	68
374	121
1877	58
5050	104
125	159
158	268
1835	149
1147	280
149	78
190	62
765	149
850	218
1533	130
1085	29
2181	224
1798	467
1028	1
627	25
469	169
2892	29
265	6
3402	121
2519	90
322	16
1476	60
811	31
155	61
774	288
143	133
376	67
513	21
1300	101
649	10
512	225
206	137
3628	136
413	67
1803	37
753	19
1191	27
1141	36
226	40
840	2
428	50
367	51
1064	9
496	28
892	31
265	53
1969	193
736	143
506	64
289	367
561	22
559	11
1684	179
2081	202
107	135
1092	189
731	7
703	133
1135	11
116	40
2604	294
425	93
955	16
87	68
325	135
858	104
1066	46
921	67
768	284
1141	119
271	172
2761	81
1028	98
571	92
214	19
200	70
186	119
736	43
1432	70
1490	95
763	26
466	173
962	19
311	98
131	58
1768	98
1288	36
279	69
1919	4
1850	9
83	172
1127	447
759	118
1462	7
3165	110
321	113
1312	81
1196	88
732	70
1876	87
523	21
1015	12
2393	122
1274	10
1159	10
561	11
261	39
434	85
291	79
4745	101
453	98
1036	104
960	147
167	27
838	17
1562	40
2708	237
748	95
122	8
112	31
933	51
113	237
339	293
1622	62
34	52
427	125
1677	207
502	142
213	122
229	214
1023	92
1139	167
628	260
3281	158
1979	17
1115	69
372	106
349	23
291	36
2445	423
539	75
1429	5
1425	43
1062	235
688	57
1088	135
1184	49
269	59
404	74
340	40
91	41
1972	197
839	376
4402	91
347	129
445	53
812	54
1531	314
210	81
2007	56
122	209
108	91
1492	76
1787	45
62	401
1514	54
616	113
498	69
3855	11
3694	47
234	117
2120	220
200	52
821	11
920	89
1856	101
540	251
365	70
1047	207
2659	73
3899	7
1116	191
3939	21
432	31
1300	55
1293	176
2618	59
1882	111
103	28
975	90
1467	71
837	74
151	59
106	3
1003	605
246	46
901	121
657	35
226	36
691	16
705	194
2041	52
5633	15
545	92
1554	254
271	35
1120	57
177	321
359	236
398	97
195	316
893	53
1166	19
2323	95
536	80
754	66
525	5
1352	120
378	376
1599	172
2539	168
802	74
2913	103
676	127
652	165
1640	20
2353	44
2237	134
975	53
1445	118
1806	10
5172	218
425	27
134	58
2010	99
506	94
393	16
995	31
352	161
161	111
1051	115
561	69
1301	542
1251	103
1165	170
3147	3
3612	176
123	200
800	26
1790	143
302	4
1904	103
2215	34
894	446
836	8
385	59
213	10
200	239
4274	170
762	64
58	39
2925	66
624	90
885	133
315	151
398	11
400	356
304	147
1412	47
1089	276
325	65
3057	73
983	167
3535	10
2185	275
495	20
784	24
266	236
957	68
1142	101
691	59
612	17
344	157
2604	26
115	154
4006	81
389	41
830	41
689	164
693	51
6175	131
532	187
1081	15
1867	5
1760	30
547	10
791	251
817	65
438	179
122	89
288	8
407	10
2882	23
274	102
552	43
417	18
149	9
179	213
922	44
470	85
370	32
1110	123
352	78
194	173
584	225
877	295
316	212
151	112
768	125
1105	250
2041	52
1416	70
535	2
552	155
1493	20
2185	282
229	36
688	82
843	74
63	13
1295	252
708	148
1092	149
781	23
1310	58
424	46
567	87
1256	62
839	119
1555	54
1005	156
2253	10
2909	262
80	180
85	38
1518	56
67	73
886	15
1111	55
1303	36
1016	242
3538	156
1173	167
840	36
812	31
552	28
416	157
657	138
1812	116
4263	22
595	6
1725	108
349	114
1282	29
84	6
3019	1
2386	14
2236	26
230	69
260	100
1292	237
1418	8
147	70
1389	37
746	7
1822	239
922	58
555	117
5190	51
383	110
915	16
1454	28
549	102
210	93
340	313
3184	13
752	286
1406	153
1498	56
271	264
454	60
521	34
1356	122
910	47
646	24
394	26
481	25
73	81
447	124
279	55
750	20
630	87
926	46
678	35
336	43
836	71
3376	30
905	12
1037	186
261	393
1166	62
4793	25
122	135
1985	117
3059	110
1004	152
199	15
248	32
2419	43
2669	5
3398	113
245	141
301	219
2671	52
957	31
1661	246
1051	11
872	126
2072	79
1318	143
1026	189
1167	51
211	233
309	25
871	149
172	8
426	46
215	93
1296	29
450	144
2555	26
876	33
2023	12
237	30
424	108
186	69
1455	69
659	104
363	25
6528	152
1624	30
1622	160
157	41
1836	155
239	101
696	92
1451	203
1683	84
725	1
320	102
1254	140
599	566
664	245
976	98
1455	14
310	96
2112	134
1231	12
529	93
3676	2
428	201
993	27
291	54
893	70
2851	35
223	3
1737	129
378	117
595	214
582	31
712	140
1127	277
818	2
3790	29
871	361
513	85
2485	130
1571	133
442	121
2410	102
1269	28
838	170
291	7
1290	19
2597	153
1881	83
1267	124
160	149
676	82
102	64
2409	457
3339	17
298	162
2436	34
261	88
1401	10
399	116
310	141
2846	90
1726	66
543	14
2257	3
864	27
130	113
169	29
311	80
642	340
3502	35
2000	75
747	112
300	55
1939	104
578	168
198	95
674	128
2019	157
3310	6
1405	96
193	110
1625	44
1765	85
546	15
1279	31
219	67
263	372
761	232
967	16
1398	28
513	11
2041	33
113	58
278	331
227	250
2863	27
1337	55
859	56
228	16
208	3
850	107
187	109
1088	52
985	110
173	15
1379	139
3443	55
820	52
1884	182
1231	194
118	19
808	68
71	75
149	82
666	77
4053	91
1391	269
51	139
91	432
1081	46
328	245
378	179
137	65
158	36
1879	13
239	15
5062	14
610	476
1005	47
1269	33
1149	49
279	5
1844	49
178	138
236	193
308	17
350	81
486	290
343	370
1703	42
544	97
115	72
1094	176
620	23
474	67
195	83
3199	110
634	39
1579	75
1510	106
674	153
93	13
600	23
42	17
509	200
1713	196
1038	49
1145	5
1500	93
180	18
1246	53
145	195
1320	132
2567	89
727	58
469	49
247	30
366	18
329	69
747	5
296	7
603	304
450	15
84	42
931	29
340	48
850	196
664	70
142	19
4529	70
1108	349
1643	86
468	98
1045	211
1272	43
777	153
575	159
237	401
381	209
177	38
978	138
1221	37
153	108
43	64
195	7
203	29
1282	73
686	33
562	188
702	103
1175	123
1522	43
1333	133
662	60
180	167
1703	57
561	159
2140	39
820	221
1893	154
1102	342
301	47
6061	172
793	48
252	137
2693	7
4868	73
218	110
859	137
184	410
535	121
838	7
617	4
2089	203
1425	56
396	63
281	379
253	160
517	110
1162	48
338	33
525	58
832	63
879	80
684	18
773	233
2797	127
1085	28
800	114
65	300
1112	41
1077	81
1082	178
48	44
68	232
232	253
375	36
1482	54
267	4
392	218
1180	94
985	55
209	26
816	116
710	28
1471	94
1335	176
963	88
73	211
467	178
984	194
3377	239
736	88
842	164
1115	97
3829	8
746	15
598	20
725	36
499	180
408	100
1583	343
479	219
1745	154
1237	68
897	101
158	188
589	13
890	88
1351	28
1258	95
1653	161
213	156
361	53
1565	54
1878	247
586	107
3305	132
484	179
4666	75
1671	164
5094	4
901	101
925	134
521	74
2750	243
1496	1
1931	5
890	126
557	188
137	22
240	32
156	32
967	95
100	8
92	13
656	110
653	56
408	92
847	121
374	109
1450	75
1169	44
358	78
254	77
612	150
265	76
534	27
340	57
358	128
764	440
516	271
1380	72
1579	45
1868	115
697	235
2271	128
2621	143
3061	18
246	9
888	16
415	60
100	154
184	58
471	65
1865	24
654	4
144	18
292	42
110	126
2449	145
1065	133
39	118
1779	144
1736	45
1387	16
2808	90
709	28
1565	8
67	192
480	47
679	37
187	257
1539	226
291	193
1833	41
1081	36
1632	177
823	25
647	78
1966	167
157	2
1351	114
318	200
100	96
496	205
398	39
2998	89
134	142
682	20
2534	87
238	26
426	101
53	192
204	26
52	92
5515	95
4454	148
1623	12
202	77
348	205
566	30
465	43
1399	106
555	79
377	36
184	74
327	163
2531	4
450	12
1371	33
283	14
1716	8
1704	32
706	73
925	292
2202	48
1388	290
1374	100
106	26
1999	27
2446	341
576	92
178	40
1791	6
3392	24
1046	492
662	15
1548	33
332	193
2116	243
1558	80
760	235
2414	2
161	202
430	52
1465	46
361	229
845	147
1147	61
356	168
553	58
655	381
2265	26
1488	288
369	118
1947	130
499	253
1157	27
822	40
953	16
2055	221
107	139
1425	16
1533	189
270	49
67	29
520	94
404	304
717	445
1396	195
758	30
512	38
587	179
2848	97
292	23
395	149
3249	38
2455	54
714	151
638	158
396	29
251	20
1345	209
709	29
1275	191
600	58
1122	140
720	209
2029	74
442	228
683	244
102	90
4584	191
3842	22
1042	290
3330	40
1485	8
1410	288
501	133
219	47
3162	243
2957	81
496	12
90	31
70	184
893	99
462	12
778	66
281	266
1477	19
190	57
1091	48
1594	42
71	87
1599	42
151	141
2636	214
709	167
414	10
1428	65
581	98
490	25
576	47
1424	42
403	119
2240	26
965	40
550	237
3563	37
2835	93
4515	440
1188	132
1245	159
970	265
1323	414
200	26
1026	32
1106	95
249	249
838	26
1073	112
227	102
994	62
1390	80
189	49
1150	18
420	110
2063	136
129	19
549	60
326	157
159	142
1927	74
144	3
290	54
1169	40
766	46
893	36
325	281
366	176
1409	72
747	7
3927	92
2469	8
264	377
418	18
612	211
3152	224
543	232
2419	6
1391	23
862	147
312	31
469	147
342	153
757	286
641	127
571	74
715	6
165	10
2766	119
1482	25
302	109
611	51
886	88
193	194
149	368
2556	20
1323	11
571	26
155	87
1488	6
70	34
494	12
407	159
1264	10
931	34
488	102
399	60
1773	16
354	74
244	41
1019	98
1488	162
466	7
421	39
2172	24
1273	458
2030	65
339	229
362	154
227	156
217	98
203	69
1100	36
372	53
616	32
86	5
79	278
225	237
1237	68
131	49
1152	59
609	86
1804	4
1054	36
2004	241
84	430
726	552
987	98
401	27
2795	98
730	10
185	73
2495	52
1142	28
1441	25
507	48
1057	13
2608	66
5321	77
388	40
509	83
1650	65
3292	101
171	93
972	28
261	10
676	36
1120	37
506	120
86	26
647	106
104	61
693	101
914	16
739	9
1883	93
1580	222
1501	643
542	7
1487	77
804	50
768	21
3382	68
183	61
417	46
894	90
322	143
1196	168
691	126
2297	57
2494	105
401	24
865	57
481	65
90	42
175	215
205	36
47	67
44	35
772	15
282	16
1369	5
530	59
215	49
934	26
194	100
147	103
1237	99
780	315
709	160
1386	237
490	160
951	181
660	18
690	30
716	159
1925	196
705	354
488	18
568	95
1324	226
652	73
715	10
126	83
441	153
256	11
942	60
1570	52
372	88
477	170
125	270
731	22
1295	12
1101	21
1646	11
409	95
2046	616
865	6
277	26
633	123
1768	66
2010	114
179	8
168	126
167	11
284	98
1515	159
2349	160
1047	35
241	36
676	94
1609	120
1172	18
388	26
136	191
705	172
287	48
421	183
1121	3
69	73
339	3
695	134
954	159
3239	107
4844	22
2832	16
539	32
287	104
471	144
264	112
739	178
2825	66
1736	88
897	244
1279	11
671	22
2118	216
1622	103
552	80
1820	52
182	23
1511	279
1468	360
1079	285
1406	197
362	45
372	38
117	230
623	36
332	86
561	178
2078	25
201	37
1326	83
158	62
111	49
1470	61
534	117
830	13
96	26
1074	36
731	92
659	33
217	34
806	117
355	65
1387	23
2686	105
2557	4
78	133
2620	19
1512	18
1076	203
105	42
2805	85
1352	15
553	50
2522	48
4154	175
923	39
299	49
880	15
1909	5
318	9
155	30
1055	62
178	37
571	182
1563	6
1570	473
3608	15
759	133
3826	45
2982	64
1620	9
86	19
583	123
1276	303
1137	258
215	39
1800	29
2330	62
346	22
1419	89
152	71
3891	39
132	53
3157	230
846	31
1704	243
978	101
441	172
261	19
182	43
80	41
2009	5
106	135
304	501
472	49
3536	114
1032	51
4110	19
187	28
1036	59
1055	6
1782	17
1560	20
68	292
682	31
1008	70
1408	134
2827	22
938	75
1063	25
395	24
150	500
1892	7
430	101
1726	137
1509	207
2320	29
561	52
1888	109
849	17
1344	128
252	47
206	110
1736	164
2074	152
4803	115
294	27
476	70
129	295
990	843
1029	78
305	53
2228	377
1960	16
553	94
2246	7
175	1
1223	15
2514	27
86	9
1507	29
3430	19
2254	110
209	141
95	71
297	149
1941	23
616	67
1575	34
216	91
421	69
1360	83
1744	71
2237	41
867	58
255	184
1119	78
426	31
1229	16
715	59
325	196
1455	44
1390	67
586	48
85	83
4586	26
526	104
331	89
1568	32
563	90
441	42
3697	208
532	293
2631	168
123	147
991	15
1943	239
941	124
1646	151
148	222
1994	260
1155	25
295	98
203	23
910	79
159	87
1864	5
860	104
437	170
637	28
106	5
740	29
2373	158
351	303
1755	338
509	60
187	26
2769	27
2208	59
156	136
280	22
1777	85
2369	58
596	20
470	31
76	25
312	24
885	51
926	111
863	75
966	51
1240	189
4024	28
3182	22
340	74
119	71
482	110
3111	186
340	71
830	54
222	165
1696	71
372	62
188	96
296	49
117	40
3148	12
2907	94
87	25
219	136
1362	16
443	24
3501	113
586	125
1184	156
926	147
64	105
626	168
155	11
5577	16
73	104
860	69
1273	81
90	55
3827	153
474	280
2053	5
117	42
1308	31
691	82
1714	116
2765	156
190	71
804	40
770	466
1739	12
2933	59
950	189
264	52
573	46
150	138
805	238
720	208
1345	44
3656	142
205	190
1166	150
640	150
215	15
271	49
664	203
218	74
811	72
3448	41
2075	91
114	295
792	23
794	45
771	59
2358	21
815	26
1021	17
214	64
145	33
2876	139
1153	10
1430	33
596	34
2889	7
672	59
689	403
3408	77
426	33
471	48
693	104
94	46
1616	76
592	61
117	123
338	177
333	190
802	200
309	64
158	112
1113	39
271	6
67	5
179	19
567	34
5853	189
1022	10
735	23
491	79
469	100
5452	108
679	14
604	103
163	23
249	100
325	286
566	67
2340	52
1062	12
1090	15
344	17
4166	225
1272	142
530	123
1469	167
318	60
2852	40
139	329
1236	77
1514	322
242	168
770	11
469	111
382	86
444	85
1769	216
227	55
604	112
1409	209
744	61
293	24
1134	26
228	162
1329	67
205	9
1434	92
899	38
1654	27
815	5
1916	235
285	27
904	90
1306	38
1074	353
1009	252
177	44
398	85
74	207
560	25
1666	119
724	126
1112	39
387	67
279	42
49	59
585	68
649	126
2088	238
1033	29
678	431
245	31
1299	62
1057	22
442	224
1110	279
811	24
154	47
1814	151
1685	236
415	160
69	21
683	13
390	332
221	100
90	21
384	111
1668	6
692	5
1528	4
487	69
809	104
273	55
2033	26
2218	94
1365	16
1243	42
623	18
1007	8
318	37
1612	16
2118	26
1587	8
3312	54
823	141
353	62
614	108
285	42
1436	11
2478	67
142	110
2628	41
127	57
794	102
583	6
907	43
1643	90
746	30
440	42
398	399
819	181
70	123
1058	67
400	159
96	214
148	47
1620	7
1648	102
132	20
1283	96
176	100
778	4
946	14
2958	189
266	39
915	163
128	202
3065	120
3736	310
785	116
565	107
840	21
3275	126
1021	86
621	61
1097	101
438	29
4289	758
201	27
795	15
991	12
309	119
117	35
1954	33
181	264
1312	63
125	162
631	67
1500	37
775	126
396	20
1719	1
186	17
285	226
622	159
2124	68
2052	19
679	160
819	73
122	37
144	9
258	51
1304	91
1296	147
207	64
1975	125
727	90
84	49
830	119
2650	3
2020	67
2564	123
651	55
1558	49
966	96
2101	163
1348	117
808	54
259	92
73	190
763	123
1301	129
3487	30
156	10
316	14
343	236
1043	2
857	9
976	34
2562	89
1038	72
124	70
1467	67
160	3
2104	20
1149	88
434	222
703	15
1102	138
284	61
1329	309
99	217
2171	180
579	236
3364	150
496	11
1057	104
421	218
1586	41
192	13
293	5
242	1
130	7
1483	82
550	30
1441	101
563	67
1362	170
225	506
1463	188
631	39
1114	182
1985	74
1176	53
197	82
209	37
1650	5
147	107
945	11
810	236
154	60
962	303
459	107
414	60
1030	166
2368	149
1066	83
2189	95
2022	1
1199	60
2417	82
969	42
324	90
1063	73
524	309
1255	64
140	527
1082	74
5311	197
2921	331
754	55
1098	141
801	95
770	1
119	22
1727	60
1017	39
104	6
1077	19
1049	215
2227	48
175	17
320	44
2419	9
2391	55
1729	55
193	93
2702	22
460	102
359	73
6568	11
345	328
224	66
805	2
1187	104
2596	93
5894	52
928	68
1685	71
334	169
436	61
603	82
123	41
1250	253
2292	32
1216	22
219	94
5240	23
1659	223
139	219
2845	7
296	80
822	13
974	327
91	187
718	8
1294	114
1270	115
1518	83
1295	204
965	81
841	11
4460	154
361	110
2474	36
1536	4
664	48
126	13
1125	7
519	38
482	153
2095	173
260	111
1064	79
5360	193
959	161
831	52
2178	152
1557	57
491	199
1573	3
452	111
3922	56
499	48
1393	475
780	441
736	330
2051	18
2363	175
3118	47
1332	122
1437	146
10232	142
579	120
3080	21
1305	11
583	129
210	4
935	1
946	69
101	36
3378	5
558	183
616	110
562	285
683	15
544	123
749	53
741	51
293	180
368	224
480	39
1049	2
891	7
533	148
466	140
521	320
936	79
2737	86
1319	42
96	107
338	19
2405	94
2345	148
48	224
5438	39
914	1
1768	207
220	89
1087	88
2864	3
1215	8
1806	26
2737	194
271	60
1905	172
2202	19
1474	52
384	287
498	85
894	62
203	313
1665	15
1124	105
296	169
622	23
985	59
1323	5
740	146
886	79
149	29
2163	194
1232	47
1941	107
2918	14
236	199
1395	15
265	520
2079	101
1482	317
1108	256
339	19
778	27
552	74
209	2
132	86
2063	166
1225	9
130	54
642	86
351	58
1069	14
806	140
1832	41
2976	57
1431	326
1355	93
4144	107
1909	292
223	296
498	32
305	31
231	58
3904	49
473	156
3267	73
707	48
2466	62
216	73
317	66
1538	23
165	107
238	144
1092	31
194	290
1252	60
558	25
1060	3
520	248
421	40
181	27
608	69
294	37
249	13
538	61
1781	1
82	8
110	123
866	186
999	63
268	152
2865	23
177	317
258	44
124	60
189	7
1779	32
3143	40
419	18
240	150
190	27
397	34
2074	86
2076	40
2149	25
1875	15
2886	6
2319	480
102	445
994	209
1924	4
703	79
271	212
4410	14
1189	32
46	63
272	61
595	38
441	105
87	3
227	389
555	92
150	159
144	11
274	125
1826	288
623	58
369	16
76	25
91	121
156	7
1348	79
599	224
538	89
992	177
2625	4
1361	100
442	88
529	84
2402	49
340	179
1548	85
4015	188
86	65
321	103
670	284
241	143
1389	49
503	11
861	226
52	18
1151	24
687	155
375	55
1844	196
252	26
815	337
677	82
127	27
742	137
694	32
2515	33
649	164
2015	150
186	62
4839	158
2172	131
170	16
1779	20
418	97
261	243
296	282
1255	113
1507	6
715	5
607	85
1753	57
2915	86
560	45
2272	79
111	228
749	248
1376	81
851	14
1227	305
272	16
152	124
125	63
1525	39
1769	160
982	62
1097	10
335	10
179	42
461	55
1940	130
419	66
338	66
1876	192
1273	96
425	263
179	95
534	79
1766	26
865	3
540	16
778	119
550	142
570	10
1347	107
678	157
3091	111
1486	206
745	143
1222	117
76	235
932	93
1196	119
3041	3
2023	105
1642	453
347	51
684	54
304	66
529	131
1034	9
274	234
3697	21
200	40
738	651
110	353
350	46
951	161
1218	144
273	52
81	52
1354	11
120	16
327	19
762	42
1585	14
1717	25
240	57
1140	113
143	63
996	82
353	107
1236	30
1060	120
2880	48
766	131
138	97
603	47
2022	131
602	16
687	133
1399	31
834	133
2186	76
1764	31
306	191
2090	201
152	84
405	100
1863	207
832	48
1583	207
1300	69
2546	96
217	87
251	248
1407	48
381	65
950	63
2016	42
1786	337
1730	96
352	74
894	41
1444	33
149	4
416	120
856	37
2461	2
2834	35
942	138
2411	335
1317	17
385	162
1062	42
633	85
1532	17
337	191
744	170
182	24
115	35
172	102
538	88
107	161
433	12
1015	131
3417	95
1202	134
3491	81
351	50
1900	105
370	233
2514	5
452	27
843	30
375	99
690	122
2262	54
767	81
1712	123
2305	140
1348	25
1048	16
780	102
93	53
817	19
1133	33
149	36
2303	284
1485	63
823	488
222	35
662	19
973	83
3190	30
787	314
293	35
851	88
232	21
1188	45
1503	236
1727	23
631	46
483	191
258	213
747	145
79	197
2061	34
416	237
269	74
1068	98
223	134
507	105
680	281
3619	581
203	249
3266	36
3187	153
1102	60
501	8
995	45
71	17
1878	188
405	86
1341	18
153	85
260	217
617	40
128	54
897	29
1189	126
2896	31
2725	73
486	58
214	87
918	117
229	6
391	358
354	34
314	34
1232	45
876	7
252	115
3563	102
3257	222
662	9
1015	30
178	19
288	5
1388	14
84	199
1084	15
1519	82
757	136
520	126
2687	38
141	37
1611	83
1043	33
528	98
610	209
1451	117
1396	34
303	173
279	108
873	37
3414	8
300	398
918	312
279	221
794	111
361	136
809	161
3303	31
301	50
448	82
1375	28
695	74
710	291
457	58
855	23
411	41
1751	1
3554	42
1581	24
309	160
340	75
3593	102
366	162
1465	28
291	49
1421	110
2811	33
235	563
2001	14
338	19
110	23
1016	41
2573	210
376	181
185	75
157	24
388	17
295	15
1178	91
268	5
913	7
1058	174
708	10
1465	151
2570	104
723	28
1945	253
659	161
207	160
455	15
1166	36
1604	381
1908	44
931	125
800	62
2384	107
1175	39
453	481
440	75
237	209
2126	314
2461	97
211	272
1630	29
1339	55
209	32
873	18
205	126
345	76
509	166
1258	207
280	54
287	19
314	71
186	45
925	76
1111	47
443	229
1585	23
728	11
228	159
62	75
950	57
973	166
709	16
1790	421
3769	4
2583	130
981	30
694	379
363	135
1492	92
742	93
982	31
112	175
1289	66
425	81
124	14
1449	40
1006	45
1195	191
1754	150
287	66
163	135
857	198
2083	24
1645	92
151	27
1942	13
1313	170
573	53
523	124
1461	160
1772	76
365	49
875	27
1171	156
1520	16
755	353
2084	114
480	158
109	56
862	55
409	581
168	112
644	76
1501	36
2450	38
1883	486
403	6
2048	31
76	208
576	98
1164	56
674	171
299	157
1501	194
375	48
418	59
740	116
2812	62
607	24
84	47
680	258
1461	42
1004	25
764	16
577	35
283	79
969	69
259	28
1081	347
867	166
299	350
254	133
1166	217
239	142
993	20
124	23
641	51
2202	1
525	34
2413	107
1601	7
1083	27
1765	83
230	63
745	98
37	104
664	560
3233	50
50	41
134	245
1125	63
1560	120
485	1
2056	41
764	2
879	1
291	146
3828	130
463	53
629	88
2119	18
1252	204
579	162
782	55
1164	23
1365	73
908	83
1752	433
708	31
578	32
1271	23
903	4
1374	106
599	149
616	11
146	439
646	9
1630	29
2353	27
299	94
847	25
807	262
168	1
250	29
1159	24
731	73
573	174
489	70
618	13
943	82
2041	214
3213	10
347	56
1698	10
587	47
3076	181
607	258
743	21
906	187
785	142
266	105
749	25
1306	255
1526	15
340	5
2345	15
987	102
295	105
2370	13
1286	1
392	136
588	162
206	1
755	66
222	43
461	139
1106	19
625	19
2123	19
264	4
223	189
727	27
735	156
1225	233
565	74
1221	76
1128	95
478	30
45	50
1019	28
3240	235
1602	1
599	103
1031	73
1920	24
1181	253
6343	24
1346	292
151	82
567	46
370	165
86	450
863	12
83	149
3974	10
2302	86
1225	188
872	59
744	54
478	49
1899	173
751	88
1202	9
2144	30
556	208
961	107
526	35
2378	122
2881	102
476	101
620	43
1177	38
490	237
876	1
103	52
351	128
651	126
367	75
162	53
377	98
1507	207
806	43
165	92
1736	23
1207	203
4106	5
829	10
399	276
1055	223
907	3
83	106
1780	154
183	9
360	37
143	24
3563	136
542	10
3669	146
77	33
305	472
665	103
80	591
3352	144
1055	30
2106	83
122	22
1488	16
654	143
1248	41
1843	61
72	158
1534	21
762	18
1615	164
593	216
1454	15
134	5
1334	103
3483	75
415	93
248	236
1078	10
374	6
1171	339
430	134
812	163
694	211
1224	146
1194	20
822	146
192	40
105	351
437	156
1716	108
748	21
780	266
629	9
348	12
677	73
891	26
2642	34
503	168
1204	153
721	72
1640	17
1702	49
447	116
1024	378
1313	19
219	314
1323	167
148	212
772	100
81	274
4934	57
582	53
537	53
129	179
2629	108
603	53
1926	112
2443	80
1227	215
500	118
2243	102
992	31
178	109
220	45
877	70
1990	295
1651	217
380	41
3119	97
1806	43
5054	268
427	45
1866	85
477	19
448	100
118	29
1299	86
2059	259
1050	40
196	101
792	103
1819	14
1929	106
773	75
3178	326
186	84
91	28
360	172
1643	3
671	40
324	35
845	52
1776	170
6542	35
409	93
1263	54
582	230
749	89
674	156
339	9
2141	4
391	158
3650	215
3976	63
588	185
123	6
144	19
720	52
409	60
861	266
416	60
539	7
331	122
331	132
1376	41
238	149
1324	8
151	97
969	6
346	130
382	10
460	60
737	37
408	19
3641	330
294	190
534	234
329	148
839	94
666	78
1016	109
529	137
2565	583
2149	57
482	191
1525	201
638	65
619	78
488	131
2199	16
486	18
1414	73
524	159
1438	13
1270	1
496	66
692	14
76	186
590	208
1737	5
1791	64
2872	33
3356	29
460	72
407	49
705	119
189	91
1674	38
1949	45
1196	166
288	107
193	82
304	84
933	60
928	96
707	359
401	170
826	119
106	39
519	76
292	3
354	7
588	60
604	10
1304	99
210	14
1625	41
187	139
683	99
2038	12
117	2
516	115
518	82
2506	157
400	379
1378	199
365	148
2652	205
306	178
514	16
1069	2
692	76
369	28
4450	159
344	26
370	169
1678	1
104	101
3206	41
2483	48
7155	2
1045	23
425	236
174	27
1234	109
946	33
1070	152
310	125
1300	81
509	38
354	6
1278	42
423	77
1016	96
1074	18
346	19
658	121
3031	335
403	46
364	33
1418	174
1594	3
1022	80
1467	26
116	316
1567	48
1228	198
305	209
1336	1
578	6
659	14
838	1
2223	112
111	2
632	57
318	4
2490	167
1610	169
176	103
996	26
1665	105
2680	228
83	93
298	164
2353	98
652	24
233	192
1308	59
161	195
333	35
444	89
575	25
362	21
454	63
127	131
871	79
144	72
931	68
1785	65
1776	144
3084	122
2146	38
1701	31
984	14
559	106
705	109
176	47
2031	347
1088	94
233	24
1371	30
1518	43
301	124
283	62
280	144
726	118
398	123
91	426
4839	23
1577	62
159	76
603	89
2447	181
328	82
787	73
1473	215
181	275
517	3
176	34
586	192
426	108
1333	205
44	25
184	36
712	277
2404	267
598	20
460	47
797	126
113	57
1467	37
429	37
344	357
623	64
4802	12
431	36
303	10
1423	66
1758	63
717	80
449	26
469	212
591	32
895	13
776	295
396	180
1198	20
1360	87
2016	113
1130	25
1211	63
252	121
479	26
260	162
2682	170
587	11
512	4
418	103
1096	35
778	76
384	5
813	174
1330	8
1831	61
1266	322
468	67
1053	16
732	29
2391	132
200	3
5188	39
4176	130
275	91
1691	29
702	91
220	109
482	231
1891	5
834	90
1827	21
1179	169
585	110
1742	203
890	22
979	140
403	66
1181	37
1348	5
1356	56
317	219
1306	9
506	47
157	30
1564	12
1515	12
811	85
526	10
96	179
1062	100
886	79
2049	79
229	5
1283	184
725	5
449	68
66	218
433	24
645	182
2556	150
684	229
2679	43
2896	174
1130	112
827	54
3919	79
203	4
265	35
820	103
2662	17
2074	39
144	44
250	63
104	211
1287	37
818	176
2585	71
144	241
867	75
521	24
1492	95
2695	120
145	219
1804	24
347	65
600	46
1193	74
244	222
365	44
289	62
148	28
2017	292
1797	7
218	33
302	43
195	279
720	4
89	146
1063	57
1467	45
1576	11
1566	100
341	34
2219	12
436	46
1604	97
989	1
863	13
390	48
118	271
961	123
790	34
864	30
297	16
238	49
2418	497
406	12
1635	114
2131	47
1200	15
573	30
297	12
572	152
377	7
741	69
448	371
690	227
726	109
229	35
452	28
2402	38
502	182
466	45
600	23
2097	100
1121	129
38	98
1030	25
1537	123
771	55
224	38
370	774
538	22
396	118
233	173
1177	143
292	87
1041	94
224	66
363	3
1295	46
492	397
1508	57
2148	33
2604	39
1707	42
426	15
1050	150
1849	117
272	23
1266	144
169	225
114	138
632	67
411	348
3871	74
136	47
508	3
4327	40
1317	113
1297	50
3094	29
139	7
497	30
400	47
680	53
1874	2
476	18
2818	20
831	185
670	51
914	45
2508	186
1521	382
181	43
821	129
541	212
1984	78
616	134
751	43
463	81
422	192
586	205
694	39
611	193
1762	91
1162	101
1895	72
58	119
1102	75
3914	54
815	1
700	47
1098	57
3064	105
873	65
1582	314
1283	7
2882	61
2440	174
702	87
342	53
226	24
1050	7
111	108
283	186
753	16
383	13
345	65
532	31
786	13
430	31
132	457
1300	79
1387	222
1479	191
785	8
738	73
464	44
3537	3
1371	71
210	98
211	40
1280	52
1669	191
1162	66
1095	18
192	46
364	254
2644	6
177	87
822	90
616	293
858	17
3543	99
213	466
74	68
436	21
541	57
1829	47
54	8
186	32
1612	157
527	53
662	69
845	70
6645	58
1237	25
2284	74
40	15
1237	301
2275	95
1721	171
1325	11
1010	92
2576	79
427	16
523	74
258	182
142	47
401	34
510	70
476	389
820	38
1102	81
63	67
1524	35
218	45
5193	14
1382	195
246	42
3461	322
660	22
434	52
2285	118
1233	5
277	50
1292	18
2721	78
1246	104
291	170
692	13
131	190
775	105
256	14
2836	26
1545	10
602	67
134	222
378	10
367	4
390	45
422	82
711	40
2159	34
898	124
433	99
894	249
2340	16
3443	42
2464	139
255	27
1893	296
1259	136
960	104
177	76
417	209
195	160
126	17
725	65
416	192
2446	74
618	31
282	2
110	145
1217	107
1037	8
2428	9
702	232
4337	2
709	22
734	125
515	48
197	48
412	112
108	71
420	97
1083	214
213	21
203	27
195	41
158	91
132	79
47	112
296	56
1944	163
492	39
529	167
1435	6
941	62
2336	47
1403	40
2461	117
1739	35
632	106
2635	198
343	29
840	93
1545	222
1534	105
340	305
80	223
113	13
439	103
295	111
1253	4
262	4
282	86
3397	80
1399	227
1456	42
889	117
171	49
3135	33
96	77
816	95
933	61
1299	12
217	12
873	226
651	40
895	11
1818	4
120	59
852	134
98	32
528	491
1056	70
946	39
293	103
406	121
470	12
989	46
1398	181
670	321
565	324
4497	135
668	68
2391	56
424	13
774	17
621	149
154	23
1183	276
2735	12
568	117
2739	34
735	32
483	65
1185	188
1294	278
1241	149
1181	79
1120	181
817	40
2183	87
1436	159
323	7
1300	185
817	66
3012	118
109	172
727	476
1196	45
599	25
2054	8
83	361
89	131
1290	231
2638	7
157	278
1218	103
1168	534
535	143
317	98
731	116
818	137
502	47
845	35
984	300
2825	51
189	119
723	57
5690	342
746	276
1172	283
1459	27
353	312
297	80
1539	27
4443	69
950	103
465	77
2109	123
771	154
409	19
1337	214
1036	44
2166	98
1130	377
589	271
1015	384
1160	79
95	19
5426	31
292	64
626	212
511	26
669	13
329	119
2488	153
259	50
145	291
318	106
65	100
1160	55
391	110
673	57
948	60
377	38
866	81
83	158
1270	72
148	2
2495	213
57	184
2576	86
772	36
987	75
145	205
866	9
404	33
771	50
2709	255
554	94
415	205
881	62
504	59
2311	105
411	13
814	5
2473	8
3288	172
707	70
117	85
432	105
1757	65
275	53
223	8
847	23
180	62
248	107
190	22
729	183
456	40
965	53
259	150
868	40
699	215
1890	35
411	85
978	121
161	97
895	45
489	2
531	22
186	213
3434	225
586	92
952	102
631	23
452	55
164	209
1470	106
378	7
710	220
987	143
1369	150
3721	18
962	103
508	203
481	48
1926	18
363	100
1322	9
486	94
268	45
1094	22
2322	28
186	18
264	622
368	53
3035	98
226	41
1837	62
304	315
84	161
318	36
1845	162
273	68
308	84
427	32
396	65
1141	102
546	103
496	47
120	121
360	46
850	79
125	60
374	32
961	709
1047	356
2778	345
1070	70
1904	129
369	30
877	32
591	55
158	72
1296	58
578	258
600	24
901	57
1310	79
227	10
423	44
968	295
3601	17
261	287
122	124
2453	7
494	20
680	55
2367	32
2867	117
126	60
1727	315
978	18
535	447
148	6
1352	58
877	41
1826	167
1934	9
324	458
1417	42
532	75
2026	98
834	104
1788	22
1045	53
2704	45
534	239
1842	36
1540	122
114	38
795	58
2101	22
1289	55
1164	42
1773	85
2164	7
498	299
728	41
2663	123
2132	20
2036	20
1410	200
490	9
3723	107
478	21
952	15
628	37
1175	197
1072	6
335	42
446	78
202	98
1549	56
585	225
83	35
268	257
988	45
2630	313
485	302
1326	14
2247	48
1185	126
396	46
2129	203
1029	22
652	1
938	22
120	79
3057	97
1697	93
681	12
859	257
326	73
822	8
879	5
46	4
474	288
570	178
213	4
1242	5
1081	82
1377	30
294	25
374	74
433	164
180	107
1841	220
669	44
897	4
394	72
257	119
2727	157
95	47
4133	17
1610	260
85	12
951	8
375	20
253	394
629	71
3608	74
1025	4
232	9
851	240
125	82
1286	37
251	101
240	46
361	101
1524	92
136	14
1367	154
1323	2
1732	34
1926	330
586	88
678	210
234	19
663	225
4179	69
659	5
763	86
1509	69
177	73
1337	22
1257	8
983	24
334	314
176	127
2877	8
1128	399
2118	125
541	62
1537	403
292	285
605	29
1544	24
929	44
115	106
163	197
1188	52
226	14
965	49
1132	108
327	191
72	45
304	177
574	134
1794	84
1673	103
2130	246
1853	78
81	102
160	173
1212	35
625	7
710	73
782	11
1185	40
1274	66
3594	90
355	84
2170	228
3541	68
616	95
87	8
85	122
893	48
187	9
299	157
2814	35
79	76
773	91
2239	271
840	49
575	116
912	186
439	23
237	232
522	79
2237	76
771	3
1110	30
2482	234
1670	5
353	130
511	91
357	17
489	57
889	3
615	94
5264	34
1313	49
879	161
95	51
953	38
883	79
77	28
1921	27
986	43
213	24
607	11
276	189
712	63
261	365
329	295
1826	97
1966	199
756	27
1167	249
2347	19
1739	10
452	81
2230	127
5433	159
494	19
675	95
1514	9
1899	105
446	136
1022	10
708	193
184	192
134	56
1509	48
128	29
302	7
2082	278
84	28
931	70
177	12
308	116
316	3
928	48
251	309
196	34
696	5
496	29
950	13
978	52
637	79
1299	142
506	25
2885	9
873	282
2412	108
709	10
643	148
945	79
2232	44
733	465
2214	40
266	34
393	22
1090	63
1458	161
1501	52
454	35
2693	170
4716	44
173	77
349	30
628	142
1490	77
442	433
1595	52
1240	151
315	5
543	130
321	51
2956	193
71	21
377	152
562	25
3131	416
385	381
199	120
110	22
2434	92
3017	14
1533	31
957	315
689	550
1210	56
1355	130
360	37
3570	75
73	13
2501	35
438	29
244	41
1167	11
2915	8
1697	60
4174	167
211	69
584	46
589	45
1233	6
1890	76
1352	32
33	56
138	15
247	4
1108	36
2324	1
204	88
1009	59
2126	9
753	13
2178	273
430	9
403	324
201	70
154	127
384	48
356	208
1160	30
124	91
2116	17
2776	26
184	119
551	7
1467	79
1549	119
1244	75
132	48
1483	64
374	70
1048	68
3157	40
682	3
291	198
151	143
1106	20
2487	1
1111	38
788	156
241	368
1025	65
552	153
279	73
966	234
854	58
229	33
1845	4
2261	68
5434	56
1183	95
314	23
284	23
1416	124
1459	22
421	42
1004	206
336	124
1063	16
1933	256
1456	36
3045	48
196	184
934	1
414	215
443	5
2582	64
56	111
128	107
237	85
86	83
502	595
3125	222
1244	166
777	104
1584	14
283	91
694	93
1029	52
791	20
355	274
621	96
673	4
1351	49
1063	4
2812	105
2075	143
100	38
389	54
151	94
3558	156
293	63
680	76
65	65
3574	87
1212	85
647	82
1392	201
760	173
369	27
1609	109
264	39
284	123
2052	112
1976	369
2356	25
294	3
64	207
700	59
895	119
1653	107
1372	207
1540	443
781	31
433	122
442	44
1825	63
2916	47
115	64
1661	37
1007	234
1206	198
304	153
127	13
40	21
439	5
438	54
834	114
627	65
1513	116
387	9
67	41
749	141
394	25
404	2
76	505
167	94
422	219
401	122
886	131
1756	298
1136	57
1564	60
382	662
1191	38
297	17
378	162
651	63
1992	107
288	44
295	95
299	111
828	107
1112	75
327	74
1715	179
2676	204
433	224
274	121
1273	34
285	52
394	43
477	136
186	282
113	92
89	320
822	269
3529	158
558	177
129	137
3483	100
642	239
4858	240
391	30
3198	46
316	60
3402	113
1269	67
71	38
172	33
1355	10
389	26
626	141
416	11
1685	3
1527	109
389	12
1676	59
1922	21
152	262
206	66
526	129
1433	69
354	14
339	347
1877	2
134	43
2245	19
721	7
1690	37
1643	41
277	39
4415	3
283	42
2671	168
40	193
2707	72
238	20
445	31
826	40
1815	20
618	45
2463	113
252	56
101	11
683	85
1068	200
460	40
838	315
907	385
1524	43
206	6
4489	100
1076	74
385	87
476	65
328	33
920	10
255	32
250	39
434	180
1175	62
1196	48
924	114
1821	99
418	24
446	14
371	459
350	11
1693	194
767	43
1547	70
2698	17
2953	55
1121	243
1637	111
122	83
1362	5
4933	476
418	9
957	60
1977	46
409	327
112	40
476	98
868	338
1365	105
354	325
1348	21
2559	183
448	69
226	90
225	9
298	66
1581	409
250	45
200	176
284	266
1373	4
990	229
1469	26
668	308
975	129
458	64
2029	241
493	1
133	79
240	122
993	6
85	272
523	51
134	51
185	67
2061	45
475	79
468	204
1832	38
3300	82
53	407
204	94
715	64
1373	341
51	19
112	100
1662	43
345	209
1453	191
1007	144
1102	24
227	45
1690	173
282	98
945	18
259	60
878	29
1247	13
1362	30
440	131
155	81
252	134
1992	111
561	23
338	355
463	126
1033	112
472	27
979	195
589	99
296	16
3503	66
4434	12
1364	123
1033	180
841	128
1226	55
2216	136
165	73
720	34
571	23
1038	55
273	38
58	262
240	301
551	61
788	8
1292	51
395	8
584	271
57	43
1447	2
1041	13
87	75
3782	156
799	27
63	26
649	212
839	143
1386	65
1030	295
789	38
281	84
4871	48
1940	148
1201	230
1680	29
1087	223
158	7
715	144
606	249
732	7
389	88
475	182
1902	119
1254	170
1366	313
445	118
554	272
1356	34
341	40
53	299
1053	153
510	143
172	164
318	47
177	103
70	219
168	218
5376	55
122	78
4940	77
1128	102
483	83
235	326
1908	207
498	507
508	42
484	16
1183	69
284	63
334	59
160	204
256	88
53	206
470	100
470	53
928	27
641	9
109	50
2224	99
689	65
1033	25
2362	162
303	140
279	182
138	180
292	57
160	168
2696	103
5481	32
469	21
728	237
1859	8
1411	310
2835	27
1361	130
478	179
454	25
1925	18
5035	14
1038	163
1837	181
3132	150
289	97
839	56
80	98
72	104
282	33
1113	116
487	98
761	13
818	20
276	32
1188	147
1044	312
812	153
906	238
1785	26
2872	156
546	150
130	151
273	26
8682	161
511	102
808	73
2191	121
921	197
2343	386
1583	20
1807	84
71	14
1565	23
323	38
564	71
1132	35
1049	264
517	157
555	55
2707	32
688	348
352	41
388	75
2380	41
159	122
210	114
198	195
456	90
235	41
521	129
205	32
1190	206
277	11
242	183
1030	336
68	26
594	130
98	222
2015	85
104	1
727	29
1789	146
1347	177
2540	219
1217	120
1505	72
824	138
1418	45
373	60
190	2
1487	38
748	88
176	13
1147	29
265	12
435	152
770	29
925	37
94	201
1205	239
473	38
855	21
1579	405
919	14
1045	116
1564	2
334	46
194	120
2229	27
1907	12
708	209
1549	23
337	176
4771	72
241	111
595	268
676	47
2279	417
638	5
219	59
328	6
523	22
1590	27
414	27
1209	33
1795	166
1015	80
412	1
1123	51
730	20
155	51
1350	71
779	182
210	32
1331	7
305	8
2757	65
1009	212
2371	10
5089	92
1395	97
1548	45
292	25
509	38
1410	265
485	142
998	7
1856	223
847	178
2122	195
1788	33
208	54
861	266
169	109
1556	6
963	184
816	170
1791	1
613	84
252	4
508	138
408	16
793	398
671	36
480	398
411	31
1561	37
443	37
2639	37
1519	318
2277	30
1105	6
673	172
610	64
807	37
1554	33
115	55
508	33
1172	7
515	39
2083	97
79	224
176	92
2255	6
189	43
354	152
212	42
106	166
461	106
1588	4
340	373
566	11
1011	32
117	82
549	3
3589	140
406	6
720	88
2406	217
134	18
924	3
441	47
171	92
3110	53
337	366
1058	65
1869	11
169	52
478	111
484	218
127	75
187	89
317	9
1198	48
520	99
1762	62
679	129
138	54
1234	20
213	186
256	305
737	67
112	165
1345	11
3183	172
1606	49
1611	76
676	61
490	7
3001	147
902	26
259	152
1236	112
252	38
2390	91
310	124
1599	290
1938	115
961	369
1927	145
1399	27
2805	62
1687	80
1763	45
71	1
1056	2
124	470
2578	162
1453	31
1384	155
518	130
1962	285
1461	175
431	100
782	5
1193	236
142	52
431	407
599	54
321	10
1214	29
1558	25
522	32
115	11
327	37
468	87
1724	128
545	187
559	50
269	38
230	562
282	47
2207	17
179	18
273	40
192	114
288	34
345	206
4483	73
319	22
90	105
966	39
1918	31
534	143
2217	9
612	239
1601	541
1582	45
1172	62
99	187
2606	106
637	250
970	3
1533	39
1661	2
1630	127
935	444
939	213
1126	266
1765	194
387	18
55	92
1171	37
2204	112
132	45
2104	210
1311	7
885	21
521	387
1480	157
834	60
3059	27
680	47
79	92
1954	265
355	11
571	13
2164	10
213	69
2648	45
192	117
322	7
1713	45
152	22
356	61
789	73
5375	45
158	49
482	140
414	3
563	189
1621	159
702	73
56	7
391	40
363	14
1161	26
292	101
111	72
681	17
2619	20
621	7
700	4
383	52
425	8
62	152
316	56
551	282
1463	220
358	20
1951	66
1176	578
592	102
255	5
1917	477
322	74
171	5
1320	724
1478	54
1170	6
691	92
2335	36
833	200
680	98
101	249
323	119
1596	192
432	1
1244	101
934	70
798	150
668	21
2402	265
1095	380
219	163
1408	93
248	137
1003	11
464	174
1990	188
104	11
2528	76
170	12
489	310
482	227
2523	86
877	3
1227	322
555	96
259	123
100	13
810	406
2485	168
648	270
468	86
374	37
128	31
399	300
717	64
1444	1
1176	108
1285	199
664	74
86	68
440	27
3415	45
679	167
184	212
992	106
2078	158
346	17
1432	36
965	178
101	37
2752	76
106	141
183	189
2255	313
4264	236
446	14
111	83
1255	40
1036	48
190	147
183	197
1039	209
524	98
733	12
510	591
254	8
819	125
55	132
259	124
164	59
934	16
1157	44
408	58
290	10
975	10
2739	34
348	94
790	169
425	80
2817	223
762	74
280	52
196	50
696	15
944	334
1956	17
1007	89
1182	132
1104	172
218	41
1540	1
231	217
574	14
879	174
186	81
837	142
1123	184
100	252
2367	14
697	103
208	30
1203	174
2429	224
92	14
821	65
217	24
581	96
360	56
180	20
2568	71
1762	405
1146	124
192	28
723	68
333	2
684	36
123	16
603	100
2367	84
2640	234
2460	99
1328	7
608	6
2286	227
161	33
609	147
3287	115
673	25
1290	34
493	164
2055	118
129	98
2127	123
69	108
310	303
127	31
704	79
330	177
74	652
1389	152
205	667
430	92
851	34
701	17
1318	248
1145	161
601	10
743	162
1417	22
306	76
255	15
122	104
693	44
235	175
413	21
519	31
100	6
1295	57
1765	22
755	8
498	372
425	115
460	99
633	158
2485	11
2076	182
1431	56
2411	53
4046	134
596	43
1327	16
164	16
776	34
265	80
913	165
1081	2
830	73
362	194
323	89
1383	61
1578	201
1363	26
273	167
232	37
2689	285
583	26
1938	91
233	30
386	308
178	17
567	154
929	104
6429	248
2013	215
517	120
513	1
2120	208
1048	34
748	15
1375	60
146	22
1729	18
2578	23
85	267
920	27
110	26
859	105
380	111
685	88
503	7
1103	25
1804	59
1461	56
3720	77
213	28
1989	431
314	353
2945	62
654	67
274	174
376	125
3681	75
159	345
204	37
238	148
373	53
1371	170
1914	147
1114	139
93	48
1774	28
900	86
2315	3
65	365
722	10
3363	146
959	71
1663	87
1471	96
157	71
1466	14
820	26
5998	6
154	73
2293	446
181	211
2178	4
855	9
1699	213
150	95
1981	47
3415	251
743	44
2686	6
166	13
1216	2
1492	341
683	177
470	107
1857	82
1192	327
390	38
1554	42
574	5
721	30
325	95
679	76
3437	204
321	335
129	119
426	437
2750	97
651	9
575	2
226	37
483	51
100	70
104	22
567	89
929	103
629	178
671	32
169	377
184	114
2945	27
171	66
414	128
3011	24
2411	50
1449	64
666	4
91	27
281	27
2219	112
1033	47
1806	81
1247	53
2838	68
694	308
1318	16
1066	13
621	159
907	17
584	112
2517	259
1054	357
2066	18
1228	224
95	1
314	22
351	15
1231	24
1350	149
307	35
1227	106
606	25
113	169
912	136
1358	24
149	71
1401	23
2467	3
134	81
218	96
955	16
1984	48
3823	57
1058	61
3553	36
500	87
263	80
187	207
3605	12
427	184
1601	90
1270	129
293	13
1086	443
121	442
602	14
1748	223
97	311
184	27
255	231
93	155
165	109
348	264
56	13
692	162
335	26
525	62
510	157
2517	98
441	157
1305	25
291	143
85	49
2086	40
403	18
613	89
117	42
1371	217
823	123
160	139
756	111
101	202
1097	145
491	238
2037	38
898	292
2938	14
1212	156
1500	70
93	46
820	119
2221	179
2271	11
4555	13
536	393
309	43
728	96
206	249
1984	61
230	25
1576	30
103	234
830	240
1241	192
334	20
602	147
3125	40
695	113
63	150
797	14
743	46
821	61
680	8
750	118
1654	48
2573	86
527	61
1517	5
166	38
92	31
121	8
305	39
304	18
378	66
342	9
389	28
199	100
105	61
170	25
329	67
353	129
2987	1
2072	74
70	160
2092	103
84	84
844	44
1625	209
992	30
1932	9
727	77
370	63
121	20
884	73
4446	28
51	23
371	47
591	21
601	2
1780	178
538	284
1338	21
1873	3
400	78
356	111
378	37
792	49
505	81
1336	58
668	71
1609	50
3093	22
560	29
330	211
4022	9
179	29
463	36
532	114
118	145
1351	93
1724	58
517	47
178	164
117	250
468	474
2360	171
496	94
229	24
1206	61
796	8
218	48
119	222
122	33
878	46
727	23
5016	138
1670	15
59	116
666	55
2438	402
1299	33
1111	198
1480	212
1540	42
454	103
478	111
1280	11
313	20
100	237
988	240
1043	71
1728	490
1161	124
215	58
1495	101
278	46
305	52
216	21
394	105
1965	50
2716	124
103	197
1540	237
632	70
1119	267
194	123
2169	78
930	75
1601	28
170	125
1442	61
1002	2
1347	53
934	29
1155	138
1338	140
175	17
417	16
263	76
1739	683
190	20
325	211
223	435
289	14
1176	124
83	179
1552	84
813	7
1750	21
1247	51
109	242
203	67
670	112
1046	4
2410	65
409	121
745	9
965	106
314	43
2307	26
673	233
70	49
977	49
589	64
2062	71
994	82
230	64
686	22
258	25
140	94
1622	64
149	49
314	9
748	182
2299	148
208	142
347	59
434	180
2230	36
1640	141
473	367
338	16
209	44
1526	15
1169	11
207	78
4005	97
137	277
253	143
2695	158
992	54
212	48
3235	24
106	217
364	142
1635	24
925	203
331	129
894	11
5780	143
1874	47
223	484
160	44
1508	231
217	84
689	97
284	31
519	11
783	62
667	49
2817	160
741	46
1425	82
134	20
493	89
1299	27
840	153
1405	44
288	160
516	196
573	124
2378	56
280	72
1375	120
265	273
385	52
302	170
1859	283
775	139
110	187
1326	246
2478	34
3118	250
1450	3
876	111
191	31
269	114
135	90
869	129
646	44
452	37
203	14
1794	180
192	6
720	98
488	76
620	166
461	137
432	67
422	152
2112	282
1488	73
121	5
385	16
2571	272
2688	89
1273	87
1358	122
701	86
411	115
2182	153
856	56
131	147
908	266
1282	13
2239	265
1697	25
707	45
209	41
1727	140
371	47
2887	2
1032	20
168	4
264	41
164	96
656	94
2740	350
3221	232
272	28
3773	7
2303	179
657	1
327	64
6142	90
3444	198
3831	131
471	183
795	18
985	38
142	7
1608	202
731	16
271	21
1203	34
947	251
769	232
2977	80
708	98
974	132
52	27
100	170
329	50
1000	9
451	24
466	5
475	158
1120	252
441	34
1486	34
4875	65
1658	252
116	4
415	56
1758	11
193	122
2117	27
1925	57
841	17
290	201
609	101
446	11
147	66
890	356
404	84
451	93
113	262
3205	82
487	50
1146	30
3173	302
179	124
1598	25
1529	38
1474	4
259	310
687	19
713	125
331	476
1742	54
443	223
1631	98
1823	70
683	77
593	102
412	20
477	84
310	22
147	43
3417	9
1292	21
1219	99
1651	25
1767	185
2371	86
3294	61
394	122
550	27
2936	228
337	61
979	53
211	16
48	38
157	1
797	107
388	186
505	66
1734	109
797	232
151	20
1106	17
606	19
371	146
147	95
3176	170
1508	55
1197	22
1896	194
1425	52
3378	23
1628	58
762	50
871	190
2281	183
261	87
339	136
157	128
188	360
161	36
1080	127
161	25
609	198
264	14
435	48
2006	27
158	230
821	77
1350	54
516	27
1500	21
213	106
1229	480
907	34
1521	107
1343	100
2645	111
1927	180
508	176
192	67
178	70
714	64
1340	84
2283	366
267	46
383	7
345	69
163	144
204	95
453	385
629	38
1708	405
225	68
1320	82
2264	454
751	99
626	46
888	39
527	154
500	193
1657	43
1274	50
1154	315
1878	3
446	71
719	83
1308	207
262	342
2648	160
382	21
151	227
425	3
279	2
378	246
1333	25
143	173
438	107
152	33
3404	168
1334	92
114	20
123	90
778	49
602	30
1073	23
2974	8
523	4
1142	7
125	65
1553	33
148	93
405	182
1026	138
554	109
372	68
462	62
779	116
1084	37
1168	58
420	9
551	6
40	56
1309	189
530	29
698	15
189	165
65	178
316	53
903	7
185	196
373	154
1224	6
217	29
113	170
245	49
3892	163
1063	215
476	18
1940	422
1384	86
56	9
377	79
372	43
2271	138
1409	69
114	112
4280	18
3366	32
571	96
1322	30
819	261
95	40
1072	137
177	75
1222	30
393	137
244	53
258	344
635	81
1618	217
4405	365
631	1
1321	18
3551	11
127	35
384	140
2569	126
574	46
1251	177
6627	85
1106	48
232	97
1061	19
233	7
1355	170
821	95
1774	160
1612	243
340	17
1192	155
328	60
396	65
158	44
420	2
152	8
2979	10
1864	230
884	108
430	128
293	142
1175	127
566	14
709	52
293	206
1896	69
423	20
162	120
749	64
816	6
597	21
2657	101
287	393
1735	50
377	139
127	15
3163	82
410	50
3577	58
96	27
378	567
656	454
1573	37
5999	23
1114	23
568	6
536	253
218	137
155	155
4093	140
1642	283
1136	28
633	350
1746	98
459	48
1521	372
351	167
2091	148
453	15
1724	113
890	179
1272	14
416	11
1234	162
230	135
2389	11
716	17
197	407
1601	166
64	111
219	243
377	117
961	109
309	44
365	144
77	40
147	217
276	24
122	137
1700	2
658	66
1083	1
1042	253
2420	204
1605	160
349	49
709	38
963	31
1680	162
805	159
910	180
491	32
361	498
956	275
292	324
581	338
1753	13
188	15
95	32
334	73
190	8
613	5
554	149
352	25
134	82
276	37
1018	312
541	94
176	5
887	23
652	123
632	188
101	15
756	61
1931	111
754	132
658	169
506	17
462	78
3023	86
451	38
509	6
147	111
391	72
2397	48
1521	77
2077	9
335	15
2403	104
2195	117
1960	58
1551	36
142	323
1943	60
304	237
568	42
291	33
423	64
876	31
148	169
2074	86
514	387
610	70
581	60
4426	76
788	119
630	47
3632	34
3640	92
260	86
577	118
482	79
417	210
100	211
80	56
967	91
150	257
1562	22
238	19
676	12
305	55
1585	109
943	38
1714	93
1076	111
1708	134
499	114
1039	228
3197	209
134	200
4047	27
1171	171
476	90
1196	70
920	263
2400	196
1123	38
1050	290
738	20
1292	54
1151	29
719	7
343	19
790	256
1095	8
606	7
703	72
1086	38
916	29
516	122
139	73
100	66
1564	45
1062	107
1775	96
1355	65
452	68
42	39
382	158
129	86
70	29
57	141
47	224
376	31
201	3
343	11
306	104
2935	462
461	40
1360	118
2458	198
880	5
3003	259
603	23
2173	81
1782	176
276	113
435	171
115	27
266	110
499	92
3184	23
705	155
57	231
1624	105
2675	2
1043	144
817	139
836	235
1061	221
978	258
394	30
2966	1
1905	101
487	152
174	113
426	653
4870	101
6028	105
1896	186
600	114
2252	7
1719	16
3141	32
2188	22
1897	66
279	59
1591	68
687	194
1481	145
1444	90
3833	1
387	47
439	86
182	18
578	135
720	56
531	84
339	4
2688	58
619	20
405	500
262	209
2239	53
331	114
326	18
229	86
3482	264
762	230
82	55
703	119
83	216
952	76
519	165
889	81
1736	2
1826	85
895	47
390	77
352	82
4151	15
454	252
3738	546
2562	98
734	5
1886	125
764	80
396	56
680	95
379	91
661	17
407	2
907	32
474	54
439	60
1123	93
637	192
1060	12
1094	113
3085	23
64	281
1955	139
822	8
175	4
2895	223
978	95
1098	31
733	9
1035	159
1107	67
1269	46
1132	43
713	42
498	31
97	5
1763	169
1197	50
58	30
1097	25
4250	283
894	135
915	36
238	62
1356	24
2573	12
925	76
310	79
627	168
1592	93
853	2
288	101
637	15
2513	245
260	132
213	19
2181	90
91	426
682	52
1143	28
2621	112
813	59
1347	32
1039	272
42	95
837	130
1305	125
268	6
332	398
874	265
3973	39
738	37
3884	27
2000	185
259	40
473	15
1034	46
2761	78
231	251
540	11
378	10
760	24
1454	405
216	16
1219	12
2276	66
1225	143
254	106
336	85
168	21
963	19
2637	11
978	35
97	97
718	168
515	46
667	129
2244	28
809	201
253	6
117	141
113	10
636	236
630	14
1498	144
3716	120
2119	118
1488	3
378	20
490	3
392	9
1120	79
92	115
399	39
444	46
217	160
257	35
107	82
3333	19
385	350
601	192
709	47
249	17
1153	14
232	40
1672	36
1808	48
3115	214
163	46
2724	90
1092	259
151	13
85	3
108	131
724	92
623	175
695	62
317	439
194	91
1452	40
622	247
1134	57
1417	42
1490	169
1870	66
324	54
349	83
171	37
566	95
352	330
1380	3
420	451
375	51
2457	32
1191	35
201	93
4010	91
930	48
109	124
2140	307
1705	10
1110	20
387	87
254	173
2007	42
1265	94
2447	149
91	83
379	49
444	64
633	203
182	110
1198	144
488	77
411	115
558	3
1006	117
396	65
1233	204
2704	59
234	20
1368	43
586	31
633	145
2341	6
367	50
441	105
692	69
3619	26
1755	16
935	33
330	87
795	145
988	65
1783	78
1710	34
1491	324
1940	35
192	42
1801	53
879	77
1037	266
374	231
99	8
806	134
3173	18
1700	6
1018	41
404	175
1701	316
272	16
2370	277
433	81
504	36
279	234
85	303
1886	21
419	59
1933	160
1859	12
887	118
96	18
591	378
322	326
772	7
266	35
428	75
1404	48
268	39
513	116
456	122
540	128
1083	36
52	174
2080	245
1479	18
1823	53
1842	151
265	179
211	151
2791	33
171	81
717	125
1180	48
652	110
555	57
4002	97
171	112
1599	15
1143	207
81	150
1302	12
2794	327
1542	371
571	37
165	14
570	2
5242	1
933	357
1231	126
976	64
785	234
64	84
1306	55
277	8
1020	46
47	74
183	301
637	111
3163	90
189	114
394	179
122	69
1371	31
68	64
2216	20
377	2
245	16
1232	38
662	62
369	81
1204	45
2761	99
542	129
523	145
470	44
1396	96
194	236
875	36
127	179
1823	343
531	192
1759	63
827	109
1061	82
2543	40
423	36
1934	179
783	131
131	88
7427	49
1957	81
3387	182
4898	137
177	223
353	133
142	122
746	77
850	265
441	58
283	269
2461	262
2993	131
393	23
1285	338
368	32
122	5
406	96
781	75
1713	17
6450	65
234	85
444	125
898	95
682	209
1484	94
1076	37
389	20
1243	44
747	178
865	51
652	3
3613	105
331	52
1726	20
1046	161
656	123
898	122
1081	53
669	10
62	1
1307	274
130	66
3183	5
1965	342
1554	6
94	125
401	127
771	339
63	226
4624	86
690	66
538	95
4145	77
557	22
541	214
940	17
609	2
864	69
182	249
587	155
293	169
1608	180
574	148
4290	15
409	9
1683	117
52	121
98	39
2723	57
1239	159
90	360
145	104
50	18
1816	15
827	274
1623	27
292	109
1276	69
1403	453
548	74
2085	48
99	267
1780	185
3751	16
1286	57
898	34
776	68
1159	45
378	196
248	42
1319	221
1344	35
487	60
287	20
1047	75
138	12
3067	10
287	52
460	115
94	38
1153	107
1219	1
1918	121
721	72
394	14
620	27
769	58
344	52
804	51
374	98
607	25
1038	11
457	16
696	50
412	14
4174	141
469	178
1526	51
3429	192
88	19
906	5
1702	275
699	175
893	181
1488	196
2360	212
723	36
476	27
389	10
413	92
1065	8
880	148
264	284
751	203
494	47
1560	51
274	67
1220	148
978	43
731	7
655	18
1483	44
971	29
1031	279
161	75
280	63
1634	1
87	36
1102	32
343	15
2476	21
307	40
203	44
1440	4
576	52
312	91
203	28
837	291
83	94
741	29
1078	116
123	98
239	193
391	64
846	9
623	422
100	41
1738	51
1052	109
155	86
870	102
2042	114
383	57
1039	25
1492	6
310	121
603	57
425	105
837	105
105	14
1658	86
1969	10
744	42
1477	115
2058	73
628	138
1133	16
3524	12
3677	192
488	214
1134	101
1387	155
929	73
818	24
2057	124
556	290
1258	223
1594	249
2690	18
1001	73
302	99
360	16
272	15
113	68
519	219
307	89
161	29
430	37
3128	45
741	164
243	120
1570	18
562	30
1113	67
142	221
606	99
278	24
284	33
894	129
1262	86
212	27
482	60
214	188
321	21
105	40
1120	211
1177	38
2298	230
1260	116
538	435
601	46
286	166
659	15
392	100
132	63
157	207
163	70
188	36
1857	56
1620	140
99	33
3387	16
319	97
334	74
2666	7
308	4
814	170
1655	72
1211	25
2470	18
1577	262
1105	75
420	7
74	141
70	100
164	16
962	39
3490	1
627	517
931	68
900	97
1670	209
1825	29
440	20
467	28
703	84
688	174
581	151
1740	15
2405	76
3702	34
935	1
533	6
728	69
3029	67
1709	56
759	256
916	118
914	44
195	3
572	25
1930	234
103	34
2517	246
221	7
357	57
639	279
602	93
367	57
1949	116
161	150
550	33
102	163
1049	41
333	7
225	79
226	184
241	250
957	148
3770	29
614	264
2251	49
493	165
2688	47
680	4
1669	64
310	164
1112	23
1038	242
915	154
1921	167
889	179
166	79
1455	8
101	36
1365	7
985	104
906	1
3589	77
1267	60
216	72
678	80
751	59
629	37
182	189
2085	38
267	13
318	6
918	46
365	5
326	31
255	5
635	77
395	96
3092	179
1549	1
140	5
5139	92
241	38
313	90
514	6
426	28
1125	50
1265	144
1106	119
1103	30
185	38
1093	5
278	73
659	3
559	29
130	115
439	248
2335	385
488	258
2249	40
485	9
279	72
100	65
436	126
914	155
118	98
253	2
1478	73
188	3
756	75
1882	46
1033	6
659	26
3395	13
104	6
1815	18
490	131
163	23
786	77
1910	15
443	226
373	50
680	124
520	4
427	6
2204	125
863	161
445	43
1238	453
329	25
350	468
98	13
1239	54
2606	2
837	28
1831	236
792	13
162	23
2218	81
666	243
1378	116
1057	325
124	168
735	85
826	5
256	103
2845	249
1162	52
1249	330
1307	64
1443	131
1113	167
1005	29
3824	22
298	164
1177	139
1147	210
3879	102
1444	118
79	76
1964	80
2977	46
2552	135
1004	67
1000	244
812	47
514	230
284	56
2950	327
1381	263
611	186
153	73
1006	211
521	86
449	106
1626	12
2315	23
351	244
956	17
161	30
5194	205
180	9
736	12
3756	76
942	17
263	547
110	147
2244	149
3521	23
495	35
3670	71
1524	10
2740	12
308	13
1340	223
427	74
282	12
3129	27
872	47
556	516
2660	138
705	126
520	8
2673	167
939	100
2745	25
659	151
217	219
1210	9
269	1
1169	76
1241	170
1451	71
130	191
397	7
2880	141
487	24
3507	54
463	96
423	32
727	51
911	43
844	143
346	82
861	26
450	79
3230	34
385	12
2664	125
1948	26
198	81
668	253
541	271
735	15
1201	313
1615	17
190	48
694	8
143	83
734	200
1784	101
1393	131
473	224
281	93
708	89
309	266
1008	27
1347	16
12185	13
863	43
2271	59
2316	11
66	42
827	61
274	88
472	68
649	96
911	14
651	137
679	16
471	122
634	8
243	95
898	1
1118	52
395	118
4556	208
888	97
2966	271
5	63
1799	178
158	142
385	140
1742	131
526	16
1820	25
1324	259
534	72
729	29
736	70
221	79
1131	74
531	119
1134	23
238	100
956	66
665	472
755	14
690	77
456	206
958	13
622	28
378	9
1210	167
3335	60
767	10
347	16
1746	66
2577	12
179	1
44	336
1061	43
1493	42
1567	134
7097	103
1089	28
1565	106
732	129
1217	86
40	90
50	147
140	184
1102	153
831	45
463	148
983	195
1732	148
622	44
109	6
424	99
1951	213
745	103
1232	57
1780	31
1464	54
2098	1
1463	54
818	219
53	65
323	295
906	81
645	36
222	110
896	184
64	85
199	105
576	140
804	57
948	93
1384	58
140	330
321	26
2126	250
155	30
65	35
205	134
140	32
623	207
375	24
291	443
1636	32
2949	83
1266	110
1133	93
80	403
429	282
1548	34
791	202
174	218
618	18
93	4
1608	16
821	10
1101	189
542	6
658	18
1574	194
972	47
1013	30
974	345
1878	129
623	225
404	246
1021	40
415	102
143	83
2501	23
446	348
2004	1
470	58
3104	97
579	375
1985	96
700	27
1480	6
1171	19
1787	25
4143	24
345	282
1598	88
692	46
261	50
2249	93
257	29
378	79
1298	23
523	61
2080	184
1686	59
1168	10
294	136
932	246
1466	150
184	141
1197	87
1467	341
245	1
1481	61
1897	53
493	13
730	27
1995	17
1123	24
2003	104
1603	198
202	183
1501	47
458	86
3191	2
2184	175
355	440
2406	98
1353	271
1059	499
3165	12
648	56
714	134
1265	53
718	8
183	155
1637	34
508	27
1775	9
2754	4
2977	29
1722	200
3182	62
831	21
725	25
522	236
395	96
1148	32
1051	98
906	63
456	19
2400	58
485	125
55	189
68	98
2169	38
1137	56
279	63
711	27
238	30
7062	5
303	65
627	137
150	129
885	38
1007	153
265	6
2200	111
1601	122
721	31
1157	2
2428	402
3833	74
575	84
229	102
412	4
575	3
555	68
471	15
1457	64
79	140
54	52
1611	28
618	31
2845	6
2208	45
389	7
142	120
2100	260
178	187
76	76
130	80
779	258
3029	51
2782	5
279	172
1563	68
510	2
341	22
476	319
957	66
1994	42
870	76
2138	96
690	30
1663	170
414	39
4763	35
912	115
348	30
2480	105
783	187
1068	221
1921	14
409	495
427	154
565	73
851	43
348	13
478	5
803	128
935	84
1000	184
912	113
420	210
769	28
2326	20
573	137
683	17
3626	117
283	163
1531	92
3025	148
122	39
1168	90
378	23
3320	184
1901	96
641	5
1514	127
1173	22
896	133
644	13
1076	24
582	105
160	15
479	8
237	17
372	52
396	72
1096	118
294	107
4963	221
1105	81
1158	64
576	174
219	5
425	11
404	192
59	116
2399	124
1636	28
1072	107
245	145
552	65
392	37
1311	277
646	152
1031	1
575	10
2304	83
624	361
174	90
1038	91
626	48
457	129
2498	104
1033	92
589	35
642	224
2775	192
1840	129
2427	178
1528	295
153	20
451	156
2834	5
280	29
332	108
308	64
2939	30
461	7
1250	112
518	169
845	16
507	139
2011	70
248	19
1569	14
951	34
926	18
810	35
2387	83
574	202
2401	184
1227	88
428	32
509	190
240	82
146	21
3603	133
454	245
661	5
1550	81
1617	138
211	18
2538	84
934	19
183	73
867	26
428	174
1945	17
1968	308
793	109
464	6
384	13
497	7
770	48
279	81
1671	88
991	152
1488	13
146	53
848	55
819	11
928	249
307	161
459	71
2096	2
438	35
476	27
2869	59
1402	88
2339	152
986	227
1056	21
1473	253
1157	64
441	72
681	76
190	172
1008	233
491	56
1331	159
286	41
1861	38
1494	25
1867	61
478	42
222	201
857	74
1143	43
806	277
1358	49
695	71
2436	61
2876	57
375	354
2266	28
332	223
720	84
869	391
395	29
1782	85
677	169
314	138
3249	583
842	139
608	47
439	241
330	18
39	117
232	94
1960	197
138	84
764	42
684	300
1080	39
400	94
3761	208
1132	19
3882	13
72	159
536	37
4171	97
1913	123
419	140
1389	34
87	388
924	242
260	59
1813	292
630	95
346	23
950	20
424	149
1612	85
1099	86
1899	51
649	180
1192	27
74	47
1058	46
1332	663
510	78
1706	71
785	20
813	80
1451	64
632	152
1015	56
583	53
1983	20
161	18
219	121
363	48
2073	74
575	91
2034	40
417	275
1419	30
2100	134
791	35
85	93
81	234
424	30
356	141
790	146
1093	93
1369	126
56	5
465	16
165	24
373	26
493	138
766	7
902	7
831	41
2483	47
1765	11
1054	26
279	359
864	19
490	81
1079	137
346	279
779	133
1433	35
2117	26
497	2
974	227
1391	33
58	178
682	69
91	79
767	19
414	2
599	109
810	9
987	256
985	13
664	40
323	78
2584	15
877	87
616	122
125	11
3608	396
1779	21
767	45
193	296
4149	1
178	20
683	89
468	13
743	208
913	20
1704	191
1297	104
958	64
325	148
821	134
1900	340
1896	10
980	107
2954	31
1261	75
934	136
1330	410
1525	21
2241	27
2957	74
262	41
76	107
1724	385
300	55
3396	15
1184	58
1303	37
189	8
438	25
633	102
1007	85
724	61
350	31
907	186
607	150
1269	35
637	141
2019	10
1875	35
1939	122
83	337
1551	28
114	266
889	2
766	52
1284	10
662	39
1059	21
583	9
3416	10
1941	62
1769	37
814	101
151	175
780	96
1054	49
2486	109
375	259
635	145
215	143
1332	53
876	98
79	142
658	32
2132	7
139	72
2886	173
671	65
339	45
1619	377
503	89
671	117
4166	495
483	80
1033	130
360	27
1957	320
955	72
86	90
1543	64
1981	111
131	57
1793	62
274	47
3253	24
108	74
643	233
800	105
119	3
280	150
850	44
672	60
261	55
539	83
85	53
172	139
261	41
166	68
559	56
1454	101
879	207
2712	10
426	374
646	39
2121	22
168	32
1192	318
408	150
461	89
269	74
2350	24
1416	136
385	60
1785	47
906	7
659	201
240	84
99	58
294	142
2092	143
3753	213
617	14
1936	86
348	56
599	313
1769	184
296	102
1158	279
497	107
418	36
497	122
3027	46
2534	97
645	55
1344	171
368	156
985	39
2020	90
384	9
360	189
924	18
357	206
68	260
1369	83
124	99
115	39
1047	33
165	210
1031	230
671	233
4295	118
618	229
1947	71
265	3
565	285
84	403
685	83
1836	196
1455	169
785	48
216	108
1413	54
915	169
1245	123
4297	330
1241	27
80	62
894	95
496	87
1626	192
174	57
638	80
599	33
1954	25
198	211
3209	116
2625	12
2161	6
1942	8
1116	451
1630	89
280	264
3970	35
877	3
138	15
667	18
1046	131
1722	63
243	230
755	72
400	105
1128	66
675	89
457	149
220	75
847	27
1358	2
3448	38
1415	20
1152	7
627	202
5346	135
259	186
1439	360
622	34
390	84
947	116
1631	155
127	97
4740	436
388	56
533	204
521	121
360	316
120	81
457	14
449	101
485	385
286	121
1749	9
2991	140
988	37
383	147
1778	7
468	23
800	199
1963	135
299	29
222	208
513	39
424	124
1119	22
1145	1
1863	70
946	5
1198	78
514	3
958	93
200	140
1278	88
1845	203
1709	109
996	112
267	94
438	58
1869	66
1054	152
855	184
1514	426
132	80
743	99
133	61
484	26
4457	331
1026	22
182	170
47	3
1290	25
198	107
399	73
221	39
1067	115
118	140
1636	10
1006	75
280	2
276	134
1380	264
188	116
2351	219
1476	61
2256	43
327	17
2866	184
1039	341
2279	6
501	171
2065	122
2542	39
176	156
726	135
397	89
348	35
1392	48
1052	86
1082	10
260	15
2306	145
1018	46
981	195
662	12
1851	2
2141	118
51	163
2223	74
1332	5
1292	152
3236	186
1191	61
1455	90
843	13
216	178
250	30
902	16
388	332
423	109
564	117
327	122
789	1
889	31
1143	3
753	306
4517	50
1206	34
286	12
2744	18
645	62
93	47
840	10
1141	34
1155	6
1364	256
480	132
99	20
531	88
2874	13
1197	141
770	134
256	13
2142	45
360	34
900	24
547	158
199	4
1906	6
1747	268
154	22
626	62
602	142
760	22
2169	221
977	79
782	265
670	38
486	116
1105	119
195	154
396	82
1978	10
226	55
416	73
244	101
3110	103
272	186
508	24
1385	180
395	104
302	76
1231	109
3160	72
1027	36
336	9
365	185
990	34
1029	134
957	256
1545	24
1971	144
2172	296
111	117
849	71
1149	51
511	33
696	27
2280	3
2106	8
1326	35
626	2
777	12
1709	12
1823	28
530	24
3466	141
319	55
1105	215
624	183
3600	85
715	304
291	52
404	2
439	47
417	125
245	58
71	70
227	242
751	73
919	30
1826	11
204	92
386	7
597	102
428	40
249	383
422	9
1786	4
942	330
488	158
1244	67
233	179
1933	66
637	23
275	103
1607	101
533	98
554	37
477	3
960	133
1271	264
470	1
104	14
484	69
1007	133
2027	94
977	61
97	44
3080	40
4104	129
309	93
351	12
291	245
1693	56
109	51
831	18
514	147
324	2
191	102
265	293
2116	251
1237	329
38	239
207	135
220	241
1126	174
866	82
5358	136
3903	114
128	54
102	51
1139	41
177	39
3085	105
772	11
171	82
239	68
877	24
464	60
939	114
636	5
1370	18
859	114
446	134
1464	55
1220	38
397	78
44	187
863	32
611	17
513	32
309	167
769	103
480	77
949	64
86	69
1843	55
66	36
702	37
225	62
1386	123
568	149
63	201
2869	52
555	65
1336	2
629	41
72	76
201	508
1489	60
301	46
244	14
204	78
724	7
1684	374
499	34
1492	11
591	203
1733	96
1010	60
565	1
3285	46
1180	60
963	68
1384	120
980	5
983	73
1197	13
1218	45
262	43
1538	39
318	124
240	45
2155	13
821	77
343	52
278	9
779	100
598	11
126	110
1273	428
61	12
1344	37
1364	93
2462	1
244	96
595	98
364	169
536	79
1985	15
1770	42
803	23
593	167
2001	88
2542	74
491	4
888	54
80	48
1243	253
85	124
95	84
122	103
714	171
932	21
1298	45
927	13
345	387
370	32
540	533
1896	7
2130	43
46	43
585	55
309	2
2464	16
981	5
749	71
1585	5
1328	205
335	108
318	26
2244	81
1475	264
1058	30
915	70
1153	5
2351	8
512	198
1150	56
543	16
472	171
1571	39
1314	6
715	125
488	127
567	50
2367	6
1937	392
1494	226
107	112
311	233
1253	38
1268	67
80	163
3985	178
1106	183
5564	356
438	271
3708	198
656	31
378	101
894	337
1274	121
821	58
152	103
943	125
912	38
1176	45
535	27
535	170
956	15
778	103
2131	8
1182	99
1479	79
1930	12
3596	328
369	152
3778	272
221	73
368	82
219	17
1528	16
1267	138
1382	24
1075	169
1476	80
797	82
528	418
1181	34
593	147
1953	401
302	749
3496	73
404	9
914	7
53	77
355	90
389	25
1384	21
1480	23
1054	6
744	128
1448	17
267	14
4293	151
352	73
870	17
826	70
252	22
588	23
389	182
510	123
2709	186
2509	11
575	8
973	16
1060	349
338	94
71	35
909	191
3655	263
1049	30
279	17
473	2
2317	90
91	29
1423	133
626	81
145	25
1382	93
1088	6
930	31
1034	23
268	37
151	98
1609	181
1321	18
2729	47
933	213
234	217
543	32
201	134
4892	15
177	29
62	79
641	84
778	172
1673	237
2325	150
1794	22
790	147
741	20
628	9
303	68
3013	17
2536	170
1922	167
138	75
3464	87
105	109
1408	124
158	2
1563	310
1343	331
591	176
2199	28
1802	82
1008	92
852	14
246	27
2740	93
963	50
1060	19
2009	72
2978	23
818	46
717	157
677	48
1260	35
95	93
636	34
1017	442
3735	191
2151	17
718	25
2267	229
2487	16
2207	36
4110	20
1315	44
113	34
295	140
425	383
1017	39
546	8
524	46
1435	9
5112	40
585	52
155	5
250	104
1206	61
140	63
1164	551
2983	128
528	22
3708	77
2926	12
185	18
351	38
183	201
741	283
99	202
1882	563
1009	147
1255	75
271	33
2767	138
2411	83
981	14
362	117
1400	2
751	84
1047	232
675	93
952	155
543	37
1211	276
1199	340
563	39
728	70
1120	55
210	101
1086	147
138	92
808	140
155	48
737	1
1723	24
206	8
1572	288
3391	17
1020	63
134	63
56	60
1587	2
890	139
258	15
979	243
222	40
509	101
3329	77
542	41
1520	52
750	19
1955	35
312	121
457	22
3227	7
833	97
3295	45
4187	184
858	82
1055	31
2199	30
3697	103
2292	54
3290	27
500	69
1473	36
883	340
127	83
186	63
383	24
950	40
461	115
790	97
1937	59
2220	135
1975	51
175	66
1700	281
2184	169
335	169
949	177
616	11
2481	181
71	26
1049	388
515	7
252	21
1493	14
348	121
1855	167
2315	115
464	133
1932	76
1277	17
886	54
6006	53
260	86
965	182
372	126
241	10
825	127
3452	4
531	1
1531	64
147	110
1544	1
885	38
620	31
214	129
1367	465
2590	10
296	42
248	4
2027	66
286	14
812	181
129	165
2987	176
322	210
707	98
538	49
2573	73
2272	279
4845	131
2323	22
774	71
475	13
277	24
112	130
2072	48
828	85
399	50
624	43
167	8
1497	117
3048	379
381	47
891	36
1805	184
939	210
360	8
153	21
4183	91
666	64
503	14
2668	29
88	171
990	87
486	74
1994	35
2011	7
1662	29
1566	180
203	54
2521	85
531	77
1338	98
257	158
967	163
206	53
384	15
338	147
2092	41
1231	28
131	139
613	40
309	131
1278	31
643	87
291	41
422	110
2020	61
64	55
700	7
153	136
714	40
403	7
1160	54
846	38
1866	44
2531	116
106	123
73	3
257	118
1401	40
1181	9
2498	51
628	154
137	10
1249	276
606	66
1738	181
521	27
360	268
1349	271
2311	55
122	21
298	105
417	237
115	99
2036	41
1091	66
2646	142
1029	73
1560	64
783	70
804	106
2373	112
2282	78
574	61
3589	6
573	7
191	13
761	55
1595	14
832	64
198	25
1192	81
2196	142
3272	30
14	91
11	92
15	46
2763	24
200	87
1008	10
1139	47
1343	234
358	228
1011	124
443	69
1344	42
457	394
1146	15
666	191
312	85
445	45
918	141
82	382
747	172
1268	141
3053	99
1151	254
27	32
624	42
1531	12
1591	123
348	279
989	53
1203	74
872	112
268	9
182	79
243	21
3010	911
414	56
1912	105
1100	3
327	57
209	339
2494	48
370	77
492	11
580	6
381	173
1569	1
797	2
626	36
1554	63
1742	30
786	54
1458	115
240	50
978	39
419	10
1004	208
2609	21
252	119
172	212
262	107
862	107
1822	17
1041	55
736	145
797	68
239	237
1640	43
943	51
1055	117
2024	61
472	108
1143	142
1928	61
130	364
452	123
596	140
792	483
979	120
267	82
1201	23
4724	33
1074	22
92	251
1915	37
1020	270
107	43
350	43
1204	34
2579	148
5347	125
61	158
572	262
1214	60
1492	42
1187	127
161	172
1245	5
621	5
634	19
1035	100
884	186
759	163
2152	331
612	288
2572	196
1067	66
655	75
236	3
233	30
900	18
1107	143
696	170
1010	155
142	167
630	152
480	64
2998	29
999	93
3751	121
952	311
621	31
2290	173
720	4
512	14
951	32
3546	27
1356	6
2497	26
279	31
1317	98
823	86
1093	60
850	75
1675	52
185	96
153	64
2603	385
456	76
1361	43
424	22
1894	90
536	175
301	103
1762	252
2265	44
2179	119
772	97
1850	10
158	25
1633	77
536	43
1460	27
2206	3
1303	97
689	40
292	122
531	42
262	4
1257	83
460	39
325	146
868	234
354	140
1807	50
1205	73
639	45
3425	176
1349	53
2204	108
698	94
429	90
655	56
357	63
427	5
186	131
1675	218
1506	838
1517	20
632	154
1333	244
507	200
1512	19
988	6
444	33
348	324
486	114
1026	44
1154	32
284	30
2143	64
122	176
3441	24
264	85
1491	4
625	45
217	13
3964	6
180	23
700	232
466	21
99	189
1265	90
535	188
281	11
330	24
1345	102
1258	24
148	98
464	1
78	953
458	215
127	21
1941	39
2671	48
998	114
241	66
230	9
662	175
768	147
594	7
293	174
640	331
1343	3
338	82
971	31
938	4
685	134
3793	15
941	5
2639	251
264	30
1826	86
1495	2
1757	199
1005	190
657	131
614	50
885	27
2094	59
298	69
1577	41
100	9
659	23
118	133
848	58
638	211
1147	140
1665	145
1425	58
1474	34
366	207
938	50
637	173
2283	109
228	159
1458	12
903	56
2756	13
1411	31
2396	116
2172	17
290	24
448	20
315	32
943	48
81	44
396	3
2303	222
119	40
862	50
476	127
379	48
1368	4
1716	9
218	6
1143	69
925	20
779	18
1375	59
1764	6
771	118
490	16
232	116
1991	107
1222	456
69	55
1120	154
891	75
529	47
215	23
131	33
139	91
204	83
1731	26
874	80
578	32
637	73
2159	92
330	81
294	45
1385	114
475	173
1091	4
224	20
1218	12
140	206
1529	85
2023	157
211	9
372	65
98	168
539	20
888	69
1301	60
2179	9
3083	49
165	2
2477	141
839	224
202	33
512	25
1894	8
3066	46
84	113
1048	96
631	4
2079	3
69	158
348	55
586	155
620	3
785	68
518	69
268	159
198	126
218	14
266	111
430	119
80	176
1403	74
792	1
643	29
453	55
517	392
115	74
499	230
1660	7
547	362
259	33
456	46
103	45
1912	43
113	157
777	55
319	35
178	138
2915	342
131	27
155	56
7033	92
727	45
359	160
2078	66
1084	40
4738	50
311	40
308	71
1334	1
964	123
2234	57
1088	13
1936	185
417	17
491	86
1738	56
562	45
1859	166
690	8
651	119
645	118
174	10
2093	16
1014	128
3705	221
2344	32
159	31
1677	138
1107	1
874	455
441	43
2141	23
400	40
2065	70
450	57
3320	48
93	17
286	87
697	32
2704	143
1423	94
544	66
1282	225
1089	185
1083	99
906	71
157	133
1055	87
240	15
446	116
2569	43
3175	219
832	115
588	35
901	47
4265	159
2450	97
361	96
245	69
733	12
1455	95
1028	31
2980	5
1230	94
921	155
1530	27
1537	1
483	14
73	12
752	74
990	80
184	54
2569	291
801	125
208	162
258	13
759	65
2730	83
1709	97
997	76
358	63
3798	6
1345	183
1063	157
827	61
963	56
698	124
1161	198
1717	172
3122	65
570	54
530	169
271	61
158	242
583	82
539	122
2579	141
5716	146
2669	27
1011	210
116	13
1003	27
110	84
960	77
548	13
641	12
946	178
1888	41
2983	56
185	426
746	109
70	26
1258	70
365	100
306	157
2114	155
1120	49
4956	44
1351	16
130	54
1841	7
100	19
73	310
682	97
1028	412
199	5
1763	282
918	192
5990	179
1769	100
3846	6
2654	542
401	42
1106	97
1079	83
219	24
674	387
2827	162
895	51
235	19
1645	34
227	166
364	20
225	149
341	178
419	98
398	24
335	143
1768	104
1203	225
971	146
1363	19
1280	93
1385	247
616	96
591	42
1026	62
500	26
548	39
2986	79
469	320
244	53
177	98
591	69
1024	173
2874	51
208	86
1414	353
528	57
355	128
1662	2
560	176
2692	25
2222	66
1639	173
836	75
576	217
350	71
1009	13
99	31
1139	41
1136	357
328	20
1864	158
779	17
888	39
2536	22
798	104
113	72
533	29
594	32
603	48
898	282
482	68
1553	36
1053	34
905	74
2335	443
655	61
918	37
122	1
256	24
918	162
136	109
741	28
350	166
924	209
731	46
445	137
1355	183
1029	133
5210	240
255	248
408	2
769	40
69	27
618	33
199	95
546	62
756	64
1748	53
1036	113
2592	22
320	53
820	327
85	190
396	250
674	260
1002	41
968	87
2546	145
696	180
120	29
294	123
1698	225
374	117
95	50
931	61
576	29
1457	356
376	256
813	72
1424	206
149	90
180	220
2106	17
449	80
144	4
289	93
1370	54
269	102
357	46
593	13
199	100
623	203
236	7
1451	68
2338	3
119	139
745	362
703	35
1718	38
1518	15
4921	145
1011	117
1418	132
1081	147
573	77
237	90
399	92
69	54
1484	66
1211	179
306	104
634	126
844	19
412	7
937	362
959	151
2074	21
2514	176
3640	121
1509	159
241	220
1162	105
503	227
493	94
568	22
83	312
2526	280
988	282
294	84
328	57
399	174
1091	38
392	31
599	457
1606	94
179	92
767	59
2439	54
1050	38
3893	127
222	23
870	24
1189	31
2335	169
301	121
165	12
175	120
374	136
221	171
1723	28
126	74
1305	99
1693	15
865	29
754	1
1248	2
496	45
237	33
224	51
570	3
915	158
412	178
2065	5
4323	1
3624	20
451	252
123	11
1309	155
1093	23
276	11
138	35
1684	115
512	108
237	2
1091	45
3525	29
315	196
1581	56
725	183
1737	53
1744	253
371	6
1275	59
873	38
209	51
1689	77
1220	35
299	81
353	62
285	3
708	117
2080	36
1743	281
86	8
3706	85
375	22
1722	83
91	4
1419	2
3230	67
447	310
819	126
651	16
1163	133
3031	87
2612	70
424	2
405	50
102	17
1619	249
249	32
1029	34
168	7
769	27
177	40
1108	8
2078	89
1308	75
425	157
1337	56
194	39
2093	55
2280	188
1678	69
2120	353
441	278
641	44
888	76
126	277
219	73
1779	14
1253	113
506	256
1439	3
807	5
555	47
235	32
316	175
748	4
207	63
303	33
4063	14
279	179
1119	5
1066	47
113	35
172	292
101	7
95	128
525	13
1068	83
633	46
709	70
1590	150
1153	37
120	1
1337	79
629	18
162	60
2166	47
1135	63
1572	90
71	33
711	65
1934	112
461	116
596	234
388	172
1302	60
80	58
979	38
135	17
824	373
885	77
705	16
3202	81
379	85
890	274
543	110
575	66
1499	83
1281	18
339	201
908	69
397	77
342	30
699	60
194	17
1240	637
519	62
1495	49
384	90
980	25
125	15
471	22
273	225
2720	22
1195	50
3518	52
1026	15
2175	66
416	69
2211	89
1751	460
5332	61
728	180
452	125
466	4
703	45
221	108
192	133
907	13
1107	241
272	222
1295	80
714	435
898	125
346	39
152	6
969	37
379	72
2659	71
350	208
1065	44
84	81
516	195
6539	98
361	104
78	77
243	199
693	16
992	18
3676	390
1069	174
161	91
440	46
1446	295
842	61
54	38
779	202
478	100
981	62
315	27
2520	38
860	24
1366	122
1032	5
533	11
2663	67
275	7
1604	21
205	67
459	314
924	100
549	5
541	88
305	123
522	73
501	38
68	20
520	79
356	78
1034	70
765	56
1014	258
718	32
253	71
724	348
1024	136
644	58
116	45
885	178
1145	175
917	66
253	94
1597	191
367	132
625	26
3835	100
1786	10
1820	290
95	298
1403	44
236	26
218	25
1352	149
75	45
1268	33
2998	48
2326	30
328	37
389	43
1447	95
1512	43
1071	26
1124	102
1970	142
336	70
509	91
216	13
467	630
971	128
1453	30
95	59
630	4
2113	79
1761	5
2341	98
861	224
1413	50
211	22
2782	8
1965	7
811	60
4790	17
621	13
461	176
537	21
1253	69
193	49
2093	81
379	277
764	187
184	3
270	98
92	84
2966	111
1617	59
1215	1
2829	29
405	230
144	300
172	406
77	90
1344	27
100	63
1375	46
1981	5
153	133
156	373
559	39
2285	224
488	98
417	8
919	85
3918	9
544	28
1140	89
79	5
122	53
2975	51
1365	66
3041	6
3696	10
1088	67
186	216
1383	100
844	65
87	21
1012	101
2100	193
893	60
1408	288
558	53
168	53
3398	88
759	82
116	154
1043	123
700	86
4368	51
3153	36
1888	134
1112	26
2975	58
2456	158
824	246
4589	7
2086	48
634	29
1532	19
1462	27
937	20
514	76
212	54
965	176
241	17
503	60
652	196
408	68
1325	211
499	56
1516	254
86	93
496	67
1131	38
493	130
1145	140
603	16
207	2
130	147
400	66
2160	39
947	28
1476	80
465	103
1586	174
1584	119
337	16
2311	151
185	138
95	47
5031	210
348	74
1408	61
830	32
722	15
2007	76
623	108
2893	76
347	88
1178	73
848	86
78	71
179	6
1111	46
504	117
601	138
2582	51
4160	110
2853	25
111	403
1196	49
3025	132
2358	239
1244	38
1053	19
704	77
302	48
417	106
1809	224
285	57
347	53
1752	124
2287	121
760	19
2531	29
1402	120
1452	164
1462	22
311	118
1236	134
716	111
2596	178
380	5
2840	52
2621	15
1340	127
1952	65
68	25
2535	66
1826	7
868	22
370	5
2168	458
1385	41
115	103
327	36
947	86
100	2
6265	80
515	141
179	61
2074	417
1793	134
522	121
584	182
409	142
778	49
1470	87
1328	176
409	301
531	131
319	186
1572	107
439	127
2040	31
532	113
94	73
827	106
474	104
3374	124
436	27
3027	45
6677	21
1095	28
733	12
309	349
1246	10
2281	53
917	76
748	26
512	33
1219	128
3350	75
591	29
101	158
4193	2
146	20
4008	48
678	119
358	289
913	209
1745	226
5962	28
254	1
473	219
2188	125
686	5
1569	176
228	209
4215	342
1992	12
1421	169
602	287
67	99
200	395
980	68
1061	159
1143	104
181	54
1495	42
610	137
1794	25
2003	37
759	83
1388	89
1098	19
526	54
54	133
2653	262
1477	58
466	18
464	3
553	22
1383	217
2910	48
1312	105
985	75
3130	81
526	30
1511	83
1877	45
1040	5
253	228
1038	80
998	128
128	48
66	359
917	61
1385	94
357	7
675	87
589	47
75	6
356	24
187	20
2067	117
2598	73
2909	43
1392	80
1010	188
550	108
168	19
1059	190
1100	41
292	85
637	166
883	146
3223	27
577	43
572	32
2398	215
339	5
4043	32
484	46
2295	158
3315	146
4295	2
1943	18
246	108
1614	27
2508	13
406	201
352	43
60	91
379	3
456	83
756	236
1683	26
1572	197
101	60
1285	63
892	89
1994	84
1415	7
224	110
1687	33
1089	14
1014	183
668	86
1533	293
780	84
102	123
1061	104
1375	87
161	9
241	64
654	62
2473	163
335	49
264	72
700	353
1795	179
166	463
382	75
1623	38
2360	179
1521	96
1080	225
1142	95
663	24
981	13
266	226
84	86
790	96
1040	4
983	9
4809	55
300	63
1145	18
2199	51
3313	64
3560	21
102	179
1890	25
251	146
669	122
428	118
1221	24
729	76
119	1
106	1
508	394
230	31
215	4
861	287
248	80
379	82
121	58
612	124
269	48
2151	266
181	422
2092	12
454	125
1435	28
1170	20
2098	88
387	105
149	38
4410	48
597	53
1522	2
1619	24
47	59
360	27
2538	147
826	162
80	28
1851	74
456	14
370	39
152	87
156	46
447	310
293	30
732	141
1462	148
72	228
402	213
113	157
2120	13
266	3
923	134
88	259
1832	149
451	72
1014	93
2292	105
741	52
504	127
141	32
606	80
2699	65
2028	124
1206	91
1367	1
870	10
1638	45
218	38
2204	43
960	42
1001	17
2862	114
153	184
2115	62
1358	120
202	330
2075	12
745	140
478	162
2820	22
729	2
824	222
157	143
70	303
714	47
1110	180
888	45
1788	69
2780	317
387	63
748	35
376	200
1133	7
1806	13
3042	205
474	149
1976	361
2229	9
938	71
221	84
95	110
837	118
83	56
1334	91
1216	27
757	70
262	78
3929	17
384	36
879	118
930	125
351	62
319	198
466	59
872	100
1010	138
275	506
308	96
1200	160
357	28
519	125
1926	85
1042	216
209	35
1246	5
542	83
565	50
1229	64
1480	51
1178	126
612	27
1448	220
805	65
864	54
925	101
272	17
1714	346
885	36
4138	148
600	25
1889	37
712	155
1311	51
370	256
786	4
2887	44
46	28
2098	109
468	61
372	43
1166	121
1050	186
450	16
2198	119
127	15
1317	72
7495	231
1757	22
263	2
430	61
328	30
818	74
168	69
1025	266
887	5
2197	250
3117	3
1780	4
6889	27
204	124
518	21
643	16
677	1
248	27
885	246
710	137
1448	37
302	51
161	13
235	12
480	41
433	68
278	329
497	20
1338	453
5029	185
455	3
125	62
2316	89
2203	276
732	35
1151	84
261	7
62	294
956	124
543	29
876	55
3471	27
3653	51
1725	45
634	99
699	430
680	157
228	36
2820	27
1862	70
641	13
229	110
610	25
840	55
751	43
219	16
1106	151
1873	118
2589	53
690	125
221	12
82	64
1409	201
259	28
471	22
2654	208
4755	60
1381	447
858	20
1855	66
379	224
779	11
1415	9
575	48
163	46
162	13
213	159
958	38
860	69
695	75
655	61
447	16
481	61
81	25
1951	119
574	427
238	143
483	82
283	79
717	125
89	10
552	27
377	56
662	58
1140	27
1340	162
76	13
4133	49
1364	124
1234	38
408	59
1612	26
333	19
926	40
595	6
1578	88
88	140
1266	82
1244	43
2349	111
413	12
778	95
673	12
821	4
303	17
775	173
341	58
247	113
212	108
326	56
227	7
570	11
1694	31
1204	47
245	47
3112	84
221	227
125	105
622	22
617	87
1152	22
389	48
509	117
258	6
237	196
694	173
235	73
827	48
2114	6
348	69
2292	11
489	24
543	22
3413	197
444	276
1676	135
1182	1
1504	40
1776	89
1601	315
123	56
2478	12
3376	24
748	7
222	259
1480	13
770	34
335	64
1307	18
97	238
1953	37
1060	67
472	22
1413	26
126	238
1919	11
206	101
768	69
5838	65
1495	415
1336	54
185	7
259	80
2226	208
567	158
1950	202
760	605
1186	15
227	98
803	6
198	129
1831	10
94	148
614	133
2241	49
116	74
198	180
485	45
381	170
195	94
284	9
138	19
819	76
1462	50
391	12
56	78
399	17
1055	8
3414	159
4128	83
555	37
97	258
1147	46
997	70
149	73
1244	201
1223	33
1041	339
151	27
1132	136
2180	11
621	9
1639	10
333	22
979	363
1240	1
651	262
125	113
287	41
315	32
1140	159
354	36
1979	126
2854	4
233	42
537	69
1006	58
515	37
206	289
1226	29
2207	214
174	149
2324	49
753	423
151	116
1277	180
449	4
101	17
1242	174
305	261
62	240
2714	13
278	92
170	213
1067	13
735	268
243	25
471	335
509	25
259	40
830	148
660	202
593	130
456	158
577	6
427	311
580	62
120	25
563	9
399	224
1476	27
414	233
692	6
1833	16
4387	90
764	38
998	36
1377	34
70	47
2532	52
954	109
1061	32
1384	8
6602	76
2665	19
1043	39
1182	53
1897	22
740	41
1371	1
3465	27
1503	56
888	109
131	38
53	23
2010	15
887	31
646	44
422	31
2241	56
496	36
1031	104
524	24
394	165
2809	90
480	92
297	164
316	90
678	95
1172	150
254	98
4353	15
1504	199
2221	27
249	24
2260	9
147	24
361	1
700	74
97	20
1180	99
493	2
873	2
510	253
1887	90
61	11
1079	32
288	56
2791	117
3320	198
257	91
1243	125
82	354
2875	129
525	74
151	20
275	256
294	34
1253	47
1214	133
3439	34
1374	108
104	28
418	23
177	135
257	11
259	90
1345	27
4318	6
419	205
292	10
1612	147
396	25
384	14
2273	347
139	291
268	221
178	25
456	266
503	44
613	100
3195	55
3183	513
873	308
434	195
889	12
379	3
82	143
971	69
1622	33
151	4
567	104
1436	120
2206	26
504	93
1221	126
2928	35
257	41
873	73
1548	96
1179	258
2804	19
427	84
140	140
684	66
234	78
156	36
701	145
4523	288
266	27
4194	97
124	168
4252	35
1031	74
2115	96
172	12
1241	7
564	29
167	40
1655	33
63	17
7348	160
714	10
691	72
917	35
422	50
2954	63
2920	78
2126	28
345	136
108	98
123	223
898	222
2019	89
2678	64
370	139
380	191
289	131
1322	4
4710	28
768	53
254	225
1432	1
871	114
83	174
1465	29
619	30
390	56
384	45
990	51
399	81
329	243
401	10
103	204
805	136
1931	126
715	39
802	148
1778	31
1538	11
266	48
1170	62
806	159
664	3
83	175
1965	31
1050	90
1139	9
664	58
204	88
592	126
192	123
821	59
1079	18
109	20
1588	279
35	2
894	266
160	84
188	182
1468	117
1485	3
491	221
3179	33
2740	14
1483	191
173	58
262	102
973	11
152	14
304	113
587	13
3629	21
2968	23
1077	163
1478	36
1242	80
940	15
3705	3
920	39
248	14
3963	74
518	91
3614	192
492	38
1066	173
65	245
546	70
125	102
443	44
626	480
1617	42
610	60
960	70
2296	27
744	88
202	1
815	4
1701	199
272	72
210	58
877	85
576	176
146	108
1069	1
876	14
501	82
215	73
194	72
537	33
1845	39
1594	10
983	58
1202	99
417	23
2435	701
270	133
848	52
298	5
744	46
417	314
281	16
1117	8
1791	61
773	6
1304	199
613	114
1407	246
636	2
99	62
391	272
384	29
1763	195
328	93
266	81
1014	134
1728	85
2193	202
408	60
257	77
2814	131
134	18
445	219
576	89
145	103
1524	5
274	12
258	192
1222	36
404	121
342	19
161	48
89	115
346	2
829	577
2496	44
1171	38
1070	66
1687	61
268	334
511	158
39	150
788	33
444	70
183	243
143	218
913	44
4035	144
450	48
416	55
691	34
207	48
1411	127
2273	75
1332	79
1269	69
1944	16
1557	173
1100	59
1773	1
169	38
431	30
1061	38
594	154
756	28
543	121
425	107
349	25
2136	78
753	50
268	35
1037	53
1807	37
2761	407
1257	69
3042	58
3039	252
1186	5
233	8
968	97
2390	430
402	208
784	4
1080	82
550	66
645	262
1629	14
2574	53
352	77
525	244
2487	87
460	39
1678	56
448	69
47	224
1828	44
715	310
366	19
253	39
376	400
1209	103
1165	116
3530	2
214	53
243	50
2772	179
2171	58
2899	19
1090	30
352	6
872	113
3065	73
439	86
1528	41
428	5
2869	283
4087	91
726	39
252	174
78	94
363	195
128	48
1861	14
3117	85
712	65
1027	528
454	24
149	8
251	23
97	234
263	60
118	12
330	7
225	13
3017	23
122	126
857	286
1739	15
82	73
680	181
1108	151
84	200
805	2
735	125
744	207
1453	7
1982	67
5233	122
220	88
3849	66
111	200
412	74
65	158
513	174
1441	237
991	133
482	233
1148	26
1789	52
1364	110
120	131
390	427
935	19
1140	125
591	41
2150	66
250	50
3884	172
497	49
441	192
1741	79
286	220
1108	36
213	85
1554	114
317	59
67	31
1865	1
628	22
1666	247
169	50
1081	149
582	236
2144	27
6107	17
106	47
674	180
2299	95
91	58
340	63
1039	162
1338	75
160	44
603	184
146	63
397	393
1237	57
925	204
346	373
457	22
625	130
667	107
498	107
523	48
1250	95
3098	42
332	31
648	119
2113	10
818	201
268	295
317	36
984	16
701	98
153	62
2389	4
909	108
301	86
1502	150
1994	89
1102	122
293	94
2642	443
1848	474
561	79
2115	94
66	157
1630	60
691	436
3537	143
1041	30
279	13
1270	13
256	57
820	19
5327	71
1195	194
91	109
1490	116
506	309
90	20
324	84
1029	12
1352	112
692	182
369	90
1656	130
706	148
191	36
1364	87
257	121
192	27
160	126
441	145
2150	3
200	100
293	1
1820	19
858	26
2130	39
178	124
2240	15
118	10
1321	83
3276	232
850	41
808	27
4511	57
1621	65
696	140
548	241
795	94
1111	547
217	252
1420	18
74	12
72	8
696	97
877	176
958	90
477	111
196	167
1053	1
674	115
3561	185
348	59
1518	99
540	175
301	87
346	77
294	13
1220	173
2655	69
803	105
895	4
817	37
1700	364
337	109
117	9
1391	193
609	145
1900	110
1260	191
685	122
387	164
2975	192
390	5
213	16
817	38
1080	34
2350	135
871	56
81	1
563	143
248	377
970	303
3090	6
2442	101
948	73
257	285
3981	95
2706	45
669	76
2096	68
1657	157
1463	74
1355	21
580	61
175	109
625	146
734	266
1635	40
551	74
1639	237
202	33
326	162
177	31
1916	23
4907	26
284	174
480	144
590	275
1072	285
2069	16
166	17
129	26
497	51
349	38
99	17
218	96
619	54
530	52
702	40
60	70
632	157
1264	131
2120	11
1823	46
493	285
310	102
664	37
371	53
2862	46
107	85
616	25
333	129
582	248
845	206
1742	66
682	5
852	187
121	64
309	364
4701	70
951	60
5376	39
1483	1
455	6
251	151
753	89
1281	135
1263	71
2738	5
109	2
771	105
1388	31
127	86
1049	1
1308	3
174	18
2154	30
297	120
168	10
187	150
426	113
574	272
374	23
2905	6
124	39
138	40
1498	93
1326	33
1566	196
76	13
3067	86
165	46
2167	162
1466	40
2132	16
350	41
233	168
1653	105
632	17
405	16
211	169
855	64
840	78
474	141
882	49
785	34
589	134
2224	97
1644	372
122	6
486	248
1258	25
185	89
713	87
685	72
566	39
316	215
1962	128
82	138
2295	149
2239	136
890	18
545	117
1024	136
707	33
5954	70
415	7
684	43
1501	101
313	310
2323	127
640	133
288	126
752	7
215	33
1993	99
2656	161
1801	17
145	106
214	105
167	18
2124	4
665	78
3376	192
464	15
2803	291
439	55
2431	167
621	130
1836	24
1637	12
1787	24
156	4
1257	34
543	13
79	3
480	52
4329	16
663	61
1201	7
494	6
613	4
475	120
2980	125
908	145
268	185
449	206
2744	51
1176	74
817	117
204	90
243	6
330	10
4929	13
527	160
847	260
2174	1
156	80
398	36
659	61
423	15
52	11
1942	31
2715	9
557	743
1788	93
240	83
1115	119
719	541
561	555
188	154
1900	38
2089	17
553	43
2873	35
548	8
1053	29
1274	27
494	68
143	32
768	142
750	12
817	215
2407	183
1109	151
3875	262
882	44
407	35
91	15
1951	102
698	21
490	18
960	55
847	101
292	39
673	146
163	194
1492	25
1661	6
453	180
709	184
1763	2
2808	149
735	20
361	10
869	35
1145	140
107	69
342	99
437	16
2237	11
1806	299
202	209
532	15
1110	103
516	145
697	22
174	294
1316	10
569	232
1370	18
643	239
267	43
393	67
432	171
286	16
130	189
2894	3
586	39
867	48
703	4
172	146
1798	162
420	32
420	28
123	15
468	123
1155	144
368	263
1664	62
721	304
2702	33
201	9
248	3
157	267
1136	205
516	14
1640	24
419	143
350	119
2801	173
552	13
802	232
1323	70
94	33
977	33
1714	189
404	104
1152	74
2767	97
2335	90
1150	21
1437	14
156	47
694	45
724	177
441	6
552	58
4428	2
103	32
947	8
1312	125
270	191
1452	188
1460	269
1525	107
90	86
353	62
7328	49
1073	98
107	117
520	94
306	145
1305	260
1563	12
2278	15
3010	68
1991	570
96	9
1097	103
1941	119
393	83
602	153
1350	3
841	14
1004	138
330	44
403	35
778	98
949	47
1184	74
1708	177
240	304
779	497
2348	184
1266	17
5134	154
562	19
148	77
378	9
1580	71
1899	139
2007	44
1709	11
151	307
726	118
673	39
1070	105
1103	61
309	36
1649	57
1144	192
289	48
762	84
936	26
666	139
1342	145
518	43
768	7
972	76
698	30
69	34
166	309
901	4
1639	33
2922	1
685	9
924	26
1906	43
795	150
1002	286
231	73
3011	95
259	65
192	15
310	105
1038	162
551	142
1887	42
321	25
254	44
441	125
453	44
1115	168
1450	10
764	227
1864	118
3075	34
399	30
198	219
297	42
835	45
261	7
1762	13
1242	25
1567	175
1827	134
2618	318
1263	44
621	114
48	13
682	112
189	71
2226	10
202	139
416	46
345	53
372	50
968	17
1037	155
2384	21
477	57
2508	27
3279	145
180	8
514	177
254	95
1861	404
1144	53
2130	19
2229	97
2698	89
213	37
1044	90
5456	1
469	142
717	36
4032	79
104	29
997	9
1722	163
1423	126
1578	24
1337	79
1899	259
2752	93
172	38
1422	104
1735	13
472	26
225	50
496	18
271	15
604	273
290	31
440	123
2883	182
470	3
247	143
479	32
95	31
660	66
723	26
2513	207
406	7
3396	159
992	406
121	168
536	43
676	74
2098	19
798	22
432	165
982	139
1024	226
163	97
74	216
326	44
472	89
1695	147
4122	24
464	2
898	48
1361	42
658	188
348	369
192	73
2197	49
633	86
139	9
114	268
377	53
86	123
561	17
860	85
724	33
74	2
1094	210
420	33
829	3
1293	292
2840	49
154	44
444	15
1437	46
672	133
1125	224
247	137
444	253
1725	34
1516	161
296	79
350	395
1869	117
673	19
2315	186
618	38
831	91
480	116
123	384
1037	77
377	169
1359	96
663	32
1247	41
414	3
2240	107
675	184
458	24
228	33
272	26
1511	155
800	38
958	145
215	428
187	103
2372	76
1344	8
1288	7
700	194
197	79
1517	25
173	67
1268	75
2702	59
718	24
2775	50
196	235
1003	221
784	145
937	81
793	179
2401	12
1925	95
2044	26
1307	81
1306	474
510	19
501	46
1857	152
3401	38
1635	187
1046	14
1001	4
93	182
499	111
1400	114
342	38
2744	114
437	13
436	107
2250	5
1267	125
2329	162
547	32
4133	10
461	584
751	184
557	164
281	158
508	223
340	102
2372	17
713	40
238	28
1672	107
578	77
279	41
814	50
453	78
1112	128
3227	40
2507	17
1880	44
1132	364
540	153
2261	11
612	358
174	21
651	27
1337	19
239	34
1074	33
1386	17
224	77
1380	41
567	67
740	210
282	32
64	261
240	152
377	22
2788	164
797	109
1010	15
649	159
228	6
152	157
734	8
108	94
1043	18
1710	295
1981	15
48	232
1078	176
223	56
315	194
364	61
359	170
222	12
1303	66
229	280
3129	148
619	164
972	67
210	27
568	242
686	96
1462	84
1413	82
134	45
2271	24
1028	18
252	296
2245	2
91	107
130	93
191	36
375	287
405	89
459	162
3514	151
3304	91
1701	67
707	246
3137	60
363	96
549	56
402	88
705	10
2486	14
976	40
364	18
1548	233
1220	18
635	102
797	37
1326	9
499	96
866	28
123	121
1071	10
1793	84
379	179
2765	7
450	325
79	77
1563	129
1223	11
992	52
864	72
88	43
312	87
319	118
567	2
173	45
271	567
454	148
1373	61
691	59
2221	93
3214	9
1222	11
1741	166
825	107
1421	152
1039	62
360	55
1910	80
876	63
151	43
1053	278
814	99
1176	117
1609	46
225	34
1818	42
427	32
202	53
1966	194
833	24
396	308
97	15
365	346
604	212
1440	21
589	5
328	179
2497	53
858	42
329	48
170	12
1581	68
880	149
429	157
130	9
199	159
769	40
1185	14
1293	12
114	40
2064	350
334	162
473	64
1147	59
186	181
368	392
1383	440
382	203
157	146
1234	55
951	28
347	283
305	234
87	1
412	351
243	148
2820	80
482	119
1584	98
1160	24
576	37
97	210
337	47
2566	147
795	153
810	731
534	108
755	155
103	90
1076	111
163	11
272	10
162	18
1014	289
706	123
725	364
701	127
594	200
1363	86
2470	253
435	96
243	134
266	79
558	91
2934	66
2718	11
1196	91
623	212
854	95
3741	13
827	103
362	32
211	106
168	58
1630	165
1346	331
348	178
1378	247
556	38
217	142
3310	173
1740	123
218	147
607	26
123	147
1144	11
1956	304
1188	41
2535	34
939	24
756	102
158	51
190	52
439	41
82	168
271	199
128	12
2298	187
1055	147
737	95
782	59
2615	18
1063	179
1774	115
141	105
2129	110
675	329
843	421
170	166
994	450
226	8
3070	250
277	89
238	24
2275	12
2329	20
1024	20
502	307
269	16
363	125
752	111
122	65
419	118
1210	14
771	208
455	119
1911	137
378	17
1961	281
3294	58
161	168
423	57
104	3
55	33
1281	98
277	89
591	173
2259	30
1501	191
537	147
1704	113
748	174
200	46
675	155
2652	6
752	75
574	12
243	252
650	74
2748	111
76	44
2870	329
712	32
631	8
595	223
801	154
2253	242
2752	264
3394	504
812	140
934	85
286	156
1916	77
524	50
419	224
62	41
303	18
2272	55
2339	68
855	87
1164	13
1679	94
1040	146
562	156
789	151
479	36
1261	54
772	211
453	13
415	18
1050	51
514	73
1611	32
2200	178
1335	258
458	176
1595	272
1477	226
70	21
1285	10
1210	7
479	59
341	189
459	2
4544	22
82	109
261	57
1767	71
731	3
478	24
2140	106
295	29
155	79
584	415
1066	253
400	15
590	378
595	105
1430	153
3836	15
198	57
1399	52
1126	227
241	4
766	137
698	49
116	80
1354	42
487	105
159	125
267	22
4379	347
593	96
165	169
853	59
447	23
459	130
218	181
189	9
1220	85
725	70
1313	155
186	214
335	535
1259	59
893	65
2109	67
295	257
807	46
784	241
3364	160
416	212
2550	8
96	5
228	114
531	38
694	134
576	194
1734	28
2175	37
756	137
2261	101
1584	30
627	8
804	49
490	184
1728	49
2392	90
1512	127
39	183
568	43
549	328
593	75
426	70
1709	76
1265	232
592	16
358	30
1225	52
4081	17
113	82
764	22
362	161
2046	52
72	116
647	6
2116	12
463	43
5	201
1041	109
1189	121
136	44
95	140
2003	45
254	44
2864	97
5309	165
14	19
739	4
162	208
604	8
1832	333
641	183
650	114
727	195
550	4
460	72
713	68
71	122
1591	68
1849	589
2193	5
971	13
2533	119
899	59
5	79
116	63
1248	8
366	80
967	27
175	51
189	66
2778	50
2732	12
825	209
322	33
720	87
2943	38
7	10
764	138
2888	1
2148	35
656	62
377	24
479	57
1235	93
2045	114
229	4
1745	107
478	57
99	93
2221	43
2933	49
1953	45
1095	226
2427	202
1790	53
112	45
270	5
758	170
2556	67
827	50
71	115
304	22
3775	51
1267	118
15	55
3768	128
3352	117
2877	169
236	254
344	106
250	198
2128	166
751	34
359	159
711	174
107	511
690	58
421	39
33	134
355	255
233	9
205	88
245	129
354	14
492	138
1036	62
538	27
327	14
2679	262
539	32
525	226
373	123
578	35
162	181
255	166
163	96
605	452
370	95
694	94
1341	365
28	61
161	19
160	213
354	23
338	44
214	12
1870	212
1089	63
1808	47
86	223
1546	16
522	55
1579	120
182	174
2124	17
159	6
62	55
1709	47
634	59
127	212
311	89
514	9
1047	122
376	44
1448	9
355	63
706	70
1546	32
163	76
1201	9
83	14
1831	88
310	41
117	7
3400	55
269	212
309	12
271	36
646	8
4080	100
2076	224
1846	317
9	81
296	127
61	26
1342	156
868	33
704	2
164	33
906	9
2548	97
260	69
1184	79
110	26
331	38
229	176
1200	97
360	85
1630	199
1996	208
699	230
1030	819
351	173
455	50
372	83
696	10
273	147
886	317
1656	92
153	28
81	33
736	107
259	11
3017	97
459	70
1138	35
2256	51
534	126
1771	57
241	15
462	55
6	79
1403	28
2285	342
598	26
181	192
987	94
337	42
259	12
3720	166
1732	12
1147	102
38	333
633	193
118	40
206	3
719	56
1826	80
358	42
2909	52
210	158
768	1
612	189
817	31
780	5
185	56
393	46
857	243
156	178
446	11
45	2
2485	103
456	51
2833	118
1346	87
299	316
1311	63
106	38
1164	68
1304	293
277	51
2416	145
711	260
635	24
203	14
2089	105
1514	12
224	17
228	33
637	91
2936	53
1785	73
456	88
1833	174
152	349
2570	30
383	9
1121	4
2011	159
3318	46
519	70
975	330
789	27
354	4
993	12
651	3
3125	31
173	63
602	47
945	75
1262	65
1006	137
665	280
1494	32
249	4
118	364
277	74
602	69
98	63
214	273
1193	98
95	79
1243	379
344	10
798	21
766	95
1267	200
1547	27
761	89
1308	662
2521	51
1243	86
73	14
347	92
540	42
499	1
259	273
117	6
1510	27
89	45
1779	57
4	350
2473	14
563	2
116	19
530	56
1468	77
613	88
565	36
1438	12
246	100
1684	450
1647	41
964	48
5	189
1270	41
214	51
252	381
499	146
578	26
2789	79
1477	142
261	129
1092	17
594	26
1702	325
1163	34
1891	34
450	31
564	72
1248	84
2842	7
1502	56
1821	21
486	64
795	163
904	168
185	16
2554	46
3275	145
814	227
121	247
381	33
56	45
775	59
1223	20
3604	106
882	31
140	6
3875	85
273	59
970	96
1393	481
519	99
255	302
170	11
55	204
2379	79
255	14
1713	85
334	178
2883	89
853	5
2422	192
701	146
92	25
688	23
763	54
301	146
1873	11
1248	42
422	28
905	3
4200	216
2159	61
2225	142
529	10
362	220
1769	26
445	13
2161	59
1210	10
192	212
762	110
973	150
2310	28
206	102
972	454
607	126
733	3
1584	109
1994	90
666	52
633	12
883	82
716	90
1809	36
572	19
2645	68
712	73
25	92
1248	21
2828	111
1083	22
80	63
812	35
1287	47
582	26
108	222
3062	8
230	87
478	87
626	2
1140	87
442	93
209	324
1050	204
916	15
1836	114
2700	14
3275	126
10	159
4084	53
572	31
699	147
1294	17
480	30
1732	46
324	90
797	158
328	66
901	179
214	86
987	88
2045	156
6	35
5	11
4	136
160	13
92	48
212	59
7	4
447	21
362	20
887	18
2351	169
1373	83
327	253
2291	35
368	117
851	18
108	5
2097	135
172	221
520	43
554	30
518	69
1128	39
3129	177
1941	19
421	329
1718	104
756	124
501	17
668	44
49	14
1616	166
1210	31
1313	62
1421	59
2318	155
119	46
313	52
380	4
5244	163
78	132
2953	82
908	2
903	30
1987	134
165	63
486	31
1857	27
343	21
859	75
319	26
465	7
3039	70
239	155
522	110
1106	1
145	75
407	204
392	42
475	27
1209	174
675	118
382	125
149	12
981	83
645	126
264	178
233	111
236	57
1703	87
1691	28
659	37
162	99
3401	46
646	14
2467	18
3379	158
1503	33
144	45
76	145
376	65
1231	161
88	181
3403	147
1086	128
754	8
97	590
398	2
1883	53
1226	261
249	65
1727	40
470	117
55	43
2109	13
419	154
938	8
1848	11
1708	134
612	71
1709	338
331	180
140	43
2258	57
1018	40
119	106
298	13
67	79
292	49
844	23
1713	123
1892	5
679	240
1579	198
1166	240
680	31
7010	17
510	17
158	30
1765	5
2131	24
1865	327
225	146
417	236
266	211
5840	55
587	16
648	29
2721	6
1506	64
1175	118
191	407
2043	107
973	98
209	30
2708	107
1616	122
727	131
761	9
343	31
400	26
471	66
468	50
269	159
926	15
511	123
713	54
5030	19
425	109
897	181
40	44
800	60
211	9
1668	2
378	44
389	126
1678	15
863	296
109	54
76	118
1382	48
686	37
1041	92
915	77
4336	71
525	335
482	23
173	42
758	228
180	9
1836	38
780	48
390	86
298	8
1426	51
1300	155
699	188
1578	117
886	160
81	213
3337	167
2186	2
264	156
932	18
3157	88
3735	58
319	114
741	123
1939	62
722	31
1781	4
588	46
1491	210
1994	68
810	140
2488	48
2757	38
729	70
1496	34
1277	47
884	16
818	95
630	10
2540	121
3943	55
75	65
659	176
3902	43
3520	14
1718	99
141	39
994	19
975	33
648	53
255	130
127	20
1577	18
145	298
3112	2
697	33
172	47
1347	415
534	54
1866	56
122	29
264	100
257	75
384	18
231	39
163	110
472	158
653	1
1825	230
1071	31
264	89
2763	10
1409	88
550	67
1311	39
1652	40
52	64
658	185
1502	116
643	42
387	319
889	92
370	43
1280	451
254	140
483	13
1648	17
423	134
1051	80
1701	49
441	68
340	151
750	3
881	142
916	286
2347	24
908	123
1176	73
4161	552
1060	161
657	54
54	399
5953	2
674	110
2587	116
1828	40
504	180
1236	6
2455	273
1276	32
318	35
627	57
341	184
193	235
176	127
961	224
110	23
766	154
625	304
59	96
475	6
7223	59
156	250
2428	5
1016	9
602	272
2285	236
122	110
2873	7
1736	31
1798	14
691	56
304	153
1404	77
1566	157
4499	80
3475	142
588	256
99	166
1170	144
904	37
698	83
139	85
579	149
145	20
1343	127
98	10
2003	124
2958	34
2018	373
139	48
276	135
70	135
877	180
711	204
332	70
634	119
2118	42
2929	346
651	135
154	177
3346	65
201	75
148	172
289	109
470	8
239	321
1621	19
1887	180
1424	90
1150	43
293	73
1381	37
897	7
1058	35
512	32
52	76
3231	160
288	22
1233	124
483	42
722	238
87	75
2963	42
1133	140
1310	51
769	74
2259	86
1277	8
537	66
228	92
265	275
1845	332
2246	228
596	78
756	3
203	7
362	334
420	258
747	79
430	47
2291	229
85	35
1606	56
2223	11
112	95
1072	24
3472	32
1180	50
2350	6
13	151
1239	166
248	32
587	44
134	113
283	162
210	2
50	63
263	43
382	32
1534	44
992	114
578	80
1246	184
366	14
573	112
574	316
118	2
1222	11
1080	307
717	227
45	23
467	124
4956	74
234	37
2308	93
1068	63
124	109
260	12
1958	41
254	88
218	32
198	38
620	40
242	11
874	45
2548	33
634	16
1771	65
3564	58
1094	3
187	83
2235	14
68	37
619	82
688	425
1138	115
2963	7
867	42
1730	243
1784	293
1714	105
1548	72
1789	107
1559	42
4380	10
177	37
121	9
76	13
953	63
1103	52
8	23
273	86
2678	3
1241	17
440	17
1439	28
367	281
1535	163
624	24
223	80
1385	139
552	28
1773	296
492	47
223	68
2030	23
671	56
318	160
1057	48
50	26
753	98
66	60
398	37
2150	75
197	276
1342	86
1783	34
245	170
2516	116
440	34
2448	26
316	37
772	16
944	2
1358	94
13	115
174	23
192	247
1377	45
1006	197
1088	30
2045	18
429	165
1844	236
1247	101
269	11
366	17
1588	195
318	313
966	89
1658	101
405	302
2610	90
259	146
794	11
2386	43
900	58
259	292
117	20
137	130
1248	72
308	276
479	56
1102	86
1872	174
362	94
2495	21
505	40
1843	48
263	31
852	3
559	10
939	107
1111	5
1089	60
166	145
100	61
977	312
1158	32
48	3
2084	4
924	53
1696	23
1022	236
220	110
621	22
1391	126
785	55
1415	15
205	248
4970	102
1021	139
677	110
872	175
488	290
2164	267
201	47
1096	135
109	123
158	71
85	189
125	208
1177	186
834	17
2555	171
2415	129
588	95
349	126
569	10
1658	118
778	70
2926	48
1861	137
1967	31
280	137
1839	19
1962	180
2554	50
114	161
1408	346
1962	108
166	72
1214	115
1712	127
509	67
1305	139
2054	290
1416	23
754	14
228	1
1298	39
1614	26
2389	213
523	5
1084	14
139	41
1069	9
419	268
4984	217
1815	109
1069	286
522	186
2745	42
1490	7
3869	167
3122	10
4369	35
1298	124
233	74
846	52
70	2
847	86
3475	3
76	161
501	13
749	25
1132	2
518	308
325	304
1013	112
2935	46
3309	51
1653	28
2931	49
1667	128
156	310
123	17
1887	69
118	96
115	107
1053	70
938	221
3791	61
3432	428
581	132
1106	102
708	15
404	128
1692	225
2240	156
736	187
196	129
113	33
2371	98
1003	12
1298	30
1320	199
1867	53
113	61
680	65
1999	138
239	25
976	202
1649	48
357	5
505	194
217	70
206	37
427	254
1635	4
400	5
301	193
725	22
1474	235
89	46
137	56
135	51
442	4
503	157
1527	212
649	30
341	9
1569	14
695	639
71	276
60	105
388	197
291	77
125	9
2079	12
143	129
853	88
793	77
930	74
1167	210
553	20
1160	85
205	9
364	63
292	90
881	2
347	220
339	37
55	19
667	71
860	163
1610	510
340	86
68	122
258	22
799	14
1398	90
143	81
735	40
371	82
1268	24
468	32
727	6
313	23
961	22
939	3
1107	61
695	237
321	229
508	60
193	13
3752	57
570	222
698	44
412	382
280	67
327	137
127	13
1240	7
314	16
926	17
2444	28
1019	61
159	18
2410	31
2113	21
269	19
1036	42
3769	21
1978	21
477	222
471	56
2490	48
319	182
687	20
415	138
2026	21
927	33
251	25
279	26
1447	189
1263	47
216	201
539	82
1994	142
885	75
93	142
1286	51
2364	4
242	43
1899	150
451	187
2595	68
862	93
755	79
78	69
176	185
488	127
1045	90
922	25
1254	61
2153	38
1379	36
1163	76
451	11
756	69
638	122
284	110
758	206
152	143
1224	49
1485	9
2299	170
891	51
62	269
1976	73
183	115
1238	137
1892	173
320	21
1146	33
1035	30
1186	151
1579	92
1139	9
2961	72
920	115
280	19
570	134
3868	27
68	27
153	37
102	134
687	137
556	51
131	96
75	40
217	56
1670	22
70	14
1321	33
1715	78
625	110
602	26
1113	222
1026	179
196	31
1297	106
1796	3
799	82
173	176
847	5
1371	92
274	261
238	65
2097	195
1285	8
886	91
2586	33
287	11
488	72
699	34
849	40
146	56
540	64
80	82
1534	173
181	109
1834	259
107	37
2016	159
1650	9
2536	207
173	54
4739	36
338	452
906	5
625	179
569	20
1337	3
1215	774
157	141
435	47
192	94
285	66
107	368
810	17
2463	21
175	65
1141	165
1855	37
366	213
104	24
382	39
1259	7
659	148
441	6
279	15
1836	63
385	123
602	505
1382	31
693	30
848	9
1929	91
573	81
3965	35
762	150
495	33
796	6
973	125
1133	19
1619	8
396	304
105	364
184	24
239	143
232	16
765	12
983	62
1689	2
1179	75
652	231
91	22
292	183
539	122
447	47
37	12
1430	138
2647	242
1862	419
1076	131
1239	127
1917	34
938	6
531	46
2063	74
816	368
2142	59
654	57
587	85
209	224
365	86
296	144
358	38
116	162
283	185
1216	180
152	5
33	1
84	232
304	97
295	209
4360	70
170	52
1717	10
200	104
384	139
1251	44
3195	42
582	172
1166	452
2341	216
29	170
791	314
281	22
1982	184
85	140
123	97
1661	14
322	63
946	93
643	572
466	59
725	13
227	128
57	153
2388	54
1308	21
229	213
279	58
1226	356
9	160
303	20
2387	69
3229	22
441	34
1952	213
2020	197
176	89
209	131
1394	305
1643	190
860	39
2226	21
357	134
243	17
1488	34
982	9
964	271
104	81
883	24
202	150
54	11
2270	41
3129	164
699	45
200	25
849	39
818	18
1045	63
1201	83
193	40
448	6
1022	217
93	57
2217	157
140	14
646	55
21	120
1637	245
830	21
329	98
795	96
829	21
877	10
8224	481
6584	89
158	1
329	11
688	43
402	10
1588	32
3549	38
642	2
163	75
620	58
124	223
515	7
1342	5
1069	273
938	27
1397	177
1007	50
367	236
1634	332
5	208
311	170
699	342
739	65
1112	101
5099	170
478	159
1106	43
1341	66
83	26
495	105
2068	252
891	115
115	122
334	183
597	237
1021	197
3831	95
4361	190
369	41
6	279
740	5
1243	63
529	32
571	8
303	158
819	215
362	7
6	6
926	117
180	129
1102	92
654	61
802	19
151	104
1247	250
2007	10
1641	21
960	492
783	8
1680	28
386	209
204	194
264	201
431	14
1035	23
2521	10
149	331
147	1
434	42
1018	231
5	13
1734	56
1521	5
1544	114
1608	206
300	107
247	195
503	142
348	201
1401	158
2974	90
143	50
763	154
3581	51
409	51
295	48
212	77
730	156
595	42
638	5
342	20
2495	45
703	61
1174	60
868	75
2367	457
144	40
999	7
230	23
108	161
250	17
499	68
1491	90
1030	58
2009	21
365	17
299	265
2787	46
49	18
580	46
737	267
401	94
551	10
429	93
1211	232
1148	1
1393	43
470	142
687	129
1917	51
1151	65
627	88
75	275
3478	130
158	347
591	114
680	45
433	350
202	351
161	15
424	7
323	68
166	188
499	96
260	43
1191	93
404	90
2201	99
1554	34
275	142
1005	47
1111	39
1610	180
1215	46
536	465
522	459
1427	293
1607	31
3925	15
1221	140
2621	154
933	188
174	170
372	9
800	165
504	13
64	176
2152	164
1097	96
130	88
1301	35
89	41
398	25
195	28
1408	23
1224	140
995	39
1625	172
1211	80
3167	298
6556	26
3001	99
233	91
580	43
185	168
418	42
6077	66
848	62
2867	58
655	68
615	23
598	12
1107	24
963	163
1230	79
3528	88
9	27
1285	79
2133	439
148	177
1421	362
1449	17
1088	74
868	12
1516	14
11	21
1119	71
3305	32
569	39
208	50
649	83
2229	50
433	246
1910	84
4260	122
790	246
753	68
2624	142
368	78
79	264
163	120
1006	30
1391	268
887	240
1494	33
2543	104
983	150
256	343
862	1
246	14
824	106
1192	63
403	49
243	110
936	134
1003	7
1034	17
178	64
1692	94
1185	37
1454	101
40	84
2185	113
354	59
702	124
2012	281
171	148
252	80
1916	516
3339	1
207	186
1817	87
2769	276
1436	306
2580	99
1341	144
168	16
620	54
862	47
1761	39
1155	44
480	76
659	63
310	53
237	171
2660	49
362	109
2130	44
1774	111
402	204
471	32
641	105
1968	22
140	176
177	161
163	20
1049	101
2580	19
787	29
1695	43
253	118
69	29
1739	20
650	54
1386	21
985	11
1240	15
1542	266
248	39
455	218
468	73
229	1
516	41
2735	60
492	39
1413	149
561	43
709	48
420	147
3894	3
2494	24
117	26
1905	3
2046	214
298	21
148	10
338	330
130	51
133	62
983	248
816	20
439	9
60	183
993	74
558	95
1040	199
1683	20
3335	76
1776	21
317	80
625	179
439	75
665	96
1960	16
2156	53
855	226
529	58
1539	136
938	19
181	6
136	94
160	123
3699	6
393	138
1215	4
1228	213
554	116
2439	125
1668	79
1330	145
376	41
62	116
667	173
276	25
5219	125
407	33
140	105
259	4
2560	238
2481	49
160	124
1000	51
407	72
584	114
1035	62
863	26
2860	17
73	77
35	217
316	112
1354	8
105	116
389	110
341	141
959	280
587	279
414	66
933	35
1532	197
511	156
4053	49
457	427
300	318
163	5
264	104
145	221
1073	277
35	36
194	426
745	114
1099	4
1175	79
119	306
685	86
1510	33
1510	19
1935	263
1120	83
290	49
2045	93
511	14
1004	99
253	43
514	2
2367	259
1335	98
854	2
1632	193
1101	236
588	164
577	56
933	1
2757	20
1703	81
472	169
475	29
2067	24
2265	75
646	102
93	199
519	20
1002	62
340	242
1567	12
463	76
956	27
482	34
2023	62
709	160
389	14
2087	50
1467	269
493	130
2424	424
937	18
257	42
1698	161
673	66
1248	431
2262	144
154	24
391	113
1002	36
976	75
1068	54
764	9
387	23
257	246
368	45
1460	43
1694	166
1103	38
2351	85
181	75
1607	156
74	157
146	109
2669	205
1012	6
1181	59
439	36
423	35
1240	10
2120	119
1148	6
397	73
2884	286
3268	113
759	239
217	196
1570	189
201	31
1118	52
207	63
187	116
774	46
1558	245
1240	141
240	74
690	318
886	35
471	31
642	469
88	90
1355	20
888	146
1381	50
765	162
1011	74
432	20
383	17
480	110
528	132
167	57
267	33
665	71
366	56
1716	58
97	38
2038	117
580	56
1525	82
1746	527
982	117
792	224
578	62
209	8
2147	18
677	60
559	53
165	106
283	39
773	71
318	59
288	41
118	14
1234	120
1118	53
2658	182
493	105
1437	9
422	85
1602	158
1168	11
1950	129
2092	34
897	112
1477	88
1679	153
2176	18
45	24
1794	141
253	165
806	40
4462	26
939	91
398	116
1308	85
1381	39
127	55
1224	4
382	9
566	52
338	7
1653	133
1357	83
359	171
2562	31
103	141
1571	144
609	52
156	50
2644	13
1389	96
746	7
187	57
5108	45
513	19
1064	356
579	104
853	62
1959	25
760	8
2468	234
113	115
2607	20
407	70
933	292
891	20
133	61
406	76
877	4
2974	405
610	102
1097	201
861	13
1279	154
1689	18
273	261
1983	108
79	105
1815	275
175	45
908	224
1444	76
1045	109
313	2
1526	119
1528	10
218	16
424	437
750	49
496	29
1419	128
555	10
2379	155
481	6
331	181
893	500
2480	94
987	327
884	13
781	243
2305	48
537	126
1118	110
1175	126
2390	29
123	51
92	127
160	37
120	540
3507	32
498	64
1589	42
659	184
2276	34
169	94
490	33
1178	28
1655	352
985	19
633	17
392	86
1588	130
1782	69
2498	92
427	256
560	55
2114	81
656	3
180	135
405	46
529	122
112	39
957	27
1973	69
1827	10
1399	111
854	7
870	188
159	16
336	27
804	50
2315	174
659	44
294	209
1506	38
116	269
1265	277
116	883
1129	277
2745	98
267	187
1373	24
405	35
207	4
3080	274
6467	14
181	170
3048	16
513	200
1899	199
1492	150
277	13
1398	46
79	368
883	44
261	81
2054	87
302	68
1318	26
2203	26
3096	240
3673	109
1624	218
412	128
684	35
363	36
1265	158
3376	143
155	7
356	12
391	58
1898	41
4006	94
187	140
1455	7
3460	123
702	36
1066	35
1006	35
372	78
329	63
466	77
240	48
156	250
1178	8
2861	201
4260	56
4301	160
239	135
1931	28
575	197
289	19
1205	42
1380	326
485	122
1944	188
305	68
95	168
211	96
133	51
2686	198
144	223
409	45
1778	25
532	120
170	73
228	19
1201	75
3654	72
707	45
146	83
603	114
739	14
340	198
254	30
466	8
169	33
1998	167
1473	138
241	73
161	179
2073	71
545	225
503	8
1291	41
2282	44
676	66
462	40
93	49
1273	71
403	84
189	36
147	12
1540	98
996	29
513	109
302	245
1868	18
1559	59
594	20
682	123
402	10
826	38
2135	111
159	67
3989	224
417	37
2130	145
1016	21
1003	3
2037	4
2174	17
573	78
352	20
361	161
1334	19
858	74
3792	12
751	8
1322	122
945	99
4587	6
981	71
1232	34
361	25
350	185
1513	52
950	99
414	4
331	303
666	88
294	13
1513	96
1367	163
2553	150
353	460
2882	97
376	105
1605	17
512	18
281	52
265	7
2116	6
980	86
1819	28
327	19
305	1
138	43
2919	5
1992	55
148	40
1756	54
280	4
355	124
307	131
498	22
950	65
1531	93
1479	304
1128	148
109	101
2266	13
374	1
2067	5
990	137
426	52
5966	105
2985	18
343	52
181	52
270	62
1440	62
779	67
847	60
2512	92
2220	207
2061	107
352	58
214	113
1636	114
372	84
1916	84
1811	33
557	342
151	71
2211	63
204	397
912	39
2683	15
4088	349
314	36
455	311
980	7
1564	296
1951	30
1915	74
176	27
1611	90
860	124
752	384
177	3
176	61
80	4
354	20
1097	16
980	56
4239	105
1145	214
242	156
116	46
641	75
333	66
278	49
815	3
2799	45
577	373
1246	58
294	26
2044	74
135	57
904	182
668	34
975	24
1570	18
1389	19
754	80
279	11
125	144
139	51
1532	102
226	29
1054	10
290	33
359	70
2348	36
189	28
1130	147
1216	17
72	188
2241	120
932	190
2376	6
3215	10
3282	264
1889	10
105	268
2443	104
1178	36
278	78
664	14
771	144
429	24
813	68
664	58
864	111
1113	173
104	89
136	121
131	19
1053	295
98	21
390	249
367	26
2237	73
2602	5
505	36
1925	268
1531	35
75	34
793	22
328	19
890	121
1208	6
756	65
692	5
838	231
1428	29
1478	139
446	42
364	225
1170	45
687	116
2731	76
912	290
792	129
3445	152
2243	21
340	161
494	25
119	48
295	259
205	172
829	148
1304	87
166	104
977	110
868	2
1252	16
168	113
885	194
219	210
2628	351
3136	287
1079	87
625	26
513	47
2508	91
1686	88
75	82
1027	152
881	104
279	39
487	11
2503	191
1367	52
346	73
1238	55
1423	7
1042	189
597	195
1429	43
320	21
481	200
305	239
801	75
1268	66
1794	51
3236	96
1847	17
1591	19
95	70
216	77
267	195
1110	89
143	29
283	54
520	218
180	191
1752	3
953	70
1891	5
632	31
3016	89
419	55
1286	14
3005	104
6201	30
1396	8
767	88
365	290
145	31
714	148
282	432
169	41
769	23
976	45
945	315
2931	101
1726	183
159	40
268	36
1812	70
461	27
4985	230
6305	42
851	270
756	92
1531	208
300	107
3183	254
149	27
1692	20
563	106
1968	64
651	231
143	40
2426	30
103	85
459	79
1228	196
2641	98
9491	194
1500	46
529	43
578	457
250	66
4174	8
364	419
256	70
128	120
629	207
1363	116
183	118
1223	28
2364	68
1600	39
353	63
1436	21
386	34
769	25
138	28
2265	173
1494	75
1749	53
2758	218
45	85
699	36
1532	153
257	36
2639	198
2390	7
117	62
331	144
2223	12
274	71
1230	211
985	45
73	120
902	155
806	34
880	24
4210	13
460	434
3311	17
1029	154
1366	204
526	8
1321	86
792	67
597	48
2085	69
1206	11
461	78
1934	599
519	6
778	18
940	332
2557	70
2615	76
253	168
1752	27
520	41
641	20
177	2
2278	156
363	28
1057	240
471	68
1259	66
1546	39
2286	23
1056	12
3435	34
197	62
1060	268
522	118
363	74
575	164
2051	107
2175	129
2856	44
188	33
480	29
280	42
202	204
393	130
190	49
778	108
535	21
85	23
1699	90
322	75
1085	62
1496	5
157	56
402	105
439	28
397	1
609	16
1382	70
566	19
2571	10
498	158
1218	476
655	4
2454	186
71	114
717	3
2050	51
2991	450
454	484
1338	81
260	133
1059	8
1525	33
106	95
2012	1
418	48
431	341
1111	211
2749	104
1618	177
735	16
267	48
2960	32
201	33
472	189
207	78
2202	114
1463	36
829	322
889	16
735	241
192	66
1049	45
112	6
5625	61
988	26
806	50
1862	359
248	12
2009	4
44	55
884	68
2202	119
322	57
2203	63
1062	69
339	81
819	335
60	39
2568	128
645	345
771	43
424	139
2091	86
196	19
1119	26
328	260
1142	78
1253	61
719	84
2530	144
2439	9
248	93
2375	28
142	163
98	30
194	281
556	300
1131	108
1130	212
503	30
354	53
298	22
1242	130
1103	80
1010	44
1169	43
92	49
804	121
548	40
2454	220
649	82
1863	28
1643	67
1627	206
2195	62
1132	282
1359	9
838	234
2712	146
1827	8
1064	11
703	95
266	160
71	68
555	143
319	261
220	360
145	80
285	331
3758	12
613	69
301	5
544	68
263	42
178	55
343	167
700	257
890	25
954	380
806	7
612	54
322	23
765	5
1362	101
526	26
90	19
1037	10
1060	67
906	61
1300	58
309	209
1373	12
207	29
1035	7
645	108
967	144
1018	45
1694	17
616	331
898	17
1384	1
169	17
2519	3
478	27
292	341
7652	56
845	85
704	103
474	36
388	154
821	29
318	77
174	30
946	13
151	109
1278	339
2169	80
1883	57
767	55
5470	96
1743	4
197	66
3660	23
906	109
1154	16
473	59
2090	84
660	96
1365	60
1861	7
786	220
930	106
1646	3
660	121
1921	162
528	14
647	26
1769	260
1097	203
1257	79
150	53
835	20
538	212
1172	4
725	185
663	28
1770	60
741	27
68	23
1632	24
335	44
4278	44
1883	54
1448	262
258	50
1855	121
173	158
1436	5
376	92
156	13
2870	51
304	87
413	73
1068	23
2997	18
558	28
701	168
811	16
973	2
1282	124
1068	136
426	131
1278	19
396	15
1955	34
281	31
730	18
2438	255
528	65
3221	195
1105	1
914	32
1521	52
330	107
3065	94
4940	199
89	241
279	128
86	48
1810	48
2154	35
335	27
902	9
567	80
696	172
1592	66
128	36
515	35
2587	15
1046	86
1240	5
2585	237
832	40
2307	13
776	29
1010	44
147	711
477	237
1666	139
390	65
1208	138
1749	280
849	14
817	46
404	11
2425	21
2326	29
1071	18
262	104
557	70
1684	7
299	69
1525	6
521	262
192	11
918	105
866	196
518	20
4637	42
709	32
207	11
1798	32
75	53
104	47
1778	40
1208	64
4815	291
291	16
1722	265
666	162
673	69
1671	113
426	470
1578	207
217	607
728	82
328	188
1484	274
1307	101
71	153
173	49
5085	129
1320	135
326	200
606	268
1998	7
156	362
1476	103
938	156
983	146
548	35
1403	2
1485	170
7317	145
958	75
119	200
811	70
358	5
834	20
1022	110
1035	13
522	142
399	124
166	116
73	249
732	53
119	313
242	172
1094	14
918	59
576	92
492	152
2079	135
1712	240
883	36
1340	224
479	41
2523	127
2596	89
157	407
1393	75
108	85
2043	204
2171	119
609	76
467	111
3660	67
696	224
528	4
228	184
1311	162
686	60
373	92
1138	74
1711	346
671	57
1115	66
701	216
769	139
260	47
342	1
2953	192
3650	294
1611	404
317	227
2134	19
1236	372
125	148
417	73
545	22
1414	304
3764	90
667	141
3736	64
2408	5
1318	155
3554	35
588	45
295	309
504	61
1463	40
80	66
1080	73
552	21
4553	199
329	167
1208	147
507	26
689	2
672	2
992	346
822	60
2551	47
2270	15
421	161
2616	91
1195	101
1146	191
1384	56
357	85
515	172
34	3
737	23
1183	49
1872	193
478	1
543	100
252	61
538	108
531	56
567	143
54	182
879	4
1304	57
1950	105
799	18
1272	47
1488	10
342	29
314	6
243	55
2542	64
184	58
262	66
1647	56
154	49
1518	351
865	61
234	12
2151	66
880	145
199	87
2006	7
2323	162
737	74
607	113
839	13
1896	101
894	62
538	24
1260	149
2233	58
382	73
719	63
128	75
369	126
5520	30
783	35
1594	137
910	11
373	309
307	315
1137	2
702	49
206	38
194	21
235	120
1045	200
1088	71
1956	48
3578	288
743	91
159	67
865	194
1604	227
617	62
154	60
1374	34
677	13
920	66
2728	62
1653	113
765	8
769	16
698	5
1354	31
184	92
242	39
79	41
394	157
143	109
155	197
1019	69
1129	253
4036	31
1313	83
1274	198
1011	51
1560	23
1396	57
1360	4
498	225
2827	25
1929	74
1751	288
741	85
87	4
1721	59
1733	1
66	185
175	123
145	1
1570	54
65	53
2178	14
1721	125
941	44
2950	20
609	15
473	52
100	30
167	57
1440	451
1559	8
118	225
485	11
768	377
509	33
547	22
206	87
648	132
79	50
3037	126
2061	44
3277	94
3404	50
2739	65
1519	127
1321	357
401	40
240	212
358	95
1150	59
1506	38
3811	131
1210	108
779	62
1588	88
2079	108
373	111
2437	93
93	17
1813	117
402	81
147	118
547	285
3107	316
425	184
403	18
1489	24
3821	87
138	483
3452	73
96	49
3870	23
500	129
1637	18
451	21
1641	12
989	155
561	557
1543	73
145	12
607	94
502	45
920	116
2266	93
1049	284
338	5
892	26
1197	86
730	8
4141	5
2295	106
108	60
318	30
316	230
1927	44
2092	110
896	43
2615	179
1335	37
139	47
611	118
1007	299
219	70
1104	16
1247	32
869	2
445	13
522	315
698	38
227	2
1054	190
1625	40
177	54
161	115
264	64
113	36
888	8
815	158
535	166
538	69
393	15
111	5
2464	35
242	142
123	85
600	2
436	18
3475	164
344	42
908	74
300	6
465	327
797	272
454	45
830	38
1740	90
2536	19
1642	30
96	20
2890	19
600	444
659	13
2351	20
984	120
1952	19
101	23
660	156
2106	39
762	7
2594	44
699	13
1744	125
834	175
270	153
3488	51
1194	37
429	40
981	246
2652	146
92	18
651	146
602	218
518	148
2750	4
1667	11
1494	76
274	8
1169	36
193	12
983	133
567	57
675	15
142	52
4795	49
411	57
297	14
3068	57
1001	54
102	9
2822	52
309	7
1779	33
914	19
165	42
2007	78
456	8
634	44
1491	51
880	58
204	39
236	363
120	158
321	160
1883	11
429	42
2142	343
474	263
2358	228
2082	120
252	357
1083	12
4457	182
3074	127
144	28
1153	104
1360	164
139	25
893	102
435	76
523	94
1955	105
1238	19
1255	27
1582	203
349	11
613	66
78	57
479	239
253	64
537	240
208	11
405	15
3308	126
1058	139
859	32
435	56
1126	2
2545	198
41	55
561	38
65	153
1158	67
1763	5
3017	65
337	230
420	318
211	58
359	89
512	180
211	163
680	127
456	45
976	208
903	293
1405	109
2028	253
1487	357
2293	80
282	6
422	48
487	28
899	133
394	54
858	163
845	285
75	29
101	26
1016	59
508	122
338	29
544	273
183	29
104	53
122	24
245	111
1438	219
393	8
2296	244
6841	13
336	15
984	138
655	71
390	695
307	7
267	182
350	68
1031	108
92	129
1101	18
1199	76
345	137
657	13
124	19
230	33
1500	294
681	133
392	108
1770	48
1372	55
686	15
150	66
942	153
2223	95
446	12
206	3
490	226
794	75
1074	180
1135	50
493	59
293	37
175	26
291	46
3423	66
1884	10
521	73
1613	181
1521	10
180	3
108	127
289	187
1061	16
655	117
238	138
864	224
329	249
830	295
501	111
94	27
2533	92
619	23
1586	14
323	172
1540	135
1002	85
505	124
779	120
501	140
1319	78
1650	22
692	155
430	91
795	4
185	21
765	25
1287	8
265	9
499	247
1472	32
561	20
1205	203
98	135
1779	145
735	125
794	146
2809	2
669	70
75	65
1211	273
145	13
1836	186
686	10
420	19
149	147
1076	32
2520	14
2165	57
1114	131
321	34
1558	89
1257	15
3772	103
490	80
2424	58
2842	12
557	32
875	243
641	10
1252	147
3297	146
1175	23
297	174
778	8
904	185
783	3
196	27
1331	33
942	106
679	65
771	53
1279	36
98	113
1690	58
685	54
2228	55
1163	99
2423	169
1403	144
1491	131
503	254
194	2
560	158
162	70
805	199
58	63
833	92
4832	139
2813	42
1498	314
230	203
119	115
1370	44
570	179
817	97
1163	2
214	33
312	254
739	108
983	461
409	7
286	105
295	12
947	408
1243	118
715	299
1990	62
194	50
604	20
4394	63
2998	403
2243	8
1241	460
1323	324
212	81
929	82
3557	89
514	14
1269	4
756	104
669	15
617	10
513	273
598	318
600	57
930	11
698	90
1000	118
725	30
201	181
95	33
3482	10
754	1
1079	39
91	164
500	231
316	361
1964	29
956	10
1691	132
1393	44
588	50
1100	139
450	24
252	25
2256	230
329	24
352	123
408	94
447	118
275	17
742	98
2520	172
891	33
566	22
960	21
399	4
1203	86
63	57
318	17
406	39
98	82
2661	101
3029	118
801	68
727	4
495	4
3316	27
379	20
193	147
533	97
282	15
320	9
462	112
1833	471
3072	6
1359	234
2113	115
2010	215
373	30
996	95
590	85
1070	30
2104	207
1359	159
1680	76
181	75
1411	131
436	33
2539	251
2208	21
2176	140
879	83
2878	9
2016	38
1141	80
605	33
449	587
116	97
595	8
583	32
366	247
3113	38
211	248
929	2
100	26
1961	6
348	145
264	61
808	73
293	141
258	68
375	204
1882	12
734	114
2198	119
1845	48
91	221
2623	3
1020	60
382	10
2418	57
901	17
578	48
3086	151
903	86
775	51
1023	2
991	33
128	122
1972	132
2319	245
416	11
227	147
1375	20
901	259
175	3
135	276
1302	143
450	19
2045	8
1550	438
2305	145
343	102
664	58
279	49
2380	60
72	89
146	22
536	71
1334	60
342	111
388	23
935	109
105	128
687	29
2839	100
198	174
4354	20
2817	4
342	54
1587	48
746	91
766	42
320	136
2317	270
1631	4
1325	12
125	129
1315	429
1569	154
1623	25
68	210
2213	65
1124	343
1893	61
2441	184
214	88
443	130
445	77
243	248
325	44
581	113
1872	99
973	34
2845	113
1822	74
872	153
97	16
306	457
233	19
271	63
907	453
874	5
1573	13
1140	244
604	42
322	282
3064	33
1090	203
239	33
1157	41
261	68
580	27
495	4
161	106
227	206
736	23
1156	114
879	38
670	96
3540	206
267	79
1402	91
1517	24
300	161
532	5
543	54
76	182
1053	22
4384	43
1564	214
494	188
3475	87
261	96
2087	36
246	83
2085	48
1217	47
1429	25
731	87
616	114
1204	140
550	47
134	203
458	388
1039	23
763	82
117	196
863	163
2720	243
1186	108
705	73
338	44
778	71
2279	51
1272	166
162	130
1779	66
317	79
362	37
467	10
599	96
386	16
327	69
1164	94
198	6
1164	184
429	14
1396	93
519	12
722	287
73	11
848	189
246	36
350	33
1599	74
1410	103
648	154
218	2
169	43
1485	2
1070	55
1317	64
840	134
1515	8
338	13
1186	10
1367	21
1455	19
4889	153
350	133
782	139
1050	103
2601	61
608	319
125	334
164	45
162	58
862	154
3184	126
343	272
2637	124
293	60
3084	201
418	240
1321	68
85	160
568	182
1748	42
473	70
2601	23
63	48
3145	125
407	83
945	96
505	201
588	5
986	5
816	36
880	12
2511	151
392	50
2087	23
1499	23
3071	36
832	181
974	27
228	263
445	65
129	45
1938	46
171	34
677	119
1188	87
1253	14
2164	57
1011	163
1079	87
1100	173
348	22
292	81
953	118
320	89
3116	27
1521	65
640	16
107	12
601	22
497	65
2066	13
1559	75
507	44
773	149
3215	55
245	78
724	142
1209	364
649	221
1815	57
1086	95
1011	291
500	305
2221	85
2215	92
2946	39
155	86
1043	47
166	27
2676	28
1880	50
1592	27
1639	41
997	85
191	98
2530	8
243	59
721	170
1214	179
312	258
1816	17
3055	568
1526	131
571	46
375	5
1011	133
67	8
211	190
1170	13
1680	158
965	18
132	50
1783	653
1172	15
548	48
1938	28
813	250
903	56
905	338
690	134
136	51
886	42
1462	81
2451	32
1517	65
538	72
1549	118
621	31
453	267
2372	95
678	50
587	21
1191	126
607	27
981	157
685	50
4027	39
61	33
165	21
170	4
1548	13
1489	2
1193	20
2101	22
1939	11
248	54
58	2
506	161
703	42
1310	105
978	151
381	302
1985	223
485	93
909	220
108	22
2247	133
2396	113
2073	48
911	14
310	278
450	148
670	87
155	99
983	132
883	65
621	162
895	265
584	126
601	101
3310	242
1915	165
542	204
2740	64
429	80
4248	28
4595	149
321	116
284	160
995	337
524	17
979	116
944	95
2167	32
108	3
408	11
183	112
1442	79
3651	30
868	270
885	45
126	36
772	119
393	227
3858	114
2079	5
1948	58
290	47
847	196
1082	180
334	116
889	19
945	78
459	93
1358	43
287	25
113	124
1007	9
730	139
920	273
1080	80
430	92
1918	3
644	93
92	59
81	71
1873	39
1386	181
505	6
116	89
1794	266
1448	4
2199	21
987	2
1581	205
927	178
1195	45
693	13
471	22
607	7
2254	110
1114	72
501	144
95	90
235	272
338	20
85	324
1473	32
332	79
578	163
678	72
424	224
1219	350
2035	11
985	229
492	68
560	57
1134	116
1053	95
3439	153
1300	57
328	286
843	109
895	82
1239	267
974	37
784	145
564	154
363	87
621	202
78	43
2148	269
129	143
389	42
1673	124
346	181
246	37
850	97
104	237
970	147
1150	12
1132	249
3002	112
1074	121
894	67
1447	56
2069	170
851	36
1474	54
3306	262
2325	41
453	144
1581	48
2959	16
902	328
85	61
76	20
505	2
322	220
1181	90
1007	61
247	41
953	22
2792	136
554	106
230	59
1597	64
1627	109
2128	98
683	55
346	55
3248	60
682	143
217	53
1803	427
639	94
690	200
850	165
1077	58
3498	32
2170	53
1678	7
4903	30
1284	210
792	105
279	33
235	20
297	16
149	115
4153	27
1186	82
965	105
655	21
3842	59
94	17
1173	44
141	32
3767	40
181	66
421	41
1821	59
507	54
783	46
378	296
2077	37
102	60
234	31
1748	166
204	104
6225	17
1755	22
1777	157
675	113
1858	9
431	102
224	67
1916	22
1108	55
1111	20
310	92
308	23
1703	190
409	165
1256	88
571	66
1069	875
1675	49
338	5
1087	129
2986	23
671	66
1139	41
292	21
915	104
258	250
716	265
1331	29
967	249
498	9
1655	110
1675	105
1522	168
447	162
1367	1
132	170
671	66
1389	50
1249	116
872	31
1046	11
1407	105
123	30
152	96
4464	123
3139	109
147	104
1323	1
2105	61
277	14
1133	53
624	101
819	66
77	143
1886	6
1018	174
4897	58
124	150
643	144
2144	95
969	16
454	156
296	47
2192	4
1663	373
1542	17
650	144
2420	82
244	89
1706	38
2294	63
1750	345
1260	72
427	3
475	237
569	44
1208	274
153	19
617	28
94	29
653	207
126	37
253	52
1561	71
945	292
68	30
1327	66
72	338
292	5
94	74
582	235
1005	10
86	101
2960	31
261	157
187	69
1068	122
312	26
3127	27
1610	24
784	137
1408	151
80	71
1546	56
5893	74
1671	29
2896	44
194	36
1125	100
2958	159
359	115
169	23
2496	14
208	43
884	155
877	4
2073	160
1407	35
134	57
5383	76
903	63
1244	236
1551	103
1499	86
773	375
274	17
2145	100
653	71
117	6
192	57
806	126
5035	58
1499	51
1380	23
1274	25
176	32
860	68
2395	47
1064	11
1184	20
198	102
1015	95
5866	11
570	65
737	13
395	50
978	176
657	173
222	58
544	194
5581	93
2551	136
3038	44
1479	12
794	49
526	18
2186	104
1894	164
763	70
887	135
615	148
172	47
3109	107
192	19
225	276
455	86
2844	247
655	82
60	37
1598	106
283	37
375	16
138	68
1941	135
1148	145
394	58
673	38
576	416
3889	19
587	33
248	40
207	46
507	23
746	168
370	88
641	612
658	10
1666	52
1051	121
373	68
1301	53
404	45
268	63
188	23
3928	89
237	178
401	361
1490	136
1259	149
2094	189
2695	262
935	35
642	35
300	61
1564	60
307	147
967	63
690	152
200	181
807	63
479	17
1384	3
1643	254
1032	7
1441	146
464	92
844	475
811	165
894	24
186	19
1935	68
877	104
2238	47
71	10
490	43
2575	40
2051	492
377	82
1635	99
181	82
111	8
197	4
307	126
2414	22
1651	72
1949	24
664	11
887	12
309	189
949	135
356	38
1336	238
168	39
2050	51
1527	228
270	169
1408	27
4894	404
1807	76
1631	251
305	125
1344	18
541	58
1552	240
1132	202
2747	126
759	7
1795	115
175	304
1156	3
2804	138
463	33
404	4
100	1
1229	216
905	68
1820	58
2126	23
3970	27
1676	53
1173	176
856	9
842	220
195	36
387	64
232	15
1596	26
226	76
258	168
1249	12
124	35
480	27
1207	44
180	57
1664	16
3352	59
1918	160
969	124
1717	81
2288	22
2162	85
2420	68
793	30
160	11
2325	231
641	247
453	214
161	139
656	29
2923	172
341	40
145	17
315	24
417	56
328	201
721	85
149	140
5293	48
1704	5
1339	50
210	65
159	90
1393	39
981	87
1435	44
352	95
680	41
262	43
142	126
246	50
895	489
1790	27
5514	9
538	143
599	7
383	31
1497	104
2060	44
3841	11
3333	186
138	63
151	33
74	10
647	104
7279	140
578	37
101	47
654	21
1061	52
318	64
351	85
431	24
659	77
1073	352
575	24
4426	1
1123	107
784	2
941	111
185	152
95	49
316	80
211	10
371	120
570	56
839	302
646	97
1004	153
695	14
729	4
431	34
420	42
302	260
699	124
91	29
967	76
2677	5
736	10
3631	5
782	69
1761	48
557	129
367	222
1147	50
569	123
307	235
1697	115
656	49
966	34
350	12
1137	80
555	182
612	39
155	29
850	19
583	6
60	134
2820	144
1297	74
5418	28
4065	151
279	76
4050	277
397	128
1956	223
132	346
3131	206
544	168
1903	157
1084	209
711	48
1038	290
1574	285
307	23
1548	87
1928	67
1054	176
352	69
892	43
620	4
1806	125
446	164
492	339
427	45
2222	55
1166	115
1578	43
2110	34
893	35
365	79
377	7
452	74
920	107
366	301
898	10
1294	81
301	1
517	120
249	56
2456	45
253	420
1044	322
268	44
1692	84
236	17
770	240
276	126
1532	333
95	9
418	71
1583	92
3538	38
2055	55
2154	223
801	183
197	89
1446	175
744	56
315	7
215	42
1791	102
838	63
351	2
2000	20
582	176
856	150
1209	33
1491	70
307	188
500	45
501	49
2380	412
771	114
619	148
455	18
2142	70
365	22
2061	16
812	12
2401	1
534	250
338	33
393	146
294	48
1295	39
113	151
476	205
3430	31
716	152
927	37
4132	31
685	29
997	12
1657	428
325	8
285	14
996	216
2669	4
557	256
1689	4
430	299
253	299
224	82
222	59
1607	350
431	154
416	35
2047	49
370	37
1601	79
607	78
637	15
510	9
1046	20
590	75
2125	35
111	237
497	110
2172	176
443	7
556	8
1402	9
679	2
532	30
270	188
139	28
300	65
933	14
642	315
1616	47
300	93
1340	16
493	136
210	12
138	180
271	269
188	12
2158	129
517	200
426	56
1028	163
974	91
999	46
220	112
733	262
110	66
2092	10
639	25
2592	10
878	5
2277	57
3228	16
608	116
644	88
260	59
146	88
631	160
3055	136
175	58
1449	196
908	57
268	37
82	108
216	1
320	25
1652	96
1994	160
1022	109
1480	20
315	25
4400	77
1372	189
769	93
912	475
129	64
953	325
1635	195
2687	9
1916	8
348	26
1422	133
46	9
2512	347
198	17
561	5
430	335
912	55
541	282
601	38
379	164
381	31
887	12
2480	202
616	43
174	14
717	281
2102	145
776	24
225	130
1597	10
1332	44
3503	84
1177	48
2448	6
562	75
842	240
520	46
920	57
800	95
211	3
60	60
1245	14
684	2
327	27
886	123
785	188
1390	81
126	9
1251	63
826	138
82	4
352	17
1505	73
1808	3
4299	28
186	163
1555	5
4569	29
823	49
1149	19
1583	311
1441	17
515	20
1060	626
331	8
599	79
829	114
127	64
722	33
1082	413
396	138
1693	83
96	12
322	31
271	188
163	186
627	100
214	51
919	15
258	151
432	426
1082	311
98	244
6780	4
290	73
360	34
934	148
445	158
867	73
1110	5
1989	3
68	110
498	19
216	66
537	128
1467	401
405	143
70	99
1230	21
312	102
1355	55
1145	3
1504	74
2111	28
711	51
811	16
128	97
294	450
1807	142
791	83
809	10
440	319
254	53
107	21
1342	137
579	41
146	29
948	94
1823	2
186	113
1013	53
736	12
2269	31
1408	4
285	33
155	592
278	308
833	16
1938	197
2462	23
397	8
637	126
205	36
656	59
889	64
870	55
733	159
1106	204
368	8
1068	17
1872	86
503	110
2695	72
970	95
472	81
67	19
193	84
534	448
647	135
1531	83
1548	196
114	72
110	82
503	119
667	10
3542	94
929	53
285	6
542	48
2642	113
1319	44
166	100
339	54
424	194
796	130
1000	92
1397	41
101	55
289	334
242	102
1258	14
231	43
507	162
3020	498
173	41
262	35
2145	302
1889	80
535	185
1916	118
475	3
632	20
1455	183
1975	88
5883	83
1084	398
409	156
101	26
1358	19
1668	28
314	304
494	253
1425	263
153	190
268	135
873	92
1048	157
218	15
1097	194
5392	62
760	15
799	199
644	123
133	216
981	41
397	390
1015	13
460	42
714	73
1150	139
2598	25
5998	82
2193	18
1246	327
1083	78
1152	128
2717	318
434	53
943	22
1505	32
3201	147
537	214
524	113
442	144
1180	305
1748	2
1244	81
252	47
232	36
308	7
649	35
122	43
945	148
793	192
2523	70
5351	42
447	21
2614	11
2133	330
420	103
1412	52
713	93
1330	152
548	39
314	172
260	13
183	220
278	65
1597	50
1061	76
724	11
392	92
1660	642
871	531
1427	96
3548	30
334	94
1898	35
3591	101
452	77
782	93
1272	40
116	225
425	19
1708	300
1849	61
534	16
322	148
686	317
484	34
2099	72
2767	198
677	42
982	20
606	31
1301	27
471	12
784	222
442	44
1327	153
653	287
738	89
1680	1
986	25
41	62
924	117
2594	169
184	37
210	15
703	65
1348	176
959	263
1312	237
382	84
848	109
827	68
605	85
1815	28
114	320
287	25
1865	142
2437	124
88	204
452	20
4059	365
47	34
553	113
602	31
366	20
680	127
712	83
322	31
63	33
3236	157
2230	59
3645	18
2092	213
147	47
631	149
1136	103
330	41
1324	49
3687	25
5037	106
187	47
2926	263
1140	27
110	76
2183	17
724	100
2216	19
873	80
255	8
142	5
1500	144
762	43
247	12
263	15
1161	8
3334	61
2680	28
403	14
2171	2
1861	72
1729	81
360	79
220	44
238	31
1759	23
627	28
849	12
1118	69
3161	137
1397	356
1888	44
4057	65
1332	24
129	11
1312	179
272	262
147	306
859	10
685	21
157	211
312	19
2146	414
1727	26
179	148
1123	197
295	65
751	38
334	15
437	35
536	141
1944	474
1167	95
5172	18
596	134
454	141
766	56
237	148
975	100
821	151
890	19
2447	63
1859	5
1100	47
268	107
378	26
346	66
1949	161
1263	1
102	244
783	75
1163	549
2758	29
985	10
140	215
249	142
311	51
2423	38
148	78
258	34
965	90
2201	28
378	160
1181	79
2510	53
232	43
263	55
1904	128
409	234
235	23
1626	45
2293	137
139	105
1249	233
943	239
2209	87
2122	106
605	228
1865	9
2401	1
1784	145
1906	1
260	82
938	16
345	31
246	27
76	82
673	321
2568	29
2890	22
742	22
3671	194
1106	2
478	57
813	189
232	2
477	58
993	50
707	13
3974	30
531	65
487	11
414	117
93	6
405	6
895	15
980	73
1038	96
255	9
113	28
845	142
1022	208
2360	252
4258	7
180	124
421	38
222	42
417	276
981	84
2663	37
204	153
1304	137
150	13
345	126
122	225
1364	4
118	28
339	167
100	68
3572	63
598	43
959	184
205	116
2424	18
837	162
1505	69
368	30
2142	123
356	91
500	246
233	111
2713	78
534	40
565	42
217	112
138	29
872	88
1738	78
1312	198
1442	32
311	12
1638	474
1168	34
1570	44
290	78
642	25
494	29
1529	21
53	123
480	57
2112	105
203	66
160	118
1356	116
1354	154
301	77
2034	136
734	79
730	144
942	173
1853	6
463	12
1161	44
124	186
736	406
1549	161
3807	117
672	83
293	125
1045	5
543	106
1448	60
921	211
375	165
1456	50
633	38
305	311
161	30
2568	50
1925	43
1310	57
2669	28
189	325
1384	82
962	38
3623	70
238	12
1012	230
1869	85
575	332
317	83
455	24
816	59
3432	97
163	11
848	428
375	33
847	15
828	22
4688	13
1319	151
2012	239
693	59
112	62
1036	60
685	2
209	64
364	210
569	102
258	45
1879	65
144	72
1448	195
941	70
675	48
202	16
439	30
1119	200
257	9
384	98
488	14
570	29
619	22
162	80
485	30
369	73
395	20
1506	88
310	58
942	3
2264	31
1162	38
116	144
2639	159
76	54
362	243
969	321
95	54
94	188
152	236
986	81
152	141
240	133
1100	2
959	39
1556	73
1415	143
95	186
545	195
722	164
1097	37
159	1
1083	57
1420	33
1208	342
607	577
570	112
3353	91
3141	49
1813	55
578	336
3064	33
972	54
1607	73
209	141
1107	137
100	36
98	52
387	171
307	44
229	2
197	14
792	54
305	114
434	25
489	105
385	284
2217	51
705	130
2246	39
730	25
1895	11
372	38
204	65
1286	109
292	31
1458	2
860	94
414	90
425	28
1364	35
811	38
1734	179
237	412
1568	145
153	71
596	108
2678	51
708	1
440	63
2332	42
2279	70
292	24
212	42
2682	6
280	36
2790	103
1529	4
259	75
1235	36
521	317
670	207
947	163
163	69
1524	76
607	170
1201	62
962	12
585	56
104	12
2924	95
2484	24
477	68
181	60
1240	80
1542	272
2074	34
264	153
1147	123
410	237
1472	115
273	172
1009	52
4622	185
138	56
1580	78
3472	79
1181	350
176	46
1710	10
255	44
719	18
210	174
1245	19
504	316
1487	71
136	66
2755	472
378	57
844	103
224	4
120	55
1182	26
939	13
61	264
2418	145
1658	6
440	1
741	29
339	92
540	65
748	42
586	91
202	170
1702	100
179	183
455	156
786	15
636	203
843	21
1015	78
383	161
692	83
439	49
298	114
416	115
197	213
717	127
721	20
5342	357
1500	139
979	1
1091	246
438	144
658	95
579	26
518	178
345	28
1954	92
1704	43
4384	70
130	31
1086	210
455	37
493	46
2455	46
1422	25
730	47
2878	9
892	56
964	48
175	106
2486	8
2875	94
640	64
498	484
101	1
139	26
332	39
1603	62
843	4
584	125
1254	46
222	76
2439	323
430	308
1136	10
687	42
3135	344
68	41
680	135
1878	55
948	48
1046	21
158	256
560	116
97	125
1086	128
362	105
589	23
492	44
464	22
3025	70
1413	85
1141	181
123	39
243	51
984	26
1900	153
583	9
714	46
467	46
1505	58
206	267
2221	9
1143	73
204	56
462	107
618	4
56	56
301	51
710	4
1785	28
417	166
456	187
149	69
1294	42
1154	18
646	10
410	253
1631	179
324	3
1004	26
1721	68
708	277
698	282
483	35
366	26
583	162
1898	146
1923	31
1012	85
267	12
151	336
295	83
82	80
205	84
73	16
446	305
357	148
357	21
1351	338
1153	38
2751	115
546	283
594	87
1862	149
1108	149
942	6
194	67
526	271
258	211
62	30
560	104
1196	8
731	160
810	31
58	19
265	56
1190	100
714	1
273	78
2144	36
356	64
2196	117
347	112
476	37
580	186
2710	23
1932	9
210	113
370	94
124	136
188	123
356	91
568	297
327	18
4409	85
158	57
442	70
467	80
111	61
2159	162
821	51
1125	35
292	137
975	266
5530	90
641	154
289	18
297	26
552	39
599	41
1000	165
1085	36
1186	18
2113	48
1653	311
254	6
2475	280
209	4
2087	202
3908	24
1695	195
726	114
629	35
669	24
70	85
1337	4
4313	23
1828	86
230	91
2507	72
87	226
3759	131
192	261
484	6
245	46
164	60
147	31
4731	20
624	362
320	26
380	8
617	98
838	121
149	104
531	200
592	6
688	410
145	68
2626	197
909	242
2194	122
1726	213
1704	52
385	75
1533	23
2107	20
993	23
101	138
376	60
2363	94
1918	118
1061	121
863	12
1815	92
1941	19
1988	78
1342	94
342	122
721	118
340	199
507	122
854	193
822	60
684	83
439	143
1520	207
726	60
1647	312
1593	79
1354	62
417	62
1252	143
634	135
4522	78
115	79
196	50
727	10
611	14
870	36
655	131
368	48
1531	53
893	120
2291	5
2462	13
1063	185
175	179
234	95
2398	104
70	68
673	135
1564	202
507	25
1309	58
929	128
343	90
411	186
461	110
573	65
126	26
2696	45
3948	12
1682	56
172	3
266	56
3795	148
1288	20
585	100
1393	46
918	61
987	182
297	64
242	7
2609	75
636	126
155	236
814	34
1753	6
2129	29
1952	43
272	37
104	18
477	61
1630	52
166	34
609	32
351	37
128	259
738	87
125	257
70	159
1097	5
356	87
466	29
470	77
559	195
237	57
3168	87
581	4
89	106
1713	2
1268	10
207	184
3609	50
399	13
1062	11
112	65
141	40
428	140
1392	66
353	27
276	69
53	87
510	225
963	333
463	137
704	39
678	19
1383	320
654	356
1457	4
112	248
473	49
1000	428
575	270
768	58
173	38
549	102
246	19
108	89
2143	77
487	94
680	58
1997	111
1659	148
216	2
1477	8
2332	15
219	278
620	256
83	26
479	90
1037	55
2472	23
222	90
585	76
1188	185
973	158
1363	91
1587	9
954	334
1231	380
90	125
5224	38
295	89
712	57
344	247
127	360
1151	67
128	177
2026	239
42	12
702	208
1521	114
86	60
1418	122
564	78
179	373
895	63
976	247
1234	21
460	35
1636	5
60	32
866	217
361	399
141	18
2727	106
218	92
147	65
708	153
991	19
136	273
44	35
759	64
2732	44
481	23
286	42
460	403
987	158
1254	14
643	29
9271	28
1209	115
2479	291
806	6
1585	31
233	33
1792	181
1249	189
1624	77
212	144
312	11
1473	177
576	142
134	254
989	117
317	60
528	51
513	31
767	70
3530	76
2171	85
3205	144
2416	4
1255	171
156	518
1477	77
1078	96
413	286
1248	12
174	23
2596	35
70	26
928	39
229	403
264	13
1490	22
667	45
257	110
1797	117
712	38
555	101
740	101
1711	14
2969	14
904	17
824	12
516	109
2137	74
201	18
872	14
637	151
1144	33
979	147
2776	289
926	30
504	145
276	62
1080	66
656	17
673	52
344	7
604	51
302	97
179	68
186	25
124	35
976	539
143	12
2508	129
1806	216
247	31
1170	218
925	254
1537	30
1276	241
348	83
200	291
1855	46
568	157
1156	18
187	77
596	102
1598	19
351	160
386	165
733	64
343	94
578	4
579	252
563	109
749	105
999	2
2386	22
320	85
976	26
251	19
541	232
341	272
1180	93
514	20
1289	6
1751	193
423	548
527	17
159	38
595	240
209	108
150	39
108	8
208	121
783	450
126	73
779	25
421	46
678	93
2125	42
957	61
956	51
283	114
950	26
1673	12
1021	23
775	190
477	141
2348	61
2493	27
2796	43
518	135
1803	98
553	33
705	90
965	387
128	103
1293	168
643	15
676	134
1366	225
906	11
906	64
236	56
258	26
541	76
908	7
2573	100
1550	3
344	31
803	62
410	47
4438	70
3189	127
275	118
94	141
144	311
650	65
495	78
663	3
199	11
1324	100
117	25
970	130
530	114
840	50
70	57
1056	338
1129	106
1143	325
212	65
1792	166
517	91
663	24
345	106
2662	49
499	81
3604	191
465	30
867	91
2110	372
485	18
729	37
72	141
244	9
1785	154
721	73
1439	67
1293	242
1641	67
502	52
91	153
234	192
3657	8
620	26
969	53
1553	60
1139	126
137	170
596	80
182	125
821	71
111	47
1689	33
585	35
1991	12
1958	276
1769	43
53	249
916	55
2373	41
1983	109
1199	148
427	3
3019	219
305	10
698	107
108	81
942	55
1007	13
466	199
238	94
460	162
144	16
606	9
667	5
1615	53
1019	84
1684	366
481	30
1117	169
1424	59
1382	142
134	164
283	21
838	84
1210	65
439	5
558	123
131	171
61	298
228	82
831	3
650	194
140	7
1648	90
915	467
338	84
1035	101
559	32
3750	13
1980	82
72	201
154	40
1534	117
32	150
139	193
160	215
334	139
1219	154
444	77
1416	200
392	77
740	9
1589	103
527	124
1483	168
127	236
3638	37
619	17
6641	72
844	136
228	27
2578	153
244	199
881	145
863	56
687	71
3056	12
413	17
1919	415
892	142
812	142
1218	100
247	49
988	35
103	308
578	54
150	67
2130	3
931	353
205	68
1038	64
1713	302
660	255
1277	12
2923	95
1102	112
1127	55
754	55
258	115
1844	65
300	39
916	39
466	129
1758	70
187	160
1622	7
168	231
245	154
567	111
1242	159
855	1
1323	37
811	25
508	72
1371	135
349	95
263	10
205	14
930	387
870	184
191	6
1207	53
1974	82
1844	304
1392	13
485	7
2106	59
554	128
105	6
796	136
781	14
445	46
896	191
87	32
1089	150
1478	13
4198	43
865	153
209	242
196	51
4214	14
356	351
943	96
645	163
376	87
1565	45
448	533
729	63
676	12
1661	44
94	287
1552	4
1737	9
183	129
1257	2
2663	97
1448	10
195	364
785	268
1164	46
8624	174
184	19
991	85
1925	42
334	134
7271	146
778	78
2336	21
984	13
149	52
753	60
529	113
617	90
608	6
660	111
1432	60
258	17
819	172
504	38
232	338
380	9
1264	34
140	12
710	70
550	71
720	68
1385	2
900	21
432	40
2414	45
912	69
483	54
283	135
684	71
546	16
1438	1
2045	46
487	40
903	151
203	159
154	149
851	87
380	502
1626	495
2130	70
218	7
361	53
173	599
404	236
1007	416
472	44
179	65
2623	7
2115	18
800	84
850	250
2281	117
964	45
523	103
7167	27
968	22
418	237
54	318
342	15
2301	37
237	14
407	172
10	62
120	359
863	29
804	71
525	148
10	366
1600	178
1595	342
474	45
438	58
313	244
649	60
620	131
1275	250
6655	73
6563	197
13	54
3240	150
489	51
1486	108
1049	209
430	21
3286	349
1690	61
218	36
711	72
1481	151
1841	171
2768	2
208	90
5197	13
1154	157
434	231
54	33
145	44
1235	44
306	5
277	90
975	13
377	19
439	45
257	629
5529	29
250	95
211	21
4511	2
668	82
2894	11
2042	24
166	139
2518	217
302	83
369	122
881	64
420	70
312	60
1279	77
4965	28
1331	149
2128	49
173	109
329	87
158	92
469	18
4170	43
3600	361
1566	38
701	255
736	72
9788	89
685	13
1233	68
406	41
1435	30
549	29
447	19
1902	61
141	58
1136	94
431	53
1160	57
1713	64
848	602
3668	105
274	18
145	3
361	7
2768	86
2056	71
1971	4
750	54
592	6
984	43
3014	84
913	12
1059	464
272	76
561	4
1494	218
862	22
684	80
114	303
1161	53
353	97
1240	28
135	240
362	377
47	114
969	99
86	55
1665	11
590	48
2566	19
3601	156
825	111
738	63
1392	260
663	81
297	211
976	11
1208	290
2073	32
102	9
2169	112
2612	442
216	278
516	16
371	73
524	265
2812	28
3578	3
393	358
132	37
675	45
3876	121
725	51
1065	173
682	136
2080	42
266	46
148	59
459	164
790	8
404	9
2810	79
268	12
90	4
960	2
875	169
163	60
2363	77
1022	12
163	4
260	102
712	33
9	22
3182	34
438	28
691	32
97	40
344	197
119	74
1304	119
620	88
1553	65
722	6
886	63
1728	25
949	45
808	322
532	32
246	72
507	138
1577	57
1738	18
76	142
1074	21
936	184
341	83
874	596
148	87
702	12
398	67
6	66
2801	87
135	113
278	22
79	63
327	127
327	66
443	308
2219	96
2711	28
1021	10
539	54
2177	32
144	102
110	65
170	249
2592	5
1054	40
363	159
1681	6
423	54
64	4
1052	245
975	15
859	83
2308	38
332	46
932	126
3121	120
612	81
1587	22
1272	40
586	199
502	9
8	256
1395	84
863	18
316	202
181	38
915	26
1410	68
1445	49
1742	1
1991	184
686	51
108	28
1258	186
79	51
182	243
796	238
1164	22
187	167
818	177
1170	24
203	327
2718	33
119	116
232	359
3087	86
416	11
698	196
279	402
2209	31
149	31
746	9
820	19
1073	106
327	578
255	33
993	108
658	142
1511	26
486	29
156	55
1056	33
591	102
201	26
569	46
1292	202
1141	7
1852	23
738	115
141	148
867	7
863	9
705	81
255	184
4523	165
3283	2
11	80
248	10
2199	24
619	23
1181	244
6327	151
331	231
368	233
213	94
405	197
4094	4
1041	312
1465	45
54	171
2082	49
135	7
113	15
718	78
166	72
3478	66
623	212
2976	76
651	358
315	42
167	52
59	499
2251	230
89	130
2709	107
1107	17
3511	47
591	15
310	16
1811	132
707	28
1542	132
1980	111
651	98
603	280
278	44
2075	166
1129	58
1997	49
627	18
1143	3
924	59
650	96
1406	172
2709	52
2464	72
155	105
675	167
1621	174
1808	101
1098	79
714	171
4182	355
1072	85
921	4
1293	97
66	44
1522	128
80	266
88	18
1258	61
260	110
707	31
1079	213
411	79
1565	56
451	181
659	65
279	38
1951	176
931	62
600	63
2079	129
601	26
172	83
1495	62
635	262
96	97
318	49
661	21
1949	185
689	75
301	65
427	107
2340	31
1095	46
1204	7
470	143
273	39
2951	5
313	57
2544	129
3200	8
866	142
2413	10
3752	20
511	45
629	34
389	65
256	19
1600	1
1761	180
873	26
621	197
1725	110
1012	188
806	354
118	21
93	101
524	87
1949	154
499	69
194	64
382	27
1488	24
518	124
2558	57
184	103
1843	10
486	239
225	159
221	41
2263	83
503	100
411	239
1768	32
55	8
876	33
227	136
626	76
186	27
207	20
1287	348
243	9
1940	66
678	56
507	2
2768	5
1060	56
190	59
667	57
2547	114
235	219
848	196
1100	13
1110	8
1181	8
3874	23
1651	205
3414	89
282	30
481	59
115	325
822	5
1409	79
525	32
710	97
328	191
362	37
636	25
617	53
551	13
258	9
178	15
299	111
688	59
512	5
595	6
107	8
81	231
1464	3
1195	29
1977	40
1049	7
205	69
130	51
102	140
1043	22
1078	162
390	19
167	90
1220	61
257	28
854	51
2076	55
929	252
1737	154
639	287
444	65
1247	167
127	74
1666	92
98	3
561	15
1826	189
484	45
905	15
1933	99
292	98
62	179
1018	33
802	148
2670	61
170	140
817	9
950	24
1211	2
2903	336
281	32
956	22
611	17
161	7
148	44
2249	18
1898	23
368	19
478	25
75	55
1659	168
1025	190
1058	69
2006	82
317	155
1152	372
322	215
2143	38
997	97
790	6
256	10
510	63
295	260
2005	177
2490	572
166	45
193	165
800	144
1313	35
286	585
378	4
1420	101
142	34
1132	111
484	81
1356	123
1074	77
647	95
1404	11
1778	78
849	90
509	1
879	43
1053	163
1012	4
3746	204
595	5
756	15
676	75
4159	129
1497	24
3169	76
1101	62
546	6
84	66
3709	11
564	52
943	80
975	82
1542	108
409	19
1805	18
404	130
324	46
46	142
1432	38
168	151
728	162
3179	43
529	4
392	210
504	68
390	48
475	97
1870	118
436	89
650	67
2067	6
624	1
943	51
1213	125
301	281
321	33
2577	54
1729	81
1262	409
2336	42
2841	6
495	20
1460	25
1591	2
398	129
709	55
2569	35
4576	76
2664	56
1073	39
982	42
982	150
301	11
4141	74
3066	80
970	89
424	61
287	32
843	47
127	54
322	58
1326	57
248	82
1686	107
1345	141
442	132
240	96
941	36
1496	49
1169	150
1770	6
1710	92
131	43
785	390
410	401
1857	77
117	124
1647	12
40	87
181	106
1878	96
1041	55
623	80
1489	33
1649	260
423	234
3460	79
813	55
601	94
593	170
724	23
441	265
879	286
1263	99
1318	29
1976	29
386	20
311	265
273	307
1391	22
1469	93
430	188
1377	63
435	50
1466	39
267	280
212	143
2887	222
971	214
4268	2
1184	31
1383	8
940	82
330	14
2288	19
4533	136
210	100
1591	213
3218	171
434	236
329	21
124	215
1186	56
96	38
270	147
508	31
385	22
746	32
383	140
79	75
841	91
836	35
1672	16
2062	3
1369	12
2305	8
1205	53
820	127
1458	22
1007	43
2826	106
480	57
908	235
227	141
4140	21
3313	26
191	44
1925	309
93	59
1533	75
110	9
480	81
1682	31
3618	34
473	143
605	345
1798	178
412	100
2601	201
91	84
424	1
129	85
565	255
1274	54
564	112
127	460
1467	51
760	38
102	90
2672	139
1262	24
637	24
646	19
1442	33
613	304
641	176
697	4
479	257
791	88
521	195
1211	45
1003	55
857	69
497	94
2378	41
1649	83
117	36
191	22
565	132
471	49
302	56
173	5
445	41
1847	140
84	144
1744	318
2906	85
79	105
378	259
2013	31
770	8
1006	3
1515	29
830	22
1741	93
325	14
154	305
197	6
659	16
1420	11
2285	56
2147	13
1812	106
156	195
1450	153
658	76
1746	123
2826	20
523	145
416	42
240	72
460	129
586	53
3229	132
1238	37
75	186
2678	66
2010	52
570	22
599	127
389	202
172	14
557	2
2640	195
1678	592
1142	54
564	93
297	15
662	29
2609	89
1649	107
249	182
2355	2
122	237
332	16
2259	263
1284	551
617	8
352	434
652	332
139	83
294	97
1051	161
229	29
114	261
318	51
601	200
1058	10
563	72
1297	152
232	11
219	303
95	85
2989	178
80	37
301	42
606	23
1278	156
119	416
802	235
1958	94
578	33
174	1
1227	392
593	50
1530	179
629	33
435	9
7763	197
81	35
1013	124
1422	355
533	49
3798	108
1835	58
351	65
448	2
854	75
2431	13
2747	259
191	259
1469	166
98	67
697	136
1517	4
3547	112
663	54
902	141
277	350
428	59
67	9
845	108
382	25
638	24
1698	298
397	286
1765	57
490	7
358	24
453	95
77	12
386	16
2225	520
158	63
1907	69
443	28
4431	38
170	61
253	60
205	78
661	114
314	23
318	155
345	153
180	68
4746	41
1022	42
161	72
662	58
367	251
1533	340
96	122
1405	89
388	37
1964	137
2641	37
168	71
1677	340
763	70
541	89
617	44
231	41
570	227
737	102
297	85
650	192
1315	46
1644	150
271	2
822	53
2252	24
390	17
377	206
1375	47
118	56
2560	44
312	93
562	220
356	4
181	52
2684	180
1865	2
266	183
842	224
220	145
152	40
1264	72
1155	53
1816	24
2216	30
618	145
2307	135
1567	507
99	18
513	451
470	192
1556	77
752	147
1347	50
771	5
330	33
1971	89
143	131
887	151
1112	9
1428	48
3888	164
1074	485
607	3
853	212
392	21
3080	17
1183	284
477	7
1239	34
2196	130
856	16
1198	46
266	3
1038	511
86	92
142	306
1206	14
366	140
586	39
549	184
104	48
1166	113
2683	48
246	112
237	5
200	239
367	91
363	54
537	30
245	90
1026	21
332	122
232	108
604	76
1614	27
1810	17
685	100
318	196
2173	46
286	359
370	17
377	426
341	30
1548	60
742	142
1869	11
488	94
853	63
1353	7
53	3
566	113
604	93
161	88
1152	51
2257	33
1694	109
683	64
525	54
4072	504
346	109
983	78
1410	31
915	42
863	245
1709	75
2619	212
836	33
487	45
620	11
5117	176
75	340
116	151
1251	38
272	131
3559	46
2396	71
754	25
382	25
1243	76
612	125
223	140
169	94
511	54
307	138
1297	24
171	101
316	70
143	45
1067	69
2047	217
2601	87
489	165
511	155
1308	115
2162	47
772	105
882	43
390	106
527	154
51	142
713	45
1817	82
3049	268
104	131
173	70
697	53
874	134
3012	151
175	136
1856	4
2089	30
3360	126
608	181
224	58
836	245
125	24
537	84
268	61
377	243
695	224
1513	430
2446	41
894	93
156	20
1849	38
142	6
433	35
518	59
312	305
373	103
201	31
512	23
2048	261
381	25
1227	156
4552	188
276	136
180	33
334	48
651	18
455	187
666	73
878	209
276	110
1124	5
508	12
285	253
692	208
707	80
2446	26
1522	59
392	69
1616	75
594	114
1340	268
2023	102
303	320
2574	49
997	83
456	226
3415	65
635	97
1819	45
524	34
244	94
513	25
1008	127
2074	190
438	43
689	5
777	222
1108	50
2276	173
189	188
864	21
5630	179
1206	17
618	14
534	98
2350	54
1196	158
795	6
1190	7
438	18
230	192
1032	23
452	118
301	15
175	60
623	181
470	3
990	144
1141	130
565	103
1754	6
111	5
1570	123
438	43
2042	44
401	98
3076	79
989	61
471	50
3987	123
1165	121
803	377
2557	36
457	9
296	63
1033	3
1354	130
425	151
137	10
44	73
527	210
1993	32
642	254
233	150
358	30
1200	103
496	251
1571	143
304	90
177	31
543	30
190	126
183	9
1498	105
1443	90
124	22
623	98
226	546
995	214
1992	139
586	14
712	138
816	44
1814	142
4045	125
507	40
342	151
396	73
1229	27
421	41
90	49
656	8
722	88
1961	141
1045	34
330	63
1367	55
342	34
2008	55
589	36
1395	75
1268	123
2722	82
221	265
141	109
448	240
2804	127
41	227
1018	128
1906	8
408	20
68	104
132	44
486	86
1986	52
687	112
66	132
558	157
304	9
3185	65
1654	179
51	188
923	19
125	3
656	4
338	47
1895	211
660	5
357	31
396	60
422	9
1533	105
946	307
770	61
741	12
1141	79
300	46
84	302
1642	1
709	91
369	66
151	40
102	24
1954	711
1254	55
1697	26
292	30
1867	198
685	22
2057	98
683	270
610	14
1713	14
641	60
773	14
332	248
152	326
251	26
970	80
276	153
2067	37
595	30
1934	67
3730	9
585	3
1018	209
67	85
255	135
3118	259
441	179
803	76
750	87
3731	171
345	5
193	116
2855	82
1075	22
491	409
321	15
199	105
438	88
2099	8
229	72
234	83
1035	115
439	83
2206	92
158	76
736	3
157	137
395	11
3197	26
1845	147
343	74
689	50
199	144
270	251
945	22
710	31
180	196
119	180
281	16
218	129
143	57
1040	146
467	61
114	93
2768	7
245	34
723	72
1883	1
1419	18
1326	62
180	41
184	446
696	37
454	43
906	8
518	26
365	69
275	207
5812	20
243	28
201	5
1520	275
202	5
471	66
146	64
747	30
596	94
1406	33
946	15
328	47
3898	218
943	29
2792	183
746	11
686	12
498	24
1083	2
1286	71
157	72
356	447
244	44
116	8
2306	192
331	45
1486	378
1461	245
2257	100
150	172
1405	45
191	24
431	67
314	104
212	42
270	144
159	139
2569	87
1799	78
826	60
557	3
653	62
538	177
647	3
1010	15
1233	124
1122	72
202	34
1796	117
1020	36
498	19
964	14
253	68
390	51
1162	239
235	71
840	69
4748	46
267	30
2946	474
1063	42
278	23
214	10
595	123
125	22
97	73
490	270
1561	25
1067	6
2005	37
2604	22
338	159
2481	126
2937	137
468	29
689	190
620	143
679	56
418	91
1753	55
285	6
396	11
846	121
835	22
2350	69
2773	19
344	42
1528	145
3349	99
1910	655
211	57
1402	16
452	103
663	119
2004	20
697	69
515	250
2915	154
3767	15
3168	35
364	49
892	256
1360	3
164	35
3906	34
1002	228
3148	85
1173	508
3083	36
270	20
527	239
366	429
448	9
681	167
1632	25
716	83
167	66
124	204
397	9
1310	41
1531	332
374	3
405	134
2297	42
657	36
591	74
2049	25
187	124
1207	41
1705	84
2228	20
1405	3
66	10
785	18
1244	88
4818	93
1867	361
3171	124
1552	4
375	56
88	21
3415	38
1418	75
154	281
1757	35
175	338
238	16
646	106
468	220
1418	275
1522	45
759	48
547	351
744	294
338	26
885	131
302	136
537	170
268	47
1891	115
1813	24
2980	44
1800	125
61	60
228	36
682	156
445	74
127	67
580	56
1368	10
415	53
3327	54
1147	58
1746	152
1685	274
1674	67
835	29
749	70
352	42
241	40
328	35
836	4
97	95
1968	201
460	120
647	85
2357	52
2442	18
785	15
1133	23
2604	191
2848	143
991	101
351	188
718	2
1423	53
260	10
561	63
4579	262
553	129
1333	123
1884	39
149	62
696	39
99	11
441	121
2962	8
1376	262
1468	1
3374	230
249	25
107	196
329	222
2165	156
402	40
2051	23
1474	293
469	99
750	26
2206	24
624	18
2500	32
448	78
1749	24
4676	35
2191	218
3245	153
671	70
2043	178
343	21
865	16
1229	61
572	170
1913	64
1905	192
3951	45
171	113
1531	157
1670	285
2062	72
2248	305
2610	362
2632	347
534	54
1655	54
2768	252
3152	120
1263	498
489	46
211	3
2403	50
1808	55
3339	28
2440	62
1997	6
505	68
1284	116
581	262
414	33
269	40
498	190
107	22
2903	30
1531	101
444	56
540	44
552	191
129	90
1082	86
259	212
689	26
1023	37
160	172
412	166
539	34
1108	91
2376	30
91	97
358	107
250	51
1978	106
844	26
585	93
372	135
79	282
502	16
494	223
181	150
826	178
340	94
416	285
576	61
919	26
1335	94
866	10
270	198
896	25
1695	20
398	91
56	279
151	381
1963	65
1667	17
350	63
577	108
442	7
214	136
706	32
390	89
1781	157
161	53
53	567
3334	23
1671	125
69	80
1636	60
119	288
2014	47
109	40
2420	323
1413	209
440	105
326	41
656	349
249	55
164	142
713	94
788	28
443	59
2302	93
1958	43
133	53
573	183
1703	53
1134	60
257	40
154	14
362	130
759	72
2125	166
308	208
66	45
3429	210
636	23
887	152
757	193
2043	6
236	108
186	76
1871	7
463	81
1247	143
3326	3
595	10
590	118
237	44
999	10
5581	138
261	93
524	86
242	15
252	19
4041	69
225	72
3060	5
1832	145
657	87
1854	5
162	222
121	115
1872	12
490	308
1114	134
89	29
958	75
250	48
318	61
1503	56
1365	153
2162	48
354	34
1660	42
1160	30
1072	239
1000	2
676	23
792	322
855	81
1309	236
1731	349
1249	68
2177	139
113	76
372	38
1564	9
1027	393
886	47
464	564
247	8
448	49
204	209
369	50
385	22
1798	80
1316	39
198	112
3207	24
714	72
1935	44
985	89
158	49
247	6
585	121
1275	12
866	27
6334	177
1440	26
2951	65
111	65
617	289
1163	237
1708	138
2292	27
1640	125
2105	88
648	24
780	54
1420	251
1213	23
1042	52
90	72
1385	119
75	67
1503	86
392	73
2523	64
418	232
3684	42
206	5
95	12
3241	145
1582	83
165	150
2937	53
250	64
1722	25
587	90
490	21
680	68
150	50
825	119
889	121
1004	47
555	16
1000	231
113	444
1085	359
827	99
841	68
166	49
827	147
1039	114
847	9
653	86
945	26
1861	204
503	109
155	3
1468	38
204	343
934	349
369	11
1681	100
458	251
655	250
3059	13
413	14
309	60
1046	291
2463	82
1104	30
2002	24
184	468
1180	15
635	183
821	140
1586	165
666	92
2255	115
1003	140
600	40
101	42
1691	14
795	42
1727	197
2280	75
1843	173
618	177
828	175
870	23
1358	85
655	252
212	154
3024	7
920	1
2808	133
1699	18
720	36
452	167
1619	204
1385	119
300	29
2161	276
1142	39
2103	50
504	137
2211	15
1099	44
444	78
324	25
368	61
596	19
2946	38
1200	21
1274	65
146	23
288	13
1192	57
369	20
151	99
929	45
1538	227
728	165
582	256
993	123
823	101
2096	13
349	125
1331	212
1230	60
1337	28
138	43
310	134
2602	88
1745	113
776	50
473	137
341	17
1762	2
393	2
117	13
4266	64
1041	59
430	54
3372	108
123	45
293	20
335	287
1151	70
1873	32
1325	12
997	141
829	232
571	154
1067	125
324	2
271	18
957	165
415	89
1564	69
853	27
245	225
2319	506
215	49
153	85
422	113
158	51
496	172
308	4
1910	109
2373	93
1699	168
125	262
996	208
1451	17
1053	129
437	19
913	57
774	14
1032	241
522	71
673	58
894	11
867	7
1182	23
966	18
2813	124
423	106
500	7
2039	37
107	1
158	37
2118	23
135	368
757	25
653	222
1365	121
1383	95
536	181
1984	95
1888	32
471	2
1528	49
1862	455
747	146
249	91
2395	94
94	15
492	33
159	20
418	46
314	58
699	44
212	110
968	232
543	92
156	22
2158	91
834	21
275	68
551	43
827	259
105	84
1165	323
992	128
217	174
2097	48
1359	40
75	17
445	31
830	35
620	54
3967	172
891	46
531	23
471	76
762	6
1423	27
185	207
598	176
2225	126
54	19
660	92
887	234
99	22
621	58
2062	36
1571	54
97	13
979	87
2667	271
847	58
1031	168
943	148
1068	71
1024	73
73	16
475	111
1345	88
2169	7
161	52
841	32
1711	2
176	126
2616	127
308	372
209	183
858	12
1456	6
176	594
3056	72
1132	4
86	22
1003	12
3194	63
436	62
507	144
274	13
1263	93
2998	38
237	14
222	15
431	308
788	212
3393	47
4981	166
98	273
1426	40
1561	10
640	90
438	5
644	72
1790	8
60	133
1924	217
219	237
2265	29
57	33
159	145
485	18
290	217
417	6
453	189
1258	178
1369	31
336	256
1595	138
702	114
358	215
784	1
1106	266
607	172
157	20
422	86
826	128
1723	89
203	51
577	245
1737	216
179	83
399	33
1762	6
1380	7
876	86
145	369
2947	134
483	32
871	89
1774	374
1856	5
433	50
907	38
2219	8
589	91
1044	55
683	113
1275	157
113	107
1255	102
79	6
468	67
639	74
101	104
731	457
1474	3
76	137
74	81
848	31
833	130
1292	72
253	44
409	39
239	179
314	2
1045	314
1038	66
183	48
325	88
2355	5
1876	36
782	178
589	41
2538	54
840	98
291	22
341	91
177	14
341	72
1546	116
780	21
999	14
469	94
826	8
934	101
107	43
3819	5
807	21
399	23
509	64
1299	76
1307	84
3966	20
105	33
5546	60
544	14
878	36
309	40
65	35
875	158
1157	246
87	3
83	119
409	38
766	125
2907	152
345	111
1310	21
91	57
452	22
920	16
2127	3
175	173
230	24
2215	59
1337	101
1161	113
551	44
282	55
1207	58
211	84
193	65
546	177
140	137
198	74
258	145
208	46
370	140
318	12
1258	24
421	446
196	67
346	305
209	3
1268	133
544	116
1378	51
575	123
302	20
1603	28
399	62
2174	42
283	24
308	91
1982	270
893	58
1453	125
4601	228
848	1
379	164
278	98
1152	39
2548	45
832	74
351	89
564	27
4603	123
719	27
1694	45
2628	340
1055	94
82	3
95	31
1837	40
888	70
559	46
574	92
170	32
748	63
3820	14
376	96
691	28
2311	69
794	93
96	1
400	4
957	153
1748	82
917	6
462	268
1084	224
1845	96
435	16
40	132
86	213
2160	3
223	34
915	49
240	96
852	34
1574	38
1071	8
412	167
218	463
109	31
393	23
1405	175
791	191
492	50
1514	61
173	324
119	48
1022	1
692	128
793	6
1055	157
99	18
691	34
1828	64
237	111
82	108
420	32
612	73
130	24
2056	99
580	241
2862	153
2800	78
109	174
390	61
248	68
330	71
119	15
1511	17
1525	75
2329	26
2929	71
864	307
731	61
292	76
156	35
310	58
1164	130
390	2
838	30
569	448
974	4
831	130
1137	18
712	6
547	23
1159	3
675	30
1101	20
1258	140
848	119
1129	189
775	101
510	47
1146	18
1954	53
98	194
654	289
1254	131
1239	38
742	1
548	9
594	42
651	110
430	14
217	52
2883	486
793	18
3445	75
876	15
406	53
636	31
1606	225
871	38
1744	248
1316	24
562	21
2405	10
210	8
3762	11
311	6
88	2
670	1
1926	48
418	325
1682	75
78	13
672	37
725	1
1501	10
99	35
2680	48
316	16
84	28
959	245
1996	77
1222	82
914	49
1950	41
911	45
1020	25
3677	30
952	29
443	38
52	186
3615	239
1322	22
724	25
1066	76
126	46
478	2
670	45
1784	94
1578	109
388	87
428	261
414	123
2293	21
1411	11
285	36
319	120
1170	48
178	97
1005	154
728	67
3000	20
210	55
1133	145
92	115
318	57
633	9
474	56
114	74
754	65
2092	16
698	6
776	93
2815	463
799	184
2514	16
1170	182
404	125
95	1
2124	82
586	40
402	155
469	13
2119	105
2495	16
1378	36
285	379
2135	41
831	118
2217	51
136	35
700	10
260	101
3552	200
122	47
930	321
1903	39
2202	157
271	185
187	95
1583	125
2052	113
222	8
1786	5
1053	53
2393	116
520	54
436	141
1410	63
88	137
1167	19
83	21
616	20
83	85
1111	187
436	99
1445	111
1025	38
4375	52
277	50
1277	26
198	90
4092	27
1455	25
598	100
206	148
69	24
143	215
3845	37
622	64
495	44
313	386
1337	190
2086	13
1778	15
4104	230
836	17
997	139
218	344
537	31
1305	27
1301	47
472	137
611	46
332	17
1713	159
1783	26
618	36
162	123
794	71
473	201
301	293
182	82
757	65
1197	71
1391	6
4547	7
1077	82
1356	41
869	82
871	12
792	15
389	166
412	310
2911	228
310	5
62	69
3335	140
246	158
1153	14
478	66
1446	14
869	74
2860	116
161	67
155	12
578	18
768	50
321	54
600	61
170	127
321	14
896	179
1115	228
188	9
294	20
217	158
626	49
871	36
728	105
1081	53
1022	12
599	39
1400	25
830	303
506	35
601	512
705	5
2157	113
1933	26
907	74
291	60
746	169
502	8
934	3
181	196
222	75
1915	94
537	71
1731	49
185	198
1612	49
546	35
919	50
43	160
1196	72
55	53
1133	135
1340	41
1257	54
848	117
713	32
141	75
544	8
1737	26
1567	125
155	34
544	1
377	43
299	131
206	5
4289	19
655	104
447	73
319	25
582	132
4390	159
1088	122
926	45
1579	148
787	1
2142	167
1354	129
890	92
610	1
1028	40
1003	15
438	68
959	35
1173	508
179	177
2519	116
1478	125
660	36
868	24
679	19
306	14
355	16
986	14
517	40
479	113
137	165
247	35
2815	225
277	215
1224	68
1949	97
866	49
1447	99
900	118
144	94
2446	35
1710	9
1888	106
1491	49
423	70
88	259
162	37
2456	377
1080	12
533	5
274	18
1673	23
846	129
194	11
149	85
219	100
1505	312
2931	67
217	27
6937	13
1037	98
869	62
155	76
601	30
2384	25
992	12
539	62
469	9
3452	161
163	10
1352	38
814	139
266	127
79	176
181	84
950	249
1219	134
1484	36
221	145
2515	88
1123	200
2364	87
617	123
3994	89
303	1
141	80
230	36
142	54
4647	124
571	124
2204	10
505	109
1659	3
1567	111
1369	66
537	161
749	49
207	33
1038	354
4006	155
1332	99
598	1
470	34
85	231
411	6
1037	150
1496	97
128	513
549	61
55	150
865	52
1637	11
973	22
1012	98
247	65
220	44
1986	8
922	21
2073	252
1046	72
763	240
754	86
1056	117
1104	40
318	108
281	131
523	61
954	137
1373	7
159	212
733	2
850	84
1176	54
1276	21
221	104
780	99
361	172
868	7
573	237
3720	114
4596	90
653	153
2913	107
789	1
589	191
1124	12
394	66
657	168
1396	3
3722	82
1187	121
931	172
1625	233
254	86
643	46
178	289
1346	153
726	21
2756	32
1133	125
333	354
1859	227
366	376
820	392
553	98
1296	85
209	86
426	13
69	70
268	130
432	43
515	226
362	113
140	235
947	17
731	149
80	43
81	337
803	74
547	27
363	55
346	68
583	11
1148	30
672	79
781	22
725	129
2816	193
609	34
210	375
3347	74
3280	140
775	184
1499	209
489	313
258	17
1306	35
275	41
1884	73
874	66
3954	26
575	176
3344	253
1078	122
1416	152
670	4
2690	4
2827	86
1130	77
227	211
475	91
984	79
70	92
124	18
150	56
504	96
427	176
448	89
3538	82
82	191
2085	113
122	331
1037	35
2784	116
622	138
459	138
201	273
729	15
465	29
47	124
148	368
742	64
1010	65
114	14
1707	159
373	30
1544	126
479	12
2832	42
1641	82
3074	126
146	115
606	52
241	37
362	189
339	199
793	14
1216	64
1163	97
1142	83
4574	98
1548	1
1191	9
1759	95
1064	44
527	20
349	34
2446	179
123	595
3496	7
1394	56
1681	236
1063	95
2394	6
243	203
2698	52
2246	40
652	34
1666	134
2777	8
2410	180
854	60
115	39
93	162
431	29
83	141
225	67
2680	112
264	13
820	11
811	65
726	18
2302	98
344	309
668	81
286	159
78	40
1428	75
978	29
123	55
681	115
398	98
686	133
359	9
1572	65
1170	48
876	24
439	45
1336	189
362	69
654	53
193	242
7522	253
2249	4
174	348
545	141
363	210
1074	67
603	172
176	36
753	261
792	72
551	44
362	146
336	50
334	52
3329	311
3901	17
3647	25
117	137
431	140
198	29
95	83
67	27
624	49
500	209
237	42
1606	361
1725	24
3622	13
694	160
95	120
3373	321
193	3
1829	29
1862	2
1897	904
118	1
120	131
485	105
2154	17
826	217
1526	84
229	120
3630	198
490	159
568	108
1131	95
530	232
2186	19
216	67
143	15
745	33
737	152
194	113
214	111
5493	138
648	354
254	24
1267	202
481	136
372	24
916	158
112	56
3949	41
2925	52
808	6
826	17
636	149
488	40
431	30
1295	238
333	143
1189	52
2579	55
3151	5
472	246
1445	359
370	307
114	51
612	363
665	171
910	112
1419	19
524	167
430	15
135	33
1352	76
4859	181
481	48
231	207
292	120
322	76
210	71
2941	34
111	23
2678	15
533	222
425	52
449	88
331	46
292	68
564	91
370	139
392	192
4023	106
1030	48
200	25
1468	74
1624	31
1639	7
547	222
194	9
206	197
867	374
272	3
432	133
1464	255
36	72
417	111
221	527
2001	161
240	94
176	1
776	39
981	8
124	18
2841	94
556	6
1147	47
584	88
1910	353
529	63
113	73
458	37
782	148
2434	52
1596	31
878	35
1793	34
368	81
673	41
2081	97
210	13
318	14
2040	398
3276	126
123	176
281	12
195	90
507	210
351	6
620	17
471	25
2828	49
286	541
1296	237
808	49
430	93
397	94
3093	196
169	22
1374	34
74	354
937	258
137	169
129	99
691	26
913	96
2826	132
1302	63
979	33
538	175
169	82
600	15
314	102
617	6
591	333
2313	81
1951	17
495	21
179	76
258	18
2430	25
447	11
5395	30
114	191
688	280
411	51
1319	207
1436	114
705	35
2891	92
2911	155
2317	113
66	174
73	189
299	36
1171	97
4913	61
381	47
392	75
875	395
1222	168
1812	101
155	7
6532	105
2883	34
136	57
200	216
894	7
1375	135
207	66
306	80
710	7
332	101
591	110
218	7
1582	70
608	236
875	105
58	37
750	79
267	178
1647	33
112	31
366	154
685	42
702	19
1728	79
85	10
560	24
197	43
267	121
515	29
1124	19
1450	4
1205	152
1653	28
458	35
2895	81
62	21
756	101
3741	135
142	273
381	56
82	17
720	252
779	4
180	40
1523	21
403	248
974	18
288	128
52	10
3806	24
317	24
692	268
699	191
1131	89
99	11
2706	2
167	218
1192	99
1710	127
586	58
448	33
519	293
1552	243
807	36
142	59
1397	79
677	9
733	170
203	357
2177	98
370	43
40	13
2602	57
105	71
1587	28
462	182
129	192
75	16
2945	45
349	282
1039	31
656	29
1171	41
656	24
173	191
1390	194
1134	199
1534	33
472	143
138	26
201	256
447	81
333	152
459	6
542	114
3149	6
908	38
202	9
370	145
2251	438
958	64
882	31
451	38
2749	410
1522	122
216	336
782	128
656	168
420	6
811	302
330	131
1310	54
186	23
454	66
512	102
1233	48
553	24
2443	67
1197	340
202	355
1544	253
1410	30
726	12
4199	17
1577	16
1422	37
957	132
3121	146
1437	9
788	266
837	352
1311	20
264	232
3217	71
1979	86
1524	23
117	56
218	87
4335	79
2196	2
774	307
462	19
448	174
552	13
1048	220
421	83
1157	97
317	4
646	184
751	3
393	2
636	30
1793	108
1082	77
183	291
838	5
3733	535
852	105
4559	41
1182	14
202	58
322	75
381	3
209	9
208	222
1129	58
663	133
588	13
1588	172
1005	172
874	43
3509	6
210	85
1532	184
321	43
895	35
708	94
1083	124
491	51
142	93
670	35
554	250
302	227
3932	66
691	243
2059	8
912	20
374	43
1147	56
1092	34
3962	251
2947	111
572	8
482	5
2788	202
648	132
2877	42
107	4
1404	239
151	114
2303	28
543	93
636	104
1685	24
1492	159
197	47
1323	17
288	5
145	4
436	129
1445	99
827	118
505	160
1537	96
392	14
337	231
243	118
472	10
1208	108
1149	312
311	157
664	76
553	29
889	117
2862	50
719	75
2177	117
751	123
1742	68
2984	142
2303	20
2146	13
6109	116
1229	108
89	160
506	115
2619	249
893	43
265	236
80	115
2969	13
1511	63
1601	130
765	10
1479	20
1761	358
1919	270
193	186
1219	18
634	326
974	39
298	36
969	160
3493	207
890	45
1726	6
1592	37
2346	52
2099	129
708	21
239	102
1203	10
143	81
539	10
453	197
797	191
853	60
1495	41
3106	19
286	235
431	69
183	60
404	129
2192	36
332	143
962	45
435	140
663	135
92	52
215	63
6235	35
490	243
467	115
109	124
759	60
2937	37
677	94
93	19
761	91
2457	362
272	187
3415	42
448	15
1377	103
1060	100
999	24
608	68
1033	2
1760	127
747	98
242	87
1457	35
1077	95
2088	73
552	141
578	14
559	88
928	37
2267	18
332	101
280	39
975	53
1112	57
1301	79
178	1
1118	173
506	177
448	79
721	45
732	184
676	224
953	151
1833	116
375	15
1524	206
1071	24
197	94
132	61
1210	71
417	487
845	98
84	418
1737	68
256	52
549	34
662	113
1090	27
293	13
924	36
637	34
93	8
657	86
338	184
1819	24
1439	162
866	20
438	90
208	78
245	48
856	44
404	19
854	18
246	37
791	35
686	24
206	51
633	206
739	7
4250	117
198	39
1616	47
329	5
727	1
3673	15
198	24
393	272
1058	24
385	63
686	41
739	105
86	67
1872	13
143	63
287	83
183	181
3305	202
1364	75
835	141
1942	71
1224	1
66	422
407	42
793	229
825	92
383	97
204	23
1035	98
518	127
66	30
323	7
2163	55
532	4
109	55
936	69
70	134
277	71
2322	317
501	73
1930	12
3895	12
144	152
341	39
2888	129
2450	42
2501	32
771	32
400	16
3850	111
1934	133
2872	147
514	88
4153	81
2630	88
933	214
1913	18
1018	18
1357	484
1088	214
4083	29
1418	15
323	120
2002	35
1550	291
356	170
2567	232
3311	165
1634	139
534	9
577	27
2100	63
754	201
946	66
1039	9
164	221
1876	6
115	18
4881	3
1399	32
2610	4
1290	121
1030	95
2251	337
824	194
110	14
2359	26
232	120
238	257
2229	78
368	185
1559	38
2051	42
1362	133
837	179
732	60
517	88
2682	104
326	44
615	155
876	108
235	65
1976	285
3660	148
950	13
964	91
1948	96
704	15
1236	37
521	5
714	25
2093	8
304	123
694	6
337	3
1272	307
1243	110
1302	92
7836	59
223	139
1596	2
2021	46
337	569
1021	35
1296	162
75	13
289	99
300	1
691	44
931	98
543	65
1144	1
353	298
2131	135
3319	352
85	49
64	116
659	336
191	41
934	97
390	34
459	28
289	34
3799	174
1256	62
2136	6
1000	68
742	335
285	40
2272	288
1378	24
228	267
2413	66
21	166
698	55
736	12
2604	98
1759	406
2598	158
230	15
391	88
2313	362
141	84
3147	9
1806	3
830	55
758	94
82	38
786	69
547	17
2206	56
921	159
1061	52
262	75
3032	101
1004	229
6820	59
57	47
315	85
1146	14
1345	63
335	43
560	131
967	31
1459	23
497	168
1056	96
104	4
585	22
1659	133
914	43
1415	35
1713	393
1263	116
3845	53
115	26
181	188
1334	151
274	214
737	51
1300	70
1572	28
3328	79
965	65
988	113
125	17
172	219
1137	121
343	99
698	9
86	115
1369	158
590	94
188	7
1606	20
1239	153
2374	391
792	88
1273	90
857	117
1782	160
628	356
487	97
63	55
1871	228
436	6
498	11
2052	41
532	352
1206	30
611	82
204	28
1664	173
733	29
677	13
1644	108
1066	117
1603	198
1957	5
1077	89
4765	120
1140	105
895	181
777	11
555	59
3072	62
222	21
4638	120
665	142
861	57
841	38
1725	174
2176	21
603	3
901	6
588	11
1099	54
1524	173
3130	7
587	152
1125	113
1688	41
1547	227
703	49
416	25
1340	350
615	78
67	31
3107	122
665	36
2011	54
2616	90
926	16
1767	150
1835	43
1612	36
824	44
325	107
127	259
284	5
805	1
1449	78
1559	41
488	3
2492	52
1746	88
1338	58
770	113
958	35
198	85
695	248
3821	246
617	56
504	326
2083	118
715	104
1159	44
636	34
1179	380
395	63
2537	70
101	6
741	115
596	100
4243	97
2114	4
1017	60
907	81
306	150
87	16
251	87
680	239
451	361
2528	148
261	337
1128	67
865	338
1176	48
1306	43
1203	72
2058	144
576	72
472	28
2660	101
487	103
444	215
2684	109
1408	183
320	73
360	122
190	201
1179	369
3373	161
1168	2
927	1
834	170
2101	44
2043	51
157	121
1910	140
396	168
1654	97
1438	2
2959	18
257	102
1748	9
1673	153
1765	299
1184	139
1109	42
920	52
1533	33
126	232
2296	55
1719	86
1277	25
718	18
1271	16
68	177
2584	3
2966	11
294	183
1570	2
2505	139
167	84
1047	2
251	140
366	117
311	85
2080	203
446	195
1016	46
280	16
146	374
2184	60
673	21
1860	116
3942	5
766	104
185	153
1130	79
629	24
1018	33
484	43
1384	67
125	8
403	68
480	145
1562	159
522	237
277	167
1851	32
108	51
2868	35
636	142
2313	146
1088	9
2166	35
456	191
657	95
1315	191
403	12
82	109
273	66
436	258
1109	82
104	6
741	35
1445	62
219	225
762	87
1052	76
1391	108
454	7
845	196
107	84
1629	26
495	163
517	412
731	62
969	220
59	39
544	162
452	40
2031	43
1677	56
271	37
955	325
1383	75
301	33
59	110
185	54
450	32
4566	18
1786	76
112	45
904	43
1215	143
1185	150
686	26
572	4
558	7
4115	192
1152	14
5002	21
1667	7
672	74
856	33
788	67
217	14
1067	114
662	59
697	4
1518	19
266	151
524	18
3592	28
987	81
4268	5
490	212
1227	42
1178	85
700	15
1925	71
1752	46
51	15
532	113
1653	64
1186	44
953	205
260	44
287	14
1986	319
288	499
1165	29
438	1
342	32
147	197
1721	37
350	266
1966	32
537	26
564	277
1044	55
63	38
116	82
347	31
846	40
2005	114
147	42
573	144
867	110
1413	132
345	95
173	224
2038	10
883	69
2860	68
2137	256
1988	12
1124	180
58	39
2157	27
724	5
315	284
362	8
261	6
133	31
241	60
819	24
732	220
1216	63
153	13
93	183
249	47
299	76
614	120
215	13
825	68
421	23
442	201
480	4
764	159
2598	128
139	283
238	174
348	241
1534	156
1679	9
160	93
585	4
234	5
2240	152
173	62
577	160
843	17
2036	120
371	429
2061	144
1410	96
1811	73
150	14
458	25
1526	147
938	106
99	218
433	115
423	23
1212	19
1347	49
2167	31
230	71
187	166
1792	135
658	103
3523	58
664	46
89	149
2861	23
270	36
771	7
48	54
606	66
113	67
716	143
458	123
928	350
488	121
246	77
3417	58
134	31
1312	143
153	37
255	161
88	166
1328	93
1059	77
201	4
1016	58
926	234
316	517
1436	109
311	32
161	165
350	12
57	115
1024	4
335	94
229	10
1975	15
345	20
592	59
590	13
437	139
158	8
465	22
227	373
377	63
206	6
1353	120
157	104
2057	71
55	122
817	61
1530	199
326	52
562	75
688	11
343	29
181	374
831	77
1087	35
1469	10
488	46
187	175
46	28
211	86
77	12
2925	25
204	261
136	116
149	31
220	96
216	26
286	218
91	149
1279	8
163	100
374	216
1747	106
727	3
710	6
192	37
969	250
2010	58
3238	443
108	280
929	13
3597	40
398	73
137	84
181	144
236	255
432	89
1783	280
1750	50
1210	4
130	6
569	6
493	71
1262	123
5280	87
528	203
2036	7
2409	42
664	125
3477	38
245	29
227	65
744	18
1095	86
789	40
891	188
1190	79
509	192
1622	46
217	228
285	431
765	128
133	9
1514	202
918	14
2663	58
473	120
370	11
210	36
406	36
137	75
506	67
4782	44
1513	54
527	5
795	31
1023	325
190	177
534	3
827	49
335	98
113	51
1346	233
2410	84
1139	27
397	107
5009	10
941	26
114	50
510	45
621	10
262	175
1001	100
129	63
929	75
1608	1
432	24
2148	35
796	266
994	18
468	22
937	36
1158	21
393	236
647	93
337	53
2594	7
397	141
505	67
336	46
770	33
119	137
476	110
887	5
394	24
561	79
755	68
2072	105
2707	74
2030	67
61	123
552	84
1495	151
1328	116
457	125
445	55
646	409
3169	67
748	48
403	60
863	96
1132	75
52	78
1429	12
893	8
239	54
468	53
358	242
564	21
1572	106
2135	8
73	46
722	33
951	45
149	39
767	103
1536	147
470	197
1471	272
1399	18
1239	151
195	7
1225	191
1270	45
368	252
410	281
537	151
547	205
70	2
311	33
373	171
610	288
167	34
619	114
249	209
136	307
1314	7
283	225
696	108
1944	74
1008	51
1567	13
1377	10
403	21
4389	137
459	152
896	173
1152	55
177	8
1014	50
230	38
385	169
119	47
1097	16
1030	4
395	72
1906	34
2150	34
1017	141
121	201
612	19
680	25
646	49
1608	94
63	22
580	132
1331	190
837	43
755	37
180	101
90	144
307	36
3026	138
2017	7
491	64
1140	111
1253	24
173	44
582	376
534	4
280	56
1657	20
182	41
1164	112
122	122
235	96
1588	18
169	54
320	35
355	45
1281	31
1778	183
79	39
324	123
749	110
1372	10
1076	197
1618	149
142	58
440	106
182	118
2120	275
6147	190
607	81
3608	141
849	133
797	35
398	49
2312	17
1039	92
1183	116
319	5
740	58
3689	46
1584	100
250	30
3175	116
726	3
1611	73
228	295
1881	221
3163	4
5516	18
1348	32
382	3
1011	19
269	9
1698	180
88	140
426	10
507	6
169	58
275	52
435	141
1509	240
1795	145
2053	101
681	103
874	330
1195	98
233	41
1173	109
401	97
88	49
6437	19
1366	60
1189	381
3124	277
1751	10
72	8
4804	82
654	33
949	58
244	95
329	150
402	121
1937	191
252	37
368	273
1443	80
834	103
538	9
199	256
193	70
551	90
837	119
1258	1
1689	67
640	43
2039	119
546	104
1405	7
759	25
1037	12
722	562
795	64
184	28
1713	215
239	205
231	217
2204	125
116	170
551	4
3216	100
3393	9
642	97
59	25
531	136
543	165
1270	5
5321	43
1777	49
687	10
1058	80
729	215
1146	54
99	122
3101	49
1250	10
283	68
988	34
133	37
393	172
371	19
131	41
199	150
424	372
2021	71
887	356
2111	13
1456	81
501	230
422	149
4580	110
651	33
766	5
1968	42
456	140
68	88
941	94
4119	22
286	9
2266	38
125	41
446	76
530	81
214	2
964	274
606	18
2481	221
2819	99
438	24
1210	30
195	6
70	92
292	14
899	77
2470	302
2211	55
524	6
696	79
1152	87
1202	9
635	60
1353	101
2374	39
409	16
486	198
436	101
57	137
1720	309
2430	45
3646	3
1153	74
216	84
355	58
1184	180
3273	148
313	155
1434	20
646	14
2560	16
832	142
648	99
100	64
1990	113
924	4
935	95
1701	56
110	64
1185	115
115	78
88	51
166	210
452	234
1844	6
340	12
2537	92
1505	27
1075	84
176	4
465	166
1095	24
228	235
462	4
586	35
1387	44
1398	119
732	33
392	151
1402	43
924	37
337	260
1194	40
502	269
905	188
97	342
822	101
1156	160
1080	116
1704	27
471	228
1081	31
47	37
282	28
1102	6
141	56
132	41
2028	60
2202	2
394	165
658	19
52	1
1344	7
2963	76
565	158
2972	19
295	68
2078	228
263	79
213	155
2297	36
719	55
250	39
2210	90
713	99
318	311
1267	66
1384	122
213	190
759	202
811	46
1070	18
784	179
2432	78
1156	6
6084	74
214	147
529	93
325	5
661	24
613	43
393	318
1752	197
220	25
831	222
1369	68
181	35
251	40
1187	190
1147	26
721	102
641	30
669	41
800	117
538	32
441	77
75	32
7525	166
1602	234
790	124
1558	53
472	450
433	296
2970	115
674	94
979	13
2698	10
1144	53
202	43
766	68
217	3
2665	104
352	62
1920	139
122	113
504	130
73	97
243	182
2263	148
971	25
926	101
274	198
457	200
838	106
109	68
245	99
675	465
704	56
408	117
158	147
2380	54
1097	31
115	7
503	77
1307	2
399	62
1583	11
943	34
1415	38
482	50
789	248
375	11
904	106
537	185
1344	111
340	153
63	42
1605	78
839	46
133	51
2284	160
219	24
196	34
2543	16
168	9
1894	59
299	127
273	132
138	68
964	16
739	144
2057	327
955	16
714	146
1837	218
730	340
2503	178
275	46
1538	64
1514	326
417	15
187	144
273	39
1264	42
1245	89
798	8
653	51
48	48
788	119
1453	52
1832	62
933	214
818	9
3743	9
1058	93
744	13
4862	12
471	17
813	73
4071	191
660	321
515	21
251	44
1369	4
63	88
369	91
1556	74
1786	269
1599	133
127	11
2324	14
547	8
273	129
1070	201
3424	7
3495	22
103	127
442	14
703	122
622	148
1509	28
1015	156
874	82
574	102
406	13
191	10
4254	7
1530	55
257	17
2037	5
1258	126
167	59
1050	111
2651	27
1481	146
644	56
1886	200
525	31
1410	41
89	187
985	2
2187	24
926	57
1954	73
189	21
1317	83
160	296
1185	203
301	245
481	71
853	7
394	107
1086	28
2410	304
4114	127
655	56
1167	35
1699	60
706	142
1896	66
759	72
1205	142
491	18
161	207
1211	163
208	75
1471	254
2155	244
1449	163
538	244
502	16
396	150
1238	417
192	152
1309	6
741	155
286	18
1057	8
286	29
717	170
1757	266
280	17
355	197
2821	142
922	239
2907	53
1369	9
131	6
422	9
890	7
243	108
474	413
773	6
248	41
618	320
498	271
1047	555
456	208
732	97
930	64
59	74
251	128
1359	73
265	96
3468	196
112	401
65	43
366	28
105	190
145	278
634	171
1785	24
114	83
430	3
1299	48
1595	11
139	185
750	54
1175	22
2035	259
4636	16
268	19
577	245
629	22
1882	133
327	102
345	1
1101	173
381	39
219	144
436	68
2649	61
2577	134
3847	167
763	144
806	99
508	130
5595	142
512	142
63	13
1941	65
968	37
1285	18
815	48
2312	7
266	75
1997	299
1283	53
87	105
2168	245
275	5
368	88
1318	100
811	52
2903	22
14	169
1188	4
1552	64
2367	330
1475	116
492	180
523	7
1141	266
3291	239
818	104
79	66
959	1
537	87
4165	140
417	65
43	155
1870	118
35	19
188	39
1543	141
819	12
1431	162
6984	566
162	92
1941	25
82	76
646	142
376	248
719	19
489	173
1008	36
462	23
556	30
91	190
141	67
460	86
530	31
616	67
1020	121
1275	8
337	60
1918	76
89	17
363	181
233	36
1975	80
985	14
1119	34
1020	95
628	26
106	54
1855	294
1609	208
51	295
154	11
294	19
240	32
340	100
1373	29
460	15
710	180
1920	6
3628	114
1370	38
1122	114
2081	12
197	53
1530	56
90	71
156	66
720	3
2105	165
799	2
613	146
109	2
2704	184
351	134
557	6
480	50
462	62
2452	84
405	158
347	181
55	59
428	45
1386	175
226	21
1259	361
1317	128
1071	87
1962	186
952	135
177	56
941	105
278	113
441	157
768	2
206	79
214	46
372	237
453	180
458	107
4514	24
419	286
1038	27
172	69
350	3
378	12
551	56
109	180
2335	76
2019	24
1721	5
119	104
436	67
923	43
623	92
600	60
1995	332
322	161
371	149
1895	13
2084	275
1092	50
274	129
1027	52
328	27
216	95
1436	58
395	45
1361	455
1281	112
755	106
410	93
1286	124
525	216
289	109
1620	112
730	77
119	86
1768	109
3430	14
2247	82
154	255
2180	27
1000	84
326	293
3969	14
948	88
116	114
108	28
4337	33
174	14
1442	34
1289	219
984	153
268	177
373	115
2303	49
1733	83
644	6
151	213
1465	114
782	31
261	86
1580	43
463	12
2080	22
688	88
334	56
322	24
232	8
601	14
8094	353
1011	12
223	119
195	69
1615	219
164	4
2134	331
1841	18
1154	4
1462	135
745	98
413	144
109	94
2276	230
2432	113
1838	1
338	70
1138	100
841	5
714	8
441	507
2384	39
159	14
240	118
1191	56
1513	27
145	35
1973	9
180	171
759	314
175	8
621	4
83	272
257	33
79	98
101	27
2481	10
241	164
90	8
1127	85
1129	227
1349	24
1325	10
182	226
919	61
961	34
403	84
130	25
3732	2
1804	81
403	113
92	5
861	38
248	55
1755	459
1321	1
457	30
126	23
123	57
1747	78
1712	84
624	280
938	26
137	315
1088	133
2414	131
399	61
685	39
753	43
1516	224
384	10
370	10
359	61
2919	45
845	168
164	223
961	33
1757	443
331	705
411	103
1353	220
4179	224
341	68
2184	313
2431	31
1954	358
1155	62
86	25
61	12
320	131
3736	38
2277	376
1084	15
2448	3
385	40
508	306
762	30
1166	48
1231	332
776	221
664	71
920	305
1730	4
753	229
1886	59
1963	53
806	84
1075	32
208	108
744	4
1404	883
135	94
1351	80
596	130
850	186
1857	156
1012	13
1774	3
1803	106
111	179
177	8
705	146
122	1
3461	3
2501	10
256	100
408	267
580	42
2017	89
3585	49
1142	106
668	108
1182	105
994	26
973	68
1450	1
1279	21
746	84
549	28
1689	29
2065	182
134	10
1859	151
2123	17
1206	39
1065	65
803	14
214	13
573	52
198	126
555	31
3279	40
8	3
3085	107
191	75
2961	97
1278	225
578	89
486	24
3140	70
1540	37
1388	139
1347	158
531	13
1364	23
1238	38
45	53
93	198
122	48
731	185
1004	34
287	26
296	164
3511	91
322	123
617	105
470	85
761	210
890	364
1477	155
154	185
84	26
757	110
753	79
3441	26
1002	16
243	206
255	15
1625	280
844	33
696	247
375	42
828	75
1386	362
570	149
662	37
843	45
449	117
3631	64
4430	93
1640	54
563	105
6042	13
1589	169
1381	130
244	608
1370	68
2808	10
1284	60
402	19
505	149
568	45
385	18
485	78
849	153
75	157
4600	83
2297	20
284	91
141	191
113	22
58	42
85	117
1362	17
89	137
15	26
359	26
126	28
1406	10
2292	168
833	145
1095	43
554	66
221	5
358	49
562	3
825	133
1871	26
189	186
683	33
688	43
224	7
1088	360
1268	100
278	340
2177	95
232	127
349	22
1079	55
1140	81
759	70
2330	17
119	37
989	148
472	125
42	37
331	27
64	121
344	58
267	30
423	10
733	3
548	11
66	167
95	167
1265	392
161	6
1299	63
3834	52
1461	151
855	257
453	52
243	127
311	174
273	15
153	15
1935	38
574	11
626	61
217	261
308	12
765	32
773	12
1672	27
7	217
2489	52
691	330
493	22
615	71
1410	61
365	46
669	21
1021	10
31	114
504	20
2015	16
275	18
293	40
148	206
1571	72
680	333
519	14
853	244
217	18
880	156
237	115
1008	22
754	73
1427	253
669	6
35	88
1145	91
297	122
235	15
220	122
2517	69
21	78
62	24
834	9
2259	7
726	7
474	78
849	75
57	70
529	42
2389	57
1315	69
1451	54
1642	129
190	42
346	22
329	108
188	96
1660	16
2440	319
1361	104
1244	35
1293	134
3397	19
1354	163
979	18
604	163
96	174
429	319
442	28
738	47
537	113
365	96
50	60
336	213
1355	98
1302	125
854	53
68	95
950	48
82	43
1851	145
2861	146
1949	209
2285	27
489	60
164	301
2877	17
2455	109
55	123
1167	7
157	104
1103	313
892	14
1084	222
1331	373
1277	205
253	14
471	24
1568	53
1037	8
10	109
4055	75
1137	287
189	191
121	39
17	25
8	95
1458	436
107	58
734	79
2520	22
186	37
4582	106
316	105
779	34
2788	45
1067	242
553	143
1195	72
294	289
1143	57
1203	131
331	91
622	33
2182	6
185	17
4162	65
1775	100
1358	19
591	251
280	203
5827	93
1206	192
544	308
581	133
1740	151
986	81
89	172
1522	6
1511	371
882	132
1906	109
1251	78
596	171
772	29
2292	64
39	123
461	26
1525	11
210	10
1283	350
2616	105
168	32
2275	23
1675	191
911	82
93	45
382	55
84	39
763	76
364	12
1579	12
3170	31
535	351
12	132
288	51
137	262
2928	60
84	127
2013	275
1596	35
2363	124
1449	318
1008	86
1246	70
1387	188
2543	63
607	21
492	27
983	183
468	16
2643	3
333	206
1560	46
575	55
725	122
267	44
202	114
406	30
547	2
1998	55
477	57
170	363
1665	19
647	93
998	213
605	139
900	27
532	82
1095	100
899	59
1258	6
253	16
828	190
1670	114
939	12
715	272
461	128
562	52
162	85
813	51
532	48
274	144
263	16
714	261
111	172
547	76
1720	151
81	111
4352	115
915	42
333	186
155	20
466	79
1079	98
2814	108
1103	12
2501	112
1458	22
453	61
1088	72
212	307
10	20
333	237
2382	86
1298	46
625	43
681	126
8	48
1772	139
354	256
220	97
171	253
2504	19
526	25
116	34
2698	293
11	129
560	37
299	48
100	73
501	49
341	14
104	15
170	69
343	42
1650	62
1044	135
1303	396
6	59
1068	52
321	184
152	114
4281	32
478	126
507	251
776	91
2358	69
1328	126
294	120
1924	74
1715	435
143	415
122	146
297	339
2270	15
1852	21
149	59
483	18
1171	5
77	4
362	20
1267	22
4178	311
1409	4
1060	250
338	58
287	85
1320	103
1038	136
114	33
400	25
3877	34
1172	115
1144	512
362	25
497	128
1940	3
1140	74
1605	132
146	130
508	88
242	11
1004	562
2132	3
184	6
335	316
676	62
50	21
694	10
914	114
148	4
735	151
2047	26
230	8
436	14
12	96
474	31
1178	93
8	207
1075	87
828	13
207	52
1007	99
760	3
96	127
466	188
4139	202
288	16
1140	167
81	106
241	118
656	94
411	7
144	321
61	42
549	13
1048	65
451	7
841	290
93	739
370	38
4336	43
3139	260
441	39
972	37
525	68
4201	44
2287	18
186	242
1453	173
1756	36
418	53
605	80
545	32
1829	199
868	137
86	145
1737	84
1496	313
1007	56
592	296
219	94
679	9
1261	31
2721	39
1077	3
121	151
202	27
1089	125
2570	138
758	23
4608	240
3990	71
262	42
1126	105
544	33
361	51
736	329
81	9
2538	145
473	14
485	272
206	170
409	39
458	65
118	11
3285	38
328	93
340	102
33	222
1312	52
725	97
4079	188
1370	52
701	33
4031	38
168	63
1043	142
3611	10
274	164
128	20
860	8
355	76
950	10
6	154
659	105
647	138
816	16
612	5
1301	62
13	44
503	102
1031	45
832	36
328	395
849	233
292	250
1065	110
8	181
717	24
861	11
1278	103
398	83
2570	8
484	38
762	204
2629	11
35	134
57	102
380	50
178	16
385	98
172	123
120	53
4061	90
2054	148
406	45
368	121
1228	61
806	48
1354	24
3422	32
1413	66
332	95
1539	15
220	26
49	6
397	53
2185	81
1330	144
2004	65
857	10
187	123
229	395
548	235
1234	15
836	233
299	335
563	9
1832	74
703	91
1614	62
198	10
93	175
1986	29
257	62
1322	13
1455	119
1007	161
70	71
344	153
602	108
279	39
137	26
2000	171
105	17
48	53
898	40
1464	24
1107	29
1305	205
2430	74
1366	73
512	182
649	43
385	92
4748	25
1917	83
652	143
951	68
1194	129
2332	22
418	57
357	57
1392	241
1065	537
2057	183
2549	282
2274	70
1901	52
337	86
790	18
254	69
1684	272
1692	311
377	200
4388	208
5074	25
2373	29
23	14
1064	81
1766	5
193	261
1019	40
350	138
271	32
103	274
1474	35
140	89
959	228
1034	48
1241	43
2000	109
6094	27
333	271
1733	70
832	28
391	38
852	110
908	227
534	179
2213	319
352	14
806	101
1501	5
173	39
1487	88
324	40
1561	57
126	88
1651	104
139	10
2485	197
1375	39
203	42
999	149
543	101
1059	34
648	21
174	22
1910	176
107	136
112	188
897	68
762	53
429	27
1641	38
82	393
607	81
96	210
819	117
673	227
759	88
109	27
1511	159
1414	314
33	151
524	132
1079	153
535	32
1144	75
65	237
68	140
556	28
235	53
547	146
427	20
4354	18
2683	17
369	270
625	92
1807	142
203	45
413	206
2391	182
449	173
1738	35
1187	23
1806	64
628	137
411	19
125	49
82	124
854	391
226	116
790	2
1131	131
1010	38
960	82
1001	44
203	59
236	11
532	18
349	83
488	80
1576	145
1923	122
1321	20
1380	271
579	289
24	134
1394	36
603	4
94	123
317	68
128	34
410	364
663	123
156	98
44	112
456	259
320	61
1240	88
731	180
1109	15
933	52
2342	547
2096	4
1571	173
75	31
98	207
3723	14
441	2
380	142
710	1
268	214
472	19
605	11
746	70
618	169
497	33
1087	141
310	107
3024	2
41	92
359	55
1556	102
711	348
349	121
853	81
227	185
1986	80
1545	67
1643	159
349	113
470	40
2115	2
1549	34
1652	77
1885	171
1901	153
829	17
793	174
356	73
375	82
814	24
1255	172
853	10
456	95
1925	206
1446	86
1159	49
1495	108
2347	84
82	209
330	159
1104	166
1303	90
3499	61
1647	24
640	72
1413	60
944	17
1489	208
3345	45
218	517
1261	2
706	423
182	33
3435	129
1259	107
150	18
1563	34
1502	29
595	37
849	9
149	47
686	69
3413	179
432	8
292	206
379	195
865	195
1727	119
352	143
2204	70
336	43
130	104
831	22
1370	306
289	314
582	20
285	198
1776	94
198	201
855	17
451	8
89	135
1547	114
564	40
1463	84
577	92
1391	92
186	7
836	8
1857	341
285	7
797	24
1310	29
1068	114
477	13
544	13
1744	53
10	80
604	41
751	52
512	43
1113	423
873	468
1220	137
2466	93
398	218
604	202
83	4
273	240
591	206
3553	78
14	51
1129	118
484	69
335	221
1795	69
531	70
356	78
1374	33
703	4
1692	21
132	157
1164	15
114	183
1300	31
834	56
1185	166
733	155
342	73
813	81
130	100
1268	79
595	19
2427	226
1323	141
2109	278
147	41
888	105
771	136
5130	14
655	66
375	97
635	45
1413	6
72	102
398	78
369	138
3575	155
5919	75
238	62
282	122
358	142
865	262
1263	190
1128	81
322	82
1258	3
521	155
83	328
176	76
461	77
977	102
1234	101
623	67
4539	25
335	14
1711	42
1333	59
272	99
1622	67
2244	194
86	170
2523	14
306	265
1092	250
577	198
2974	272
1922	70
440	103
577	18
1392	99
510	192
1505	26
1131	71
1469	22
55	256
350	4
323	66
220	54
548	211
2564	32
203	27
136	24
744	17
70	4
569	10
107	411
601	61
2523	15
322	245
2284	60
1363	40
847	30
138	36
1313	170
777	160
762	80
1477	96
1669	36
552	117
396	86
130	74
2093	100
887	107
1049	33
756	152
216	326
1132	89
4653	25
698	22
539	100
284	139
3264	86
632	122
1046	9
853	48
444	25
1627	14
1615	296
2559	7
2304	61
1390	31
1324	232
708	34
127	33
575	54
261	70
653	15
620	187
2320	102
722	20
273	27
171	39
103	20
5884	43
518	106
325	289
742	93
649	15
698	382
1688	56
285	35
846	66
2645	80
427	68
80	32
236	142
402	12
267	129
1101	143
3547	232
602	296
404	264
2127	81
265	106
2083	167
1437	6
2694	45
1642	100
297	245
359	17
952	117
2023	56
252	424
117	35
1376	3
2786	90
5971	76
618	1
317	542
2317	331
1359	175
98	59
872	203
558	146
1002	44
970	41
871	79
1491	78
1055	79
913	91
1985	49
583	41
227	62
743	23
2098	48
492	217
819	90
2498	166
2369	57
977	88
432	3
307	13
2315	265
567	95
1591	6
278	11
1598	63
917	16
191	99
670	556
285	25
2950	32
2601	225
724	93
51	32
662	381
165	126
204	108
1832	37
259	202
1187	3
1505	139
297	94
826	97
147	42
364	1
1006	107
550	136
321	10
587	196
853	74
1005	121
1146	6
1280	102
1182	60
839	15
861	25
93	178
939	9
272	76
2037	167
33	111
395	100
988	51
474	95
2890	105
533	90
2235	93
601	21
2483	55
2391	136
297	72
109	123
775	328
299	330
589	95
2777	133
385	4
334	233
147	2
101	83
176	257
546	53
274	107
789	82
618	84
195	67
935	234
840	3
4268	63
1340	187
635	255
210	360
239	14
715	161
105	32
129	67
391	53
4739	89
577	35
139	5
2054	115
48	10
426	33
636	247
332	60
3552	67
317	93
478	106
2207	70
1417	14
511	101
109	36
897	2
838	10
174	15
368	13
100	79
2421	14
777	137
778	1
1214	144
666	182
1088	7
2527	6
1332	99
672	251
357	286
64	219
262	45
1750	40
929	164
1304	256
1179	72
569	52
939	62
4154	118
302	72
586	30
343	89
1485	120
359	36
504	1
518	44
673	13
1410	59
97	63
2329	55
571	171
131	125
669	25
145	19
174	260
577	48
723	16
2979	34
281	66
2342	402
1439	125
175	34
1149	12
4629	112
1509	78
450	139
3235	46
410	157
1497	92
99	216
4219	301
1119	315
295	59
752	257
347	23
1131	58
1540	3
318	171
2421	136
1093	108
199	7
44	382
865	173
522	147
278	145
474	245
263	48
2985	29
1361	25
743	113
3083	22
4918	284
2453	153
65	98
765	365
945	27
378	233
200	239
743	55
1229	16
1977	65
604	7
127	63
108	32
2315	345
285	276
1515	64
229	291
445	305
1030	20
52	49
750	25
839	53
307	15
146	70
939	28
1192	40
185	80
1739	13
279	29
5767	5
724	25
272	424
2373	63
283	6
1280	64
1443	30
805	376
781	225
355	128
1013	290
1114	9
1900	18
618	195
5056	5
2207	31
950	39
1327	297
1063	47
511	124
592	110
883	309
518	102
2816	208
246	92
206	47
1186	141
1466	41
1148	23
696	326
1361	94
1562	37
769	70
3471	21
1322	83
1414	322
374	6
1467	29
685	129
611	109
379	29
345	222
2456	13
502	200
819	5
549	3
1032	32
790	33
1999	62
142	156
416	194
1217	304
81	733
925	59
405	65
801	84
410	22
935	90
1392	351
587	45
1809	99
1745	13
547	178
228	166
229	92
1344	11
531	39
371	34
270	14
1741	11
188	32
1007	208
687	33
620	379
1547	61
112	93
420	82
1446	126
926	7
408	60
103	35
1312	34
1114	139
307	66
1040	117
1076	541
1118	23
389	226
740	113
475	159
1436	137
2669	70
1181	289
1281	11
149	14
365	44
2442	54
93	158
668	49
210	81
2422	98
716	55
317	215
1891	245
414	21
150	129
176	54
1873	117
439	213
189	48
1911	273
447	204
333	110
901	64
1875	418
809	14
667	67
1335	1
484	72
253	91
1117	209
411	102
1325	241
187	88
750	247
807	227
1764	62
1776	83
1807	42
671	6
439	195
541	57
694	13
210	66
2258	5
268	110
979	72
924	421
538	103
1040	231
383	207
743	41
946	73
656	237
2320	18
2107	74
958	75
1395	102
989	5
2779	6
234	5
75	24
1446	232
1190	84
1833	378
495	203
730	27
1290	152
1222	14
420	47
659	83
4854	174
1648	79
1269	45
417	292
345	13
145	12
2420	36
97	217
2919	21
1234	26
230	22
1086	2
685	37
3565	182
257	56
300	205
537	354
3464	65
158	47
856	44
222	44
400	91
1919	21
200	66
1102	309
928	48
900	133
628	16
615	10
650	86
3355	6
330	58
1520	60
1331	85
1030	41
497	31
142	101
457	40
460	38
5225	164
577	108
261	61
1246	59
752	2
2044	24
551	3
205	64
2752	164
1335	6
651	251
392	59
560	259
913	8
568	158
679	17
1833	75
1372	3
102	62
1056	428
104	108
501	66
1972	95
5385	30
279	50
1069	9
467	1
200	51
108	1
999	28
994	66
388	160
385	8
763	20
1948	27
327	53
1752	7
60	56
87	43
85	73
1890	79
143	14
619	117
966	29
1045	328
491	80
581	93
2733	90
960	191
368	70
613	19
787	6
179	121
3510	152
1803	1
320	33
503	169
526	96
1196	129
853	43
354	144
1002	32
469	356
2781	166
255	46
1402	124
1221	189
339	12
1691	118
91	456
102	3
4183	6
2381	46
309	121
422	24
178	361
2126	3
405	2
618	117
537	235
2189	174
727	95
294	6
2542	50
718	10
1162	47
773	1
579	61
127	63
492	36
108	146
3802	110
133	30
934	163
805	313
134	79
618	55
780	86
1270	14
435	12
1901	43
299	10
2509	161
320	20
831	169
1330	34
1234	14
271	271
3936	93
1443	69
1650	79
866	87
482	54
94	178
1956	76
2295	63
153	16
799	34
1030	19
2413	85
282	162
1973	33
1015	522
197	20
1056	171
1488	162
1103	139
73	107
758	23
1245	118
470	15
137	320
1422	88
383	17
1206	7
226	119
3289	104
129	5
332	148
2301	9
2689	126
1735	358
789	69
1488	75
97	27
1125	198
833	45
7337	145
135	56
608	28
1355	106
74	70
507	141
215	63
983	41
573	16
802	90
292	136
155	12
402	37
2424	24
783	565
84	140
766	384
377	105
554	72
1097	28
70	202
2073	100
792	101
900	81
503	26
128	6
571	106
310	62
188	116
1677	126
552	802
408	85
764	57
797	6
200	33
748	26
1190	101
613	83
1067	5
168	153
623	101
176	94
437	40
1521	85
455	69
1112	123
202	49
1743	86
971	36
1114	417
2848	89
95	70
225	60
334	341
985	50
167	256
181	78
198	104
61	106
449	81
285	267
1229	86
1196	16
1287	42
2402	72
380	86
1029	10
3310	7
434	4
673	34
153	60
513	28
1307	29
263	8
2201	48
1454	54
524	110
94	43
949	117
1911	2
215	2
735	22
217	11
2621	86
456	72
271	163
340	168
1352	11
805	221
1505	220
115	116
2616	61
2316	5
838	368
183	260
1060	109
394	68
954	93
583	21
548	211
137	59
2272	48
648	36
899	164
558	68
497	14
298	207
166	103
357	184
1238	22
311	137
1183	36
615	79
1429	109
1374	19
594	213
851	115
2403	205
206	32
202	12
831	140
559	105
796	17
699	65
1524	6
624	56
971	57
1362	56
1970	22
791	67
783	132
4370	190
491	113
405	135
463	65
2558	5
369	133
584	68
95	37
110	102
435	46
2080	33
759	126
137	26
1422	187
1831	43
1958	7
617	39
2039	43
703	66
204	57
883	74
1522	61
251	73
3229	38
775	27
156	64
242	96
1664	89
2037	182
1422	57
500	258
591	160
528	40
1108	108
461	105
1380	74
311	186
252	25
183	169
566	55
85	39
2375	60
1222	120
1253	56
735	5
4396	49
455	43
2994	326
174	88
626	82
189	73
2262	46
230	108
2344	89
1619	59
1858	94
1956	71
1228	51
3093	71
1269	166
1808	205
513	1
1656	271
818	11
3300	51
1146	83
130	103
267	115
2301	15
2314	185
327	21
158	177
1517	2
5975	175
2515	317
707	153
1792	88
496	16
367	73
464	230
6743	205
328	152
139	67
130	43
553	4
532	25
151	11
575	536
1495	32
584	40
1672	48
632	100
307	55
1023	69
6441	342
724	165
151	40
1874	3
690	59
1334	83
2079	30
73	64
1243	26
650	6
109	398
736	77
951	34
228	10
115	29
497	101
1519	287
762	48
1235	65
197	6
200	56
781	206
303	76
74	45
491	69
226	177
912	23
94	73
320	18
485	47
3187	24
3052	47
892	191
3009	70
1567	44
1671	52
1925	55
1259	256
305	121
1313	71
2162	18
2138	206
1056	21
85	54
285	35
435	34
794	20
1075	80
600	15
1311	2
4942	49
151	30
2000	38
577	97
458	174
2451	292
611	1
643	15
937	25
2992	147
710	25
1505	189
265	45
480	191
84	51
1472	174
2727	56
156	195
242	56
1185	131
774	52
780	58
258	179
344	122
1453	122
416	26
1032	18
1671	59
1488	60
418	89
305	238
329	154
918	59
839	48
1628	96
606	109
1101	200
1760	12
1109	2
962	63
1273	13
419	56
227	19
326	112
319	44
690	88
253	22
2743	16
4418	47
1881	130
1396	102
2204	91
1043	144
839	43
781	112
328	85
189	74
359	142
514	16
265	5
755	24
3185	156
259	25
581	97
1492	14
3090	131
2615	57
2729	38
2965	69
974	98
2707	91
1645	14
496	82
1050	122
507	148
157	15
747	171
357	52
681	256
583	119
256	14
298	3
580	59
1250	56
628	160
1399	16
105	18
1662	195
565	32
195	182
1558	6
1001	12
793	120
269	86
857	208
1047	40
88	35
1113	79
582	1
967	3
663	68
2175	7
940	59
1266	24
4571	98
598	84
278	47
685	93
641	526
347	1
909	214
1279	11
1332	198
1969	132
2750	9
830	52
1509	182
134	35
766	8
98	53
2152	8
887	97
3014	160
645	40
481	31
1382	37
151	410
151	63
2793	91
1356	60
454	176
673	78
1034	80
160	47
840	2
231	14
1996	83
4313	28
1879	92
738	67
125	12
1529	52
168	104
505	155
192	12
1372	6
780	216
404	54
187	13
569	81
1112	16
776	21
182	104
1405	37
156	84
242	61
323	104
1238	7
1031	16
1088	11
2385	217
401	129
1123	161
775	19
170	30
1948	129
1223	8
116	9
1091	8
228	109
487	54
1248	11
114	249
2132	125
319	178
513	30
547	129
229	124
308	6
2265	2
136	17
4539	25
2736	47
730	133
254	122
767	9
794	67
99	35
4469	55
1068	165
985	709
29	12
465	40
632	174
1026	42
1210	26
192	14
54	181
3009	6
260	15
435	2
248	61
465	208
455	75
272	233
86	8
2079	191
1281	173
504	59
491	105
942	90
2269	103
1425	24
1869	138
1427	106
185	59
642	16
952	3
122	74
214	3
2353	35
143	62
407	103
847	59
1969	19
1484	15
657	62
2287	313
2487	7
1377	83
358	60
596	5
1733	150
998	82
236	87
215	12
1179	200
470	195
146	80
375	147
430	77
1774	426
253	91
349	22
662	29
247	476
2080	15
746	58
582	9
58	45
1142	46
471	18
312	62
1044	81
289	81
561	12
1326	126
457	258
100	144
1547	34
775	107
1752	87
273	190
942	116
759	52
418	433
490	224
685	138
945	91
1773	59
665	112
1390	35
562	149
2388	63
1827	78
202	43
398	373
294	182
1551	33
1536	96
584	59
522	74
148	48
706	21
652	188
1285	57
665	2
2077	80
209	5
128	290
358	190
1209	49
3397	56
683	79
349	115
634	84
219	78
129	257
655	63
1527	195
436	43
187	62
1216	33
947	55
237	45
336	37
567	18
278	82
673	43
477	87
92	539
255	426
1617	87
314	40
2585	177
215	464
554	34
713	45
757	115
148	11
1157	90
636	260
1548	8
2019	40
987	158
731	113
624	505
445	184
1794	43
1256	272
2328	64
2104	5
669	60
1738	187
1075	279
1827	65
321	26
1542	135
554	6
561	33
679	36
1323	25
237	33
927	200
232	38
596	58
215	73
221	111
394	53
508	16
250	106
1746	33
482	6
162	69
458	78
659	127
718	32
345	75
158	29
1902	69
1423	87
574	15
776	1
367	7
582	99
313	17
134	16
361	121
1484	42
1766	31
2785	108
855	4
551	34
544	147
566	115
3790	80
319	32
2066	53
259	378
2660	5
1316	22
87	177
435	140
733	58
164	149
759	48
1048	44
100	19
99	151
528	54
1590	148
281	259
440	308
106	11
4362	22
471	36
397	8
1823	248
3440	1
3719	79
2499	575
1650	15
2276	12
2654	123
1079	98
526	69
553	92
2108	42
2949	134
1113	42
1226	304
1538	226
563	128
45	402
1015	306
1832	183
673	86
628	116
1167	73
164	61
1291	12
1126	294
113	222
94	39
112	79
433	257
695	15
2726	158
514	31
262	57
1480	11
1583	105
69	92
398	41
737	219
985	154
1773	77
676	343
1387	1
803	19
191	36
1653	92
3733	32
974	365
136	27
2100	135
2972	153
3868	83
379	85
67	67
587	273
104	177
399	56
392	34
26	54
447	145
1589	127
269	75
151	7
915	176
2113	49
1748	9
1038	12
197	69
816	10
1332	287
718	11
1743	88
2650	24
283	34
1153	10
65	75
2409	92
1992	12
1066	135
29	106
745	51
407	18
686	29
1095	47
1219	160
3495	45
300	121
1131	25
2915	69
912	60
240	142
293	17
2042	20
1140	272
1879	20
3631	177
4205	188
784	63
893	18
1545	14
2790	193
402	74
1424	49
335	156
3021	164
4052	51
1096	6
431	29
1303	154
223	206
2492	249
483	49
3795	104
1544	42
643	249
1300	75
385	161
1905	78
373	262
916	50
2578	211
726	189
2307	57
143	37
703	132
479	33
623	202
863	209
279	32
566	35
1024	11
1020	1
2406	118
204	69
268	118
812	114
152	296
205	45
253	119
1065	65
610	212
420	111
110	35
395	90
84	51
1892	137
1806	27
921	158
316	7
393	24
2735	12
270	46
4843	143
915	70
874	88
529	110
4357	112
469	59
688	26
1878	9
608	191
701	50
625	65
649	91
839	89
1260	46
176	33
68	113
2850	11
1537	493
907	93
1454	35
1163	38
313	416
979	81
1420	5
126	20
1054	283
2640	222
345	139
339	52
609	54
106	5
1409	76
846	142
338	247
1521	18
672	112
209	341
514	98
1501	35
894	47
950	21
35	56
64	31
1751	3
1269	144
1301	7
247	65
1250	1
2223	292
1394	332
657	62
301	274
2098	57
685	20
2820	88
950	7
229	3
674	60
305	106
280	82
1197	67
251	126
4554	74
440	391
432	187
215	155
384	1
3133	141
186	22
120	278
1033	23
582	201
403	86
3020	32
130	19
378	31
946	165
279	104
2807	61
129	36
314	13
719	24
395	36
2403	83
1496	14
1110	110
482	70
975	255
1056	6
54	11
1045	3
1054	89
1225	13
613	23
221	6
1043	11
706	63
2207	35
596	82
707	22
811	218
2320	64
405	9
379	170
174	117
287	166
149	194
903	57
4367	25
2073	24
101	12
1217	258
5358	10
1061	73
1087	17
1212	129
3203	64
1186	12
640	13
4395	342
1765	212
862	9
1090	212
277	67
368	83
1162	141
489	52
3976	112
725	15
243	46
104	4
1228	4
976	3
870	13
3018	82
147	50
417	36
122	89
89	37
4893	130
934	170
1787	85
1601	105
1748	491
432	123
77	2
4042	143
709	109
1430	66
2633	131
645	167
2457	188
5263	19
1469	54
1477	144
1273	122
1601	108
251	10
44	48
2027	3
2187	459
3266	222
1590	36
1399	16
1023	26
139	40
1659	6
295	206
6344	14
488	69
519	32
1022	79
999	200
3795	20
458	187
165	38
1017	190
412	13
2048	115
85	187
149	130
637	115
856	77
2350	360
930	140
1279	118
797	67
70	57
1068	223
694	213
507	7
1165	53
3921	127
1422	29
382	222
2772	249
92	69
732	55
3148	101
1142	58
1782	150
229	44
182	66
7962	76
1306	18
1996	115
333	35
1442	2
1693	156
889	93
495	114
613	84
724	27
95	74
1109	345
352	126
95	43
1057	47
1073	125
1269	99
252	77
485	80
232	197
2106	14
1394	127
862	22
207	73
975	145
241	40
818	60
935	66
2264	51
113	379
2565	116
1173	92
133	5
365	58
622	16
1737	20
979	173
1299	102
3022	7
605	127
1063	175
955	112
470	151
2998	348
2315	163
4361	13
568	73
639	187
1689	48
334	99
2219	146
2222	164
296	118
1709	29
1928	80
171	136
1135	261
61	273
2012	254
326	14
1114	234
806	51
143	168
73	25
2013	280
2663	176
811	585
309	140
235	25
978	38
1635	323
576	54
1371	26
414	79
626	348
409	28
986	27
4923	46
1975	62
420	13
74	38
2452	51
1079	28
474	71
1216	99
1375	108
628	102
2084	23
213	48
2360	27
524	62
302	54
746	16
424	29
320	35
561	48
2177	10
1140	147
3311	17
608	72
1214	74
2624	59
180	64
974	211
123	62
1109	55
180	63
453	54
2867	5
3280	77
1001	122
1080	58
71	208
1519	87
51	348
872	97
146	19
384	2
396	160
1967	162
1292	70
860	38
216	11
1336	135
1288	26
2576	49
564	57
1640	54
858	146
509	359
616	310
573	61
2163	35
264	214
500	2
1101	92
1240	20
673	153
138	30
759	12
1112	11
3667	573
1980	19
436	20
1794	3
373	65
97	128
519	260
2283	13
170	40
1905	5
69	66
2083	101
2965	99
59	21
1185	105
1427	18
3849	55
1471	27
159	33
203	25
83	48
772	133
768	168
625	148
153	77
296	228
2688	8
932	47
260	179
1246	106
1383	2
385	68
2317	106
2038	191
1233	43
552	48
1051	35
212	127
368	151
882	92
343	99
652	18
2604	73
78	45
664	106
946	47
525	253
131	39
1122	109
1767	244
766	340
527	343
802	137
323	100
421	37
3805	99
329	378
577	68
250	117
345	113
2014	325
554	71
875	113
421	74
564	287
311	87
1043	98
1670	360
97	290
67	102
2521	50
3209	217
614	87
307	110
105	36
1928	190
812	55
223	143
607	82
486	44
445	8
3134	48
3715	104
872	250
117	49
454	7
395	162
3415	252
698	99
3815	5
2367	25
2032	69
2724	91
248	186
148	117
586	245
2380	86
89	218
456	328
1560	6
270	263
323	220
374	21
479	17
558	225
3627	22
2196	4
103	137
2321	42
44	51
2574	56
1086	299
687	166
631	2
461	10
2379	150
508	84
611	16
472	331
614	171
1127	119
321	70
1251	4
1956	58
280	215
868	8
421	347
1033	174
2671	77
2839	360
2269	80
1533	233
842	38
206	57
1285	88
1891	236
795	86
2164	46
1785	52
598	769
1337	83
1471	116
515	159
489	4
1240	4
3161	24
283	163
563	30
399	256
467	411
4952	174
303	68
493	86
733	80
306	6
453	117
1015	11
352	208
433	242
1217	62
3186	90
1151	54
670	212
274	99
639	9
901	74
154	1
1435	174
2156	9
219	249
4774	83
80	379
178	59
267	113
2452	37
564	137
269	42
828	275
1984	293
475	40
1088	84
947	237
117	60
926	144
4284	52
1962	71
666	23
85	47
1352	13
138	9
947	3
79	308
345	61
828	165
1992	12
895	13
3461	42
2426	459
421	62
314	43
450	91
747	85
1192	188
2124	108
1244	42
1018	265
117	296
6000	104
440	64
175	151
812	98
159	87
994	178
262	59
899	116
677	53
341	13
2983	67
264	43
2393	86
1850	136
1188	78
2747	55
608	11
1325	174
603	119
1300	78
1332	283
836	116
133	80
120	58
417	30
113	134
109	135
2434	117
1542	248
553	6
1060	29
261	238
175	4
73	44
949	17
741	6
615	19
232	24
3942	138
488	2
417	28
1497	78
1527	162
147	130
101	22
416	111
383	11
1282	29
354	197
1848	114
915	22
911	137
4020	121
1154	416
2401	12
928	111
421	35
95	102
1223	45
829	13
2462	42
99	20
220	25
1160	21
2351	37
1270	24
2339	46
1246	49
707	88
1318	189
716	236
421	170
1094	122
2377	13
1170	240
59	34
96	148
2603	4
542	109
1061	157
2495	82
1037	91
1893	33
2439	122
515	482
177	133
139	180
191	21
3150	63
1049	43
1465	8
1308	14
205	34
1585	15
162	182
1053	446
731	47
1511	188
460	47
1075	5
168	2
4858	34
322	4
753	126
514	223
1201	180
1728	10
1022	29
1720	77
2393	74
255	31
336	50
2252	116
1821	91
1946	396
912	57
827	82
61	23
184	117
712	18
3595	44
904	134
1003	1
2401	6
425	126
1111	74
258	135
960	7
1312	36
3048	7
1039	307
2700	34
286	35
830	96
74	53
89	118
181	7
1075	21
1249	65
903	103
2717	32
287	69
2932	94
115	109
128	172
863	62
1732	63
367	110
784	58
2510	91
812	243
1041	260
272	180
339	241
353	89
459	78
614	14
2498	25
2049	178
1545	60
4253	73
1535	104
1172	29
335	185
1332	136
1061	77
871	25
1088	33
4247	309
3768	2
1293	16
804	25
421	124
424	123
732	107
987	3
1819	21
1528	196
115	40
292	37
2312	37
1081	199
76	102
1019	333
1171	43
347	128
834	103
1301	155
3184	52
602	113
1572	29
1143	97
564	14
1861	118
1390	59
862	50
794	368
1246	41
2002	44
307	12
1555	242
1484	149
378	333
3140	79
1098	49
1223	82
248	625
1127	306
532	55
150	225
439	7
1313	192
1134	30
269	6
1135	56
703	13
155	251
2170	8
625	11
63	101
170	50
2619	109
1079	4
375	148
179	112
363	38
103	281
232	7
491	65
892	31
478	165
1603	70
261	182
2041	118
207	53
3606	72
808	166
572	266
820	21
942	59
735	188
746	6
453	110
931	53
1014	82
427	64
1176	133
2002	2
875	9
496	92
809	4
320	11
975	78
2157	26
120	55
430	47
1580	38
2832	1
2640	63
463	33
2656	79
704	49
1108	101
2704	55
1065	158
771	332
1506	32
517	35
1299	36
290	159
714	40
898	170
1065	67
1199	147
3320	3
578	62
465	17
337	89
519	56
88	194
1681	57
183	16
490	176
2451	65
998	5
1442	22
1079	256
549	133
1395	137
1137	10
672	100
1462	17
655	6
531	53
94	25
327	148
376	66
45	31
2503	42
2167	51
233	195
747	74
250	9
1302	488
313	87
260	293
1281	120
238	27
3227	408
546	75
586	158
170	305
160	22
497	156
772	196
2557	48
1174	123
1781	41
2140	14
5901	59
998	297
120	42
1586	6
219	100
266	225
286	87
2313	140
1827	76
3111	212
840	401
69	19
470	58
285	420
694	123
733	96
125	85
1757	29
710	236
946	187
459	18
1634	17
2621	60
710	19
1692	79
967	129
730	37
1100	43
558	125
2082	14
351	174
1197	69
454	44
835	62
498	25
265	76
2341	76
7148	102
549	101
131	28
106	124
665	27
161	61
836	109
1410	23
1140	63
653	30
711	28
68	107
151	100
339	74
293	7
618	50
3161	18
938	216
413	230
2175	320
218	89
882	23
871	360
327	60
408	45
1398	28
163	117
348	21
935	47
863	176
133	36
705	72
70	35
5524	102
3036	286
2072	203
1844	77
1357	104
527	64
758	235
946	180
632	54
1352	61
85	13
1182	68
1823	115
401	55
1354	65
676	62
621	89
2086	104
290	188
306	148
260	110
475	73
1700	289
5435	88
2102	111
1372	5
773	5
690	153
53	151
528	149
85	8
687	24
1757	79
2139	105
383	63
1168	32
252	12
184	16
749	76
160	12
2836	88
503	116
599	106
190	10
4493	292
1176	348
655	9
1131	13
2462	94
626	53
294	39
297	95
140	63
1337	75
538	177
334	109
3278	58
691	220
1685	18
1181	161
3218	33
304	57
453	61
783	67
1483	31
864	166
2398	122
525	323
1218	104
1878	65
490	135
1972	160
329	17
371	146
1470	92
536	10
183	19
207	119
511	34
153	91
1945	628
907	101
3256	260
1607	71
561	20
544	172
655	205
550	63
489	3
255	75
754	53
319	6
325	55
1797	142
1265	403
725	15
547	179
5838	21
195	27
771	39
4925	3
421	613
1192	79
337	9
845	60
211	72
120	13
680	65
865	6
306	16
1081	46
324	18
1354	61
483	33
437	63
3760	22
795	214
77	128
1739	336
156	11
804	32
1023	26
507	42
1660	11
1298	1
1442	4
600	5
3750	225
1089	255
1310	161
1570	112
631	98
578	147
67	414
2302	66
424	35
750	353
725	151
2768	189
127	35
630	84
305	69
1560	125
1559	73
2513	44
542	7
889	30
1124	189
273	87
1509	72
82	8
858	41
1869	110
410	59
1884	73
56	117
479	40
1140	50
426	92
123	68
1905	73
2743	80
1217	64
446	50
990	201
1186	88
207	21
1575	6
982	300
2741	151
309	241
150	140
704	82
607	120
310	7
2455	97
1686	29
265	17
1720	47
4297	69
227	71
134	4
358	57
404	66
1144	4
3833	7
1301	32
231	265
2413	173
779	63
1649	195
180	112
1111	340
1413	218
254	65
1315	22
1900	99
862	60
108	119
1228	7
935	50
950	96
2329	18
777	23
783	118
1585	141
423	180
670	219
1414	15
74	403
2919	26
3231	276
1263	43
4744	26
1645	40
1137	2
882	89
3995	25
529	58
1359	224
108	76
2749	176
424	139
709	58
217	41
1727	144
709	58
2197	35
1454	251
769	75
1113	19
232	67
210	85
357	15
630	224
507	520
2109	49
2385	79
638	17
196	388
2123	85
367	40
6863	77
1709	77
197	121
594	169
863	341
128	56
3013	30
533	158
709	186
470	160
634	110
701	8
416	8
1936	124
121	311
1999	75
301	129
390	205
183	29
286	379
1435	145
73	100
198	44
1911	261
2789	12
398	11
200	138
1584	6
1072	57
1843	15
244	7
1995	12
389	35
104	14
1294	28
830	12
2214	79
3544	68
73	130
1333	127
790	104
332	25
692	104
475	53
654	120
1130	6
371	30
485	54
1369	171
1949	34
361	104
1236	58
1119	33
319	119
811	108
2761	19
336	25
920	86
813	18
485	158
1109	7
709	3
1353	83
2650	125
1428	22
159	65
1945	229
348	108
1734	61
255	402
111	463
238	4
2466	44
918	133
188	68
487	144
2361	152
192	37
688	85
862	22
263	82
1121	23
171	276
927	156
142	75
448	22
61	27
1314	5
1832	152
1244	229
53	289
382	39
2558	86
1767	43
2293	49
3219	82
223	99
4468	51
573	11
1407	36
704	22
412	92
3179	5
245	34
793	11
1602	189
548	18
1308	256
133	13
1520	91
834	20
264	63
4629	100
228	36
75	185
402	89
416	37
1329	230
142	379
1440	8
870	191
2680	66
837	82
169	101
359	29
1668	711
909	141
339	92
1431	167
1259	174
609	134
3057	563
1118	227
844	64
3252	127
3119	49
450	138
53	83
453	55
609	12
811	114
285	645
821	458
2226	79
280	58
360	41
325	116
743	80
541	3
1180	5
1521	117
110	223
2091	76
1988	12
963	49
415	270
485	13
368	72
732	106
1118	157
1152	38
1234	52
2723	14
323	27
1159	273
751	193
717	59
1410	54
2446	1
1122	117
294	172
1019	157
195	216
507	146
529	63
917	46
1535	191
2124	9
357	13
2148	111
272	637
617	37
440	400
530	118
1636	27
141	3
2044	90
160	31
163	114
2971	16
210	51
753	129
325	5
1670	156
1031	85
181	49
151	143
1121	18
637	210
1830	6
1160	77
385	91
240	47
296	226
1192	232
903	32
3070	2
162	18
154	91
350	20
635	3
3067	131
316	21
996	311
159	27
183	2
1189	160
915	54
966	22
1498	25
149	151
2011	97
1385	5
1707	295
831	40
582	36
1392	224
1806	112
489	59
84	26
650	14
404	56
305	107
1832	98
475	152
922	2
517	109
485	79
862	26
271	39
633	65
2110	13
2757	59
1161	2
1496	2
353	29
787	89
1092	104
221	253
1323	86
2049	15
1001	6
618	62
322	63
104	26
1471	16
902	8
1730	263
257	68
170	48
849	26
624	138
520	173
988	118
1896	111
1047	16
828	2
531	44
907	2
4897	234
1450	343
72	126
218	241
1338	3
1284	26
434	113
104	29
2109	176
395	248
2861	145
604	224
2172	89
140	125
1268	17
1273	290
382	106
997	25
1182	123
2334	62
1476	439
1175	9
425	57
879	230
277	22
402	133
236	56
1135	38
267	102
143	102
119	122
126	32
405	112
580	123
609	9
2320	4
541	2
686	147
901	31
1078	25
238	18
1050	62
1461	128
655	76
966	19
1875	19
662	185
475	12
753	31
354	133
2364	8
575	3
56	5
1417	424
2976	85
953	246
193	195
1717	2
1472	101
183	44
681	77
352	27
3888	26
210	103
1857	90
5185	98
436	26
618	178
1134	81
323	183
930	235
366	211
303	31
325	75
1700	55
804	58
796	36
610	36
2125	8
90	66
92	133
366	34
485	58
370	1
847	489
770	47
831	393
672	165
1192	112
157	194
710	10
201	227
106	261
670	47
1136	27
215	101
210	13
1428	5
587	15
4588	51
860	4
698	29
1530	3
1928	141
3019	101
511	67
268	83
93	524
62	224
1285	27
152	243
621	29
77	15
1145	64
62	28
451	22
1801	322
945	113
3818	159
321	3
141	76
2303	339
1479	56
3812	47
920	341
127	14
585	145
966	32
1184	100
2353	107
110	264
561	53
1690	82
249	12
599	64
1512	66
161	242
4424	57
428	72
432	12
2320	45
516	14
3180	92
1312	10
381	183
1323	11
442	33
1653	94
328	221
701	61
124	10
1605	38
1340	113
3929	74
541	57
263	157
144	60
140	114
1247	300
2460	627
970	113
784	167
401	1
743	49
945	5
2601	56
1379	40
166	200
1948	147
266	234
110	106
1969	4
657	4
1137	36
426	31
206	57
1457	19
1499	102
2805	35
321	52
1697	2
430	9
325	123
896	244
2351	82
2616	135
861	54
935	138
2147	14
1186	106
331	182
789	230
2824	34
97	32
144	281
1987	41
1452	153
897	294
919	14
1210	113
101	202
223	16
1609	10
31	148
462	56
582	260
894	173
113	332
616	16
1151	69
352	27
1286	234
393	69
1023	196
126	194
87	132
1123	87
241	1
2604	211
197	174
94	47
1152	29
294	47
364	70
1261	55
1611	117
962	42
581	78
1171	7
89	103
1081	23
138	41
1334	42
2407	21
633	19
1302	152
182	42
970	7
4178	37
1508	40
561	103
402	197
88	108
314	119
122	40
5222	75
378	98
1335	33
1010	180
609	204
3304	7
257	58
215	9
797	101
543	277
1952	3
2340	131
679	32
532	9
645	2
1416	22
207	111
167	35
278	210
1159	386
1490	21
150	101
1183	80
1015	149
1753	170
1123	13
1830	168
1408	205
175	13
1004	17
970	2
202	57
1720	31
409	78
732	108
1523	3
867	229
2370	9
1869	37
704	37
575	242
927	261
2333	73
1937	100
205	84
626	80
1463	119
431	289
160	20
650	133
96	38
1009	74
1362	53
2207	11
86	174
992	3
1093	88
1049	116
1066	33
152	235
2956	212
2407	42
169	28
2429	117
1552	21
84	14
1801	3
524	99
498	109
1100	248
1762	227
2024	23
1009	42
216	93
619	16
985	57
1405	88
1242	151
539	201
1489	28
446	94
75	7
632	28
612	109
317	74
129	40
453	1
1601	14
1440	124
676	89
746	40
1686	161
614	78
1239	106
5791	171
3813	9
428	124
1385	25
432	155
676	6
1151	456
2277	113
890	246
526	26
124	162
361	244
500	91
2058	1
1732	113
267	173
415	17
723	43
681	160
1492	107
1954	8
816	115
514	32
1533	152
1407	214
1290	226
342	237
513	11
738	65
1539	171
407	76
425	86
1198	36
502	99
297	25
167	224
155	137
186	8
467	62
712	17
112	82
2429	38
2531	156
181	94
947	205
199	167
548	183
187	19
321	315
2991	11
592	2
856	60
2201	124
973	3
761	170
4382	124
881	68
1856	12
171	36
1101	48
124	17
974	113
583	37
557	101
1287	67
1048	16
135	132
1448	16
1695	614
2942	37
1279	8
95	41
410	5
72	235
1268	422
4572	158
1488	13
434	218
2818	5
901	31
135	140
126	72
2003	249
411	52
442	59
400	139
131	332
1595	70
524	133
376	99
531	36
2173	212
1099	93
114	54
776	227
1035	24
702	101
338	24
2768	144
1492	57
2312	93
933	135
242	114
723	118
247	168
345	541
1159	132
278	9
1256	24
1207	1
1257	198
1049	5
1442	226
1035	70
852	4
517	259
955	22
1164	77
2144	71
1637	96
789	262
770	126
3164	133
591	16
230	116
1399	172
2972	159
73	13
457	82
160	298
792	53
1663	193
867	230
821	600
1445	35
1532	3
772	48
171	59
113	176
94	9
140	21
503	241
1425	64
357	104
1660	60
2665	5
810	220
118	22
584	136
648	11
1739	9
166	138
1605	33
1305	16
934	50
319	141
900	48
240	25
2519	32
827	37
984	76
1056	155
687	23
321	114
890	38
493	7
252	89
1084	122
460	119
868	14
1591	6
1138	26
876	25
2729	263
3512	96
660	7
1149	23
1024	159
4176	24
801	36
1186	74
546	40
1387	128
338	163
1303	224
3717	259
700	14
522	36
2659	44
616	124
1333	13
577	259
501	23
3627	31
352	242
1846	43
2838	99
332	19
777	49
775	41
407	45
1361	56
713	1
533	191
1977	2
605	53
1095	91
620	89
1554	90
599	157
1429	16
727	1
489	43
346	167
622	602
1005	106
584	172
662	694
1011	134
3474	63
1545	3
3055	214
1755	43
489	78
2989	24
207	144
725	201
1338	17
1756	99
4367	135
400	222
297	434
1993	147
424	3
1080	23
680	284
1304	69
968	92
309	76
35	86
774	255
2910	136
727	45
1452	16
225	158
1930	122
630	143
1037	89
2099	33
1529	61
2428	404
737	136
125	19
1292	157
3296	53
626	48
493	7
1687	190
226	150
1919	227
643	220
467	20
121	21
1738	29
1174	79
683	30
143	50
560	106
471	125
370	66
828	101
95	34
1160	17
1049	32
1954	44
377	33
1043	16
932	44
3888	186
603	20
1599	180
106	60
1404	36
4070	163
1109	72
434	60
681	54
1349	44
338	276
463	46
256	44
1110	251
312	109
1614	139
115	87
1138	68
406	50
306	161
1405	47
646	60
2245	70
269	242
217	38
1896	162
2083	38
2299	14
2748	32
1251	32
229	169
3161	87
1912	134
369	99
1520	31
112	135
494	179
123	176
1244	19
773	130
337	36
54	157
62	69
1760	48
706	29
422	65
677	28
581	56
93	94
185	17
1315	20
1079	87
840	43
179	77
155	47
2970	15
872	257
564	100
466	102
1316	79
1705	51
776	20
194	104
343	219
511	125
1391	98
806	57
1361	162
488	69
2146	10
850	136
566	22
1009	149
287	135
687	11
6015	17
925	64
253	40
2601	122
418	64
1395	101
874	4
1156	81
2108	4
1010	1
1544	471
91	233
62	320
2898	28
2102	157
812	112
127	93
4409	33
523	465
4408	183
1429	30
931	236
229	52
273	106
887	6
821	98
1670	56
808	81
973	35
1700	95
287	66
1466	12
2259	133
446	106
937	149
564	8
4165	203
1655	71
313	60
594	100
1337	13
4253	155
910	90
1427	121
2046	97
3135	88
991	425
1028	16
640	270
959	1
136	124
1469	48
2176	43
317	92
2675	43
184	60
375	20
1140	31
1682	93
917	42
133	62
2398	66
138	16
2022	83
79	71
1618	5
291	22
1117	24
263	50
655	122
331	160
884	196
180	151
102	65
1050	12
925	183
262	46
1029	1
808	33
960	344
3767	75
375	84
266	6
102	202
210	80
533	293
151	161
147	65
981	471
135	6
1750	46
1191	19
637	17
1928	65
707	15
485	77
217	256
112	7
450	295
450	127
204	76
1477	226
520	106
171	149
1242	280
497	33
862	42
172	17
405	44
732	111
2497	14
1113	18
1618	138
1265	8
2052	69
1653	154
478	170
606	78
2888	216
561	88
287	58
1691	74
754	65
64	43
1145	16
389	6
1038	84
953	60
324	353
751	69
1282	31
1133	77
86	1
574	125
712	11
461	144
316	116
453	38
445	2
1001	109
1387	201
117	31
1876	11
809	184
3140	111
444	123
142	144
2254	30
1420	544
2649	96
1688	6
730	28
712	74
276	128
264	4
279	152
2350	53
818	22
416	61
819	22
952	7
947	55
1393	41
808	79
1240	71
520	48
745	48
1364	4
783	10
828	2
909	19
1554	137
660	244
789	35
779	440
210	103
1618	49
968	171
139	14
1019	37
108	268
498	31
450	61
1818	11
1488	22
364	30
2337	77
795	4
162	408
195	39
944	68
1651	130
1543	187
2897	97
1354	41
434	213
123	24
991	252
651	40
240	52
1332	88
1148	53
967	129
2450	114
195	421
891	88
188	37
2734	10
905	38
398	49
339	95
662	223
298	65
1401	71
468	8
1178	95
494	125
2620	59
354	7
267	65
1468	74
579	62
523	201
264	76
1023	133
988	128
2066	699
397	847
1193	9
93	167
1180	135
1761	68
715	496
677	286
426	73
1083	14
869	31
324	151
100	69
1377	98
2249	81
346	2
2298	30
1656	117
60	123
1918	102
274	52
2270	70
61	8
768	24
716	62
3161	309
718	48
656	53
2335	4
115	2
1553	172
458	191
211	61
1905	113
2061	35
2369	31
849	22
329	146
543	52
494	53
500	84
388	75
883	14
738	144
895	130
1108	57
4195	86
1151	160
1909	91
112	96
4249	54
1543	215
713	88
2526	63
462	4
130	81
718	20
1042	61
1274	202
713	100
4861	184
834	94
185	20
701	91
1552	168
1652	558
355	91
293	6
122	169
482	79
456	18
1940	18
440	170
1162	13
503	27
350	60
480	12
2029	131
343	162
2690	113
307	17
443	124
4501	31
148	144
1101	77
1597	51
2391	82
251	42
2658	49
2106	129
488	8
392	70
144	10
91	69
1912	33
78	945
1053	362
450	4
295	122
2174	74
138	59
420	19
2118	159
740	131
627	95
1052	10
2788	81
513	137
902	57
320	219
877	162
145	147
507	1
1039	194
558	31
1376	2
1008	9
944	52
1557	341
4187	22
238	10
776	100
427	167
966	189
779	585
616	24
845	213
343	127
689	111
1242	32
525	25
199	12
1585	294
1571	11
2248	31
113	79
944	11
1545	126
251	22
1708	44
2033	183
108	53
1373	35
1658	22
697	91
2735	15
3379	220
1206	14
2860	27
927	195
796	15
1511	45
72	40
947	10
422	50
164	72
405	55
1500	163
661	11
1994	36
147	6
1463	78
1318	82
107	6
1338	176
528	50
946	167
1323	302
355	65
2638	104
1036	61
803	126
70	54
1130	175
88	43
249	69
2481	691
1224	214
1483	24
661	91
718	69
1350	55
126	35
466	2
1124	107
586	25
85	160
464	138
673	55
564	9
814	291
2101	118
629	209
2294	41
834	45
681	2
1264	174
1005	35
1027	40
534	12
111	137
300	40
388	241
1574	119
443	54
435	30
647	155
1332	29
572	76
495	58
209	114
593	180
131	13
2032	9
2419	25
841	21
205	79
1151	21
500	18
1139	39
397	43
1457	129
270	10
1398	355
911	261
332	486
2636	294
747	141
152	135
348	12
956	74
201	22
679	247
943	176
1041	39
334	49
99	270
109	5
1337	35
2747	72
444	122
1023	238
4731	21
255	75
1053	194
240	134
3335	211
264	25
1210	46
2028	202
2234	15
663	112
516	120
1438	512
1821	18
1647	206
631	120
368	5
802	81
2205	91
179	7
129	82
181	136
3793	184
693	18
244	142
3403	120
691	23
811	78
83	311
892	14
381	110
8323	194
341	101
390	10
592	132
729	53
604	86
1223	13
772	190
4265	73
1065	119
1722	36
581	6
1092	91
1193	384
1332	166
132	34
232	241
1051	31
1058	25
323	91
2806	172
897	212
966	11
1026	87
651	181
2506	179
533	68
254	55
3842	40
108	193
148	100
2108	28
1328	18
5975	233
609	40
1283	311
867	1
352	87
161	171
2137	90
410	56
1932	27
2368	2
1008	25
2273	22
111	108
115	98
925	65
2218	24
1005	118
391	16
1017	164
1395	39
1243	466
1316	13
847	213
1259	38
240	60
128	80
188	13
1719	43
717	32
2742	66
264	90
149	259
1101	44
1003	90
639	113
1729	66
255	115
2008	86
73	65
864	79
499	89
557	4
139	107
2775	16
512	241
325	118
1036	20
214	7
1206	84
642	90
425	207
881	49
826	182
106	255
1345	61
1352	1
97	83
2114	340
185	17
1683	22
2292	321
312	594
895	101
338	197
954	24
442	145
4561	124
1107	68
3648	86
97	46
659	37
891	26
2323	16
213	167
625	18
1765	17
785	134
976	265
121	45
425	87
2102	126
2262	19
955	333
1087	92
68	3
162	20
856	8
2524	29
603	135
2499	12
611	6
703	69
1048	287
2356	117
2665	57
803	326
1106	269
661	18
2407	321
335	21
2083	211
1144	26
69	53
2808	70
672	32
207	58
1645	147
1960	21
1700	75
1071	59
186	27
2256	156
311	36
2821	269
581	85
1240	354
575	71
222	46
887	14
403	11
2316	45
1024	18
1261	4
403	193
321	17
573	300
188	98
1860	20
873	90
7060	1
978	140
521	43
806	96
1497	57
1599	30
468	45
1785	77
1011	123
1194	196
211	75
1509	142
1104	69
4521	158
1959	10
442	136
538	121
1096	365
1094	14
166	115
211	7
392	278
3325	91
1473	167
259	154
470	160
222	202
627	21
1064	186
1058	148
270	77
254	60
238	276
2102	148
550	227
416	63
1079	504
1877	42
437	25
1146	41
1173	395
2788	42
4297	360
5511	138
1044	211
754	75
4283	9
285	10
764	57
2578	92
163	1
118	21
859	24
1896	61
1558	81
638	263
3522	59
393	35
968	204
2864	36
799	22
2124	186
357	69
2114	60
832	415
866	44
589	18
1026	274
394	182
579	38
830	22
273	37
670	88
1765	131
228	225
449	8
1886	22
189	36
2082	59
3647	72
109	29
135	76
74	2
289	42
480	77
276	129
403	135
1789	236
95	34
405	2
507	39
524	139
1022	266
179	50
1815	10
176	67
429	17
45	107
2130	29
614	64
324	335
2915	22
1009	140
1257	9
611	89
223	260
2523	95
44	9
1890	246
534	24
755	42
398	135
672	6
731	112
2184	272
157	408
744	85
526	243
1373	290
864	20
2000	146
485	168
288	96
63	44
779	166
2143	4
346	115
403	47
271	11
466	66
103	97
381	48
832	167
195	21
701	132
178	24
811	70
114	47
72	4
719	82
268	97
82	35
911	109
294	142
1052	416
1166	29
1476	79
642	66
213	103
2415	9
194	149
465	310
1338	42
3854	74
370	82
254	80
145	263
1152	106
245	23
1530	127
70	88
1225	74
2031	110
890	41
459	26
1182	82
441	151
937	153
1797	90
87	25
583	27
487	71
235	16
80	49
301	40
517	98
613	243
842	120
2770	140
481	56
2021	63
962	71
1935	153
3155	71
1605	96
1541	190
1157	44
158	38
2088	8
1593	30
600	49
1249	57
272	87
507	194
217	385
715	11
1859	21
1471	122
607	207
1245	141
814	65
208	423
2399	165
295	27
1093	413
330	50
360	95
465	223
190	194
2435	128
647	57
1111	57
1959	14
3314	132
2508	79
179	160
1790	251
186	75
1292	95
464	13
1577	215
923	111
252	12
1850	150
667	152
1256	93
83	214
1254	83
386	265
69	114
432	16
910	6
309	161
244	39
467	7
1223	21
630	65
667	133
783	75
1389	53
488	26
225	60
207	71
1965	55
95	65
2235	110
2976	266
1890	24
301	11
362	128
1690	225
1895	114
956	107
758	1
285	194
236	18
1615	73
425	68
253	94
58	10
2875	53
179	8
94	213
1101	27
284	30
158	62
1325	116
313	6
171	88
624	138
1399	51
357	303
562	100
494	121
490	186
617	215
516	9
1281	138
1536	11
192	51
209	23
1563	191
771	185
887	3
1107	85
1066	240
2386	125
516	125
64	18
313	78
145	107
1623	64
9001	303
272	28
232	124
340	201
70	168
2964	137
941	87
471	216
528	112
4554	152
1493	132
157	189
63	12
659	17
2423	31
726	1
663	44
1238	210
487	16
1109	8
788	122
446	40
594	25
778	164
249	162
259	78
247	260
1055	75
133	139
823	19
2343	20
415	83
1868	219
868	137
207	55
1359	25
542	30
1263	258
778	13
83	3
1552	50
1247	394
255	194
3441	77
612	51
819	117
607	156
3048	93
576	132
605	153
1149	21
733	39
157	205
797	48
641	34
1710	78
864	148
1119	42
479	51
595	124
1235	437
2147	89
2708	18
108	12
1733	385
2464	289
203	60
472	16
3562	162
134	56
166	121
96	128
167	25
93	183
2268	65
3570	114
1515	19
407	105
3386	212
1207	2
508	80
709	41
571	464
1455	247
569	16
295	122
1441	103
94	115
2091	82
563	131
2263	86
860	52
1154	168
2498	147
634	131
1044	6
3514	259
221	196
939	228
214	18
499	121
801	68
2959	45
2540	42
623	10
3349	251
2078	59
106	32
2389	187
2357	218
787	283
128	254
494	14
1716	112
811	51
597	115
1593	7
171	10
174	247
1443	71
565	1
748	41
748	162
478	11
751	48
632	197
117	11
1168	209
119	8
267	6
276	123
363	81
673	1
1780	196
75	19
522	12
1465	60
705	212
666	3
866	196
427	7
1131	158
585	42
980	54
163	153
1564	209
1055	161
655	11
287	17
1122	8
289	55
2405	110
347	99
230	101
72	10
571	311
3157	129
1285	31
537	66
471	28
263	36
230	89
3944	33
680	10
655	129
112	14
955	22
1628	79
299	129
1170	34
1519	57
5141	6
1229	114
1134	142
2405	24
2255	237
1361	84
335	201
1793	195
284	38
3015	28
230	22
569	24
124	107
4778	1
109	111
1896	1
117	108
219	296
343	89
1400	82
226	66
998	19
812	129
883	117
1133	275
168	3
218	49
2373	158
1971	296
1245	1
226	109
822	82
914	146
232	36
1772	271
714	106
1298	70
556	11
194	21
1817	35
2100	80
257	83
1173	107
228	40
1170	176
3254	138
549	61
2780	22
310	79
1376	104
416	60
179	15
97	57
1757	57
956	75
601	2
2546	95
1103	60
662	126
103	77
942	35
984	107
114	96
1116	10
405	1
1607	66
1521	82
884	86
896	6
3024	133
371	130
1431	158
1467	240
1057	65
436	56
1064	86
1835	79
163	13
830	45
302	21
963	192
725	175
934	17
1648	41
605	200
402	108
156	103
1573	3
241	243
171	54
4180	255
1530	13
1940	110
614	15
531	70
311	36
354	39
2909	37
803	75
259	15
1347	80
3464	18
206	5
3411	85
537	40
1982	215
2811	20
1432	15
680	43
379	188
1753	70
1699	112
717	9
1755	198
922	251
1558	144
732	3
1479	456
92	42
986	106
917	16
260	37
793	91
1255	43
211	234
392	67
451	124
371	7
513	81
566	165
211	129
47	32
1613	64
221	80
646	1
1219	159
360	27
202	87
1279	425
2045	4
245	260
2343	265
661	172
173	21
2219	9
154	22
321	117
3330	96
3956	36
2627	14
519	96
46	40
722	162
337	4
4158	78
318	30
232	122
470	77
685	36
257	53
1163	107
2610	182
1186	213
479	65
1484	66
1652	3
158	72
768	84
1421	106
2300	148
1799	57
755	276
654	38
1076	22
1280	12
146	211
1634	50
1131	82
1585	60
1070	187
91	30
2592	39
875	128
1936	63
212	96
921	257
552	28
822	13
2765	41
426	181
876	55
1555	129
455	152
1556	139
255	8
513	171
435	105
1758	96
418	49
126	7
549	19
1289	62
184	2
207	82
1380	6
4971	40
865	36
613	106
197	85
498	49
140	178
401	130
1430	40
473	22
1955	561
71	56
92	60
547	60
1249	81
884	126
1186	151
4919	350
141	21
766	203
2993	99
71	61
1099	249
1805	6
1449	291
2162	105
973	18
207	7
942	82
34	185
346	130
451	66
2273	45
1709	60
829	2
603	258
317	76
2542	106
1119	150
819	43
48	1
1051	11
261	174
1552	29
2547	2
1034	24
3120	41
207	53
118	9
4575	206
42	131
27	13
26	191
25	28
24	50
24	218
24	129
25	229
374	49
237	253
464	161
979	41
1024	151
1094	86
3904	22
35	2
20	59
23	33
17	75
97	17
1070	88
323	41
892	21
1626	279
283	53
327	64
309	37
1892	137
122	41
1284	105
1944	5
1633	83
222	144
2176	73
389	8
263	148
838	87
117	74
1053	184
719	72
1597	135
84	134
144	11
624	51
246	28
580	49
484	62
129	28
2345	67
576	28
442	180
1868	46
660	17
3044	30
471	76
1175	32
1936	93
692	159
284	155
1527	58
181	65
649	93
358	35
1041	139
246	121
427	109
257	164
2794	72
1069	48
5307	130
3318	57
162	374
56	58
96	28
2697	263
1294	120
1667	61
457	71
109	101
1400	23
834	207
1174	4
256	20
470	16
1271	20
6048	97
219	109
1404	59
922	86
2955	87
867	171
378	111
633	23
364	61
677	110
1375	29
2148	136
202	16
1757	71
1303	68
270	26
435	175
1674	51
848	2
240	99
173	144
1094	31
562	58
389	97
1743	189
675	52
850	171
588	239
2238	46
385	120
265	41
221	317
1261	55
718	102
1813	400
1694	37
1032	60
603	3
1682	17
297	159
534	79
889	138
1662	18
161	26
1555	316
522	41
925	36
1222	2
2782	156
216	317
1498	139
500	274
1473	64
7589	86
1026	12
47	64
1202	5
90	441
718	46
2053	33
1951	42
423	414
1809	28
2645	168
193	300
454	101
82	46
115	37
1439	129
292	313
2356	33
407	17
327	110
2441	73
416	144
217	291
202	360
1198	443
2010	50
453	45
1296	498
2423	176
916	13
787	44
675	95
1420	32
248	33
121	174
1412	7
1421	87
1867	79
265	28
1193	22
1128	62
71	93
1270	139
935	189
1528	307
663	212
1870	20
1148	6
154	189
2145	111
430	49
563	8
2545	37
1885	12
1638	81
1965	217
179	198
2411	107
1503	5
2173	45
2226	4
1379	200
1101	70
196	146
534	4
883	37
83	52
111	7
398	45
512	68
371	130
602	4
954	51
961	179
3875	410
163	290
231	170
231	81
2110	74
747	39
258	96
149	17
118	85
2029	33
1016	194
2627	24
432	177
364	96
1385	273
802	17
172	264
617	221
1412	103
190	31
555	9
1804	1
213	123
1929	102
3389	102
769	34
2512	17
1026	17
329	334
1820	9
161	159
1219	96
127	224
1394	211
2730	3
498	33
203	39
4504	57
5132	198
807	105
500	41
621	17
1237	35
424	107
4895	17
1843	10
592	233
375	113
640	78
823	84
686	2
1872	17
809	62
760	18
1840	51
2022	148
75	181
818	73
2442	30
3908	163
1935	84
1073	49
1443	57
1047	24
1090	21
596	14
721	4
1298	39
3490	93
2684	6
874	113
5695	195
5291	34
380	62
1094	26
771	10
3477	20
432	16
537	48
628	36
1055	92
217	18
1690	178
1980	299
82	93
303	51
803	5
596	108
218	35
483	7
1919	31
829	53
71	1
2256	136
164	16
2724	51
1055	130
947	126
1178	96
605	48
614	110
767	148
1267	43
1445	124
283	2
1188	31
519	37
529	99
263	133
1376	233
2170	91
2538	91
1500	122
1574	9
536	42
100	34
173	4
1677	134
286	56
1437	13
1049	362
1250	62
4120	23
613	7
751	251
531	130
1495	220
63	93
865	56
207	71
1630	110
468	1
3214	147
883	36
1845	186
2382	121
109	38
327	270
1943	57
889	21
2911	46
665	30
513	37
561	318
539	31
402	209
3285	26
391	74
2490	104
562	56
161	30
181	6
2210	35
429	45
239	8
1136	137
2925	113
170	25
1301	42
231	108
367	59
456	73
892	107
2192	16
1431	78
484	40
1158	12
1246	77
1871	23
2622	7
318	1
382	118
602	31
74	58
118	321
3505	73
1051	48
3737	64
214	45
1497	39
1327	157
1659	104
702	163
613	450
126	54
1675	159
1390	19
970	47
103	29
592	100
527	177
645	34
517	74
153	67
3342	43
122	158
289	5
849	52
212	78
182	368
1826	16
325	72
101	6
72	55
718	23
2737	1
672	11
2407	8
478	64
2385	99
196	97
390	190
2486	27
1030	6
2422	170
176	196
829	156
770	15
210	145
1711	34
483	68
3194	5
1198	237
77	149
105	25
630	137
1191	154
762	54
305	65
601	56
1156	72
1216	25
712	22
1731	268
1324	219
1223	29
179	86
716	284
1017	320
1053	296
891	230
698	1
166	145
51	64
1434	88
1664	38
1717	42
1269	14
1037	66
780	32
138	2
77	169
104	41
934	95
1131	67
834	297
1230	116
269	3
75	51
416	23
1109	99
4267	13
1222	125
1707	47
551	11
93	97
236	61
314	32
727	38
280	113
371	14
1915	11
1790	65
110	88
108	99
629	159
898	6
1429	41
2648	78
884	72
1477	116
328	44
195	35
722	180
816	16
222	35
1117	38
749	28
996	69
1873	88
257	25
235	39
1595	39
305	73
267	68
2371	94
33	13
2299	18
2245	286
1085	202
290	120
743	50
2809	135
2203	32
327	117
266	35
1443	62
88	139
112	30
67	64
941	35
238	200
67	65
476	200
66	5
77	163
261	279
674	86
84	6
126	118
1720	83
258	260
1664	93
2088	31
284	499
160	186
917	106
424	9
1108	150
127	19
134	286
184	55
965	30
47	14
955	74
1511	37
2881	321
618	114
756	169
1228	67
1250	400
2494	92
3748	22
898	36
268	77
3380	34
66	486
2426	111
2084	29
976	57
1005	47
81	65
112	1
126	4
3345	271
3856	70
69	126
886	37
324	312
360	40
1214	106
678	17
2123	5
383	11
445	40
3211	1
570	164
138	64
517	270
1200	70
898	191
2225	33
1209	38
1118	36
1841	300
712	13
196	15
349	163
366	144
1500	14
329	145
1059	21
1385	109
937	172
72	109
763	107
758	148
2402	33
734	128
842	35
1196	124
1689	173
517	13
662	79
668	44
327	183
57	7
1416	79
869	64
450	67
943	26
1399	25
149	84
1277	70
942	98
58	70
134	325
182	16
1879	259
71	39
2000	73
683	92
139	93
770	101
114	27
458	258
140	25
1216	63
915	66
466	116
530	14
804	7
974	99
1390	33
1244	51
1522	42
347	194
1333	86
110	200
520	9
174	131
298	371
208	75
243	67
247	136
2992	74
944	169
2324	88
1618	5
504	219
3311	49
3325	32
2238	94
389	133
1391	95
1461	250
395	49
463	34
3315	204
66	220
528	70
1105	153
227	348
1604	65
326	45
343	242
178	30
382	18
1460	21
238	72
1650	142
570	16
738	8
3771	284
401	1
3952	55
119	36
285	107
527	380
1352	180
429	68
1698	7
583	255
1923	50
1043	27
296	52
2304	30
2255	92
1169	30
2869	165
459	135
121	146
361	4
883	209
2168	31
586	37
222	54
499	10
2445	25
1648	3
1282	67
1340	12
744	51
682	90
151	84
258	305
721	91
1145	165
926	17
192	19
396	27
558	66
1048	7
773	235
1126	177
984	8
289	240
2777	20
3620	179
365	20
3971	1
383	283
60	344
2136	427
662	402
1774	137
787	10
659	585
1719	23
967	19
1521	17
1834	150
793	57
457	27
767	6
201	97
518	100
2151	115
1437	35
1406	138
740	71
3669	49
534	275
179	211
1000	44
149	54
368	123
489	32
2013	76
1696	71
1666	34
270	160
217	209
229	164
500	218
777	44
122	29
131	24
908	279
1438	278
915	57
119	133
1374	54
144	36
99	21
1271	173
133	8
1081	221
493	201
377	18
553	41
2763	151
1389	168
1450	178
465	302
580	92
920	108
1938	167
124	5
272	33
6114	354
597	15
1300	112
1005	192
654	71
101	147
892	67
981	43
97	14
123	66
2637	12
383	139
711	32
894	34
442	75
236	308
599	53
1556	144
1110	47
281	61
218	14
3582	107
453	92
1274	22
1014	37
123	219
1705	90
675	370
109	229
356	28
323	3
1951	86
577	83
217	132
2046	18
217	218
285	180
704	187
909	15
574	176
1068	98
2966	28
995	53
827	8
278	99
1098	18
917	255
1643	79
612	5
529	47
653	295
1147	72
174	102
71	76
82	42
1078	127
367	102
874	347
1943	38
1138	41
422	176
571	147
2797	62
293	116
1333	235
479	131
531	85
3640	282
355	10
2189	75
347	125
555	19
310	48
1114	238
119	99
1969	42
1166	119
554	190
1112	42
1352	15
482	60
1867	19
216	68
343	177
2230	74
886	194
139	14
1680	76
1072	210
168	138
349	14
514	34
1088	110
864	25
477	63
1834	198
2979	5
907	53
65	17
265	6
761	324
265	36
876	35
508	119
188	155
259	61
1449	279
1233	14
287	33
300	162
552	8
814	119
468	30
122	141
963	89
1135	197
1669	62
795	227
815	87
388	218
58	100
1174	100
274	82
926	9
1191	24
2184	80
612	25
1172	147
107	252
494	207
308	149
999	31
339	17
2166	74
819	37
377	45
81	13
1754	26
1519	356
309	72
329	57
364	1
1846	25
1992	334
1142	2
516	66
804	15
1587	211
1440	168
113	157
242	56
1174	66
835	93
251	170
435	67
148	18
114	124
1052	5
4692	47
976	82
2369	4
1598	162
2433	13
558	32
894	6
81	176
1312	74
89	264
3722	65
3274	7
231	10
2368	32
1124	66
227	118
413	12
157	32
260	24
225	44
3589	17
866	4
1698	85
2775	210
1190	16
174	107
3749	180
544	104
942	91
906	40
823	106
390	26
2127	22
1683	17
992	90
577	58
1368	5
754	1
578	136
2984	36
823	28
1754	39
265	467
261	39
593	187
358	193
1029	8
88	56
727	182
791	163
280	177
634	14
157	91
1605	43
494	15
1031	73
2158	115
3750	5
146	14
211	44
43	134
139	68
3228	5
877	29
1308	27
1751	40
56	37
1561	24
277	73
1083	8
511	581
205	3
1728	142
899	73
1184	37
161	52
138	71
1439	81
377	175
1322	123
583	123
239	114
1832	16
542	36
2320	83
154	44
67	35
503	98
741	135
1451	64
842	173
3250	61
70	15
1761	98
3151	46
387	70
724	18
1816	26
368	55
337	114
66	229
80	224
496	128
1651	148
1176	18
1420	205
648	13
472	68
463	92
411	22
3567	99
358	28
89	14
1290	127
722	404
1778	30
1968	51
153	523
599	57
1685	6
621	7
141	25
817	354
3267	90
892	311
1040	19
1606	59
514	36
1661	70
3965	22
344	22
606	168
1740	40
2051	78
1155	202
944	32
223	202
1332	121
258	20
3329	315
576	92
2413	52
873	257
200	164
1274	52
545	84
1519	104
436	472
503	157
1716	127
939	20
635	57
1111	52
108	4
606	139
808	90
1533	182
5464	10
799	202
522	81
836	7
498	265
2118	18
3239	42
607	81
972	53
361	80
786	419
1833	22
558	77
77	27
1283	22
645	23
562	36
826	4
995	41
245	147
465	86
110	115
207	142
892	22
1795	6
481	16
3317	75
429	256
1456	46
551	119
2943	23
418	228
171	70
415	49
371	36
3773	289
603	6
1785	56
650	24
1489	3
1038	2
177	40
1407	223
972	130
2058	686
1356	11
1565	35
1614	17
228	142
1201	134
264	10
4343	32
297	241
407	95
1397	597
3337	7
1538	27
1390	152
1664	99
509	150
567	10
1040	31
362	52
875	238
277	3
500	27
2594	91
156	172
1103	47
1578	179
613	214
782	161
1024	23
1731	10
786	314
347	35
785	122
882	37
2442	9
226	147
253	15
170	159
121	96
1683	81
2862	113
463	139
306	31
295	120
279	66
396	31
171	53
973	39
3430	39
469	46
1739	460
550	1
474	93
2948	83
1091	54
783	3
305	29
1349	5
2452	9
4564	99
664	276
240	271
886	50
227	234
332	172
1645	316
1970	112
1113	142
77	32
67	46
781	91
4159	139
3536	199
246	73
202	129
175	163
2846	122
87	341
721	3
88	2
441	153
2133	193
454	37
2020	53
461	131
655	27
235	463
206	215
1160	86
415	143
571	35
569	70
302	181
315	21
681	22
1346	294
5291	81
223	84
532	37
556	17
1291	3
651	59
211	72
682	114
571	216
948	74
268	62
316	25
713	221
365	88
77	32
1106	46
1187	313
140	29
381	145
1503	326
488	54
211	18
812	248
2294	31
449	262
2112	13
1902	16
824	99
402	60
354	117
473	79
342	147
1693	319
84	83
280	9
788	66
977	7
1811	524
269	300
1230	160
1913	82
1987	85
457	65
823	170
1367	150
151	160
646	4
540	3
426	577
584	38
1011	139
613	145
433	117
255	131
1015	80
968	115
296	49
3340	1
185	136
780	45
68	36
593	140
118	65
1504	79
742	85
1302	94
213	358
1574	168
1062	118
1067	88
160	98
85	89
298	77
1142	129
1227	154
1118	90
510	1
3952	432
1513	9
788	23
1316	308
1982	222
844	12
1123	3
327	104
1190	56
4053	4
1451	21
492	119
2684	157
3023	14
407	101
486	27
1272	255
2880	6
2056	315
810	63
424	10
2293	149
688	107
170	45
251	337
356	200
108	26
137	41
2347	141
569	38
148	509
1236	31
880	1
309	18
713	174
1130	11
657	73
1657	88
355	111
411	76
3147	58
1543	26
100	120
2380	35
2129	172
794	26
1565	82
36	116
609	110
193	32
990	81
5850	129
1301	113
775	70
2677	37
4625	23
1313	71
39	63
250	119
954	113
3403	66
449	58
5885	92
952	33
1149	213
824	67
1259	169
47	30
802	23
193	98
247	65
1858	163
176	450
227	138
897	168
387	66
107	198
2766	173
1342	19
113	83
4622	5
76	2
436	76
285	63
208	137
124	8
168	4
741	277
289	51
2539	33
2423	63
1731	204
314	254
1845	107
564	125
916	75
1210	141
809	149
691	53
2911	246
4184	212
499	63
808	146
228	63
934	61
305	13
1665	249
1330	26
134	51
124	10
601	50
2721	45
3727	161
97	58
223	178
297	101
922	211
446	3
378	64
319	13
677	159
259	43
532	113
221	123
147	24
969	158
236	256
252	104
297	51
2128	134
1035	45
1233	29
278	65
474	129
1601	18
2420	26
2547	22
1173	114
764	74
687	157
247	60
755	81
229	33
317	68
2377	33
72	44
887	75
241	31
2523	128
549	29
271	14
123	150
1312	10
96	135
2528	196
902	1
420	128
984	11
1699	62
299	309
868	15
418	322
261	216
587	146
203	122
177	42
773	210
607	188
831	149
384	172
1029	168
341	240
566	129
2786	15
1909	71
224	52
2869	74
187	63
872	47
885	98
429	44
1421	14
4741	146
143	41
1113	10
122	406
1294	81
832	12
1040	128
1046	33
183	67
676	185
2503	319
3015	52
1255	368
1438	108
244	35
82	10
163	98
439	89
1239	14
2843	97
182	44
1418	47
2070	152
450	15
552	20
862	28
796	52
454	12
155	26
1257	8
1039	32
509	348
1429	341
4169	58
771	85
2981	126
1042	114
976	67
1402	35
1201	49
969	159
605	279
78	22
3461	39
585	52
450	46
624	286
1057	72
340	28
1109	106
101	57
1296	226
605	58
1397	129
1813	348
984	154
2350	7
1514	75
653	422
174	109
611	250
921	6
310	66
2163	66
442	210
1878	58
672	139
621	2
1177	65
866	28
544	139
942	43
2272	148
352	7
1267	222
1025	225
1180	3
1410	9
166	128
141	83
361	24
1918	20
450	254
1133	54
49	30
143	25
1276	1
183	310
69	10
319	249
928	21
1201	164
226	227
1946	135
734	188
440	3
853	165
404	5
2406	35
1325	54
3163	314
553	14
3510	124
3255	77
1145	132
575	636
663	26
165	189
851	8
1175	50
740	148
527	253
728	189
3120	70
1080	128
1597	101
375	78
1018	109
715	6
2657	182
3664	76
904	128
71	115
1969	13
1202	16
259	79
4643	134
1867	116
4740	81
1154	42
703	74
126	49
835	83
308	72
604	255
558	98
2277	266
1857	142
1099	92
573	139
710	243
560	59
1169	21
1897	120
442	54
4478	28
229	46
349	183
252	33
1037	12
1547	107
392	23
570	53
283	145
1530	93
2013	297
459	29
895	71
1567	150
434	3
2882	120
791	5
1153	67
1347	18
253	128
1092	43
1261	76
1845	14
359	146
1938	80
4731	63
299	154
3589	60
825	57
1009	11
82	22
431	34
1822	118
222	32
1821	147
2908	247
232	3
294	25
134	134
335	96
2064	1
114	20
452	123
801	14
352	83
921	312
1075	20
442	74
589	63
132	25
2198	233
811	56
1491	342
1597	14
214	57
170	46
658	20
1188	140
176	143
930	27
246	310
1446	7
3171	316
900	44
1312	90
1300	73
1473	31
428	53
106	2
498	38
555	130
172	130
539	483
766	63
747	60
257	76
235	37
1638	179
238	49
461	10
466	151
326	22
102	1
703	20
3637	25
2235	45
408	42
3360	93
922	270
2316	147
785	41
1861	18
968	49
318	113
3380	8
1205	23
1238	348
1099	236
1108	72
310	100
1326	123
355	117
1248	103
1281	17
1505	58
366	48
418	43
268	13
1153	216
269	73
1320	48
1061	98
855	62
325	35
766	341
3586	65
5408	73
102	168
819	120
1346	28
395	44
152	67
1922	7
1482	120
134	25
1355	175
99	40
247	11
1102	368
2040	27
257	73
964	176
554	46
1756	50
779	367
499	108
2923	82
129	27
1331	132
820	28
334	135
577	1
567	106
1234	68
485	4
214	110
2588	160
886	46
1148	27
505	65
1743	39
1211	496
1557	153
181	36
887	19
171	39
329	20
485	213
680	305
309	7
2814	242
1785	64
1355	12
1319	30
1098	10
236	11
3304	174
1137	104
540	286
557	14
171	91
580	145
1032	11
2373	18
3389	65
2311	16
388	43
1286	7
671	183
1893	280
300	292
191	18
583	27
2626	123
1255	12
1044	38
837	55
247	10
241	17
2175	89
1663	59
123	95
867	137
817	15
2292	100
1508	125
665	30
126	112
301	7
113	64
810	199
2557	104
2283	1
3025	53
197	40
76	27
106	167
772	183
3513	149
1023	11
363	32
2049	93
1824	56
662	71
2403	226
1150	53
218	91
679	12
2610	55
2731	61
446	77
2138	84
1070	86
344	77
902	203
2264	17
975	193
2954	38
163	40
282	166
4018	237
2056	187
251	6
909	206
44	230
402	117
3294	101
425	201
1051	59
679	206
2377	117
613	188
417	157
1045	26
380	68
1020	95
677	72
184	27
91	374
1365	51
363	135
172	33
2923	34
2984	68
926	130
209	3
1435	9
1601	129
451	212
700	66
1291	47
755	26
1823	149
131	117
903	67
284	162
524	102
916	44
554	41
741	206
1345	86
1163	29
2069	71
1474	3
1616	138
784	96
1853	40
2525	9
4297	107
1343	35
103	53
1749	16
261	126
2323	246
726	387
503	105
599	67
828	34
250	67
294	65
1407	26
128	89
288	121
499	130
1167	23
816	122
1362	35
1123	175
814	11
2817	72
1168	113
446	194
49	64
364	43
799	16
720	4
2238	17
362	2
2901	177
289	49
1167	43
2867	184
676	38
516	44
930	1
85	62
4073	17
1706	24
2149	12
59	74
1180	16
2435	180
3727	104
365	111
1084	40
1479	6
1111	42
1017	87
705	55
1028	80
294	42
480	33
505	432
481	133
849	75
101	228
112	52
573	244
2026	120
199	106
50	222
1402	70
161	74
214	57
689	229
295	15
47	62
1309	201
167	36
70	29
978	223
1770	103
934	71
209	15
353	357
960	159
1770	31
853	27
436	268
1043	184
648	26
994	135
180	1
794	81
684	207
193	127
3322	22
191	277
2389	77
1133	61
3760	184
258	221
10096	37
121	131
817	2
1155	47
285	78
974	199
31	108
1268	22
1606	40
728	4
263	364
891	122
231	32
290	78
160	20
409	219
1601	60
565	135
545	21
325	1
1192	143
614	69
315	39
1286	148
1756	124
645	183
1237	101
688	84
963	76
375	105
1831	189
2653	104
2860	18
3856	68
857	175
2021	2
1150	2
955	146
279	349
251	78
1019	349
140	64
132	207
603	97
1689	51
1442	32
750	60
307	100
1175	475
238	101
838	31
366	311
887	17
1425	18
321	3
1193	6
674	153
1588	138
457	154
247	85
1443	14
2269	250
956	123
862	176
2243	27
342	69
4201	82
3608	29
61	98
724	104
207	22
1046	46
201	19
1056	27
334	41
4731	156
311	74
2981	3
1279	91
752	242
126	59
475	118
1480	30
699	26
486	76
147	99
3100	106
202	14
1046	153
523	76
110	180
347	67
3461	172
315	47
2330	265
475	74
2539	180
831	134
103	32
729	7
89	55
5767	1
147	565
4164	185
468	16
975	38
1194	635
1242	26
807	25
1844	138
231	160
120	98
3075	129
325	198
1424	94
221	315
924	118
808	79
463	75
1024	112
108	67
2802	100
234	15
220	80
416	1
787	71
150	134
514	73
866	10
977	94
582	199
882	28
1391	195
170	93
1092	80
269	15
234	119
192	92
311	318
501	145
832	67
1711	283
1231	148
4598	101
558	28
579	2
2068	242
160	13
1114	35
154	83
663	1
750	72
319	158
108	19
323	5
163	25
87	115
273	32
71	127
415	23
167	39
1352	226
2743	142
2058	255
1203	16
4344	17
965	58
1118	27
1252	84
1436	102
258	218
396	19
1759	68
993	771
1572	81
699	180
823	99
824	33
1352	130
1453	48
383	61
525	21
2304	42
594	70
136	11
871	2
401	22
178	2
3780	159
1579	15
1784	202
2581	320
288	86
1647	271
359	21
190	68
1718	129
466	111
1559	32
89	327
247	204
453	168
793	360
471	5
1097	17
274	7
960	23
208	61
55	39
855	18
1975	13
2247	208
1198	9
1023	72
402	88
369	58
1675	343
272	57
2020	7
386	62
939	24
327	74
360	17
290	24
230	105
2568	86
373	100
604	127
2021	3
2603	2
188	34
858	513
231	26
1006	57
112	11
1680	287
906	133
762	27
665	144
90	2
719	98
660	156
486	109
1793	49
2478	213
1904	54
168	104
727	112
325	3
915	26
210	6
196	131
394	521
254	22
495	251
336	227
5186	135
677	335
834	161
3656	14
1781	107
1308	260
348	96
172	328
500	206
114	45
1436	127
3338	57
1010	140
493	62
2116	84
705	12
641	70
639	59
4769	404
195	217
446	81
4604	168
287	269
1569	10
163	78
211	77
1520	205
326	156
841	110
2811	21
737	76
671	4
1535	175
826	67
2712	435
1733	92
564	45
1372	303
1927	58
1382	34
559	54
536	104
2741	56
594	42
169	117
1140	39
1516	3
140	153
711	5
119	32
4388	9
196	57
581	198
88	201
1974	42
1146	199
810	23
913	70
867	265
1304	61
356	19
391	7
452	138
602	62
294	171
1183	8
205	5
293	19
306	123
2123	22
877	40
676	66
1087	173
801	317
1530	121
186	88
553	153
858	27
2428	144
88	126
789	94
562	10
3311	88
305	2
305	49
1759	57
196	79
1279	111
1032	152
221	146
1982	109
1501	133
170	26
1457	109
760	19
2884	23
512	126
122	117
2012	55
1772	101
224	164
823	7
953	40
1039	142
230	42
2357	260
1077	89
366	125
324	93
541	25
1469	57
1682	115
148	111
570	60
311	3
499	45
2308	23
534	30
1533	254
747	44
391	382
1455	204
1448	89
1126	171
2348	13
881	41
330	145
4627	32
186	24
744	31
253	4
3478	64
389	10
552	61
58	64
1434	20
967	317
72	337
85	2
969	115
1762	148
211	101
265	323
341	304
126	230
75	1
337	80
609	28
2103	65
119	21
1592	41
1612	85
121	131
2257	211
161	74
1572	99
2878	104
349	69
352	15
1340	20
1731	166
2043	17
356	45
633	113
358	127
414	178
777	41
387	243
946	55
193	52
236	58
290	46
1066	72
1316	108
556	390
478	14
1686	18
1030	20
147	98
4254	5
1639	35
499	119
433	91
547	114
1173	1
266	10
693	240
799	70
3385	64
99	15
659	34
3374	73
3970	5
42	66
36	81
471	96
202	251
3497	230
35	87
23	44
204	77
290	40
2235	125
632	39
3734	190
43	197
20	35
2868	17
2340	25
76	2
20	31
146	140
1787	25
1175	69
62	355
65	238
378	113
262	161
443	146
1256	11
1195	145
1109	71
1505	74
517	226
493	38
1022	206
113	165
2923	9
693	18
312	16
656	99
2600	54
583	236
387	53
1792	55
794	99
413	35
3428	87
1723	39
623	156
974	165
142	43
2422	191
188	94
126	40
114	1
377	33
154	179
875	150
169	721
1947	36
1248	16
712	15
3410	69
2995	117
287	14
758	254
2418	15
551	186
61	228
721	96
492	185
69	12
781	45
184	4
176	16
1843	73
310	98
163	75
366	106
2810	34
3545	208
618	78
220	140
2241	133
1036	44
648	5
547	30
481	6
663	125
529	58
561	69
1730	121
233	139
235	51
1073	66
1722	86
264	114
1562	114
214	142
1853	13
595	8
428	402
121	39
492	29
2859	53
98	24
1794	283
2462	247
495	2
1256	147
435	26
181	248
482	124
2821	126
301	237
579	18
637	181
221	3
2415	49
878	13
2207	40
148	195
1307	117
1684	9
495	505
1458	151
665	118
673	27
670	186
3522	66
444	18
952	280
894	121
452	191
781	76
887	59
1266	27
493	117
398	199
666	166
246	26
1559	24
394	240
64	32
63	54
702	73
450	95
841	69
740	21
784	283
621	75
790	179
1182	34
464	105
350	16
5766	17
388	3
2217	48
562	120
362	15
308	20
710	49
2751	68
5945	124
101	146
436	174
455	139
1471	7
1059	141
815	7
722	54
1444	33
220	208
3801	70
157	14
695	52
1090	167
854	22
518	455
649	225
328	57
1211	174
372	50
568	6
406	99
859	26
224	29
105	182
1133	123
1700	170
47	51
1752	37
85	28
1197	52
1278	179
109	15
660	22
649	76
972	175
3669	259
1243	151
772	31
140	1
496	10
39	6
96	27
407	413
62	6
1515	79
310	129
409	104
2026	3
313	76
651	18
543	40
229	116
1492	43
1356	107
887	263
602	192
191	75
1011	150
699	31
543	147
1562	301
2803	95
274	41
1716	214
1631	178
1096	125
705	71
1511	141
521	25
472	187
2459	302
943	14
1700	14
210	310
351	7
856	54
559	8
1406	9
514	213
609	3
645	201
983	219
1977	5
181	71
329	111
696	205
1608	13
1620	69
978	273
797	12
198	62
742	122
1795	64
703	40
641	26
54	46
130	183
480	157
185	37
71	346
608	448
103	220
1202	194
2406	19
381	192
224	19
2881	196
3418	67
1161	170
1198	132
1059	109
1264	27
1665	6
1343	95
1159	35
266	20
864	96
2454	66
1449	10
512	40
605	130
335	51
318	131
931	75
655	4
413	18
953	76
655	21
704	141
314	74
1254	54
3206	14
252	60
1385	80
289	26
224	143
2004	100
2115	71
2353	37
1030	387
1499	50
951	54
595	147
373	74
527	245
3481	21
87	2
865	51
742	27
223	212
666	82
397	109
215	11
483	74
3401	135
2381	189
3851	65
396	20
691	246
387	253
1085	183
103	96
463	141
145	159
884	3
90	44
345	98
219	16
123	68
290	34
3877	44
3946	412
1471	32
2856	55
846	102
339	76
474	81
1620	285
665	24
964	5
210	93
583	208
94	80
7833	80
135	45
895	57
545	132
555	178
3769	390
321	50
1689	69
611	482
469	51
1342	2
7413	23
1067	50
665	123
1011	4
130	102
1093	2
287	111
2104	112
882	128
662	24
36	51
308	49
513	134
457	163
672	152
991	70
263	25
693	67
179	48
504	228
699	266
641	65
2013	581
1390	194
244	84
665	88
909	90
1041	80
802	125
906	119
801	2
371	18
1053	84
3566	140
71	30
272	5
179	10
210	16
64	113
192	267
429	154
244	151
5646	95
1824	61
280	3
804	131
1181	76
1670	12
92	80
245	2
1363	96
329	37
809	36
1151	52
63	726
81	62
1047	126
5452	15
191	32
163	103
733	234
687	6
1126	135
2567	33
1283	161
356	84
759	57
511	77
150	134
7539	318
1067	30
2921	15
761	5
418	127
1934	65
1843	27
1088	69
1712	330
2629	185
782	13
1157	112
1023	283
83	217
359	152
847	143
3032	33
430	79
919	117
1140	49
796	42
3314	85
861	77
299	185
875	278
520	66
614	30
950	233
213	247
967	5
665	49
323	72
642	352
550	57
5074	34
303	247
1642	43
153	13
1703	136
2404	277
2147	56
616	80
412	43
406	101
2164	47
997	82
351	7
73	97
1806	109
217	4
1117	90
717	20
309	120
4966	67
1418	16
2464	126
577	213
799	120
512	2
1461	103
986	1
622	31
201	195
758	241
116	89
554	286
3123	86
183	74
672	21
613	18
468	175
2275	49
645	101
244	3
454	32
1010	45
2306	42
1632	66
771	31
1317	252
463	269
612	120
469	26
1237	15
632	15
1597	186
153	120
134	38
200	48
858	98
228	109
508	22
1702	281
597	59
122	80
64	39
341	256
1047	56
226	29
213	56
106	178
882	21
223	22
182	4
116	80
919	86
493	109
281	38
3304	61
814	151
2341	154
1475	25
1267	399
357	84
101	52
2353	632
789	3
1048	7
83	74
627	41
958	378
939	59
973	124
174	58
2733	221
1545	12
119	75
1115	2
1374	154
365	8
1038	86
736	136
2479	67
715	67
538	86
433	54
153	35
4438	125
1101	22
2216	46
1079	45
1609	53
1433	119
1367	58
130	69
482	387
269	65
1834	70
2127	193
347	253
242	92
3830	13
817	80
255	4
230	42
333	118
495	536
150	61
2043	207
2538	29
972	14
188	26
2559	133
1175	22
945	279
971	23
66	18
194	118
306	452
1273	374
623	15
1245	428
985	29
2331	5
589	26
1749	2
490	9
111	108
186	215
2055	229
382	71
325	136
4610	124
425	635
470	218
242	29
312	55
27	434
496	83
614	28
1717	101
53	221
314	6
4634	45
1126	46
2325	45
1011	258
139	152
1053	51
291	77
314	128
565	159
3907	59
1525	237
3032	131
952	97
1668	60
2002	50
121	26
212	30
422	24
658	79
200	25
597	93
2267	48
1098	46
122	129
1548	190
1107	44
1266	70
117	179
990	270
632	30
719	152
169	75
1488	20
763	173
408	43
544	285
2229	129
2826	73
842	39
2106	28
1568	72
573	93
3535	81
112	126
256	26
519	3
71	341
3557	4
3199	67
179	34
270	131
3277	65
157	35
2300	95
1088	121
1129	86
623	341
76	39
2645	32
359	4
157	1
451	220
2797	203
327	176
219	83
213	5
1045	26
1454	63
956	43
543	74
1887	140
125	208
213	53
248	329
3070	30
631	81
1806	14
266	52
1650	40
1100	213
1297	93
1257	45
399	56
3914	222
535	46
520	86
1279	40
1182	26
867	47
86	133
1353	1
1288	27
474	91
1950	95
1354	56
366	97
2911	14
282	150
880	89
930	45
923	45
281	23
985	75
1213	331
489	60
259	13
1450	3
952	537
530	43
647	106
1318	118
1422	30
1438	164
1051	136
3782	31
4484	121
2879	147
171	47
645	516
629	52
1165	198
1303	91
204	381
974	90
648	287
673	7
722	60
496	11
1326	91
825	120
821	44
80	44
865	10
1142	27
352	418
562	62
139	1
987	14
1905	415
1180	3
4483	63
824	102
1152	25
551	6
507	2
406	69
739	121
845	113
1503	164
434	26
63	32
85	55
1588	19
232	131
741	55
1274	4
812	124
1783	38
3626	79
534	6
320	129
410	65
432	273
474	66
555	119
579	94
1141	18
822	24
1485	430
357	79
1483	4
1491	37
830	53
2367	166
522	38
291	60
1558	15
426	53
563	94
822	39
1294	10
4047	4
420	382
351	15
1515	60
2813	21
183	54
684	72
1685	144
526	12
469	80
245	118
502	244
273	11
2120	93
719	134
1010	28
440	122
1166	32
981	44
2297	22
2129	10
683	36
1306	36
1713	82
2612	173
131	19
2386	29
973	256
1699	120
212	82
1377	43
68	303
787	165
1557	111
1897	57
912	10
1365	23
1480	84
2695	16
490	38
493	22
1708	20
94	37
2813	63
2740	122
438	16
2258	19
1967	37
1135	268
221	63
105	100
339	83
3531	149
1973	12
1119	53
206	75
819	34
1435	166
2348	18
227	28
1862	53
52	192
718	25
946	16
434	63
4076	214
258	100
412	18
1547	370
315	105
3827	17
943	101
1341	10
273	60
961	28
150	74
604	157
2543	31
4986	23
531	85
541	232
1108	12
2468	99
1627	74
57	31
154	2
506	87
171	43
101	237
144	64
409	107
947	100
181	15
358	180
2307	18
4288	125
690	108
133	265
1231	916
1590	6
1122	61
2050	329
201	21
68	85
472	96
172	129
1587	92
3256	97
6724	23
1263	29
3056	1
1672	98
210	60
844	42
2137	164
631	162
777	139
654	1
358	5
2564	84
974	40
840	15
2602	192
416	52
1984	4
1537	32
2618	114
801	18
3827	80
3532	5
1046	38
1161	385
113	109
1975	53
3027	37
490	234
375	36
1767	178
365	416
586	8
62	2
126	35
183	74
637	18
175	38
2091	25
650	74
1124	31
894	30
3125	68
2714	240
879	117
1110	58
168	129
826	29
371	135
606	47
742	238
289	122
667	143
1331	108
418	207
1790	2
209	48
2037	30
306	78
44	37
1425	42
3299	261
5210	9
318	4
614	11
2990	24
2970	15
622	95
785	54
1677	61
207	207
1285	23
1686	29
1108	44
492	12
488	105
3767	16
1763	87
1176	155
2620	169
2829	83
1954	13
1092	73
469	247
106	226
572	104
192	46
1198	11
240	29
1593	4
219	132
1717	14
2816	45
1900	26
475	9
818	88
145	95
591	199
1025	77
1693	2
687	201
85	39
393	276
1577	24
196	125
421	15
596	24
1872	238
129	51
854	6
511	158
1780	7
749	27
4507	257
346	91
2151	22
273	10
3417	155
1407	400
1544	126
386	54
733	144
1309	44
1001	79
3063	56
430	5
224	32
105	100
752	21
2101	253
2565	136
1262	45
160	184
1071	54
1994	64
205	13
503	67
3202	32
1223	302
143	68
628	25
777	8
621	45
430	81
542	63
187	45
636	110
88	62
558	93
77	60
3431	13
571	99
1612	69
167	30
1864	79
337	42
269	65
55	294
376	139
4010	13
1437	47
174	105
769	264
3826	10
2079	245
84	37
69	58
4935	226
1105	204
2452	150
96	361
2641	39
702	97
100	9
987	90
1114	138
1287	187
1091	154
563	101
294	90
1174	80
232	19
315	108
1032	69
154	141
379	17
940	45
584	112
613	42
3169	186
300	12
132	201
577	126
1355	78
173	76
279	55
1390	410
1858	54
1396	66
970	149
1384	28
280	14
622	112
901	418
992	150
782	56
2196	45
1331	134
567	150
1851	91
3195	326
410	7
1221	103
2900	85
502	32
841	219
869	353
1260	133
792	44
811	619
1308	37
938	50
1836	94
840	10
2128	20
223	100
1019	56
2460	154
549	169
213	294
2638	22
279	8
610	4
1770	364
63	323
101	14
153	81
197	85
1208	20
632	6
566	6
337	164
647	3
833	17
589	21
125	78
853	336
174	24
483	81
1013	63
405	430
58	145
1888	21
349	130
594	135
81	38
430	5
172	8
758	205
180	18
1064	79
691	22
1901	116
720	42
66	78
2106	5
487	25
539	25
399	100
147	70
144	129
2124	115
379	154
87	37
1152	50
464	82
2601	102
2109	67
1325	126
762	190
2004	23
893	93
1348	63
1022	42
732	43
1779	12
414	11
56	26
1104	6
1857	155
703	121
184	65
457	79
1151	50
453	13
429	95
442	10
1385	175
652	96
611	4
364	31
639	8
380	257
127	47
131	69
2087	8
1169	10
1044	57
427	183
3379	7
1672	4
88	196
250	232
209	297
1612	173
768	265
150	85
943	153
822	62
992	129
2021	156
1208	61
205	305
578	5
1293	2
1098	3
1413	76
121	137
65	32
491	227
236	185
711	51
2143	59
2602	63
1762	76
1037	79
916	95
1866	158
908	269
449	158
612	36
457	14
1094	230
2186	221
377	82
200	150
99	228
2641	159
248	69
126	268
1023	83
349	80
667	311
1431	19
200	53
1836	90
330	122
631	29
1776	24
358	56
545	69
1183	28
2440	242
1754	295
1222	48
2995	42
601	30
872	13
1556	96
971	10
2386	119
993	140
1801	39
443	45
2204	33
1027	124
515	10
124	211
1470	159
53	45
209	2
421	216
443	253
974	14
741	55
1396	370
1897	93
516	1
947	157
394	35
742	155
213	9
157	202
114	27
875	57
837	96
3100	14
937	2
133	171
1179	32
389	52
388	340
848	23
359	13
2920	258
808	82
237	21
395	26
979	1
899	40
1451	115
318	173
143	11
1356	11
300	147
704	29
1200	156
1198	191
2749	72
230	98
134	169
616	349
3131	4
378	82
1606	62
205	129
1344	130
859	419
554	220
108	71
1014	55
670	79
90	4
1269	340
420	107
1302	66
541	100
1709	224
942	235
174	76
152	134
1600	173
133	37
890	204
1785	19
1724	48
108	54
349	106
413	113
2100	197
472	33
107	113
3238	62
602	6
151	69
879	231
994	190
354	338
614	114
334	94
847	106
415	35
2549	174
744	596
95	57
690	37
224	56
180	53
1669	50
621	267
673	73
98	33
2152	6
370	23
462	49
1821	58
375	50
458	200
485	210
693	63
994	19
1336	270
801	144
576	39
903	35
70	12
596	74
421	139
1778	22
200	295
62	266
731	13
1471	265
103	1
395	50
1003	34
743	43
1088	140
241	125
1263	135
1611	2
1914	93
89	23
3125	161
1400	16
2611	129
333	41
379	34
126	53
2458	414
1324	30
1507	49
2128	128
560	56
3930	87
217	146
186	45
1640	86
2946	56
295	10
4547	12
364	50
387	6
287	200
165	147
399	15
59	40
297	78
569	27
499	7
237	44
857	51
55	127
768	29
496	145
569	17
308	142
118	5
1001	173
1254	24
266	8
619	9
2172	67
189	5
98	368
563	43
2935	102
173	21
2325	62
251	13
689	490
327	2
1485	340
348	31
1033	194
1974	112
1553	140
366	285
32	59
422	80
1346	63
439	69
419	89
304	15
114	78
523	58
446	133
1573	47
101	9
499	56
316	7
780	171
90	288
345	196
679	19
376	8
414	72
149	6
1026	14
3464	12
382	21
1071	123
100	112
1490	275
491	39
1764	23
301	126
815	209
2512	15
820	155
1355	23
1136	127
2354	70
1470	7
970	101
270	23
963	72
1350	36
147	177
241	467
961	60
1270	95
222	484
548	279
2194	62
2410	91
1149	56
131	27
4097	190
61	22
921	243
153	443
1568	21
498	246
2638	28
561	75
227	47
334	95
182	128
129	139
220	155
1094	277
156	28
185	9
92	270
405	46
800	4
1705	38
1432	361
1456	135
1155	124
721	49
442	31
3161	119
1965	43
78	102
230	8
99	2
1275	1
3269	23
270	44
1768	25
198	520
175	148
173	73
1818	327
1028	76
527	166
484	78
150	147
309	78
898	31
352	270
666	69
577	118
438	143
361	56
488	14
210	23
1061	77
79	224
1323	71
1716	254
983	246
1511	106
453	52
845	36
503	180
52	138
1453	18
68	29
1040	227
1100	349
3231	16
942	50
195	43
271	202
588	149
1685	577
2081	269
255	64
300	89
1774	91
604	77
953	107
897	145
357	29
2599	47
1467	20
548	141
64	37
177	62
1881	173
1893	27
1050	185
1820	23
1553	136
543	20
432	85
632	46
2113	6
1104	185
1354	148
1122	49
874	4
201	27
2263	253
872	141
82	295
1111	117
106	195
888	83
379	65
804	9
1465	59
2545	46
443	29
4282	29
2083	95
1240	313
878	145
1976	217
466	121
1503	38
1568	175
567	203
1211	471
285	10
177	23
419	25
688	49
197	158
1388	73
2851	427
1737	141
507	66
591	13
98	38
2874	23
1938	34
1907	50
391	265
124	215
3893	118
1005	114
242	16
314	240
1863	44
284	22
776	49
754	62
520	69
1040	65
1681	269
285	82
1158	53
70	67
2371	9
399	51
276	132
1329	1
2204	73
1188	386
1250	19
282	17
2339	91
219	81
1449	22
2775	10
996	53
558	33
1174	43
78	267
2017	124
2456	94
654	173
781	123
1779	35
469	47
633	314
610	79
435	135
901	23
389	153
656	108
1703	115
1092	254
951	97
1670	47
417	13
1018	16
1196	176
355	355
643	186
1646	17
116	24
1791	97
1032	18
5302	159
441	152
558	23
295	198
455	127
562	39
508	83
1671	51
1034	57
297	152
462	39
374	13
1172	7
1351	31
241	107
1308	221
1022	213
104	5
553	12
597	246
1438	3
175	165
292	28
684	416
711	88
3602	18
870	61
1218	36
258	5
171	91
3000	64
2287	43
1950	42
2352	4
553	193
1351	174
1571	315
1121	62
181	24
2980	53
302	13
2598	728
71	36
117	43
931	240
1008	56
408	224
58	126
959	36
445	18
2622	40
2109	60
367	105
542	94
2002	66
168	64
747	49
1292	94
583	122
371	126
793	216
1415	15
357	108
187	36
1788	46
242	44
1693	36
864	36
1277	29
608	31
2792	64
820	99
2266	156
798	4
598	58
1039	50
828	229
257	103
548	297
685	4
427	86
984	622
2553	268
378	17
734	2
376	261
1909	27
2173	48
1269	84
153	43
3796	86
205	18
668	86
1021	136
288	143
1027	33
1565	200
337	86
603	165
3992	30
198	36
227	7
388	31
1762	14
4014	331
1330	201
296	24
323	117
767	180
1291	207
335	28
2064	47
1106	4
754	73
1316	40
661	171
1751	268
1375	54
1157	12
178	53
756	61
664	50
1255	62
2232	97
351	15
214	72
1129	113
87	158
814	250
550	194
1813	81
527	6
1701	37
517	123
397	10
997	146
1356	92
4581	23
2003	29
653	131
577	2
887	155
1014	217
495	42
246	59
1368	84
2573	23
261	195
584	96
278	57
2408	30
167	22
210	134
623	4
1069	70
943	4
2036	44
1575	231
990	31
237	77
507	226
397	221
253	107
184	99
602	8
724	23
161	93
761	306
185	23
387	285
78	263
4994	32
1268	56
263	70
769	187
2884	343
2120	9
878	76
220	41
269	53
2869	27
471	144
716	85
325	1
1105	34
993	69
141	9
1973	69
1212	67
116	62
910	172
1027	215
872	323
471	4
321	112
415	164
1049	57
345	111
410	169
476	198
707	75
2408	53
1302	144
1933	179
5062	16
585	182
173	45
624	72
164	134
2002	24
204	126
923	5
1443	26
1219	70
3004	152
361	98
2190	18
243	522
1012	26
1365	106
3153	16
1444	41
564	90
2624	272
220	17
862	9
1317	66
512	6
2376	377
1087	6
789	105
1253	35
1820	130
298	4
3532	518
1296	1
114	5
371	85
166	70
1071	292
368	307
1868	60
397	405
1638	13
497	77
1607	137
184	3
1692	157
1329	521
175	19
286	140
175	14
960	85
504	19
258	245
1707	28
869	20
81	28
1723	163
2557	20
645	233
520	14
1115	45
189	6
129	349
2637	93
2163	362
1317	11
2360	2
731	1
158	73
950	134
1362	21
224	164
1967	99
986	28
1878	285
803	150
1061	25
2984	72
1842	279
566	26
311	55
2677	15
1019	59
149	471
1861	25
325	5
157	341
317	20
527	60
1340	82
2428	2
312	34
862	16
646	301
3131	237
212	2
117	143
855	444
689	52
505	96
2114	66
1852	74
380	110
831	80
895	57
630	505
2165	107
3538	23
338	91
536	250
694	27
1100	55
1300	2
309	70
186	31
571	5
1728	196
161	97
954	7
524	39
767	126
461	413
146	137
206	118
3655	48
741	87
825	120
624	195
218	47
7264	8
2861	124
1713	121
177	101
98	62
129	138
6119	197
2092	50
1816	23
84	56
2006	114
1117	99
2870	174
842	17
4551	205
1604	8
1529	164
843	89
1493	30
976	31
1565	76
1871	184
2679	2
1466	355
281	26
542	89
2973	84
1588	20
2456	69
1827	294
1325	3
98	59
827	285
1986	247
155	509
1221	112
7331	287
428	28
163	53
3520	38
394	81
1897	36
1678	13
352	32
5246	17
336	146
431	97
3869	51
783	27
595	80
1604	23
1563	4
713	287
1523	93
2649	29
981	26
300	16
998	55
560	71
108	42
361	21
167	85
401	63
1525	34
247	244
247	106
2746	375
590	202
582	1
1557	28
1466	22
339	123
727	25
2552	40
573	40
1292	270
985	23
970	57
346	276
2248	169
907	122
1924	172
347	187
141	39
997	67
1228	80
1309	26
196	71
279	83
1148	3
281	178
2456	253
537	17
2339	207
99	54
1949	51
2400	51
2458	53
407	91
517	59
619	91
61	125
1121	223
89	104
119	84
2020	140
495	21
677	44
326	57
1194	42
418	21
395	66
1383	34
807	52
409	66
2671	49
1734	118
594	3
396	32
156	36
202	79
1227	1
951	19
283	456
1746	80
722	15
147	456
360	46
373	909
1475	60
4294	168
2262	197
434	121
500	14
387	404
746	83
249	10
2449	51
527	256
1110	1
1386	174
651	411
615	205
434	28
1913	119
509	109
73	101
716	18
1274	240
199	94
1057	247
1502	178
187	43
3667	401
1384	8
1781	10
86	30
634	149
115	179
3480	10
189	189
425	129
103	13
822	124
1356	26
3216	28
8065	152
552	8
1141	19
278	26
581	98
166	202
4008	62
5892	31
2005	18
3740	112
731	122
504	2
447	7
1710	5
1878	130
461	194
144	16
724	1
2097	30
1584	55
2701	100
2183	181
75	363
745	212
1026	85
84	162
1459	26
211	313
189	19
640	180
961	20
1548	117
1966	235
1493	109
425	281
289	204
868	211
722	14
68	30
421	140
428	16
796	13
406	8
706	14
1821	92
429	7
416	157
384	31
1665	63
2217	3
321	45
1007	16
727	6
1252	219
1025	128
379	296
1110	107
167	19
1400	8
1121	1
128	41
1912	4
2195	86
122	28
504	20
702	136
622	71
2724	233
658	28
307	78
338	58
1903	76
3285	13
496	14
1164	30
167	11
410	360
562	6
922	30
1637	80
158	69
1201	25
1883	24
81	255
899	25
2247	43
2411	19
72	242
447	177
179	160
832	218
866	134
681	144
728	59
2125	23
474	135
734	110
1909	211
688	127
85	172
1908	10
1469	13
1225	91
1175	99
383	37
995	31
395	83
1969	12
1338	55
481	74
2550	88
913	73
2280	42
816	16
482	136
642	160
2037	106
1596	19
263	39
1828	36
469	53
345	60
856	10
355	63
699	1
1095	96
274	264
265	22
107	34
434	42
1086	76
2016	234
1538	68
751	54
1547	65
1926	90
479	87
766	141
1291	15
792	3
1237	28
2143	158
693	209
2596	18
2215	4
2154	11
443	97
1448	105
1650	94
4016	139
391	369
858	145
3076	117
899	294
2262	89
1064	54
792	105
607	131
120	177
1568	31
1272	61
99	128
764	25
218	38
201	106
210	181
115	6
430	31
2057	79
1486	88
165	24
1593	5
3370	140
166	152
1399	115
1192	122
564	20
2610	178
1559	112
429	77
477	74
1849	3
1007	13
287	255
2130	41
2068	285
2338	1
2694	119
241	132
1123	99
157	58
3102	341
169	312
306	90
106	2
327	63
285	87
979	95
126	84
2961	75
185	157
1600	224
1076	160
1062	197
430	18
1092	6
126	31
523	11
82	92
1880	28
1765	147
742	19
348	268
3031	89
1659	47
1345	21
1232	135
632	190
377	17
328	34
2189	282
232	45
608	90
3374	83
1144	62
2222	6
1483	127
223	21
1469	110
1361	696
1232	116
3637	54
148	145
540	298
228	29
783	682
1564	57
499	2
1491	48
348	49
1813	240
1223	99
440	52
359	141
89	305
2219	87
2628	122
797	43
571	71
1272	108
1502	76
844	47
2355	232
2093	22
1026	16
1019	4
360	324
343	294
2674	62
428	7
321	170
849	26
276	136
1327	67
2190	93
731	155
557	74
2030	51
980	34
647	87
1388	86
584	65
628	54
1437	78
1324	89
554	28
383	60
426	25
1553	127
2355	67
1912	14
854	35
2193	20
1711	7
321	9
1084	36
744	40
3227	84
942	179
288	85
717	132
403	70
862	39
465	152
553	44
643	29
1986	115
428	138
2831	258
1541	50
245	55
106	68
2617	1
1986	12
278	19
873	52
515	236
268	45
292	38
430	1
312	122
692	25
343	150
174	140
3175	129
307	93
263	10
556	103
56	21
1217	140
990	117
444	1
4115	8
989	22
327	56
211	214
290	21
254	125
2912	6
1011	41
612	185
358	113
448	63
3439	29
1338	50
1461	403
3391	175
235	9
2483	56
1649	86
1921	17
919	95
219	7
1008	10
1402	156
1901	212
660	96
1914	65
1604	106
151	21
103	60
1126	75
907	82
230	31
1688	75
1668	26
3688	6
1053	1
5234	169
1647	2
1484	113
621	81
959	30
1144	144
549	27
709	130
273	15
4090	109
451	162
1271	176
177	70
555	22
128	88
486	63
1793	170
2375	40
377	61
302	83
114	57
455	345
699	77
1449	61
296	12
199	201
199	91
284	24
260	122
111	71
1737	5
207	27
864	70
372	156
1479	69
1395	35
308	322
1688	211
1771	94
470	198
2058	57
6920	29
336	9
631	99
1032	34
1527	93
1570	82
455	203
548	66
1804	57
356	120
1124	19
828	88
1488	54
264	141
183	177
1308	100
194	19
200	60
1286	33
5914	38
3484	13
47	10
627	60
2048	136
1814	146
5219	296
491	7
1070	75
1157	56
219	137
3430	143
86	22
488	74
113	110
635	38
256	136
1362	21
138	100
2033	82
248	13
802	22
828	209
216	67
421	42
778	56
616	43
253	65
579	18
180	116
327	9
128	216
132	11
810	68
150	83
237	73
929	143
1264	109
171	73
2844	89
3563	199
124	5
404	263
4729	9
848	51
642	155
609	244
670	47
4493	13
2606	107
680	45
1040	73
570	3
2468	86
567	116
1591	300
497	105
1588	120
90	592
189	562
519	169
1325	36
1420	209
599	251
1020	143
828	209
206	402
2431	20
4107	71
914	116
504	86
507	172
449	374
390	49
188	31
783	122
1633	53
631	65
1170	58
939	129
121	18
973	67
318	118
627	33
544	35
627	21
550	56
2133	75
328	53
1034	121
185	6
2671	200
1088	6
488	43
1110	98
544	76
2124	102
1304	100
2105	126
526	86
1487	150
482	16
99	191
310	108
465	103
1680	194
3539	158
70	88
108	86
642	263
927	80
294	26
865	72
623	88
74	4
4181	127
1469	39
601	48
409	51
921	123
4311	100
1002	5
284	147
201	145
472	32
614	177
1763	24
510	148
50	213
466	16
130	10
632	418
488	184
837	118
411	26
3614	42
1474	4
1304	21
2006	1
948	66
175	43
228	41
556	117
1624	396
1171	37
983	44
965	106
4949	90
676	129
477	74
1103	52
1241	29
2771	48
267	245
1571	158
1112	52
596	426
800	26
304	129
1540	177
227	38
169	65
1115	44
805	22
748	4
462	166
394	116
518	142
484	78
1037	28
62	81
576	25
1590	72
1093	184
958	48
1038	27
1672	92
2161	127
995	2
167	48
3020	142
1740	121
1665	73
1165	8
491	74
168	9
1856	136
112	55
1079	28
212	32
2662	22
623	29
100	286
1037	397
93	126
221	102
1288	25
3597	88
1874	23
374	132
36	61
873	279
320	179
729	145
852	18
2242	113
275	38
730	267
2172	99
726	35
643	173
293	303
1426	59
2353	68
405	137
1530	94
508	348
2221	48
1716	10
767	313
466	76
1356	2
994	11
962	160
1147	16
534	40
2086	33
1730	54
826	10
1442	117
354	2
499	78
499	330
758	19
449	38
773	13
617	28
2824	49
1068	39
695	65
959	75
330	174
867	84
322	114
126	104
1753	13
384	50
847	144
2821	314
209	62
396	57
1223	127
1031	112
975	108
1885	52
1008	119
1655	47
442	162
1307	76
231	198
331	147
262	572
388	51
422	11
1350	22
4294	111
1159	34
3366	170
257	17
1507	7
1005	50
1316	6
98	206
2166	199
1513	16
131	8
329	6
2348	1
291	31
196	21
1513	121
5027	433
3352	113
2827	42
447	232
125	22
1096	38
2218	135
448	13
1166	37
418	25
1182	249
1948	285
119	161
5786	74
726	244
670	73
975	19
2263	61
685	126
946	53
2096	6
1557	171
151	111
2652	119
130	66
1436	63
979	20
281	93
1086	127
342	14
79	169
664	40
749	110
2184	36
1788	89
473	96
430	52
5524	55
1499	69
2781	204
767	267
772	61
320	1
1601	9
532	65
963	122
679	30
907	122
596	104
1512	166
1625	116
1064	20
2953	117
3282	77
1946	40
209	97
381	18
201	116
2434	244
913	254
193	24
3094	33
1269	20
618	7
3358	31
253	40
2385	115
1288	104
850	33
80	75
570	184
566	6
3215	105
956	25
2281	114
312	137
194	24
433	70
460	32
851	13
993	132
667	6
1517	17
138	224
751	528
1653	3
696	164
875	57
139	41
1913	40
1783	19
1305	70
696	17
126	11
188	16
1767	137
1000	1
797	7
441	1
1031	132
1056	562
2032	129
1487	74
234	215
784	235
214	42
836	27
160	164
383	5
2258	27
1609	35
2269	132
2146	173
458	150
652	15
472	152
140	71
551	280
2502	24
1487	15
3062	236
1125	161
582	218
503	36
102	19
256	42
1353	79
760	177
383	394
1282	42
257	53
1453	67
1853	151
217	9
2057	24
2865	216
407	15
976	324
1107	148
1549	450
360	65
644	3
105	51
185	238
728	157
137	29
5667	102
4173	354
202	43
409	49
588	87
885	83
1418	108
1744	161
1262	78
6038	223
2126	14
889	44
235	66
160	13
719	325
1126	280
1088	78
838	2
334	167
506	301
1745	77
2272	150
302	1
303	92
1969	64
1659	12
80	84
1244	45
798	82
565	158
832	73
1081	25
67	44
116	31
1040	61
1770	39
1557	18
3690	156
555	60
189	47
140	130
754	208
91	187
302	73
1281	158
541	27
126	3
4588	99
1988	77
882	70
4804	147
1445	240
869	12
1444	48
235	19
1361	196
461	290
133	103
1023	22
2142	87
1117	5
198	9
583	122
2209	85
873	49
243	180
3678	5
185	15
989	51
304	164
632	36
352	112
1011	53
870	306
106	49
385	452
3871	178
90	433
139	26
2020	270
104	175
2609	28
789	125
1903	145
153	105
97	235
431	110
338	42
2765	4
4207	10
478	205
159	21
350	68
3261	13
153	41
238	89
2063	205
1063	10
352	185
3115	43
516	14
1486	40
680	270
594	131
2727	58
1204	90
1098	44
3029	180
2532	42
2298	154
567	32
1664	87
148	90
286	160
1791	11
110	15
2594	96
256	171
373	318
2931	121
5463	68
688	25
131	2
2647	175
96	11
748	16
2065	20
363	139
714	27
2192	209
243	6
238	107
632	78
2113	64
797	82
4275	5
859	66
741	710
62	30
3288	28
1251	94
596	126
215	3
168	213
635	241
173	67
333	203
5200	26
87	220
224	92
436	131
416	9
267	91
262	32
3065	2
136	131
146	69
702	192
382	11
1033	1
757	232
679	26
378	33
2890	76
1852	106
127	488
7674	486
168	299
63	139
242	82
322	26
1077	1
2752	153
4262	52
409	19
2166	174
758	249
446	31
792	258
46	2
1482	68
319	49
372	131
692	62
1398	43
1574	35
1038	187
928	281
66	152
1757	15
834	28
707	162
894	22
643	3
938	88
468	176
1962	6
1861	42
352	1
1983	69
235	51
846	57
1151	48
1577	239
787	84
931	109
208	48
477	175
1574	159
1750	5
1396	358
2862	20
1193	22
226	65
3091	11
42	25
2177	47
4874	69
251	91
1838	85
1287	5
274	134
214	7
439	80
1631	49
197	16
574	1
3677	95
60	21
575	47
529	109
383	432
444	146
999	16
413	32
514	237
291	78
133	48
394	53
255	72
618	125
273	103
1087	125
241	132
75	63
841	174
403	115
1318	1
2581	13
2400	388
532	11
1148	25
2905	132
667	24
2072	144
636	51
1750	39
1027	66
475	75
356	101
122	85
1510	78
1599	134
991	148
1064	131
3548	6
172	59
666	94
218	77
1747	111
1545	44
44	6
459	406
1246	240
337	54
802	117
909	136
1453	141
2074	126
564	57
306	20
518	149
695	90
555	62
2557	179
628	43
2986	2
260	299
1534	345
4018	18
64	232
1053	1
420	632
1121	73
185	8
1981	21
668	22
791	68
1835	62
80	504
243	69
1120	63
1145	41
2259	223
493	7
2141	254
784	2
1330	31
406	17
258	33
401	14
349	41
2113	229
1006	130
265	17
568	311
174	62
1030	359
1048	90
60	39
641	185
1443	16
1435	101
255	265
98	188
2942	94
301	40
1513	259
1540	303
2275	175
1314	89
1433	298
1013	245
505	16
548	22
2562	19
402	35
113	103
2936	21
750	512
255	46
1982	74
1133	83
156	230
339	226
791	186
4834	65
153	79
275	43
1673	514
1943	29
2458	22
319	95
778	29
1651	186
214	269
152	40
380	53
142	38
1922	169
714	202
983	106
121	70
1733	92
1216	265
1741	63
2097	178
669	114
381	111
272	124
569	23
903	140
60	4
770	20
1034	8
401	109
2569	234
2016	223
1644	129
247	13
1667	31
898	78
897	111
611	118
150	160
604	226
1951	14
332	73
266	41
1538	57
96	318
1244	49
134	3
1628	262
492	200
1816	14
2389	43
330	17
456	32
303	117
1165	43
400	64
1052	45
824	65
609	66
2277	62
242	131
543	93
422	80
1158	230
2121	108
1920	214
365	7
703	168
717	120
624	300
586	70
2506	27
873	35
607	33
888	88
283	52
3043	88
1556	115
650	189
91	51
221	356
1395	167
315	2
581	306
2653	55
1718	321
1245	4
133	36
2603	18
325	369
190	239
882	93
53	3
393	122
1184	55
85	18
1262	4
417	192
1849	348
985	41
1963	144
2001	14
281	208
988	17
1494	79
174	86
412	129
2707	33
1754	40
453	75
1261	52
1159	411
79	166
265	395
1999	69
858	209
425	111
299	144
1503	19
493	40
258	127
825	103
172	112
660	271
1447	46
425	34
392	28
1472	20
544	16
6055	283
252	46
2525	123
235	393
701	185
1221	32
126	72
547	45
1567	562
439	59
1697	6
291	48
408	121
1027	52
1324	15
699	19
281	143
113	1
3815	258
896	78
753	67
167	72
410	3
1495	6
324	40
1028	291
347	231
131	67
524	197
284	119
2586	264
244	255
1989	147
1861	243
2531	6
506	38
903	188
2636	78
244	134
1770	104
1247	73
247	26
2349	111
5236	57
2031	75
2003	11
431	18
867	357
1306	59
1072	24
778	51
853	94
1927	71
245	81
1580	136
2003	68
1010	54
2307	3
2068	24
1278	11
1961	37
2093	27
577	60
194	167
3766	9
1611	141
75	185
421	108
382	187
718	68
1592	28
3775	32
4004	59
1371	330
986	25
760	94
201	180
1417	16
527	30
550	247
338	14
711	192
3176	25
359	15
479	20
2118	106
1729	23
1171	32
986	93
753	60
521	105
302	154
488	56
219	23
1454	40
110	109
736	154
222	4
1473	84
992	147
3875	116
1393	37
1817	28
494	38
1539	255
2206	77
480	42
1758	12
2284	421
371	44
1506	43
985	134
346	47
2187	36
726	178
1342	18
1380	93
1399	47
216	103
729	260
794	297
505	171
85	84
1094	184
100	166
377	73
474	336
813	213
2134	11
1542	67
684	136
898	67
1860	5
1629	64
1284	36
1016	177
204	70
1469	70
1560	48
384	252
2351	20
1119	3
1460	9
416	135
402	354
1177	112
162	4
2362	154
1135	142
562	98
218	87
454	53
2052	89
571	17
137	50
62	61
66	140
838	53
708	40
252	86
2530	89
1035	58
895	110
155	8
602	24
440	26
929	10
277	51
1439	64
204	8
50	265
1795	124
663	155
1210	162
1654	260
463	71
355	93
648	104
221	32
1070	93
958	278
58	144
1789	126
373	237
936	104
283	63
1148	55
1199	9
1153	54
623	177
335	156
302	65
445	151
472	109
305	72
1185	125
130	78
599	29
2166	91
706	50
421	48
1276	260
1780	8
63	194
469	46
361	64
1848	13
2308	101
306	163
64	120
307	96
1563	126
1980	60
2164	125
143	42
1107	88
2210	37
1555	100
615	153
1254	143
4820	22
1503	363
2297	7
328	294
1847	203
4773	32
2480	40
1233	33
307	119
373	28
69	210
245	94
3337	218
167	152
206	38
3529	1
935	4
463	84
345	62
1495	230
489	178
1499	286
1374	54
104	25
564	56
1000	29
677	109
3379	294
1663	30
1426	36
1158	81
3093	46
238	105
1592	253
2706	30
220	72
671	35
725	39
534	59
3125	4
1442	58
1377	289
1842	63
615	34
4806	23
1993	51
171	2
1084	143
229	58
1680	148
1295	54
1590	98
318	39
215	49
1501	31
1320	241
70	71
731	360
503	59
224	20
1237	21
2542	5
1053	92
871	50
1845	37
316	54
1991	13
1754	131
2062	84
639	86
2098	28
651	45
1570	171
1699	25
2231	133
356	48
134	4
791	300
490	77
1020	29
1117	23
162	50
298	6
1192	8
1781	160
1023	372
1817	128
1317	43
514	268
371	20
950	11
2840	59
927	16
402	264
138	108
2094	86
1159	69
2552	155
1003	128
1202	25
461	74
336	111
712	247
2041	186
229	20
280	56
1328	4
149	42
214	242
786	138
3056	25
1500	6
1010	155
555	18
2370	209
2066	259
650	297
2072	31
948	64
1457	282
1247	2
215	5
381	8
416	21
921	213
1185	85
427	92
796	7
2147	22
675	15
1945	13
840	86
465	97
1224	164
2977	14
665	44
476	64
778	64
162	32
3096	6
1125	65
878	22
4922	13
1278	87
310	73
3100	164
115	42
538	32
1274	19
846	576
651	11
680	77
149	75
220	122
140	52
1208	3
86	17
161	99
1907	106
3475	106
708	61
859	176
58	185
502	18
362	9
642	61
250	75
3102	18
155	54
714	1
337	58
694	225
637	72
252	123
2047	102
917	377
1551	18
81	63
533	39
2646	96
364	65
984	12
1243	84
96	43
2422	29
730	40
1909	59
881	107
200	32
3709	65
2294	219
1175	73
2942	29
341	70
828	67
105	3
1292	141
323	46
148	54
861	154
327	134
381	191
175	228
808	15
2469	230
527	16
1206	139
160	191
638	87
272	33
2178	135
965	127
1457	107
183	151
1552	15
1071	17
3242	3
381	85
140	50
605	122
1663	16
1598	16
1728	7
2307	208
358	115
89	134
96	81
866	23
828	135
1501	114
226	205
308	140
863	83
86	8
1853	87
2548	8
4055	34
743	291
765	283
2183	260
694	165
4680	49
2342	86
583	28
968	3
1939	47
1884	151
392	39
177	6
281	95
982	40
369	34
236	65
1155	122
246	12
95	93
1720	33
101	70
817	48
250	11
509	165
506	468
1731	52
153	4
354	32
726	75
127	39
127	211
1965	33
866	127
395	83
1736	68
645	86
1328	66
763	546
405	49
1281	108
395	75
57	151
2770	206
670	30
328	33
2221	58
359	325
1372	7
216	23
131	99
220	11
43	133
1003	101
1266	132
1611	123
2392	117
1216	70
1920	53
339	144
268	188
1390	34
50	48
644	12
838	63
1580	107
325	8
343	1
1408	19
1083	6
2182	65
489	37
486	13
1576	25
186	27
679	69
515	3
291	391
308	16
907	64
3667	80
3007	157
220	137
636	112
573	12
154	14
603	56
342	40
881	50
735	112
3204	111
225	426
439	486
1029	53
363	110
1431	99
2739	192
687	184
2605	369
5781	237
1589	162
803	17
1182	102
1595	86
894	65
1413	57
258	36
1796	35
3831	39
5125	20
1042	31
743	159
1561	98
961	44
1264	16
708	44
1409	2
984	53
153	13
1170	42
460	161
2765	75
2435	132
982	9
938	163
1090	67
793	69
595	82
628	155
686	95
420	133
2328	36
1240	100
972	31
99	45
1389	483
1188	119
2361	198
490	93
958	50
965	95
432	31
339	27
655	140
4457	41
151	57
1394	17
32	21
1969	54
132	40
358	113
1574	2
2827	115
2171	108
1906	10
79	14
3003	195
4307	146
1326	6
1332	18
126	105
2658	195
1794	139
669	133
205	150
2820	2
602	6
1490	36
187	116
1815	79
588	39
1006	16
4290	34
133	20
1292	7
565	94
101	61
436	7
1023	20
1859	135
1405	310
2650	7
424	65
784	7
416	17
1065	14
2904	377
3019	427
449	96
1253	85
446	135
1729	309
1181	217
1131	160
291	21
442	52
131	146
367	97
736	307
2520	172
1489	43
3079	22
211	43
2121	33
147	131
5515	73
1123	24
845	76
430	103
604	56
872	194
2683	45
107	16
66	21
463	28
1053	92
1111	169
773	209
907	3
120	83
874	179
2272	20
680	25
1337	18
1349	90
1330	11
434	41
2103	27
782	107
98	156
2216	18
1615	69
2108	54
53	139
916	201
733	236
171	39
506	25
209	20
2316	55
1488	22
100	127
405	42
439	31
717	43
767	17
1298	3
977	38
1418	20
827	6
1443	135
104	119
2310	614
1154	1
151	170
177	111
3263	108
775	37
2728	519
2509	237
409	91
3853	6
175	72
1843	55
1553	45
703	65
275	110
1501	62
2397	149
392	239
1930	71
1311	139
833	91
655	58
837	101
119	199
682	61
1018	81
428	31
1487	16
655	73
260	28
128	277
911	6
1466	31
258	37
911	89
192	14
371	268
452	237
126	340
497	282
2475	15
1799	15
153	25
1691	29
543	23
1008	77
208	462
359	3
2704	108
1405	46
263	38
2694	95
283	88
1356	40
1348	54
910	155
483	9
474	100
269	162
1265	33
975	45
4017	92
204	7
945	75
3402	204
519	65
1195	60
942	34
173	500
1821	15
1075	93
607	117
2623	191
2199	177
1155	106
1942	30
677	4
2563	4
1305	12
93	102
1810	105
595	50
3797	184
120	34
921	2
1242	272
324	79
401	127
427	115
1525	314
2208	180
76	345
1212	41
1070	8
576	36
1665	11
1001	214
145	20
1581	250
150	208
239	212
703	3
131	97
154	98
1135	50
378	128
3318	115
560	113
938	83
661	91
1407	137
1807	128
1636	471
615	135
1229	2
2144	226
1703	17
71	243
868	107
366	4
2016	135
989	4
1717	14
766	197
1479	84
403	155
374	11
963	10
1900	328
218	37
307	11
1776	6
1726	45
1817	115
1653	178
970	19
832	44
1041	23
347	39
1523	7
1516	31
231	55
449	36
2531	181
872	10
207	186
648	86
1982	6
2962	263
1127	84
688	110
129	40
1296	2
4905	189
2085	10
217	277
1130	359
2464	126
1036	81
2649	61
714	6
1735	209
1930	93
261	53
3185	12
126	13
384	48
753	128
319	256
759	40
1821	78
423	56
2511	93
384	32
234	36
476	48
460	85
333	139
4861	208
2002	49
194	28
1348	9
1092	169
127	11
264	146
798	189
212	98
338	14
543	88
396	20
1301	77
1832	203
2471	122
1016	13
118	59
717	66
1252	69
3161	40
3078	19
724	86
2247	32
641	241
407	68
902	49
1756	32
1138	68
823	15
1038	63
741	69
321	25
110	54
214	114
302	90
104	22
495	15
753	90
1034	548
2194	109
919	2
920	125
1347	26
2978	25
714	87
1424	1
713	17
400	76
936	77
127	37
199	68
983	76
203	238
2752	86
2831	35
160	23
1602	36
894	51
3184	2
1150	84
542	187
180	138
632	215
885	121
1745	2
140	100
112	54
1280	264
272	119
84	238
4876	12
236	287
1740	94
2829	1
2539	22
3468	58
933	52
517	62
94	73
1087	9
576	50
191	233
783	43
1331	131
350	66
3337	261
532	76
757	34
541	70
440	106
1096	1
1597	104
1769	93
320	89
2068	16
260	276
514	119
2858	190
3049	116
1026	87
1404	75
129	28
1154	6
215	5
1144	4
1357	151
282	51
316	192
2700	139
550	184
361	303
490	21
1053	120
2446	212
318	262
2105	100
1053	70
79	112
336	66
1167	35
1770	21
1326	118
5199	27
470	95
852	306
2515	22
1197	4
264	60
177	65
370	30
703	62
2813	14
508	65
221	74
805	51
308	235
572	58
663	20
232	7
973	60
907	47
84	103
722	2
398	105
273	129
2054	28
347	42
1081	160
1099	47
996	12
1095	9
290	7
1068	95
1208	6
724	27
1475	128
943	33
1282	36
299	8
1096	59
416	204
1998	54
159	5
1779	11
139	11
719	61
933	168
566	13
1102	82
397	73
3407	19
1230	150
912	98
1366	9
223	88
133	152
774	213
1621	143
861	44
764	99
487	30
2808	64
711	277
1563	103
3080	91
525	30
2761	19
1456	347
1783	152
1191	13
924	22
699	59
1315	3
390	80
2511	75
598	197
1774	143
166	74
64	10
420	18
381	203
738	99
868	43
873	31
1001	31
1649	1
714	153
633	14
4441	62
353	122
1397	250
236	145
3493	198
482	39
2640	9
1697	120
422	38
772	19
2426	83
860	58
1074	139
117	9
251	22
256	293
1325	65
2241	329
1114	2
1335	152
1566	10
975	78
110	8
1631	173
1668	118
263	3
102	86
310	87
508	123
448	19
1069	33
867	69
822	41
759	57
277	38
1095	180
1233	23
428	160
1668	34
945	289
626	2
528	218
157	2
322	190
823	48
2141	16
1768	90
2321	50
773	98
1686	70
4430	106
2840	1
87	40
1026	41
2736	82
840	5
638	8
102	11
350	75
82	1
832	20
947	55
446	148
69	425
3028	48
3268	173
193	137
1019	157
610	36
199	104
371	176
1559	21
802	52
1940	33
153	108
92	51
80	113
4518	34
669	32
1361	72
213	221
492	3
604	101
954	29
545	386
859	161
3324	44
1101	230
1013	80
1009	36
294	53
898	3
612	25
3200	18
866	174
264	230
763	48
811	480
188	28
2014	266
1690	66
218	166
311	2
1095	103
643	317
1073	33
100	47
3061	9
99	54
260	55
896	16
1188	217
158	45
739	42
127	65
695	57
808	113
1288	71
104	255
320	214
481	233
220	96
129	5
379	87
955	35
329	54
1218	42
576	431
438	266
1150	126
1568	29
4950	346
1420	160
153	25
763	62
268	43
622	185
2010	30
89	62
275	192
1857	70
450	130
1887	14
563	27
4083	30
2569	105
1238	35
4392	72
2305	3
1393	54
2644	99
914	98
978	52
597	57
1402	24
2026	29
199	22
279	20
1132	6
533	75
1297	147
284	221
1267	22
515	80
2032	217
426	20
238	99
108	313
393	156
461	295
307	349
1009	81
1250	31
1299	77
1445	83
77	51
669	228
553	26
2314	215
1087	149
137	34
879	117
1130	133
109	67
1116	3
2730	4
331	302
1386	136
1693	308
947	50
993	15
888	191
1349	19
630	4
1403	107
826	5
716	25
366	35
1722	64
290	24
184	23
2781	71
307	75
1130	421
754	286
265	18
227	159
1209	224
1743	101
1776	266
1071	56
412	14
487	189
1273	79
1167	30
2102	21
1268	108
242	9
262	334
1916	122
1246	48
188	39
104	197
121	359
1409	2
2509	7
1185	159
1069	165
794	60
462	21
1058	367
134	81
181	34
66	11
593	233
644	65
123	52
76	56
251	96
547	34
202	81
542	50
3464	316
1508	171
128	13
3180	56
904	38
1430	22
1656	36
304	40
695	138
858	155
215	10
835	23
502	53
290	107
486	181
340	61
342	190
488	354
773	101
848	39
3806	65
939	50
670	6
520	95
1850	26
3652	7
865	93
240	127
559	260
210	218
919	46
3041	316
341	35
1946	15
1860	347
72	227
388	35
2074	152
174	2
5458	42
549	4
200	3
348	112
1666	66
249	1
153	95
160	90
506	85
873	312
1680	79
1046	78
262	59
556	2
552	95
234	10
427	53
580	60
820	13
381	111
1806	32
2297	91
2047	71
664	73
2375	271
1071	30
230	5
330	95
304	70
652	23
219	171
921	119
434	38
1409	351
1056	31
516	36
206	277
1636	121
1140	145
3025	64
1784	10
699	74
427	107
226	17
698	211
1449	27
164	8
219	82
646	3
2640	189
297	20
154	76
333	239
2001	18
265	305
3157	20
1022	121
320	81
897	77
1993	69
1745	18
398	183
84	51
1656	107
1148	59
545	39
438	135
616	20
1155	48
110	308
1369	9
857	46
2533	143
267	135
3151	119
878	69
1121	128
2787	45
340	269
1509	31
1549	295
259	361
758	13
383	88
588	32
243	147
182	49
1582	33
422	89
1601	152
31	40
490	202
1305	77
1716	33
1363	33
73	94
177	12
2000	67
144	177
1626	31
149	7
1744	20
2044	249
205	35
1359	115
820	100
1686	245
736	136
552	5
362	5
526	47
106	12
3108	7
1375	362
3930	204
648	125
3804	82
663	60
1335	21
1972	297
543	109
930	272
677	84
301	264
636	235
515	57
718	75
1573	77
402	25
1380	68
409	111
620	45
1239	7
1912	37
771	283
339	118
424	162
2309	32
916	28
1662	56
158	29
1307	92
4514	20
590	108
163	239
109	298
908	67
1316	272
510	235
1802	26
487	111
1084	36
600	19
776	319
250	27
3289	8
910	90
264	40
1241	83
159	84
1371	268
279	137
531	286
848	95
190	39
2475	24
743	11
480	134
2689	62
280	20
1364	545
1921	194
196	212
1082	112
1237	56
332	84
1171	213
172	154
864	171
518	2
242	31
4215	88
838	180
401	47
58	123
1863	152
746	46
828	160
74	7
237	211
318	31
2745	710
51	97
769	8
675	24
531	3
537	98
354	148
1764	70
707	267
1160	191
295	179
5110	17
157	8
4695	118
2390	134
2544	143
3303	68
224	218
935	32
1050	62
470	66
2333	701
970	73
60	111
781	184
3070	188
878	127
638	178
779	71
390	19
1042	322
342	1
253	92
1166	1
1614	356
267	84
678	248
1313	296
876	13
1202	130
1073	259
981	92
961	1
276	140
3149	172
2228	61
369	96
499	28
78	263
2543	23
652	84
1063	275
928	20
2039	35
1118	61
1592	32
1329	57
293	8
2379	117
372	196
2430	163
710	35
158	169
307	418
4848	49
251	20
2540	99
510	57
3258	92
1944	392
917	153
391	62
3942	125
1722	184
2489	30
1018	30
574	70
1594	33
593	177
1823	44
268	136
163	111
875	100
1370	122
920	129
1605	8
1597	79
1192	9
324	34
1136	127
340	158
1681	44
494	106
538	177
713	44
1374	332
1549	87
494	10
821	52
1869	122
420	20
991	44
987	144
1001	13
606	41
1648	17
1140	24
1029	41
946	366
771	135
1457	155
159	4
613	50
3598	156
3363	23
786	70
1306	54
494	61
1806	280
921	163
147	42
602	43
654	192
235	103
53	31
496	6
484	157
419	100
3436	54
1637	6
165	126
99	77
1313	30
1321	33
246	19
2160	135
962	69
914	73
538	80
2190	35
5180	44
1964	215
1173	132
67	3
153	396
1165	75
4649	88
379	8
785	152
1002	121
875	15
2182	31
1009	312
1091	7
471	212
852	10
269	89
1399	231
1418	388
1493	9
1652	16
521	22
1749	87
160	164
3694	53
938	7
596	113
1278	271
556	106
58	54
532	83
1860	50
693	197
364	73
407	30
2165	30
182	70
3918	54
1432	110
3460	224
1937	81
1679	9
2046	86
869	82
426	223
367	107
768	296
327	103
269	36
215	11
655	81
6344	118
65	56
1299	176
246	87
145	509
157	128
2219	280
1567	76
679	155
417	125
1183	13
356	88
1326	211
171	25
4978	10
225	118
315	9
1470	57
160	23
364	229
1202	212
259	6
83	63
634	42
176	101
302	205
781	139
196	44
102	59
267	46
1696	106
340	217
450	47
153	43
656	75
139	59
1405	165
599	90
549	176
879	64
3396	195
688	27
1375	42
2183	74
912	68
243	114
5357	91
1274	42
758	204
377	33
2017	181
941	82
2034	18
631	49
357	149
1356	77
315	38
695	372
1542	197
1268	243
298	131
420	87
989	77
545	174
113	71
335	122
1242	117
1041	80
264	51
1451	289
2892	21
284	73
2708	373
545	18
1311	61
941	49
549	1
79	196
2468	241
2286	121
2702	94
404	31
202	84
1398	104
1188	633
626	63
511	41
460	7
2386	15
1532	8
1957	18
167	53
1287	396
2254	112
1439	574
85	15
1695	46
610	20
137	257
924	3
1941	4
3814	94
306	9
203	265
404	5
3783	127
1492	4
347	182
611	229
522	30
1453	11
3062	19
313	22
2167	37
2109	118
1428	36
1068	15
443	91
392	65
1010	213
770	17
783	66
749	228
195	59
122	11
884	11
447	12
1702	324
1252	61
1625	80
1485	59
363	113
1283	114
2386	339
2660	43
1032	53
95	150
246	55
400	47
590	109
2355	24
761	231
172	366
901	116
320	4
834	88
501	23
696	6
94	24
1718	22
641	110
619	110
251	82
1606	74
509	37
2284	18
807	58
4853	52
780	15
645	13
1200	93
2705	35
426	68
154	75
238	110
1272	2
586	61
222	7
1359	80
1643	7
245	263
3769	40
1737	153
801	239
397	17
990	43
329	39
72	200
4416	173
788	104
754	17
172	65
788	93
214	219
1536	78
1129	7
2436	259
744	112
951	65
4343	14
1742	24
1084	238
435	106
187	214
1090	39
1680	50
265	15
219	134
3058	71
303	166
2997	92
830	9
518	249
220	40
1158	167
232	1
2043	440
148	14
1607	8
547	215
959	105
746	54
643	66
944	36
359	41
877	383
771	45
80	51
567	7
4041	129
893	35
2212	14
1759	16
489	191
248	131
1318	142
2815	26
1427	35
672	1
357	18
116	137
521	231
437	62
492	10
1968	1
1000	93
2317	86
725	5
431	52
154	29
90	169
2039	169
1317	78
1118	115
135	44
1515	6
2035	26
2437	51
4440	70
511	168
534	129
1784	178
1250	8
379	30
2807	46
1249	19
354	219
808	136
467	24
283	53
2461	163
780	176
1441	193
3780	51
993	438
1264	69
1043	233
742	94
634	47
675	223
843	276
241	13
272	9
1426	5
870	2
4538	44
735	24
1240	19
1767	41
1214	45
210	176
499	102
735	72
490	24
276	189
123	288
345	242
624	56
1550	25
3806	98
1540	183
496	9
845	152
191	135
1004	38
2876	13
210	248
1440	10
2328	57
649	161
621	28
164	23
1818	194
856	41
296	19
1336	75
143	135
1034	88
288	52
790	6
1516	37
819	221
993	51
424	69
1893	119
2536	200
185	73
1809	275
103	46
265	159
943	90
2611	38
2917	131
653	423
598	55
343	153
858	148
2781	196
1140	15
2173	42
48	350
215	70
296	140
1612	154
62	622
119	76
627	136
115	152
493	263
264	174
661	4
625	117
189	49
538	298
189	336
1364	90
146	33
240	54
790	8
725	28
1989	214
504	80
528	22
413	129
1412	12
698	80
349	150
194	71
1573	118
129	16
1673	25
426	19
1108	22
818	59
1072	36
288	141
528	84
714	71
709	22
1922	49
967	106
3305	69
709	169
121	47
557	31
739	6
136	48
380	273
159	165
2703	1
2218	119
71	8
409	55
174	27
2220	17
722	110
2378	121
310	79
3046	159
1793	132
938	70
620	1
1139	204
2080	78
241	9
291	15
366	171
1495	308
4272	19
180	163
1383	123
779	103
486	97
3001	24
366	237
844	129
389	56
267	11
3580	134
823	244
223	167
377	82
96	34
1050	311
113	360
173	1
407	23
2426	35
344	272
981	90
407	34
282	6
393	116
121	158
294	1
1392	85
214	49
701	114
2229	81
310	64
100	185
589	81
1342	31
692	29
302	13
605	11
1903	41
541	92
2000	126
293	75
539	78
226	29
602	62
2232	126
1908	18
2903	78
913	90
2203	2
257	128
1557	355
915	72
1055	30
973	3
129	1
1930	83
189	462
210	169
1492	103
530	229
236	101
89	27
1713	109
1266	82
1470	4
737	34
734	146
1094	6
1738	4
166	43
849	4
348	2
565	12
203	139
440	48
1358	83
674	103
795	46
1170	50
2289	93
496	35
2866	399
1713	81
112	27
292	72
1168	31
88	43
387	216
181	28
1655	97
543	15
216	13
870	53
295	50
613	5
319	358
2092	21
2905	119
1651	142
471	76
1147	29
1326	98
204	257
853	153
190	93
1878	43
190	153
465	72
3255	37
84	36
1417	32
3809	22
412	37
1375	12
2992	577
938	118
321	9
815	75
434	28
1172	127
366	60
2190	74
221	26
319	159
81	73
1696	49
2345	35
5229	3
1395	100
539	81
1391	108
1053	144
1427	231
1141	324
1604	255
330	119
2321	29
669	16
2931	29
5160	169
169	27
279	86
416	283
637	105
502	21
346	128
574	23
1108	115
64	124
386	108
1566	122
2939	54
701	171
249	11
418	188
959	27
2340	71
1400	50
784	114
207	119
176	148
757	110
971	184
759	179
476	93
724	299
272	213
1153	173
963	148
1182	6
223	281
2718	10
642	29
2610	60
387	7
97	24
4334	4
883	49
792	107
985	19
428	76
1270	25
943	269
414	142
318	67
211	99
180	130
1309	50
1776	95
1459	107
325	389
80	67
3126	101
1388	17
2642	52
351	46
1089	2
1531	91
244	27
277	2
2866	21
1653	5
96	280
538	5
218	22
907	89
779	52
75	93
130	185
700	174
684	21
154	239
1124	123
1941	85
405	111
1238	87
896	129
806	73
2316	71
179	220
318	5
402	206
1326	19
354	165
2528	145
769	85
3701	89
1759	39
1577	38
1069	95
573	120
937	167
1918	96
1750	116
1502	140
376	61
1533	34
966	42
3274	95
667	76
313	86
378	38
1065	60
230	30
495	48
2284	350
871	195
3084	85
833	27
3205	477
1102	222
461	184
173	18
648	1
2821	153
623	150
1155	18
638	35
1653	68
618	229
1503	116
177	65
85	275
464	196
792	150
659	140
2508	8
445	41
892	2
1207	65
1510	300
3632	151
2578	118
1622	38
662	29
1836	94
1787	143
1168	189
1522	52
1146	38
586	173
1907	8
1335	29
519	103
230	18
3508	1
296	64
108	2
347	70
410	366
658	15
5355	121
683	54
2284	20
994	142
1493	32
1357	359
564	54
402	123
444	130
780	13
3047	80
864	84
557	128
1388	38
42	66
1564	93
602	13
2141	54
184	45
1566	7
1089	21
908	248
2013	14
1064	131
1498	14
238	10
1370	232
1481	35
121	29
691	16
1574	48
703	142
646	68
826	75
1435	156
650	52
753	23
573	17
451	13
1320	34
881	2
2235	159
418	228
987	1
107	203
521	1
1073	84
2147	175
389	51
861	23
888	125
1891	5
772	42
117	281
362	200
320	206
413	88
450	349
1228	423
1959	105
2033	53
6338	39
723	34
1306	58
2017	108
656	148
1281	110
3348	27
78	140
468	17
326	77
1069	132
913	12
109	82
432	127
498	46
288	113
1049	20
925	79
1006	43
2367	240
547	35
1271	283
1521	7
68	35
1353	96
201	10
140	137
294	35
1102	118
577	59
2260	106
1843	3
58	99
883	100
1020	55
717	363
1228	277
1399	68
1360	118
3733	113
616	23
2040	34
807	27
466	348
980	22
1613	33
1281	25
510	132
210	310
191	67
264	19
388	272
2241	58
581	214
196	303
906	13
874	118
3263	73
1771	1
1323	51
205	60
539	25
76	53
2082	30
372	187
825	5
531	58
558	35
3073	65
335	39
849	32
2187	64
758	27
1739	264
671	134
1090	24
394	23
437	252
225	136
574	11
833	45
1630	112
2382	185
259	6
1353	114
197	161
139	74
581	113
1213	21
633	6
758	136
519	8
3975	310
267	44
760	105
325	61
243	22
114	160
880	98
994	54
2157	23
4079	132
883	13
250	186
1287	37
339	122
619	102
1137	227
1095	76
775	260
406	31
4453	114
2156	99
721	12
762	168
1204	27
893	89
3016	25
2295	82
1392	316
536	120
2672	27
168	499
1173	110
534	160
2758	16
994	23
1427	433
901	317
544	82
1531	91
59	216
2451	348
1342	34
622	29
463	217
1839	235
1209	16
841	127
3446	1
356	248
662	188
450	2
707	28
3405	262
1585	278
982	7
1782	40
2324	129
280	53
129	30
1061	111
294	53
397	58
1113	62
2382	22
1001	10
281	8
1168	16
2221	43
616	46
104	2
79	18
2054	81
1390	10
1347	102
1430	212
1766	21
1443	1
858	141
120	236
2856	59
540	49
154	33
190	214
2217	66
88	207
763	83
2233	36
1204	46
314	19
243	108
267	76
208	42
425	57
1225	174
195	73
1016	135
252	127
376	34
133	123
190	184
1294	31
783	111
415	37
1688	81
1290	50
1186	236
577	54
390	38
810	91
678	31
364	73
2719	452
202	275
799	33
962	46
1217	85
257	79
396	46
273	287
115	3
3377	194
1537	174
592	235
1798	69
1226	103
900	74
737	45
334	6
2092	21
2232	6
138	9
284	25
497	258
63	86
65	22
178	108
311	13
702	285
1133	4
3024	58
311	151
712	49
856	83
2764	1
253	113
78	77
192	67
219	198
804	126
1524	44
2791	290
564	98
893	9
1265	156
1134	23
309	32
740	65
3897	68
1385	36
1664	224
658	298
1281	114
797	18
2323	3
98	9
1462	82
803	5
1620	32
2524	19
312	182
962	110
1841	31
349	18
803	33
1162	33
321	131
1161	38
2249	96
94	108
739	2
514	46
1321	24
817	97
880	177
110	149
254	31
1328	104
1906	82
1694	73
102	6
529	89
1206	174
1462	232
1677	17
2968	60
1976	81
2065	607
468	111
2398	36
1811	40
148	38
1447	167
670	247
549	111
816	6
300	54
2297	14
498	44
182	119
779	23
475	10
966	137
58	162
5483	24
668	40
355	283
58	289
2858	198
345	25
2691	4
490	120
957	239
513	308
1985	132
800	33
156	219
1188	204
362	146
1364	10
947	202
507	147
91	199
268	65
2149	170
542	331
202	238
234	4
1590	34
3435	9
5928	12
810	255
213	108
711	172
3264	208
282	135
376	43
282	186
3576	12
734	50
324	8
208	130
231	147
967	457
1173	187
412	465
244	138
434	101
172	109
1457	40
2193	357
918	13
331	112
1165	110
185	179
1594	100
1632	127
539	321
1310	182
262	5
3013	275
1907	47
1684	11
621	235
148	132
1411	19
2537	122
533	46
931	518
2082	45
2904	147
263	46
1851	329
997	69
348	171
5984	8
662	90
1793	65
408	27
275	116
2251	11
1161	24
315	5
1034	138
1196	377
425	97
435	206
191	31
789	6
279	230
101	29
2102	303
179	388
804	80
1204	40
2443	87
2427	172
177	139
753	97
105	66
625	23
1009	5
619	18
762	58
328	98
84	19
907	137
368	10
580	89
2594	110
996	239
328	64
3923	10
473	45
219	249
1792	140
342	119
3622	61
2043	134
1787	11
2145	168
507	62
978	51
819	25
2434	70
726	175
137	121
14133	141
388	76
1329	265
548	54
1060	114
747	52
1126	197
1463	241
186	224
3030	19
1149	228
835	58
1917	35
38	34
1470	280
1037	27
283	18
1412	36
1640	18
1245	109
570	14
1002	192
415	114
274	139
3243	186
724	23
282	20
1665	120
460	59
1608	45
491	18
610	241
712	88
561	220
287	94
3046	265
39	136
814	46
2690	64
2167	13
420	19
120	51
1289	93
3692	151
304	57
703	109
1798	40
824	163
538	200
899	183
1892	36
3609	22
939	167
2065	61
404	411
43	5
74	163
159	79
1038	51
2552	24
573	336
164	8
2159	44
2904	140
137	63
3552	11
333	195
562	59
2246	18
56	3
892	31
2014	402
797	8
353	265
687	11
1139	214
461	96
88	213
359	64
1545	9
690	19
100	68
613	669
774	62
1420	81
1001	115
83	28
1007	355
132	71
110	124
205	108
936	368
353	58
69	34
1051	207
847	162
405	73
59	45
211	14
2652	89
139	128
138	55
531	106
120	2
612	45
422	220
2321	130
1209	79
5291	118
2054	45
1764	57
277	16
649	335
1776	285
1632	84
1670	213
1771	103
715	52
215	117
738	129
1589	31
177	16
223	12
342	3
690	113
542	89
2270	42
1121	28
954	43
772	118
2334	25
401	118
1046	16
110	225
978	139
375	253
461	67
933	101
845	401
390	30
2266	39
902	41
343	63
929	354
1073	335
802	5
470	214
425	113
387	45
392	50
1191	119
2580	102
180	89
1723	69
616	259
2330	100
290	60
409	26
1865	19
733	55
1759	12
1022	169
454	81
224	12
2153	56
429	12
383	94
668	62
254	2
49	26
63	1
161	19
1264	207
106	209
737	234
343	21
1425	86
819	73
292	307
1042	33
967	24
1738	32
374	189
4245	37
76	100
1245	129
522	88
398	58
1706	190
167	222
1049	180
1407	32
69	42
1769	130
342	126
1087	63
212	32
152	30
412	24
1214	34
268	310
512	561
125	110
412	104
1323	78
1224	127
2156	24
551	152
378	60
4899	39
718	209
256	74
850	8
1090	1
424	131
694	80
123	88
2885	155
601	249
1638	74
1265	275
984	99
1536	140
4042	57
665	3
127	50
1020	13
263	140
670	74
459	37
372	43
402	62
201	7
2056	57
1763	58
762	198
318	62
1306	21
127	99
444	10
992	28
157	78
1128	72
2373	1
424	131
1117	10
3229	57
2307	244
1438	49
2080	83
69	13
3811	9
227	205
1766	11
841	172
971	168
986	25
763	7
1439	30
2574	121
2677	522
330	120
1761	88
1019	30
1705	4
412	120
474	50
191	129
580	202
2876	133
2623	112
1588	19
82	120
190	16
2406	114
2711	138
614	116
186	21
340	27
920	124
1226	84
250	75
118	306
346	149
1318	37
334	36
3552	7
220	93
3146	63
110	108
1892	67
1592	26
505	61
2189	39
640	64
65	58
883	147
447	53
629	291
1829	21
2660	197
769	253
1664	124
1923	81
3071	146
951	309
1052	70
416	16
176	20
211	41
1868	37
685	146
964	99
111	150
1741	219
1540	123
1333	3
1010	137
2061	5
189	65
468	143
253	57
2106	34
938	284
519	7
382	257
587	202
3026	148
339	34
1986	15
497	128
572	139
2866	168
643	67
143	76
591	160
3236	127
1426	112
2194	448
316	35
914	116
5067	8
673	3
1724	65
177	24
998	15
2214	2
1427	25
2499	101
1152	109
310	54
762	222
434	95
2276	37
189	25
972	171
384	19
1455	13
382	90
1146	45
363	26
189	149
676	56
258	3
2251	336
3417	64
2024	16
521	8
494	7
1196	32
791	99
164	50
1120	62
143	75
806	25
734	113
309	4
1275	67
1124	4
1393	124
648	171
135	170
3500	82
501	199
267	141
264	204
1569	149
2300	16
1336	109
607	61
675	22
3388	103
1384	48
336	90
2558	96
919	194
1229	111
260	33
226	175
398	26
252	19
956	65
65	105
1990	49
5655	15
2137	39
340	383
404	9
722	137
511	112
298	213
104	21
53	33
2760	45
250	42
545	72
870	15
719	213
718	54
1307	129
2021	32
827	68
692	42
1038	153
2151	301
845	9
4939	27
139	127
3368	281
247	65
310	9
1310	6
3339	25
367	23
290	16
473	40
417	10
727	107
1550	196
2409	36
587	106
742	262
320	135
280	4
1162	38
624	90
950	7
743	165
1562	63
1493	7
85	30
371	36
361	32
593	77
462	11
676	72
450	243
1086	67
1487	21
1222	111
193	34
824	31
1888	68
2145	333
658	188
189	141
259	205
5306	179
321	68
789	206
1477	106
199	99
727	100
497	147
740	31
431	87
539	29
516	71
4356	3
590	4
2094	54
400	153
1103	26
3658	91
1911	54
285	168
305	86
834	8
961	21
53	71
378	5
368	91
822	120
284	8
817	15
2228	75
287	42
864	33
703	344
278	214
1149	5
268	24
705	144
266	15
395	142
51	77
167	103
65	3
2147	5
1924	35
756	12
230	159
658	38
4304	269
179	2
461	35
523	4
149	6
2293	526
891	140
968	11
349	51
78	104
727	104
1339	488
1664	323
129	34
1929	49
1590	136
413	6
2023	95
136	303
517	194
1796	24
94	30
483	30
2728	103
1101	110
2248	75
1254	259
1775	160
1161	286
470	12
294	152
188	72
2098	14
954	101
922	159
2397	89
1003	34
1759	263
3334	220
2631	153
310	138
1463	358
528	5
189	26
524	74
1294	107
312	4
125	6
611	103
1353	129
238	5
169	7
680	228
2845	5
1360	26
672	31
1281	98
1350	169
697	28
371	40
1739	17
5844	180
348	82
818	35
1250	452
3526	45
806	22
3907	153
173	82
344	157
152	29
304	58
522	6
1390	70
489	55
531	73
53	18
2335	259
252	32
625	225
345	22
1046	131
1625	185
816	207
929	112
44	15
1616	39
46	67
299	91
2046	41
1484	65
1602	226
300	22
692	10
1731	7
1321	5
90	145
185	66
1243	227
645	356
322	157
1296	49
1111	28
1967	97
131	5
1177	209
276	4
411	146
1680	8
1103	5
3656	38
1014	41
2156	50
2289	319
613	3
1797	3
1151	28
1578	157
182	55
695	22
988	3
2145	13
221	176
589	120
1301	10
193	46
2829	49
438	38
1866	291
238	5
1310	124
505	20
200	21
1227	18
2261	31
266	35
3464	27
65	467
174	97
1291	160
2503	25
3224	32
1945	108
868	210
478	35
239	214
871	73
1258	254
511	194
3179	67
358	5
470	73
1136	284
178	2
378	50
1100	342
156	51
353	61
1385	94
998	76
1255	109
573	60
78	6
388	21
678	290
1272	111
1750	28
1928	302
203	189
817	188
420	74
591	45
990	72
157	135
1287	63
3227	117
163	173
209	22
1583	140
275	67
114	98
244	109
573	86
350	240
676	21
2112	55
3177	123
96	42
637	72
724	18
1279	26
381	2
969	18
104	39
200	101
2457	60
1178	120
2045	62
1387	125
1021	37
1999	29
898	10
1453	75
1552	43
499	151
1257	24
200	73
1403	75
493	6
693	98
1328	82
1338	293
451	36
1424	16
380	19
1162	81
435	77
1798	28
171	87
601	51
4901	93
2908	322
1578	83
482	8
487	78
2952	218
1089	32
1093	76
1201	19
697	96
702	8
1629	92
182	15
1747	22
598	53
1441	58
1580	359
149	67
633	62
1100	84
1537	261
1301	37
892	91
1345	13
1125	49
1057	110
2903	74
1038	127
1847	7
1070	117
456	140
360	291
2256	33
2638	294
5659	6
480	147
1151	101
189	41
173	282
542	13
375	144
705	88
710	139
1373	416
992	159
1994	203
130	29
236	171
2439	49
1390	2
1279	188
1078	15
576	63
903	531
1001	318
1715	309
200	57
1177	302
1442	88
582	173
383	64
797	9
46	8
390	108
2916	37
502	24
186	114
1622	16
1341	52
599	62
381	92
1096	52
150	80
126	244
649	22
299	4
578	84
2860	26
1672	50
514	373
102	2
957	62
202	133
1200	375
1003	96
904	53
2193	15
628	161
888	10
184	55
896	169
116	327
1052	24
171	145
515	60
515	86
411	26
1059	141
39	53
2111	38
262	11
76	582
872	3
129	65
782	30
309	24
106	38
605	34
1080	162
513	50
224	48
372	65
1264	216
92	117
353	114
934	51
533	299
2121	84
1454	25
1185	81
397	293
1867	116
688	161
180	20
631	23
639	51
1173	52
209	8
2807	384
455	21
621	3
1879	48
1988	126
1588	18
309	147
1243	9
1223	253
1645	200
49	61
1751	9
1053	2
1845	10
1931	139
806	118
354	235
249	146
1458	20
257	8
2200	53
122	489
2665	143
1711	29
273	25
305	332
620	72
1040	97
2133	177
1652	120
2587	91
946	220
551	276
182	11
434	7
720	24
278	31
380	230
1127	110
726	31
223	5
218	452
730	14
1348	623
2213	1
1187	26
1521	320
475	36
340	66
458	3
1288	35
3195	41
1362	17
1324	11
1049	83
800	17
519	6
1335	21
720	37
599	19
1962	50
3898	73
1676	61
225	140
830	12
2552	171
227	27
985	165
625	37
266	15
1441	37
315	16
215	369
611	96
1168	63
738	42
422	14
518	5
711	45
3948	52
803	43
1435	161
2692	186
238	85
1439	79
3228	75
1301	16
838	27
553	90
377	42
2588	98
69	286
1393	32
203	26
75	539
2508	48
592	30
57	96
204	38
181	47
69	53
1618	153
534	24
91	112
302	332
274	7
725	81
261	2
1267	17
360	142
460	5
762	219
421	39
144	78
914	100
1282	202
642	151
63	71
1756	119
1813	59
357	209
71	234
675	291
437	168
3170	122
1763	120
215	43
1270	171
174	34
1081	21
1914	31
614	34
694	140
1660	23
514	122
1856	9
825	77
267	32
925	13
62	73
476	40
3210	124
655	7
63	52
6120	25
4381	121
425	80
861	136
1066	183
2484	12
345	74
123	299
484	81
1127	64
1404	6
2058	20
670	171
154	88
3820	30
297	157
851	113
1679	203
974	59
1354	20
2936	8
2387	435
605	229
948	271
175	22
240	53
1860	69
524	84
1156	206
859	18
257	136
226	69
475	163
1110	6
2787	306
564	4
1333	206
959	295
300	69
180	74
698	8
1189	92
1227	148
1418	168
92	5
2473	59
315	104
458	5
2022	154
215	41
741	8
1952	8
549	157
1395	62
774	39
1621	482
879	220
2161	86
336	54
461	40
219	18
377	10
236	161
471	88
940	213
954	18
1809	101
558	158
2358	23
275	158
923	107
114	7
89	33
215	9
1752	93
737	254
463	165
453	69
4767	22
622	227
61	109
405	8
1426	136
1377	47
353	91
726	50
1306	43
3566	40
761	104
428	92
1973	27
470	21
655	60
209	202
77	76
962	39
289	171
1029	98
441	15
892	21
74	3
434	347
980	93
223	27
766	173
1275	105
337	208
1381	60
1402	11
149	14
810	39
728	98
58	26
1638	112
1224	17
708	79
2938	7
1068	41
1992	207
545	58
451	51
1769	53
732	69
255	169
594	72
327	30
103	207
3202	27
1126	50
349	124
1175	110
194	22
1880	208
1136	16
270	98
426	106
487	74
1111	26
3366	42
1938	416
2470	137
721	79
84	49
89	19
120	110
761	77
96	47
98	46
1305	69
936	25
3265	40
217	23
87	73
359	203
269	225
394	3
566	220
457	9
576	17
375	52
629	246
767	34
868	107
1823	73
989	19
250	102
671	251
1441	5
1383	23
2299	250
328	251
168	72
164	31
3599	242
1244	81
52	10
4086	30
165	34
340	76
407	157
394	100
1294	422
1400	277
298	163
504	58
946	177
534	5
402	47
863	23
1971	134
173	301
210	34
1384	148
479	42
430	70
570	18
247	60
771	262
95	71
1440	9
1247	45
599	12
258	122
160	326
237	11
235	39
2793	188
546	325
1224	22
90	38
51	239
537	282
4347	34
830	138
127	34
2135	214
452	127
1106	69
542	64
1449	19
185	3
2941	58
922	29
379	85
361	30
272	20
337	302
475	193
229	96
277	235
139	35
396	91
268	184
684	105
182	122
1279	54
326	65
550	57
1536	61
609	46
1443	153
148	109
599	83
2629	453
860	13
941	13
1973	63
721	336
374	428
211	70
1439	8
1264	22
173	162
742	203
91	153
1433	49
195	56
800	165
710	90
1636	24
204	9
3511	26
279	52
261	79
592	128
194	151
308	34
2582	82
1483	127
129	13
1417	131
688	196
1720	1
436	153
2190	46
2789	83
1730	320
211	12
1333	8
797	116
1434	435
4312	9
3192	48
2427	36
212	38
1127	25
364	44
820	38
2695	173
406	47
749	131
528	12
1182	60
1683	21
709	141
292	128
591	43
622	1
2958	28
1662	62
1879	458
307	48
603	393
1026	32
127	146
380	217
249	56
599	113
334	136
54	603
62	22
218	223
268	244
232	44
1170	114
972	6
2636	93
373	18
288	22
661	23
288	31
193	17
519	3
316	178
4788	100
66	145
1806	1
2853	55
173	97
1712	28
1146	216
88	15
362	76
1379	37
1497	225
275	3
1671	75
431	102
298	116
1513	14
220	18
425	76
2919	104
213	165
646	46
1239	64
202	104
497	123
941	11
696	30
3590	116
1790	191
775	72
73	48
170	15
2352	29
414	172
238	34
212	39
2556	33
3462	59
129	69
772	116
3628	11
564	368
3409	117
290	186
1745	211
499	5
662	75
1849	30
1797	257
610	3
113	111
882	215
163	157
2275	124
3165	450
664	3
156	30
817	262
367	21
1959	297
865	16
605	36
3213	97
922	159
469	75
444	32
689	61
277	204
702	47
1159	16
3904	8
248	19
946	177
2199	126
527	48
1922	245
589	38
475	82
1053	16
80	264
698	18
1826	4
1187	50
1674	218
1636	267
880	45
420	25
630	170
3454	18
125	47
2998	131
2151	14
1052	8
404	168
250	105
1515	127
225	106
1336	144
659	41
955	22
191	108
252	155
53	147
966	25
251	44
1608	10
2626	88
985	5
592	54
673	3
646	60
1535	13
146	53
738	52
1571	347
1383	193
656	4
1766	98
343	26
3197	19
2434	77
96	166
1252	109
1198	28
1211	73
1524	35
814	214
760	2
1480	99
2134	154
321	67
1194	115
667	34
199	48
2329	5
526	230
373	12
170	193
175	154
285	116
1609	58
3863	254
1238	81
1126	37
193	83
396	206
3070	21
736	58
341	56
1638	66
1366	32
754	296
3839	364
1516	300
127	62
870	132
313	217
990	8
223	94
758	229
641	19
2240	141
465	85
280	202
988	31
1168	66
947	226
2244	37
912	26
2188	291
1763	55
475	42
680	27
2594	103
2079	6
2097	11
948	264
1940	117
243	278
3243	123
926	10
2501	16
238	91
1144	60
971	286
1029	168
777	45
1065	43
1452	36
852	11
1525	61
252	5
274	274
114	137
184	30
533	39
819	3
755	6
1004	50
361	174
2190	115
1503	230
2892	72
1478	17
517	39
315	93
574	146
369	30
1150	71
1071	88
4491	337
2931	187
222	105
596	28
109	59
1507	62
760	25
201	23
1564	33
445	1
183	14
238	65
4333	139
624	171
1189	60
1160	60
1477	128
4730	125
1618	10
385	92
510	283
3054	20
428	33
576	76
1430	50
873	63
534	97
1051	16
1684	188
778	54
1168	91
298	34
564	84
94	19
2011	21
95	17
320	20
238	20
1691	32
815	102
769	49
3773	201
2380	17
334	118
489	139
1206	1
80	50
120	4
1100	343
2432	74
1681	22
149	20
2371	199
1613	39
539	11
241	139
970	207
2336	4
615	12
1116	141
407	157
191	78
1239	22
931	70
854	112
4108	4
220	56
2249	174
1333	28
533	34
2645	85
115	209
1413	169
1321	9
1403	129
694	4
1861	268
425	149
111	15
271	291
1728	162
1738	321
203	128
1914	21
1712	38
398	14
2341	215
1677	7
1646	49
824	148
1556	3
183	48
1932	132
329	135
906	434
455	237
1932	46
1336	82
889	53
516	129
69	36
2208	58
2069	209
456	4
1242	141
2671	38
1397	22
280	14
3381	35
681	270
1601	53
666	21
992	160
3489	18
575	122
1275	18
486	4
399	12
304	87
544	60
922	339
665	293
814	59
867	101
326	1
400	34
2284	546
889	47
351	14
606	8
2494	64
822	133
839	85
2628	274
488	63
937	18
562	46
779	42
1127	256
2238	62
347	277
310	198
527	41
1138	34
1222	34
1124	67
647	90
212	44
858	59
2997	431
3562	61
1751	38
2413	196
399	190
907	15
444	3
116	38
912	308
353	54
205	83
1083	27
289	345
334	221
932	157
433	139
1099	226
1907	226
1948	38
69	38
581	181
2352	125
1083	26
147	63
470	1
684	84
581	92
78	148
1090	126
3729	172
2205	76
600	83
2008	91
1361	7
318	1
750	38
177	49
3305	43
525	34
1598	168
352	156
303	15
885	338
591	79
584	191
1656	160
348	82
2226	66
138	74
120	213
334	500
124	25
724	11
698	105
406	18
923	323
332	221
2768	29
5056	38
218	73
341	26
2493	205
2458	179
313	47
325	10
1575	5
427	37
198	18
1526	225
174	17
810	58
686	282
879	18
2390	7
3745	62
115	163
2040	48
1145	57
3547	236
478	9
827	11
4751	311
5321	19
401	69
1420	9
3161	40
2579	118
2715	137
2309	1
987	121
1217	99
669	216
1933	257
1124	78
880	68
42	3
414	57
409	90
1667	115
404	7
2260	3
760	3
183	216
330	131
74	109
1405	92
410	9
749	174
136	7
701	21
1617	89
1086	152
3582	32
2052	121
417	38
90	27
799	257
790	278
536	11
2011	200
1982	91
799	151
1083	88
534	90
1358	105
2995	161
3233	19
450	21
305	75
1991	48
491	125
684	10
560	3
132	27
184	163
1534	1
545	52
314	48
706	6
1048	290
77	22
1310	95
1248	16
1518	19
547	54
1595	14
78	275
2318	162
747	83
685	128
403	203
1792	18
527	9
1277	15
464	65
893	158
763	67
1052	48
1644	81
1111	202
778	15
491	145
102	23
1315	9
260	43
233	233
1376	5
494	132
1643	43
467	356
594	18
386	76
1554	412
693	221
649	122
1429	47
874	112
87	16
2047	214
179	58
339	243
1721	136
155	31
4845	102
645	88
540	47
1483	215
322	44
303	140
1600	131
332	273
3720	60
3901	1
375	50
1834	72
703	19
43	88
112	33
522	63
273	19
448	171
270	8
924	3
434	14
1699	232
241	60
1131	7
2579	62
97	334
2987	237
566	119
535	170
793	68
1058	28
396	329
434	122
217	42
3938	107
1392	38
3488	34
592	76
200	56
497	22
611	22
274	21
633	238
266	39
2914	151
1004	44
592	13
697	231
706	56
1970	21
446	79
221	172
1526	46
142	21
766	43
2498	116
703	19
66	11
3636	18
195	18
272	26
1928	115
2163	31
102	25
1219	129
530	11
262	58
2016	18
1506	29
4563	34
1619	104
319	24
501	428
557	105
522	33
669	304
3097	22
1441	62
296	6
135	19
698	191
388	198
3157	14
599	36
161	230
667	60
2829	41
578	77
747	80
213	20
1096	228
113	122
116	169
1914	93
315	109
447	269
664	86
1401	133
633	150
4943	203
2128	28
1401	97
246	255
784	40
706	11
1366	42
78	40
3603	6
1932	216
1352	118
459	106
1546	274
411	141
2008	81
487	65
89	53
191	2
2240	42
1835	231
1803	7
402	8
1174	228
1848	148
908	69
1545	39
290	205
45	18
679	1
309	75
1292	37
305	109
832	232
306	231
120	52
1809	205
785	47
585	134
169	24
603	81
634	59
1417	14
434	24
235	3
440	72
746	81
1039	121
3133	79
1324	33
1354	145
333	17
1125	27
582	49
614	27
767	155
2246	53
2322	371
103	16
726	158
69	76
181	36
694	32
893	37
2880	3
270	51
260	44
43	25
2555	87
548	229
1075	140
1518	52
2548	30
876	75
1213	176
806	266
262	217
243	86
1693	389
237	293
1248	28
1783	127
367	276
2890	3
716	63
1240	82
631	11
351	3
570	166
144	55
287	100
525	307
987	370
973	59
560	81
142	148
1899	27
4398	162
1249	72
273	26
1240	18
600	115
1555	89
114	7
183	15
1640	55
1667	111
245	21
202	87
1136	240
985	28
571	18
362	110
2188	100
1127	69
1760	51
96	254
502	237
659	71
1417	35
210	55
1424	34
1078	25
53	262
133	129
204	18
778	50
464	24
4245	5
757	58
114	100
296	43
1231	90
882	89
227	20
437	36
442	95
936	232
324	67
3385	79
647	91
76	158
804	9
143	31
534	84
182	55
881	171
2757	15
2857	3
4582	93
2883	44
1727	215
2012	92
1210	131
305	39
190	144
408	21
2989	15
122	132
610	74
260	71
1094	49
798	269
138	62
98	167
258	5
271	85
3576	13
323	96
717	222
354	132
86	39
3506	137
244	137
1285	82
150	144
509	69
574	12
1094	163
356	57
1123	308
2911	95
445	78
2621	130
266	14
130	353
215	181
481	16
675	195
2132	24
409	110
4442	86
615	106
373	266
214	98
1420	1
1231	30
2829	62
660	142
346	66
105	31
581	75
2288	182
1643	11
2269	37
2146	43
3248	55
1490	41
1083	165
1976	187
665	23
754	43
68	3
1208	154
1301	95
409	27
69	17
281	104
3663	129
212	82
71	187
934	17
1379	368
754	93
161	160
846	468
370	51
48	59
261	80
268	173
590	62
1182	66
500	103
738	6
1594	168
3031	176
473	502
928	217
156	4
2244	22
594	188
1083	28
1640	140
625	39
676	21
649	78
724	12
1545	57
1819	204
2488	238
1387	132
792	17
1931	189
463	95
795	39
167	109
879	12
1114	18
2874	309
650	44
329	93
149	53
880	167
507	1
762	237
3745	6
1519	20
1466	108
2003	61
1055	113
1186	222
577	45
305	8
958	239
2511	81
671	76
152	485
100	147
448	7
276	284
1227	113
5997	56
202	25
1245	358
1997	186
1556	298
761	17
567	228
226	255
1260	11
419	107
1576	20
1214	24
723	111
105	86
1850	188
143	27
203	23
358	13
1745	162
863	379
818	31
1786	10
711	16
421	5
3466	134
64	99
74	42
484	3
5113	119
1438	11
3646	26
1732	43
421	213
1019	55
702	17
875	30
1528	393
1083	90
815	11
2575	85
1234	22
1012	47
2470	169
268	236
3345	95
2712	18
847	43
3239	299
257	222
149	87
572	272
2885	170
460	33
355	24
1884	88
244	66
198	111
2635	69
2863	35
1901	45
695	76
2628	58
1121	100
257	220
179	178
1947	300
2566	3
3729	23
1670	16
4911	85
735	34
2049	19
504	8
297	21
1096	124
188	400
440	22
919	20
3298	38
2755	122
156	9
218	218
3080	35
313	167
765	33
627	50
2035	135
2053	53
234	110
2396	37
1857	47
586	340
1060	56
545	146
4052	232
1042	117
1461	93
1897	226
521	41
520	148
146	1
535	137
1327	65
707	179
480	33
86	96
581	25
489	121
420	77
2458	234
1419	124
856	189
3524	22
195	527
2403	1
894	27
304	128
54	60
1409	1
777	68
402	213
2145	474
426	19
209	65
363	17
385	109
1301	26
557	87
2137	48
840	113
1278	30
390	37
3095	18
1564	155
3981	12
1358	68
715	95
1354	31
1547	104
677	52
105	38
1650	70
3123	29
392	111
1071	56
76	94
405	25
1066	79
203	121
994	57
1051	21
223	171
86	62
115	3
1148	105
87	129
1474	94
1054	31
311	120
871	52
143	101
1020	72
3099	161
253	8
223	15
99	169
489	14
2463	92
353	315
890	249
2027	271
756	142
524	43
401	81
607	57
1704	131
1398	15
1295	70
805	104
1960	38
2320	110
164	15
717	27
228	3
1633	231
69	33
1852	20
648	280
296	78
842	75
1477	24
206	289
1115	219
2468	91
799	102
91	33
389	21
708	52
1256	13
403	153
2991	307
298	29
1607	125
922	178
474	34
341	56
1483	28
102	73
263	196
1674	258
947	219
319	238
1880	328
61	32
271	124
769	51
398	211
915	170
198	31
1100	159
93	33
395	1
813	119
2233	210
968	182
930	148
591	150
1053	18
342	132
1736	27
829	86
1036	9
195	402
413	17
318	155
1025	33
1641	232
2887	315
202	337
1529	27
1834	125
134	87
2591	49
725	51
1409	20
159	105
1918	20
146	245
925	75
734	3
601	30
373	10
182	124
4525	137
427	5
3310	85
1939	348
1409	53
516	160
99	209
319	80
4344	129
1348	20
1405	72
189	81
1620	110
464	285
392	16
108	24
1709	102
476	31
923	105
2746	240
91	30
574	69
199	246
276	25
462	96
324	76
1783	18
327	195
1075	25
221	89
2759	195
250	155
3618	75
103	5
2784	50
286	181
1934	97
672	48
323	152
1464	11
306	43
483	83
1270	24
827	59
2730	44
210	94
2857	18
2667	65
1328	14
113	23
464	48
343	31
537	279
301	55
119	123
2397	155
753	70
277	167
1214	104
2880	123
1465	14
1084	71
300	89
558	150
1500	212
1754	23
1043	32
1277	47
924	4
4389	49
252	55
159	7
700	86
1199	29
589	15
1621	35
440	205
1122	186
319	3
436	10
676	34
2031	270
192	138
572	83
1099	228
2460	116
634	87
224	3
2106	54
647	2
617	68
997	24
1228	197
553	28
1301	69
1445	5
959	17
1180	65
177	78
219	17
336	196
172	212
534	8
197	107
3945	295
70	27
152	67
764	11
1557	76
492	129
252	339
526	65
439	22
1116	44
67	471
645	109
1268	76
64	294
787	113
1396	129
328	23
1496	10
564	97
1826	484
1317	177
665	85
2220	88
171	137
1420	140
1511	219
640	50
1389	128
154	145
804	52
245	10
2900	47
280	25
257	77
723	13
3056	137
2096	94
1813	244
2437	88
105	200
574	170
84	122
903	136
1376	8
257	59
767	14
907	30
167	158
948	1
1681	19
1231	189
1176	45
955	290
1462	21
2377	62
300	33
804	246
166	311
1468	93
100	98
324	13
81	38
947	33
1557	57
2759	16
1751	310
1907	5
1143	110
1398	26
2413	18
103	67
1655	55
838	50
1115	53
514	43
194	54
772	153
383	15
376	45
2165	118
129	229
3242	51
120	320
387	95
216	10
2350	39
54	264
2608	297
1174	118
1116	434
423	252
412	113
621	241
623	42
793	53
201	22
234	305
1085	237
418	11
503	132
432	29
648	86
525	121
3418	193
80	171
3139	148
900	101
378	55
719	85
118	375
291	228
148	61
116	1
354	86
396	73
205	56
846	162
1308	253
1341	63
165	26
69	131
1557	128
1252	102
548	35
1077	17
3898	4
2328	220
307	188
358	12
821	9
1005	32
459	87
546	281
310	378
452	35
1795	198
72	45
2230	55
1345	9
92	118
410	110
224	119
199	360
580	158
1131	37
709	268
205	68
1276	31
218	139
656	134
968	345
502	8
683	67
382	179
616	67
672	102
354	193
1657	92
471	64
545	17
293	92
211	19
1979	5
223	61
445	4
1096	28
337	130
85	45
485	8
387	123
803	135
1564	602
1209	77
1343	389
220	46
321	84
4116	20
4076	48
820	55
2465	174
2309	9
264	47
628	748
792	59
2388	27
995	23
789	68
2310	341
3343	5
71	47
582	291
897	157
283	604
1470	271
194	159
587	55
1262	42
630	179
1474	24
178	7
266	42
2446	1
730	8
1199	59
527	134
517	158
1189	52
174	148
1133	286
1484	172
480	190
157	67
258	292
216	289
423	35
1138	183
739	26
1823	207
2274	51
66	143
1090	59
509	395
2408	139
1674	128
214	5
456	244
585	41
1417	4
212	7
1014	14
420	300
2060	31
392	31
823	227
210	286
505	108
973	34
4702	9
1042	68
154	17
262	16
53	30
1291	53
1364	92
1256	40
1436	79
724	11
895	82
324	46
211	20
3808	54
285	6
1568	83
324	206
2366	90
423	30
382	29
374	110
396	25
246	40
2606	21
838	12
1545	70
327	37
1595	130
217	180
1119	8
503	225
2105	17
2392	85
1163	53
341	302
191	87
961	6
153	263
2246	112
1218	5
267	89
1298	140
265	49
961	18
3788	278
298	214
162	228
1548	15
314	44
529	51
3744	52
492	350
1371	213
172	153
642	145
248	17
198	149
288	360
834	233
2446	4
240	156
871	135
1609	119
431	195
769	8
367	53
1241	111
820	165
978	265
3241	111
1865	109
2320	50
253	240
526	102
3176	76
327	196
761	81
591	199
940	104
2881	275
436	43
804	183
1230	14
1363	139
1306	215
1372	192
711	31
2643	301
3544	29
1363	56
178	73
300	143
3466	283
2027	20
3113	105
3370	185
1532	51
1903	44
529	72
2416	28
1016	66
1098	96
2437	341
1463	61
1083	41
174	85
453	110
820	135
167	113
344	125
1106	12
651	49
3522	103
1029	15
128	11
1879	9
1568	306
2169	186
1340	197
836	72
131	16
699	69
1255	64
160	146
217	81
612	70
788	524
717	161
238	15
320	227
1704	70
257	72
199	196
682	48
221	80
513	2
2083	425
3416	86
3678	246
289	42
40	182
203	204
4026	53
134	87
664	382
849	77
141	195
919	185
1437	246
499	13
1225	30
494	102
586	28
2408	150
1704	34
338	14
574	5
1409	34
619	68
731	311
122	31
387	170
536	338
148	72
463	31
2112	291
1106	36
1331	6
452	5
928	163
344	127
443	554
3011	197
1706	212
1118	1
1231	134
1452	3
394	151
79	164
804	63
326	68
2392	13
720	70
1023	224
730	155
307	97
414	8
739	48
340	18
2304	151
194	56
429	415
150	42
170	315
969	231
268	123
335	46
393	283
280	48
122	56
1162	25
141	102
1478	74
1609	229
249	72
1508	8
479	70
451	18
870	151
3201	113
627	19
1589	22
509	136
2115	86
795	61
692	87
552	123
962	263
1048	107
1319	215
104	191
313	127
177	107
145	61
741	88
869	32
736	68
1136	17
376	4
1733	27
2069	81
79	32
155	81
111	59
3673	44
1635	89
134	30
291	424
1878	87
808	129
735	8
291	154
1267	272
634	106
2562	107
410	90
468	11
1145	260
1757	12
267	15
327	23
1448	239
1006	41
716	107
1533	91
597	87
544	48
765	8
2319	48
177	52
1371	42
729	9
972	119
459	165
539	49
1232	285
545	212
3876	7
227	90
3242	5
751	84
332	116
267	108
1821	91
137	101
819	58
153	142
552	122
830	25
581	230
1340	305
256	70
573	374
396	18
942	86
1948	61
433	12
6209	3
514	167
946	34
285	30
3516	139
595	27
1717	78
244	209
2547	9
965	109
163	142
1914	143
1884	17
535	9
197	77
1020	247
1120	162
2053	24
592	90
85	562
626	82
997	32
1841	154
1819	193
355	204
937	275
452	8
1080	155
156	221
416	5
2159	6
620	37
502	114
850	65
395	462
2238	18
499	9
80	63
958	55
1511	28
234	124
1678	82
63	36
801	105
155	40
842	210
485	428
1221	164
1927	52
1471	60
1988	96
1798	133
828	84
168	17
810	115
274	82
2819	14
2136	91
101	85
1361	27
585	183
688	37
2731	50
152	33
229	98
1212	59
1062	59
4331	302
588	13
1119	41
174	10
215	28
201	209
217	65
294	60
1034	2
1096	12
2400	104
3720	87
490	4
1464	323
3441	82
126	110
774	363
1348	22
690	122
1277	44
1435	32
325	22
194	66
1309	40
318	101
3738	76
157	92
94	82
262	125
495	24
1388	32
329	45
544	17
410	58
2499	67
2219	3
995	20
598	4
66	5
3902	56
1167	111
113	54
186	268
962	1
646	18
5209	22
313	155
359	394
250	245
177	102
1096	178
1217	107
845	258
6382	167
1422	43
718	119
93	328
305	457
678	71
351	110
161	277
258	74
773	79
4027	101
1522	186
1467	135
1915	14
723	8
269	95
48	63
886	39
1716	73
206	31
1505	118
197	78
883	123
1381	45
465	238
480	34
1509	22
223	182
108	200
590	126
1490	134
1911	20
1008	39
275	18
122	123
233	183
294	38
152	71
486	12
630	54
1147	129
1512	78
567	14
1496	27
317	77
466	33
71	65
1266	60
354	105
1251	14
219	68
294	8
828	66
261	21
663	65
495	133
1441	22
928	92
294	110
144	814
3251	73
250	2
4826	51
954	211
703	71
2912	39
287	65
1671	273
1975	21
76	103
426	5
314	67
909	56
542	34
263	32
1134	54
3121	105
51	40
2897	12
102	34
1028	234
1793	10
2629	95
552	60
2620	10
80	10
651	57
786	151
2185	57
299	256
367	29
1189	128
1499	173
806	33
277	149
913	236
906	179
775	63
632	206
115	115
1152	69
209	169
822	169
1676	69
210	96
2121	29
3118	19
2089	6
1577	58
1663	2
894	135
326	50
1434	259
88	193
1539	384
4556	126
1578	142
1198	40
500	91
358	44
600	19
1263	99
2450	120
871	36
2242	210
135	324
914	69
778	17
915	297
435	42
150	55
2674	18
458	68
1171	8
3798	104
1244	217
735	136
603	48
335	27
1890	74
1343	44
297	58
400	203
214	102
1542	57
466	179
1872	18
993	98
572	304
1078	190
2881	173
2705	78
188	23
1394	244
345	65
1265	76
918	244
139	40
2707	213
307	27
1933	72
940	40
677	145
1518	11
4215	168
519	172
493	160
241	101
304	123
1117	14
1910	28
949	29
550	254
1568	177
1212	53
113	58
596	381
472	432
108	57
1150	12
2277	83
234	4
152	37
1692	56
399	94
1615	238
313	104
1161	106
1716	113
2290	24
745	414
957	5
1515	209
291	21
630	340
113	171
915	37
689	116
1215	21
728	79
3084	226
647	241
509	163
488	6
914	308
1177	3
2077	78
419	2
367	31
1377	5
1678	25
700	388
73	323
120	54
960	24
466	162
1830	194
2870	55
386	8
1409	62
178	70
366	57
122	32
313	179
514	10
1007	85
439	128
61	250
361	210
772	24
671	76
1930	44
1108	51
1025	117
3722	11
440	155
435	25
1038	105
527	122
303	234
570	132
1612	51
760	256
454	35
848	35
532	56
110	8
2221	7
512	203
748	37
178	219
409	138
1694	295
172	96
608	34
996	61
489	75
668	132
1208	306
101	80
228	40
423	56
2211	1
1677	78
374	47
120	196
2089	5
63	190
556	13
1011	176
607	98
1374	109
760	143
2404	13
194	24
2100	166
1907	173
268	348
1003	36
538	183
833	154
1033	133
2750	28
843	346
946	23
361	1
1109	44
498	124
786	101
635	171
981	148
195	100
879	361
1277	84
909	16
1219	78
84	1
2368	76
3390	202
154	155
1147	76
158	182
1688	22
858	146
352	643
44	60
620	2
1572	110
653	83
3735	1
700	224
847	143
570	138
202	2
158	22
483	15
403	6
107	54
1934	162
209	150
2033	470
488	1
1538	9
1304	41
88	36
940	76
383	73
1336	14
455	34
834	22
426	25
1670	162
1261	182
301	151
2602	106
222	199
579	84
264	111
1110	164
1006	188
960	10
66	196
535	218
273	115
149	112
773	16
875	161
82	208
2240	27
344	37
235	6
353	108
161	70
3265	7
1106	78
565	7
992	36
1776	43
2203	49
1119	14
2415	88
1180	121
2931	32
122	64
2942	240
448	82
3590	127
1172	31
198	10
1154	4
877	84
863	11
1598	105
2230	144
852	73
516	134
449	71
172	57
984	387
574	71
709	65
309	111
439	16
4504	9
709	124
3320	154
3191	97
115	360
2793	196
270	124
152	169
183	130
392	76
332	153
1079	25
924	135
105	116
118	41
613	68
483	5
4463	301
1599	11
356	39
3717	59
826	65
728	173
681	112
364	109
229	49
733	224
271	13
601	90
685	6
2762	12
2625	15
114	42
614	203
377	1060
2326	191
434	308
55	12
948	114
2060	57
3825	36
916	243
523	29
596	255
536	7
484	125
1428	171
2584	110
154	81
1705	22
420	42
1871	182
1467	6
174	3
606	16
3565	69
516	67
1251	47
2277	75
1487	23
611	97
811	63
335	4
1686	203
208	183
1925	38
105	266
6427	9
220	45
252	65
372	128
1073	470
919	605
2934	77
153	75
711	2
906	47
1148	1
458	63
164	21
415	44
2920	143
366	5
1164	173
561	105
561	38
994	57
504	95
1497	1
618	393
1406	20
771	53
236	242
816	237
737	19
417	97
624	120
1095	66
3732	33
1027	74
2010	79
1603	9
162	25
873	205
1052	115
223	115
465	304
3988	51
183	204
330	58
133	32
933	228
1575	133
270	59
2780	46
981	114
225	72
1447	37
509	118
1153	4
278	271
1131	217
280	159
718	56
413	66
582	21
189	221
2609	13
886	11
347	43
713	175
5599	76
628	26
219	398
118	67
314	8
645	37
1746	70
969	22
513	76
481	19
69	188
1766	14
1122	41
1276	185
144	44
1012	34
1609	81
1124	18
773	247
290	154
1554	17
441	284
222	242
1875	261
289	94
265	12
2903	98
1058	12
866	41
585	42
103	15
313	16
1470	4
370	9
552	226
1940	39
1203	79
2824	99
87	136
310	69
2352	94
806	200
763	59
530	130
721	25
1643	60
271	35
3222	58
247	97
945	137
238	87
277	117
1156	5
1003	33
136	68
1433	68
3455	219
1386	369
178	203
389	147
537	16
96	191
1322	15
562	210
976	115
265	74
373	75
2601	78
724	34
2128	125
1373	38
246	124
94	27
285	74
1308	56
3018	13
2417	194
103	663
5586	13
77	23
1070	160
1730	74
2516	177
777	140
1827	53
4652	230
346	30
2716	79
777	569
1063	148
1181	2
837	246
100	20
1494	195
124	44
4439	183
2381	99
127	166
411	82
1452	105
951	4
235	89
976	20
1181	36
165	9
2057	124
1334	78
308	212
62	363
376	12
1270	185
1794	65
818	23
1369	12
1670	49
5572	50
474	3
453	60
71	135
241	138
731	19
421	306
1581	56
3018	262
742	106
1080	89
457	150
282	180
671	155
1079	19
543	108
465	68
466	88
825	69
765	57
2288	223
145	100
3177	113
673	25
919	68
1033	75
1946	209
495	129
1588	23
379	14
1036	117
597	15
1204	203
2019	93
590	75
365	84
399	255
3850	44
1280	37
3965	113
358	3
797	183
472	21
2220	405
156	18
641	19
2045	10
741	95
112	64
356	1
548	73
297	29
1313	7
1685	161
149	78
721	303
421	22
804	72
1269	320
1587	185
250	153
1701	263
1986	8
629	68
1393	27
305	165
296	142
848	160
803	57
383	108
1786	356
96	125
136	81
4118	4
120	15
204	372
794	157
3451	60
1278	99
181	27
1592	76
276	18
1064	58
565	16
82	242
472	111
1165	100
286	17
2566	341
160	10
535	10
524	287
1047	205
294	70
3494	40
1083	7
490	9
1293	113
287	12
439	92
2751	5
1061	128
320	1
839	40
1042	116
934	127
2313	365
2765	5
1543	4
2463	7
2350	108
840	110
1122	329
385	323
110	10
1344	44
1099	99
237	85
985	6
290	80
1088	260
3518	6
441	123
1217	33
653	13
2207	232
679	1
2100	76
2022	519
4710	21
584	233
1056	62
7736	57
551	43
245	38
2002	27
376	401
397	18
827	110
643	83
2032	14
1605	13
324	76
691	78
1485	138
245	34
2170	41
748	39
285	164
2119	175
3210	5
412	65
2461	17
1035	274
1246	453
183	105
1732	34
486	30
707	33
423	38
677	79
968	154
72	44
2810	49
2134	77
724	16
236	43
1387	95
197	504
304	116
2755	130
269	12
2129	51
762	84
2748	22
1165	97
264	150
192	186
587	303
1803	43
208	62
964	100
1002	11
1445	15
213	804
1074	9
790	7
380	11
758	56
5603	78
571	72
2278	139
329	269
742	64
2375	118
588	58
42	7
1202	149
130	75
918	76
2070	24
578	71
1499	1
1596	189
627	26
2698	44
446	4
523	370
3016	139
404	195
1630	128
478	105
228	355
767	109
367	18
447	143
409	131
807	171
394	60
2269	10
1532	15
355	10
259	32
977	37
1203	30
2922	212
1987	18
1213	2
298	54
1743	197
525	94
1991	237
2027	302
77	61
186	64
1009	82
1000	23
440	57
1634	101
502	13
1201	37
66	71
464	154
2162	9
509	33
1526	183
229	6
1502	61
64	444
1874	246
675	41
948	34
1604	81
975	39
300	56
966	15
1220	47
337	51
591	104
2294	17
481	199
972	50
969	87
626	382
1344	48
1370	172
114	537
5379	190
287	105
213	18
1467	68
647	63
413	303
476	312
1632	43
1774	417
1632	58
152	90
211	88
140	21
1876	57
1658	371
3726	152
1729	157
364	143
1640	63
3188	7
155	8
453	274
1875	273
603	131
1373	59
581	57
1092	400
3786	1
355	43
1498	5
360	6
1427	47
3517	5
2263	389
2189	21
1002	164
1260	148
1049	169
179	32
1736	137
1363	240
2324	62
367	53
709	21
1587	36
100	91
2888	6
365	117
130	182
2350	249
2334	119
258	84
1236	136
305	52
421	14
96	26
664	19
2187	5
103	36
93	6
1238	167
4568	97
447	177
232	265
2924	206
2147	40
497	129
993	26
195	124
2086	488
970	198
207	197
1069	24
360	58
524	48
4080	22
282	158
105	139
262	229
2177	109
275	49
1212	79
1234	83
687	75
874	256
1201	17
2603	434
503	49
271	48
1907	185
826	38
3211	323
114	16
43	62
350	40
199	222
2010	333
1768	16
748	48
1812	284
381	51
973	99
822	313
2400	24
358	112
2929	11
122	131
356	98
514	24
587	176
510	124
527	59
576	150
1211	134
363	101
2175	92
67	99
299	2
125	76
3954	50
578	69
515	3
117	116
411	20
1055	41
501	51
289	183
2376	138
851	27
504	56
108	104
3287	302
101	4
309	178
598	651
101	204
83	75
1869	175
230	176
134	219
2205	121
575	31
246	161
1007	38
3517	301
108	14
126	110
5307	91
5520	11
689	5
2100	134
1555	40
782	1
1016	71
506	32
669	45
241	145
1974	84
520	73
2134	117
1565	14
102	20
1199	216
1367	194
2944	5
394	216
628	67
449	126
93	26
473	78
749	3
1547	78
1475	62
3399	124
1045	9
1254	127
91	15
770	3
322	172
1231	17
1209	136
2298	108
809	19
266	157
463	180
1235	34
2322	153
895	29
160	503
2193	13
1261	7
1013	19
71	145
2620	56
318	126
101	55
742	8
3600	184
443	24
2287	211
637	8
140	330
54	27
540	241
1551	93
959	49
886	7
325	97
873	95
133	106
810	134
1861	60
1365	36
633	5
170	21
2742	240
2773	7
199	40
176	11
3918	214
1814	18
276	169
879	3
180	2
946	32
266	206
360	29
1421	89
1336	13
2870	596
3090	18
160	54
83	377
794	75
121	24
358	30
661	296
1065	24
1451	66
2202	52
47	44
946	208
681	23
534	290
603	116
612	43
431	128
1253	588
4885	31
5388	9
395	23
252	162
627	38
425	91
572	214
1386	112
138	100
83	46
316	52
306	63
119	133
1437	172
2490	89
594	223
1067	4
696	68
1339	88
272	41
978	203
247	108
951	25
266	16
159	44
662	69
135	99
340	179
1193	200
60	20
726	208
2005	265
975	26
3788	97
757	102
455	226
1049	52
660	8
1841	74
946	17
4047	4
614	118
445	211
313	191
84	70
599	61
217	38
615	26
230	99
1535	181
800	27
1172	6
924	104
2106	22
282	58
881	283
357	33
163	23
544	124
1501	297
176	299
364	35
401	60
627	330
542	85
625	40
995	194
933	233
2740	99
2670	23
4000	72
955	68
1514	265
670	122
204	32
2702	1
893	153
277	62
548	166
3483	17
612	123
949	39
156	130
1466	248
518	129
319	51
238	40
1496	31
453	138
87	167
532	171
880	124
289	25
2126	30
2320	150
1345	40
1417	29
225	32
1118	62
95	7
1475	442
171	83
442	17
149	125
1080	24
752	116
3453	101
1081	156
2919	219
1855	71
770	30
900	174
918	194
1989	49
656	10
2116	57
775	10
833	245
186	49
336	124
214	9
2252	276
868	95
731	108
280	30
565	25
686	102
2450	62
972	121
539	8
240	58
1652	70
587	164
3398	20
4265	286
678	78
716	74
95	4
821	151
359	67
1417	1
1721	22
176	64
463	6
1912	224
1302	64
805	23
660	58
1306	84
985	89
987	20
421	291
1173	148
718	100
1213	7
1589	89
1291	130
109	284
945	188
1287	41
1169	50
976	99
1087	106
863	50
257	77
1046	162
289	859
104	12
1198	40
2697	76
152	134
1488	22
2525	31
66	5
874	14
588	189
1869	7
4255	83
5354	4
124	94
456	102
402	22
876	149
425	331
948	41
216	6
2698	46
929	117
516	28
265	50
124	139
3552	67
803	137
128	46
1336	18
1127	149
1078	41
4241	193
519	88
1247	66
354	31
1724	113
648	186
282	62
821	2
564	63
301	125
323	1
737	360
187	258
1230	116
341	1
2499	252
3204	103
848	45
1032	70
345	49
2863	133
707	110
931	96
2363	82
1566	100
59	201
357	33
2278	64
2595	297
402	155
288	44
145	57
1642	216
63	125
2178	114
1171	70
943	161
2251	134
551	13
1198	4
210	12
2828	1
364	23
1163	180
381	84
238	25
826	81
1162	40
690	3
369	576
670	67
1665	87
95	5
755	48
941	36
1117	212
234	105
193	98
407	2
2481	127
189	99
661	20
1328	9
513	183
623	228
301	33
446	10
312	138
128	15
1208	6
1165	60
976	42
1693	110
1876	235
93	206
875	124
1556	229
1563	160
359	48
125	16
1584	284
223	21
679	8
1102	1
1688	181
1425	158
615	13
145	55
480	67
369	85
253	78
734	39
1447	105
4364	276
817	164
297	376
132	71
482	98
102	36
308	75
1329	87
415	72
1053	425
507	51
1550	204
938	129
341	120
1258	33
308	76
2976	41
2690	280
1338	93
2701	187
3537	18
112	335
3114	143
1085	12
942	259
178	57
2581	45
436	126
366	5
841	344
492	60
2253	33
1267	62
2051	65
672	24
793	84
3202	216
1088	28
138	136
832	43
657	104
665	331
639	88
3449	46
835	2
111	166
679	128
999	52
1370	389
1538	35
250	31
4122	25
417	6
85	119
4737	309
807	82
62	60
1555	104
959	61
421	321
1482	113
323	537
981	84
731	20
145	60
114	425
206	163
1157	155
145	27
899	12
1291	26
374	130
1246	166
2268	17
210	68
287	7
1041	170
1538	72
1123	70
1035	100
1676	203
837	7
164	80
472	9
2604	1
497	10
3026	95
304	109
96	196
449	18
460	56
756	71
1260	203
425	3
582	148
84	19
552	375
794	146
883	186
1531	459
231	2
398	89
40	26
886	102
2373	54
1018	121
2355	50
1233	55
1223	189
1060	62
457	31
2231	238
1750	25
277	58
1454	54
806	227
1617	38
278	64
1402	128
1795	21
1022	12
107	34
1874	43
846	258
99	19
981	53
2628	47
518	115
910	7
2416	30
2634	442
2331	43
118	155
313	26
118	53
1861	34
662	2
263	153
2619	35
841	52
1434	3
536	259
631	16
309	31
3790	1
773	38
393	103
390	78
484	210
1447	57
407	117
526	209
158	59
223	81
3204	99
478	310
269	19
1327	8
297	20
116	142
2270	164
525	28
483	4
2663	82
1103	44
153	21
444	65
1293	105
1500	66
152	7
446	152
402	35
300	2
453	148
304	173
1187	90
1656	222
250	98
234	6
924	29
208	208
405	155
4948	177
325	31
512	259
1351	103
147	343
2130	404
113	36
1142	64
378	138
565	37
178	97
254	137
79	52
263	171
506	93
587	160
3158	82
1047	111
162	114
117	41
368	254
251	18
285	7
2817	6
847	304
1647	296
1078	88
544	361
1476	65
552	173
2415	402
390	27
1160	248
2232	137
1416	52
1973	146
255	227
1293	7
1427	360
2635	92
834	79
3231	24
2025	6
186	187
84	1
71	8
593	173
59	164
4565	195
903	420
873	129
185	135
1383	75
83	126
911	29
696	36
291	105
1141	55
208	10
1058	339
234	48
252	257
2117	149
723	149
278	114
848	91
795	70
2538	84
435	2
1979	303
1494	128
1374	73
1346	17
2619	49
675	303
232	287
417	134
745	58
126	174
100	315
1829	98
467	208
748	38
1248	33
278	6
2506	117
1626	41
733	166
118	104
224	21
386	57
708	14
208	62
717	70
503	82
111	264
233	33
308	343
640	9
506	82
306	75
1299	34
70	13
1209	224
2963	340
145	1
198	130
1352	68
204	58
1730	120
887	28
658	71
634	383
2441	1
194	14
402	49
979	76
3540	43
61	69
1411	61
1182	5
319	510
251	22
3167	105
491	13
1063	308
1330	99
685	129
5562	36
2574	22
441	32
1104	13
1056	74
378	16
1014	52
1668	6
530	55
299	171
282	149
1244	135
652	35
1991	25
409	37
4235	111
857	44
1865	10
1697	213
335	32
522	59
1653	23
87	68
249	97
709	55
665	133
3249	89
5628	16
800	91
654	87
148	87
412	103
449	11
291	21
1258	24
2194	64
531	17
922	149
412	193
2685	60
2302	61
731	49
557	3
2284	97
532	5
160	4
1359	171
1618	187
151	289
231	112
7448	48
761	171
2117	88
231	346
113	273
339	335
1928	41
137	155
146	14
818	151
82	108
260	84
86	316
697	36
363	249
490	61
206	276
265	101
811	322
283	206
329	87
217	78
1003	51
1490	152
164	66
1526	54
668	21
205	243
912	37
534	190
512	41
392	159
337	112
1365	61
490	43
747	97
1163	3
1181	236
1303	167
2299	330
536	80
750	214
286	238
1552	305
3124	32
310	12
285	15
446	55
655	127
242	199
313	7
948	173
123	1
392	101
536	48
302	193
1250	44
1475	3
83	114
2234	50
1172	17
1027	87
909	43
2475	74
1094	16
680	142
645	14
2391	42
672	2
1376	53
96	126
3440	31
789	45
59	13
742	18
1312	367
795	137
428	162
871	36
358	481
607	142
867	54
381	96
577	366
1081	120
592	121
1325	429
129	110
2968	245
776	12
1499	114
1897	105
95	223
296	44
146	73
3384	76
132	46
2479	44
1248	126
326	73
129	188
226	61
759	73
651	59
2552	15
910	3
2068	126
1415	192
284	573
876	3
173	130
1111	210
161	61
1043	5
723	64
247	33
430	108
1493	15
188	183
418	159
260	72
666	140
491	33
801	107
525	37
179	23
1137	30
861	23
171	132
798	130
1564	90
1276	150
1423	108
1399	15
1353	62
103	86
1366	73
1687	129
4998	61
1271	54
663	34
1126	87
1439	44
206	15
1931	7
874	4
695	90
2438	192
408	295
1258	23
261	162
465	56
359	1
2317	54
3633	480
217	102
555	112
2017	94
1815	172
75	40
52	98
2625	62
390	20
1286	134
1140	3
2200	228
286	108
1351	19
883	243
733	13
1127	77
566	183
1659	17
1283	78
170	55
1355	121
592	251
1166	17
294	51
199	9
1815	112
211	60
520	34
684	14
294	73
1634	169
3613	4
316	209
636	142
757	192
227	156
1245	101
2315	112
1468	135
1062	215
1406	38
3591	69
226	1
1239	34
627	117
962	53
204	59
1864	22
1182	95
72	136
333	44
610	239
1627	94
2374	4
368	20
500	8
606	289
817	31
463	46
1354	10
749	160
205	91
3557	11
1547	12
2471	65
464	111
252	37
1510	221
183	96
707	41
808	174
554	81
1931	76
4024	16
566	17
156	89
1049	90
2079	14
3078	35
2995	35
882	24
212	488
62	74
1235	104
637	33
1939	320
1504	42
2567	165
334	149
1917	173
499	41
249	38
156	78
5446	74
392	116
459	45
1935	7
429	14
883	19
641	20
1232	125
1265	97
1857	6
874	71
383	67
441	12
355	104
1342	165
612	56
640	55
3418	197
3166	237
1124	85
4663	12
2654	98
199	120
1372	34
2609	18
125	38
717	33
740	5
836	73
997	82
557	145
192	114
365	15
1498	83
914	56
2631	298
289	143
1579	228
2393	74
81	283
43	41
280	175
1091	133
417	20
103	62
2227	120
2664	42
3397	138
236	59
1705	24
178	17
482	120
1474	93
892	82
614	44
366	22
908	92
1319	140
846	370
1169	102
522	92
377	26
220	1
536	203
2214	115
1978	42
2403	40
655	32
1067	151
6036	56
863	230
620	5
687	15
725	83
165	141
560	78
451	127
1486	182
426	162
348	105
2464	68
968	101
465	73
116	137
1987	21
955	95
2123	49
1496	235
1717	49
445	129
331	51
1322	152
509	43
2124	8
3880	59
1912	215
1681	13
278	117
1255	375
259	204
872	245
1872	188
1476	15
661	15
884	66
747	81
1207	301
1513	170
204	11
1886	43
578	26
1028	79
2250	51
2957	71
488	71
1217	176
258	87
123	101
3540	1
1141	202
188	70
2046	121
672	8
1660	71
2090	125
470	101
920	128
472	155
892	374
1248	21
210	230
182	89
2108	108
390	86
1443	71
1366	66
239	126
184	25
148	56
87	2
1512	22
269	122
2127	11
880	167
587	14
366	67
1752	100
474	33
398	54
966	172
324	46
334	186
1075	266
1493	145
804	18
2117	143
2072	59
2568	82
926	26
959	23
1625	12
54	22
1145	65
559	66
430	104
982	208
501	195
732	50
71	4
276	17
162	56
185	11
636	4
279	136
269	13
465	546
2392	246
531	14
548	7
1177	5
782	79
560	35
599	37
388	9
802	7
337	36
48	175
132	81
2683	136
144	510
1056	268
430	171
161	168
2226	13
508	11
445	140
626	64
183	63
579	3
4770	112
1077	58
185	113
587	209
600	150
1801	136
2625	15
246	78
276	44
492	224
552	101
885	35
265	26
389	160
1581	239
274	67
301	32
403	91
567	56
204	166
146	2
157	95
4528	56
1331	42
210	42
162	113
1223	31
403	246
984	10
376	173
1758	19
75	496
857	173
409	53
888	154
383	20
3249	30
3267	41
2190	17
1061	194
657	50
240	266
1745	66
1717	90
238	8
6325	160
186	222
823	100
1980	96
3051	203
318	4
1146	153
191	72
1847	17
1896	45
71	72
7220	54
516	27
720	248
98	281
1309	37
341	27
225	19
1027	91
116	2
2190	57
396	24
3402	56
827	47
435	42
593	19
5159	94
813	112
214	7
474	21
1506	270
219	107
1018	356
1056	72
1294	125
1499	6
1167	50
198	86
5066	19
590	66
4952	55
509	50
497	84
2753	112
1244	232
224	528
170	31
2478	345
541	197
434	41
523	184
75	106
1215	57
324	103
1465	20
2087	50
479	74
108	37
635	138
415	284
1383	33
307	144
1449	181
1171	128
690	43
61	66
73	333
2110	18
1760	64
107	111
123	356
1971	11
393	57
71	104
796	172
380	93
553	59
2407	116
518	49
529	19
938	79
392	63
574	97
1037	46
3610	35
2256	4
719	159
1636	40
927	17
626	161
1171	98
1561	146
542	7
635	4
1286	25
2425	6
1385	84
1192	30
1383	206
429	59
1026	22
1009	4
546	24
928	175
533	82
5108	15
907	49
326	123
303	9
68	133
1598	29
672	180
905	32
94	8
1026	131
2483	91
302	86
294	119
1327	31
569	15
569	155
1266	29
4460	31
1217	22
4938	40
2033	21
100	134
442	20
75	110
2349	136
300	40
977	253
377	81
677	31
1183	106
168	146
927	1
2190	470
1999	161
1261	161
4857	78
534	272
415	190
792	10
1506	324
297	5
993	61
138	291
772	50
2340	176
170	181
1188	120
453	63
500	36
2533	86
194	24
1663	44
440	188
2400	2
82	50
107	95
108	42
1554	11
2143	43
307	4
669	50
366	274
228	267
1471	10
198	55
463	463
289	10
1731	6
848	14
1184	2
824	17
189	4
404	77
889	3
108	164
814	37
577	51
2423	101
1294	9
1430	100
1523	6
406	88
779	10
244	21
763	132
2042	24
1592	136
684	72
2051	5
974	97
3509	131
905	75
1000	50
3765	40
1766	211
187	155
797	74
429	61
930	20
325	374
337	29
124	200
750	11
381	48
912	74
222	18
763	3
877	191
501	7
62	82
129	40
1921	39
599	509
1010	33
381	153
760	181
500	348
547	48
2125	82
728	139
687	172
1082	138
111	28
611	73
436	261
303	400
2504	158
218	74
985	70
578	401
201	41
615	50
2814	199
413	1
547	116
2669	89
1751	16
793	206
328	92
2715	79
366	233
2656	48
4132	74
510	17
340	55
1428	137
602	211
828	202
499	94
1042	40
1692	143
945	167
69	345
3796	20
839	17
1481	354
294	46
421	61
1017	175
964	29
1515	8
511	242
2485	11
2058	16
457	44
3731	232
1941	20
9235	20
2012	33
78	79
728	115
44	122
445	14
459	9
322	28
1326	362
1476	88
181	35
459	110
1000	64
831	151
122	112
885	80
1745	31
311	60
547	13
1343	67
2017	193
533	75
165	180
406	36
256	303
1110	181
1226	50
1944	107
594	57
450	110
4139	70
1151	102
1250	11
416	80
2289	69
1614	40
1189	3
484	155
370	83
134	77
1463	19
1229	39
374	200
1123	27
78	27
241	9
625	25
3260	4
183	80
139	480
3282	84
1213	127
101	32
5286	254
842	21
280	54
473	99
187	273
1103	30
95	92
1223	225
401	78
718	6
138	17
2225	73
1331	7
1242	81
837	599
1111	74
999	17
4257	161
4175	36
373	47
2443	115
536	8
333	109
1703	113
881	119
3160	264
107	86
1952	106
704	337
1193	117
1135	144
94	120
503	10
1530	119
161	170
1034	53
365	6
1618	129
664	209
631	10
243	25
538	91
1956	37
1435	20
302	10
2070	12
1494	30
1578	84
570	332
1703	177
988	8
1406	135
685	64
1428	40
440	78
970	51
1171	149
495	47
1122	260
1029	14
703	28
177	387
1965	8
104	17
1322	218
254	2
2863	30
158	17
908	24
123	30
541	72
384	225
818	20
1101	112
4104	113
2131	47
1024	39
2475	242
589	88
848	116
2197	57
608	19
1259	28
1013	26
316	48
329	82
91	61
586	20
742	12
87	97
662	28
340	135
670	35
227	22
443	16
321	157
140	307
3553	46
722	24
1244	83
782	127
162	33
1076	102
235	84
1411	54
1471	70
742	125
495	128
1473	16
635	35
296	61
246	119
1011	204
919	162
73	103
248	47
1247	88
85	75
1403	311
1256	52
482	19
152	361
216	97
117	130
1064	111
1080	3
761	291
884	170
370	40
2050	241
418	7
651	60
806	94
164	53
216	12
268	47
394	127
717	2
71	59
594	429
886	127
952	59
1636	53
502	91
262	532
1802	25
1257	89
2206	341
302	108
1129	71
120	127
1269	19
465	41
1647	21
544	6
609	11
213	21
2063	463
739	73
214	23
1859	9
200	80
2530	67
389	79
482	25
314	60
350	7
204	108
1591	178
4122	274
114	3
255	49
2573	143
1424	206
586	106
747	218
710	122
93	6
899	334
88	44
3093	52
1368	109
77	220
1352	59
750	149
594	28
1373	40
235	101
1473	373
79	268
366	52
358	21
1423	19
1609	98
1808	26
378	90
361	263
653	28
1242	103
865	185
468	10
439	66
2801	4
2173	216
511	22
290	70
1082	208
665	66
689	55
2538	4
1948	44
161	343
3130	287
560	41
157	147
743	267
187	68
639	8
302	27
1032	80
1366	104
403	649
1000	193
535	28
3038	165
1496	117
2596	713
2278	88
560	162
86	144
1103	123
497	73
151	27
1014	8
1099	139
2655	168
205	77
156	7
1116	20
2970	139
782	13
2027	18
1024	127
1871	107
209	158
411	93
3839	219
272	51
1481	103
100	77
522	15
4292	19
1902	220
2503	21
806	268
1033	175
2567	29
1214	5
2279	41
350	38
256	20
1780	164
494	49
3346	120
1879	108
397	296
1217	18
228	24
560	13
241	81
305	98
4826	28
668	74
1811	409
603	3
94	33
582	19
608	279
882	1
408	33
214	10
1137	105
345	115
660	27
30	18
3109	154
2429	259
1990	95
1432	30
861	146
1415	77
308	219
1878	12
1550	136
177	6
515	16
338	160
2428	24
2575	135
930	53
1795	45
1001	140
925	70
1879	146
881	24
354	69
440	238
1911	31
2115	36
1223	117
2096	82
298	127
2417	37
1382	197
2160	249
449	88
412	6
647	255
1660	38
4681	19
2368	71
508	17
1520	19
2211	202
5932	69
1822	52
256	145
740	3
180	78
1647	52
5094	28
489	590
1997	58
4757	1
308	6
306	106
63	121
2593	118
2581	36
621	305
801	148
3149	49
2076	110
472	107
275	67
201	9
394	34
431	159
525	39
197	56
3853	48
737	189
3356	111
1819	135
454	7
808	49
1101	349
187	21
1563	29
384	112
377	6
670	374
1874	158
6261	43
729	43
2479	42
4071	37
44	21
1249	96
506	22
1109	35
260	23
389	275
313	165
1118	531
1100	207
2163	143
2263	48
209	33
392	98
964	186
2577	66
2289	4
1015	4
313	140
662	90
360	13
769	135
1991	243
667	5
848	10
110	83
1629	24
2687	25
2606	38
281	152
789	47
1354	64
5768	26
715	119
1937	37
964	17
1664	61
434	77
2256	15
259	117
1539	33
186	277
1728	37
1229	178
597	175
315	237
1080	33
222	248
350	221
268	169
1412	7
2843	49
1830	178
682	120
1501	377
1532	196
696	409
529	73
3396	25
406	197
259	69
619	156
465	75
217	261
1065	10
852	22
176	52
5256	9
2937	13
925	109
335	8
577	34
464	3
2850	21
3074	184
1286	431
84	28
1452	16
945	21
208	110
477	104
1693	96
264	47
1174	1
876	71
3394	52
1020	35
571	162
1819	61
626	109
343	39
1065	84
2374	28
663	23
74	23
1507	389
222	392
962	36
1395	62
188	101
3099	307
988	86
1013	16
203	63
218	362
1589	47
302	126
691	41
368	65
485	71
1843	463
1026	362
680	126
2740	87
598	43
578	193
931	46
491	64
1187	28
92	44
2679	22
2102	81
81	38
835	65
107	36
177	78
3275	204
726	196
177	165
1111	245
621	129
380	47
611	145
875	25
832	110
402	97
63	189
847	95
232	166
406	9
198	3
62	104
156	209
1407	147
1346	81
3285	19
230	37
993	127
258	10
444	101
1202	142
241	148
1746	102
203	170
2110	55
630	40
2971	164
399	57
543	429
1079	206
1218	44
821	21
566	45
160	31
96	215
493	17
1227	71
624	215
755	8
68	18
215	16
2064	20
1066	295
111	163
839	9
2362	293
2042	1
1256	16
288	166
127	41
764	55
427	13
4357	26
2561	6
207	78
162	183
278	102
752	221
164	32
1217	33
118	180
3493	18
1512	16
2033	76
1519	24
261	25
2150	47
2535	133
368	111
1611	236
1886	60
178	84
1500	204
213	35
729	3
126	154
493	142
310	76
147	91
3972	122
583	40
1079	4
70	83
600	46
725	260
2229	257
1037	546
470	40
1092	2
1289	5
666	67
406	4
1918	1
1580	63
74	276
2301	38
175	383
490	36
310	47
74	15
289	15
768	52
3759	12
955	121
265	125
1291	41
386	35
1403	62
1969	103
1558	213
378	40
176	5
458	9
2990	15
2984	14
601	28
1557	40
73	32
285	317
2007	139
2244	32
84	532
1129	256
1837	10
380	168
631	203
413	295
1214	344
122	23
536	10
1371	3
406	61
646	23
1471	108
2627	177
403	129
837	333
673	14
374	75
618	89
254	18
704	213
170	30
802	148
314	101
1145	88
108	43
335	24
196	301
1029	113
422	19
2618	140
2753	46
770	253
2079	30
338	112
213	129
3424	1
1115	155
1511	58
781	28
876	208
500	114
210	190
1741	170
716	13
1407	84
1542	8
420	141
41	16
186	18
149	21
1820	123
1012	124
364	1
313	186
150	37
4216	27
1121	195
1881	6
588	181
805	267
5646	88
439	97
1780	7
1855	256
742	31
1029	123
1077	18
784	100
132	9
186	41
4513	96
319	7
733	11
614	373
170	2
1294	177
3198	86
2781	309
545	132
470	55
743	42
865	25
425	5
800	1
432	5
1777	8
834	64
1398	47
1273	544
707	82
376	186
3399	2
1135	93
3855	130
526	192
252	18
43	103
2223	111
898	220
317	16
1081	57
1102	87
1216	459
3800	29
1312	98
1806	145
94	70
2703	62
911	123
1357	34
4813	41
85	59
2025	161
551	5
2847	82
573	29
497	336
1506	281
198	59
260	81
1263	34
382	36
1784	2
1612	61
5616	32
1152	2
226	23
1154	56
2121	63
3224	328
400	1
2077	307
1545	69
443	140
1636	177
469	199
173	2
904	21
678	40
3170	100
1510	37
380	1
1962	116
154	481
377	1
467	27
431	67
365	122
2465	124
835	464
1155	117
3195	7
604	79
771	229
348	10
1106	74
385	58
329	31
1088	25
910	3
781	155
2702	30
537	319
851	37
1038	73
614	113
439	75
1943	76
339	62
642	138
202	38
284	134
268	80
1337	397
2453	30
1717	76
4600	133
1692	280
721	58
814	10
1398	40
411	76
1030	95
3039	20
524	4
562	113
178	18
339	148
60	28
421	375
971	1
2242	123
606	77
2403	179
1442	67
1401	63
310	51
2660	16
136	69
2397	43
760	49
763	138
844	34
2368	21
427	79
838	62
269	394
221	77
2722	229
58	195
65	63
1160	51
1073	71
102	35
564	94
1887	71
2528	100
463	27
153	1
1573	47
7017	55
998	99
653	31
1004	101
963	37
440	327
269	44
496	39
170	46
873	33
314	1
366	8
245	107
947	157
566	22
961	177
674	29
748	91
1687	14
1394	78
321	103
539	14
298	121
691	76
157	21
346	5
927	40
1360	120
1022	103
1105	91
166	79
3643	79
271	158
1255	22
78	54
497	74
1117	35
220	364
509	311
164	31
3994	218
676	9
126	169
1447	58
3288	52
2270	75
842	80
1604	160
1260	73
1840	38
2557	53
58	5
484	117
1137	190
825	9
416	17
266	14
2150	24
1015	64
1989	64
1816	129
1139	506
2670	132
969	299
371	75
413	160
153	270
200	122
199	20
251	3
2458	50
2855	35
3209	549
199	42
423	195
414	13
632	53
352	136
3500	257
1095	295
998	111
1644	20
2179	83
826	76
217	202
1326	24
123	149
516	10
1776	29
116	177
577	292
186	8
539	184
866	68
2439	44
116	39
1370	94
1046	57
558	137
551	43
1874	222
579	290
318	105
1712	42
318	5
973	57
708	7
1649	111
3429	11
1317	103
1018	66
180	121
651	89
433	52
659	49
3174	196
1638	45
177	60
475	131
232	197
732	1
1620	100
172	294
322	28
1034	6
1995	59
2402	129
507	165
587	43
2980	89
674	118
725	138
1744	79
538	100
116	5
112	90
440	137
393	42
1491	29
1628	11
641	39
1580	23
588	206
1458	25
919	3
253	250
3504	132
5269	109
635	58
2229	64
235	55
272	140
695	221
2745	109
613	293
746	128
1368	95
401	7
1078	332
281	320
1617	69
121	3
227	4
505	51
165	88
468	124
691	130
2464	60
839	59
1357	47
161	144
1099	100
291	110
645	55
638	89
1648	387
186	52
848	127
257	330
636	29
1545	67
694	108
6346	59
108	66
513	66
2006	85
2041	73
480	34
208	47
787	27
305	274
250	146
1146	180
315	139
358	141
118	211
1253	195
1110	139
374	61
800	260
851	196
246	129
240	209
1763	113
263	21
1755	145
1452	38
967	36
237	7
1431	123
3103	286
279	113
1607	44
862	354
684	34
1545	27
482	454
1255	326
228	95
2923	87
402	96
1030	73
1093	53
148	94
432	129
93	312
1412	103
658	113
675	44
339	64
949	15
2260	28
580	138
2455	41
2733	126
703	1
90	364
1469	4
1074	510
646	10
450	69
366	114
1934	196
198	59
860	155
814	74
2322	383
2519	197
3181	4
4565	353
731	24
411	81
2966	18
113	58
831	5
223	66
477	129
2698	108
99	94
1363	5
714	382
167	35
433	259
1551	176
440	13
2607	9
767	612
201	72
122	40
432	219
1140	10
3044	23
466	2
397	32
160	15
2293	77
590	46
1792	165
1625	43
714	33
1208	55
144	113
437	59
948	85
1036	109
142	207
424	215
2716	72
563	60
1998	224
2837	55
967	245
845	66
299	79
601	135
900	122
559	83
1360	7
941	79
594	57
761	80
1026	146
184	369
215	112
3568	48
1188	67
3339	16
1837	85
628	26
1095	29
2122	208
1624	110
376	150
605	344
532	8
1988	42
490	17
909	216
497	48
698	130
836	9
998	95
241	58
361	352
605	20
1133	38
866	53
895	242
218	13
1126	220
87	223
106	47
119	38
804	28
621	96
504	238
1557	52
2655	82
1932	2
154	15
64	108
660	50
540	49
219	342
143	66
349	171
110	30
836	9
80	131
839	26
943	121
173	133
955	24
1630	54
2323	99
1289	49
1863	37
643	248
296	241
885	32
1117	35
430	114
432	85
203	121
1126	37
2377	193
778	5
537	306
112	136
987	120
466	284
236	3
125	93
3537	10
350	50
1655	230
3384	44
141	6
641	138
1059	170
775	52
1143	66
1089	15
645	48
58	95
1595	93
1532	107
537	72
1613	36
445	105
104	14
224	44
1312	105
423	76
645	97
694	28
1681	33
1589	113
896	38
971	346
1810	22
2172	71
587	36
436	22
597	3
3068	208
1130	116
466	48
379	37
346	25
268	42
565	51
3210	100
438	448
454	198
392	178
2446	68
1898	96
582	14
2003	26
1025	139
2129	128
697	151
600	67
111	41
235	91
855	150
1372	121
304	148
228	1
231	344
1063	61
927	83
372	310
1548	183
120	34
214	210
460	13
314	52
1369	31
573	194
197	32
1762	29
2201	177
3309	20
2249	93
3241	68
946	99
402	50
1619	116
428	45
505	16
1030	6
269	95
583	32
1165	256
1167	256
1423	164
182	17
275	170
1981	24
662	193
1328	62
615	22
596	157
697	17
1047	12
1129	29
329	29
839	130
1434	11
78	84
4615	70
159	24
1864	105
88	248
1033	65
7383	228
97	57
125	213
2639	158
384	46
1900	6
1165	190
437	269
2147	41
1525	155
84	74
790	57
716	72
575	328
964	19
2538	103
874	155
303	36
247	8
1103	31
149	259
1906	8
730	275
548	356
871	22
2546	56
2868	488
2733	161
379	123
104	41
173	111
335	66
612	92
74	61
2634	30
1182	119
1325	1
1201	97
446	79
135	18
466	99
441	19
426	233
340	47
490	27
115	42
389	112
236	187
2299	52
285	92
2121	100
3040	270
370	100
1289	42
69	25
449	81
172	165
1710	51
313	79
3744	52
1107	212
798	112
532	270
64	118
1410	7
196	103
560	59
5426	26
1564	102
495	90
941	18
872	5
830	246
460	202
2141	48
234	9
69	105
398	27
325	68
1593	57
616	18
2682	63
183	44
96	2
1860	31
110	34
1482	229
1000	44
1279	216
462	34
1200	81
491	43
218	132
2326	24
61	42
819	91
207	191
842	21
221	182
235	4
602	1
598	247
336	7
356	143
1885	70
2090	17
1199	272
399	12
124	27
710	114
1141	111
201	48
88	173
1008	363
1010	225
1100	233
1075	101
653	137
288	89
255	164
974	351
1143	58
514	176
3139	67
1065	136
174	70
569	60
561	175
276	113
2165	4
173	102
1028	20
866	114
3144	13
867	32
1121	157
1455	37
1762	139
259	56
538	52
1433	126
229	30
971	208
2321	120
945	35
1143	152
664	126
3638	277
4680	142
1075	121
619	33
114	56
274	4
1854	6
371	38
1020	42
1677	94
537	65
1101	3
583	32
503	56
616	56
1457	12
2020	3
60	370
826	121
246	312
2216	137
849	2
230	12
1503	71
1884	4
1333	93
1606	95
1001	8
1513	26
1870	35
899	110
343	101
1357	29
2216	30
166	16
363	47
6361	56
548	82
631	68
138	21
980	66
1035	35
2360	40
264	58
80	31
500	39
819	8
289	241
234	13
2038	23
515	145
867	40
620	28
1530	5
380	438
440	172
82	98
840	153
1451	77
1063	252
1215	8
1727	69
543	5
946	117
2268	124
1289	147
2261	197
1583	202
1205	78
1081	4
549	16
737	153
981	132
448	37
2778	104
368	22
100	22
388	322
532	86
851	47
2437	17
79	11
2488	31
499	52
2580	299
217	47
177	103
718	27
383	208
126	109
1137	31
1392	149
139	83
1008	89
285	138
692	15
776	115
446	17
2044	87
4525	91
205	140
540	10
1408	71
1347	96
1942	76
737	299
993	7
710	252
1851	33
324	88
1667	123
704	138
1790	12
339	7
235	41
506	197
1118	14
419	211
5096	4
72	36
354	51
3902	29
817	38
2607	28
1653	38
339	98
63	222
2498	375
152	8
2299	43
646	109
947	78
432	104
315	345
542	47
317	284
962	10
118	36
191	64
122	95
340	132
1964	90
214	190
3646	80
1282	76
185	98
1596	372
2783	22
857	13
1440	150
326	7
154	25
434	284
1212	163
368	261
1518	15
1044	68
2081	69
604	24
2169	301
172	37
1689	89
493	5
902	304
1313	160
1356	118
735	50
898	148
1530	98
821	40
604	194
635	32
2396	156
3618	113
489	151
160	82
1656	369
1144	25
2636	157
1014	148
234	213
643	29
840	48
1095	154
162	192
1100	4
752	204
1927	2
671	46
1074	348
391	182
2397	288
443	1
2191	33
3045	117
1854	30
255	109
374	6
2407	86
1685	8
456	193
92	21
724	31
423	356
1987	38
2958	9
607	180
1040	12
669	1
2008	42
627	100
1409	110
496	73
112	21
155	59
4017	123
154	6
973	15
198	216
213	151
165	28
2626	47
597	75
170	34
93	59
761	73
814	99
1557	165
2130	59
1348	14
385	254
288	132
223	15
788	106
881	15
366	132
255	11
388	351
1167	45
194	8
1329	70
577	34
348	12
104	72
997	172
506	118
661	109
918	61
611	133
1651	69
440	21
155	67
537	10
828	1
1200	88
81	90
186	126
1062	99
1470	284
309	51
1084	10
79	213
87	32
242	40
111	19
2645	23
66	44
1594	139
3647	78
526	39
1011	13
435	14
1309	100
1461	45
1366	56
106	41
294	84
1269	11
775	39
1337	165
93	15
1521	146
620	236
195	74
2203	240
5646	30
979	165
663	29
529	169
460	219
402	303
157	141
120	27
928	139
89	15
335	672
1092	123
741	219
155	33
1813	121
646	109
1225	204
236	118
477	43
1525	152
1639	33
3207	40
3018	95
373	162
221	14
2110	141
1631	126
523	49
105	55
210	26
2030	31
806	271
149	15
1070	9
766	101
197	32
1162	288
773	174
598	61
626	39
2518	89
250	89
182	118
750	19
2267	315
1323	6
1127	80
1022	164
1340	75
955	67
660	7
3328	16
583	159
287	53
2689	21
146	26
1754	94
1950	17
703	152
459	3
80	50
463	73
908	19
117	15
941	22
437	239
2552	8
461	124
338	175
306	84
2552	116
244	38
103	169
632	173
242	10
803	80
2554	238
76	70
4271	118
299	137
3090	140
291	53
1903	92
1305	175
897	79
365	32
1147	14
807	65
1596	9
71	15
1340	46
1042	88
782	174
1216	33
1130	19
470	230
326	17
231	62
298	89
764	118
500	38
261	13
3916	80
974	143
911	9
789	48
1011	26
619	43
1639	18
973	82
839	230
672	3
765	3
1565	21
558	29
1603	29
514	200
2160	230
2277	142
783	10
67	4
361	11
563	34
119	367
792	65
1209	27
402	78
41	35
824	142
2829	15
77	443
573	362
1127	92
1027	356
2226	166
278	305
2185	11
359	67
1573	9
283	72
2401	122
1075	19
324	94
112	22
1782	161
1101	23
183	114
60	298
1456	6
1498	56
878	95
998	106
314	25
716	33
475	73
634	13
1530	74
165	6
567	136
460	5
350	18
2624	81
469	74
1903	68
129	327
261	453
894	235
476	96
443	124
2489	138
67	90
836	35
884	221
853	326
372	97
3804	279
320	121
1731	23
8722	17
87	5
86	20
2156	8
2004	11
1613	169
553	106
709	62
899	43
1303	147
901	342
1464	214
236	40
1243	5
954	59
154	14
355	130
136	39
460	52
148	149
3725	358
3710	373
4836	28
1006	30
426	49
73	162
1287	121
254	223
161	53
72	44
1264	191
1326	87
602	70
976	49
1197	128
2697	321
1313	116
787	148
588	103
2423	101
1338	48
2509	10
900	96
668	389
1184	242
592	50
469	266
2401	371
1156	74
1348	176
820	60
1102	66
112	10
512	56
84	79
1986	106
489	199
950	14
1124	57
1097	155
2253	15
366	23
765	13
478	108
1162	83
597	90
248	28
214	28
301	148
607	155
552	40
716	242
898	15
3881	14
1276	2
959	333
413	160
1019	19
859	33
2665	56
51	5
1076	43
439	97
1723	58
195	106
103	211
3186	113
1373	86
2352	93
347	239
334	91
447	3
2663	102
737	25
229	29
61	22
2745	99
153	83
2361	111
448	87
2177	76
471	31
1779	80
626	102
249	64
1088	347
662	13
186	334
81	81
1264	176
137	100
112	1
854	123
519	186
2293	257
373	302
172	96
535	9
745	92
1105	10
4733	29
604	70
859	58
265	57
231	23
1159	41
1486	6
268	64
1183	10
741	171
2068	64
178	140
216	99
4716	9
202	16
3197	140
3195	67
298	80
1215	44
1585	163
360	7
701	224
926	39
553	16
221	53
2196	127
789	4
3859	65
1196	96
2130	16
164	306
617	102
1143	31
789	134
328	73
513	36
493	39
338	109
336	25
103	114
959	10
868	11
553	70
226	32
355	17
2724	19
692	271
376	167
2509	62
206	60
207	31
217	90
1417	166
1970	17
1317	247
1803	93
189	65
753	61
5702	33
1203	145
352	107
185	168
1282	16
1700	5
1246	38
247	149
378	24
502	63
2422	142
3288	38
807	221
568	20
319	41
1671	264
738	44
2923	4
720	75
521	78
3888	98
103	25
474	193
507	25
1660	58
1683	37
3023	154
1835	85
3210	42
998	31
107	271
692	120
252	66
767	5
1452	337
688	5
807	18
2530	67
3899	67
646	163
1443	253
221	23
397	57
546	118
744	11
204	32
1294	33
157	70
674	110
2122	98
1095	15
224	94
2180	122
212	16
898	26
494	44
1139	125
707	109
287	108
286	80
771	58
329	140
348	145
1550	4
578	47
751	282
220	136
364	29
539	15
1967	60
315	493
634	75
435	8
932	91
1115	9
139	175
168	23
1850	158
1596	69
228	122
5044	28
189	38
270	128
1161	422
682	63
344	416
112	113
1961	43
728	79
930	5
574	79
432	106
824	10
3143	78
939	48
312	115
264	424
544	467
333	243
1142	55
1301	761
343	157
806	75
408	59
1810	33
395	40
385	128
160	81
676	198
205	49
616	288
309	287
165	32
2793	50
1146	49
4260	142
673	48
599	192
1901	752
806	111
259	17
2249	174
228	6
496	306
1096	13
1828	38
559	277
203	183
2183	53
195	7
1371	100
2069	27
524	251
1032	62
1936	157
2752	19
660	162
506	24
1575	332
202	151
344	309
1759	197
1435	170
1495	55
3942	64
1559	50
476	44
1563	75
976	316
356	60
2076	414
307	115
300	135
928	212
33	59
1548	192
1052	563
689	97
203	347
1677	167
2620	152
353	61
2789	247
229	374
3185	21
1338	368
488	34
2038	170
869	31
931	119
419	205
1934	76
273	126
305	29
360	59
1291	13
1987	435
2458	426
883	138
1164	30
419	38
295	82
794	417
614	70
1574	33
640	66
333	9
1889	30
163	81
4225	20
57	91
1361	22
637	44
274	45
2161	37
899	138
325	17
909	42
757	107
1241	77
153	95
1639	319
1472	112
1925	6
1060	16
1301	97
537	167
185	22
1522	216
276	51
271	164
2639	91
228	80
1308	97
405	37
184	100
1022	61
330	20
1038	126
2723	247
76	123
285	19
940	40
768	29
477	44
3106	19
650	126
78	177
1289	19
817	118
2168	38
178	85
829	214
253	43
83	67
4313	35
173	18
1387	47
430	19
91	37
340	84
1251	42
176	165
878	63
358	84
223	70
283	38
939	75
698	8
53	210
1315	226
891	188
88	102
197	110
719	217
5873	4
1882	27
844	7
421	82
2170	95
139	74
1143	185
1656	88
490	105
1424	25
1088	93
319	123
1896	3
720	166
390	112
521	54
1166	329
1765	58
680	72
71	68
511	123
1386	135
5182	80
1476	195
375	208
123	17
2008	74
619	60
1080	178
163	74
667	52
197	9
1569	440
2846	74
333	42
153	27
2250	56
416	25
1078	499
1090	155
362	59
315	7
1890	147
1484	41
408	419
976	27
720	257
40	4
126	159
163	135
645	6
71	56
338	228
260	54
482	109
104	124
1928	5
713	42
968	10
463	9
120	68
116	96
997	65
211	90
1698	73
1640	3
1829	163
966	74
1009	56
1233	49
3087	35
142	51
1487	26
321	173
346	206
2514	154
129	201
1121	59
758	84
161	106
387	219
259	123
2593	8
966	48
665	320
628	37
3360	56
581	72
750	3
611	2
1146	22
871	45
361	95
478	250
368	97
1783	121
1299	93
313	20
1283	28
1256	105
305	6
1200	59
1278	19
639	11
1135	52
877	1
1209	487
1356	156
793	27
1174	302
566	438
194	71
1238	17
3235	250
295	139
481	56
1215	18
643	32
198	141
351	53
533	3
519	10
725	3
76	61
324	196
291	271
748	191
4207	147
556	279
1443	149
1661	26
1057	306
1074	325
975	25
1374	31
3167	4
1076	225
3265	267
430	45
618	72
140	4
760	64
1841	27
1678	132
569	151
1002	25
629	20
2119	276
227	100
1179	92
2480	58
603	180
676	8
1335	6
1850	32
776	174
2419	35
1015	53
3275	50
412	321
202	64
311	22
2865	31
868	322
108	63
328	35
434	180
181	108
1516	150
2593	173
46	122
2056	61
1540	284
1163	32
168	32
806	59
2058	72
334	20
230	330
1781	87
2619	27
78	38
123	169
2483	27
716	330
1254	155
2583	59
344	253
1249	35
641	12
1062	16
274	31
889	4
1375	117
468	9
384	3
429	34
1254	5
535	38
125	242
525	16
495	156
4058	95
1239	151
299	40
453	84
96	23
158	186
107	184
384	111
184	2
273	410
670	95
161	87
2632	186
2509	61
1195	329
1806	76
2599	37
1444	120
438	6
728	27
3930	376
527	147
1040	1
495	10
947	255
2265	242
65	49
1807	166
148	12
959	84
542	115
1993	15
901	40
2192	358
787	177
429	58
88	313
1214	58
2494	80
3694	2
139	554
262	110
425	48
3130	343
1680	99
1491	99
720	66
120	37
482	1
2378	254
1001	31
574	16
733	12
1174	84
108	67
1472	83
319	279
455	352
506	32
742	45
723	57
545	9
847	260
2612	2
1600	170
1671	28
622	59
730	94
195	3
682	143
142	38
1224	37
5397	7
405	82
920	102
565	345
2679	252
564	261
305	5
1464	73
162	176
2323	123
2523	77
1278	137
1200	96
1418	50
130	106
626	143
485	174
136	39
613	41
1493	198
1238	149
876	11
803	69
68	1
71	98
301	9
461	47
487	54
343	65
2763	9
879	25
2297	140
1034	140
949	21
319	71
51	39
365	60
524	53
2302	132
615	184
1170	176
1881	152
1240	38
159	30
377	169
213	56
62	197
130	79
1856	207
771	22
586	35
249	27
474	188
110	71
1399	57
56	153
437	12
1966	235
180	256
1843	152
93	125
1154	130
193	215
1545	26
159	70
440	4
58	63
1080	45
51	137
501	106
1834	177
1961	21
2735	120
648	284
156	16
3171	60
279	49
3361	92
2442	30
163	64
198	445
806	28
928	359
1377	83
503	189
53	19
682	54
1375	84
1518	135
1134	163
659	16
52	171
1120	265
1405	26
2597	248
126	269
2555	27
302	68
489	9
1022	227
353	77
199	103
314	106
1481	134
1731	25
1232	34
1116	137
429	238
396	164
2535	5
2073	158
1462	51
203	130
81	24
852	52
3788	287
134	33
109	14
134	176
150	66
1220	96
3601	25
1276	261
1200	168
2053	44
1873	219
2072	22
1064	28
1019	90
63	55
1445	20
1124	188
109	19
361	142
1284	290
747	6
2316	67
4492	53
166	62
112	179
197	63
1970	50
1468	53
446	120
1083	38
1833	293
302	312
1261	33
2987	80
541	67
884	15
736	28
1021	98
2982	444
175	304
912	141
533	149
176	126
747	69
818	30
937	407
812	46
468	10
1075	15
1509	74
853	171
989	2
474	35
964	71
1336	65
726	106
4158	222
1856	48
524	39
493	156
920	85
74	35
525	39
141	100
1236	161
794	81
1385	22
1175	105
997	58
1187	44
1197	6
836	122
613	76
1376	16
107	52
771	42
192	4
1873	166
1589	5
781	23
234	68
3379	242
122	119
1372	190
65	86
95	141
2491	20
1072	172
1442	319
1040	1
884	107
2698	123
749	263
201	29
628	34
139	201
1520	21
2206	122
216	131
1060	13
5193	222
651	8
64	16
1736	60
1123	20
1006	6
2551	126
3469	64
1531	4
997	171
1282	100
663	99
1153	23
1394	298
224	32
639	38
4780	177
3567	80
4666	36
210	38
146	18
750	151
1149	266
1404	8
1073	109
449	24
2001	23
515	48
1160	118
1998	36
612	264
1875	15
1819	268
367	17
1133	78
827	155
2763	189
950	110
1405	74
1276	11
2866	113
258	36
3744	87
1884	24
1485	24
526	154
135	53
503	95
1092	368
354	163
714	85
3830	141
1301	58
149	191
2139	12
391	153
3752	249
639	362
405	46
864	147
207	222
1177	13
541	152
162	46
2245	43
3401	13
265	98
343	59
895	268
602	14
582	116
1880	108
1184	40
1183	214
124	6
814	5
934	90
2253	8
71	196
1539	457
216	12
1367	40
229	111
1741	71
150	14
187	151
359	23
116	32
541	95
1254	76
477	175
1713	111
247	50
143	142
921	127
646	116
569	105
2340	10
792	109
886	8
983	72
1089	92
1191	77
569	187
492	131
147	247
1512	72
2939	85
994	15
2372	74
3013	8
244	7
99	188
88	3
327	87
400	18
1098	217
1529	35
3720	42
1195	80
412	38
154	1
1949	2
520	2
212	44
327	94
1327	17
286	83
521	8
390	29
2147	21
342	242
164	83
170	85
2844	169
1627	37
1046	222
444	135
590	50
241	226
709	186
3634	153
1605	242
1635	1
164	8
361	26
440	20
933	208
394	196
1341	63
3387	61
1702	43
1161	5
462	17
250	46
1117	198
658	27
1282	14
901	9
451	16
1584	39
1191	13
286	205
436	72
210	1
533	163
730	66
1117	17
336	56
1745	23
1553	8
2917	107
548	164
1026	25
837	56
283	91
1091	66
487	84
721	270
300	420
1354	62
507	36
658	72
1576	95
1560	116
2086	134
289	277
241	2
388	298
4541	177
635	44
2151	94
899	11
435	171
207	18
1236	32
2513	47
3481	41
278	48
1585	73
934	209
303	141
171	96
482	22
233	76
1703	228
89	1
3581	41
326	64
1610	199
1242	132
568	211
1296	48
2317	226
3677	49
2736	1
267	112
827	87
1507	364
96	74
278	58
250	16
2727	28
220	197
1366	255
105	103
165	190
767	11
360	356
1372	269
765	77
643	13
526	34
3235	139
3241	60
1239	127
2195	70
2098	1
670	263
743	1
455	14
1403	100
915	30
1185	1
1183	94
380	145
980	124
1164	3
1158	189
1495	196
3580	25
2730	3
1636	7
761	165
257	8
1229	27
448	174
1294	26
928	66
132	18
1073	38
2810	70
511	33
86	12
3058	13
142	237
924	286
308	34
868	25
2643	76
1583	20
1397	105
166	13
483	145
1332	269
475	7
305	39
647	176
2089	85
801	281
455	62
1101	121
64	121
927	99
1158	28
1566	37
335	137
1825	33
287	47
8403	5
1826	105
895	73
2787	57
1811	116
1810	30
119	96
2113	51
534	2
1631	6
915	18
1718	28
680	15
126	27
827	29
928	109
257	170
191	53
2486	66
335	250
1441	72
554	41
1957	280
4563	172
1558	123
195	33
280	63
823	49
535	62
685	85
3794	116
331	22
505	25
188	273
392	22
3037	58
628	108
2884	59
1256	18
336	259
3778	105
2008	1
473	730
567	56
342	216
486	84
1641	105
195	194
2398	41
305	23
1272	51
1368	40
1072	4
394	59
1466	125
496	4
753	27
595	6
687	27
4144	53
1645	5
378	168
860	205
545	78
1324	14
950	65
95	161
276	55
1337	157
2255	20
108	226
3350	97
970	127
139	25
919	50
1329	11
799	347
262	202
1839	83
960	375
1274	94
311	28
3041	84
169	40
758	134
3049	226
1230	95
1901	59
337	44
104	249
337	19
147	91
2055	120
1756	79
1517	7
242	9
136	109
2803	366
953	24
245	90
3991	390
2504	177
1042	97
1088	144
843	165
5491	249
674	36
2511	71
82	15
4497	9
284	73
3044	50
396	40
175	23
2075	40
525	84
190	298
1056	148
324	87
677	36
235	111
267	39
2008	19
843	71
554	44
968	65
1130	82
337	137
168	38
3647	9
1211	101
541	6
186	102
2103	198
3332	117
245	11
429	199
208	67
1151	44
257	116
1982	216
795	339
643	37
258	12
1676	143
1297	42
1921	14
2116	162
2950	182
1010	21
412	193
777	15
729	79
786	24
614	59
718	2
1327	71
2567	130
794	30
210	12
538	212
1056	75
2487	38
198	116
952	40
2316	211
804	253
73	13
935	91
1147	17
125	360
287	16
1337	110
1686	18
494	41
206	189
647	57
1612	27
511	1
353	75
474	12
1435	50
2950	179
1454	100
1160	425
459	197
1735	43
202	231
866	112
2529	221
555	192
256	70
416	7
1493	35
765	120
4975	35
373	57
188	191
486	9
1146	41
2010	66
1777	1
227	2
502	24
224	57
396	96
1304	25
1768	129
1155	8
402	392
1198	65
63	48
192	113
2754	24
2265	47
1209	208
1063	28
3017	162
122	97
837	14
1833	34
954	50
923	6
635	160
4168	140
1070	44
537	116
2104	49
1758	233
2339	91
168	62
325	11
1106	72
596	31
1855	83
88	38
940	195
2564	143
396	43
868	100
2256	110
371	124
491	98
1037	74
748	396
1741	110
392	26
789	48
1758	6
411	83
299	96
1430	208
472	3
1458	225
197	42
1591	87
885	23
1447	29
279	21
313	28
1514	30
681	209
798	37
236	323
432	104
859	126
1649	137
2227	3
1247	131
333	71
1205	79
727	6
2712	27
576	95
223	57
251	42
105	59
587	357
485	230
899	92
2357	107
648	48
1364	568
112	5
271	52
191	1
1563	145
667	55
1943	43
810	140
113	212
443	6
395	19
189	134
1504	247
242	91
886	82
948	10
367	81
732	268
942	82
175	84
212	67
602	529
118	8
1521	73
574	41
1428	157
933	37
1724	25
441	59
392	114
1464	22
1083	184
1040	2
159	150
1102	65
905	106
274	31
490	102
729	141
2450	127
1639	233
1447	24
349	389
77	45
825	37
1013	52
330	137
167	10
100	19
6943	139
1055	7
1295	13
401	45
3194	86
463	81
548	169
167	121
758	180
594	162
965	68
1068	17
397	41
716	31
1006	249
766	16
223	170
613	31
855	273
287	33
172	247
4308	81
389	31
197	3
227	80
820	41
1085	131
402	175
2082	138
1208	143
492	147
153	137
1779	53
1225	99
505	91
2698	21
2404	86
1488	249
1606	5
1415	115
1654	3
396	227
427	17
2854	163
1219	29
653	151
616	26
1942	54
2625	56
672	218
1630	7
378	27
724	28
743	26
2625	121
267	10
2341	104
4096	418
991	51
2510	19
584	46
2361	15
2413	141
695	22
806	59
1370	42
150	27
309	191
1880	78
2643	77
950	97
110	85
405	96
2373	39
484	18
1297	50
346	23
1487	227
2174	562
2458	96
283	57
4293	217
785	28
1444	6
414	86
120	372
485	31
171	106
162	143
4645	34
296	128
224	71
748	39
1638	159
394	92
1267	117
600	21
1096	34
1003	99
453	344
77	93
2227	139
1121	139
653	4
1557	12
198	207
176	147
86	40
154	69
490	53
593	50
144	53
621	113
1973	20
622	210
2263	33
1306	27
1111	67
96	63
938	175
141	2
1528	110
1262	180
529	30
557	6
106	232
719	374
875	164
2247	104
5258	124
2215	2
1791	58
270	139
333	129
429	77
674	147
398	5
1898	123
988	101
968	13
685	34
982	82
4553	71
293	45
1121	20
454	49
958	206
857	44
419	82
517	178
1093	135
252	64
200	31
885	81
553	226
169	1
929	188
466	67
1492	26
192	156
1779	161
223	44
233	169
427	63
391	73
1878	508
2065	138
4788	11
3476	1
604	75
1559	11
2664	10
1240	21
583	31
1446	2
1596	70
6295	207
163	4
1016	7
1898	2
543	50
481	80
949	348
462	134
681	9
807	358
543	109
2705	171
4753	104
2157	74
1341	37
1042	73
1090	41
193	18
747	124
166	33
1211	44
2833	90
350	26
204	31
1338	34
148	41
1443	103
772	168
165	11
1358	119
782	54
668	42
1044	77
182	92
171	114
230	25
2524	23
1788	85
2296	142
843	63
342	7
2083	48
572	159
463	106
210	85
1182	352
1309	2
1505	3
90	83
732	70
669	2
403	3
218	8
244	127
238	52
721	112
2355	309
1564	105
1285	54
104	43
1885	37
229	32
609	230
515	171
997	134
140	175
1183	173
1515	49
3072	87
1816	144
467	2
1705	104
80	37
837	273
108	243
328	2
327	27
1985	71
1156	144
426	195
1842	157
372	179
2367	376
2771	72
309	52
467	218
644	139
102	35
2792	45
1240	122
434	501
2543	18
1285	582
1315	59
624	271
3781	44
1319	108
3468	43
523	234
231	369
320	36
123	188
403	165
1374	30
1554	46
710	17
1113	7
510	64
496	171
364	46
612	4
2454	62
485	2
579	37
974	171
2143	44
572	152
1772	67
1310	177
1062	65
491	143
75	74
61	46
587	199
183	164
1623	18
510	181
1191	40
1679	51
1177	39
2309	4
1954	164
93	75
198	40
276	149
201	34
330	6
390	68
1035	31
99	10
1394	270
223	109
481	64
1095	48
396	28
1855	102
1278	48
1552	62
228	276
2354	285
256	11
273	48
2489	120
1139	204
1384	309
2328	222
992	38
2215	4
1853	104
1128	102
1202	30
953	16
2338	1
227	146
918	104
316	135
195	291
108	19
1020	46
1812	585
732	87
361	52
1082	163
2751	91
151	35
614	341
977	119
2203	35
1462	86
261	42
82	104
729	24
130	81
1081	55
1628	75
680	13
396	126
1461	79
290	113
513	117
459	213
2089	82
3151	10
232	69
2626	119
297	76
2991	114
2348	58
3702	6
3571	79
360	240
407	1
390	326
704	266
752	293
984	19
1079	18
142	4
1234	132
794	89
719	56
742	10
210	225
1039	76
1148	27
108	8
6366	57
139	51
1377	94
487	2
329	34
1798	227
286	92
674	20
739	95
1348	9
996	132
2395	50
3697	280
1875	1
1075	159
418	18
2048	69
358	53
4617	97
871	273
247	334
81	234
578	112
1650	79
422	51
159	54
515	92
492	202
1008	121
868	141
1673	84
118	26
1139	30
471	22
735	13
1261	49
954	349
772	6
89	32
220	191
2615	25
602	241
1438	20
617	57
755	103
605	73
1001	30
654	46
713	3
141	78
1057	123
2229	88
898	30
1360	1
762	88
1250	124
1623	146
1336	53
494	143
668	784
1236	216
120	124
634	45
402	118
4840	208
574	11
421	269
877	53
1835	242
2097	111
2913	125
311	5
161	16
1188	50
3945	39
89	119
853	21
52	149
910	8
383	3
455	81
242	463
260	369
481	75
1615	30
244	73
1292	17
1384	105
1312	137
334	16
115	72
280	40
472	27
2477	64
885	113
499	73
2462	42
264	47
354	449
682	33
206	21
397	236
2322	35
166	7
829	2
202	200
489	48
188	17
924	26
236	20
165	15
179	21
1992	82
1723	39
363	136
1489	94
353	542
474	25
284	13
647	48
1278	66
74	2
1621	79
850	207
270	79
486	118
732	59
859	25
770	56
303	352
4215	207
386	75
618	80
3271	349
1449	28
2735	66
560	131
221	37
1423	145
1916	174
305	126
3118	38
305	62
3567	134
558	62
1114	224
1250	37
437	364
287	15
49	16
559	21
311	18
2175	13
1530	41
782	84
2202	106
2591	42
1134	35
447	75
2286	51
205	27
1145	29
43	97
152	121
1844	225
55	20
742	230
1317	13
3490	278
394	188
131	292
975	46
537	7
2252	75
1782	79
492	109
875	43
278	49
683	129
1396	28
311	80
2396	60
100	10
1606	111
1915	31
1193	34
3444	32
4085	12
136	65
606	78
726	54
2621	37
1581	59
334	51
1757	2
2357	80
726	11
123	56
504	58
1195	62
340	93
409	266
749	110
673	135
1172	160
487	24
119	5
1836	29
264	41
1588	141
416	73
1639	208
734	109
384	72
481	61
459	46
601	4
684	48
469	27
4050	234
375	64
3232	99
1011	235
473	16
297	98
78	67
904	17
166	107
152	1
339	317
2639	27
206	9
2323	98
2182	50
2056	163
3852	283
139	196
934	202
1342	35
1638	306
866	111
3453	103
847	22
3592	59
1669	47
1118	53
1921	243
1481	153
214	9
169	160
368	15
935	23
887	40
614	129
305	133
2664	275
1024	59
1125	80
535	70
2166	53
942	238
216	35
325	60
501	103
1620	29
949	44
967	116
157	44
1593	138
282	53
243	84
264	147
2766	163
1001	39
861	19
2070	18
968	111
614	26
209	46
1440	25
280	521
1951	154
271	140
400	78
240	19
777	59
1218	14
261	36
435	41
476	250
1947	78
1551	154
1380	198
338	3
574	45
894	348
297	77
1512	75
409	52
115	119
1260	20
779	118
514	34
443	11
177	146
206	329
1435	8
507	467
206	78
84	274
125	260
4462	89
239	314
2284	3
2066	558
1809	187
136	173
322	26
1576	68
715	68
11720	84
267	118
317	327
2885	299
1037	40
235	199
939	25
259	96
1394	19
267	145
906	28
189	16
2064	90
54	68
608	279
1011	5
534	34
61	148
1174	156
1005	82
988	16
372	175
4992	44
291	109
452	51
1078	309
172	147
781	92
175	183
3250	244
2056	166
2533	28
176	12
1656	92
2961	126
1217	4
3651	62
2016	229
187	15
2423	67
1782	39
1597	284
82	119
1433	339
2274	35
133	70
655	19
1865	45
1186	116
2286	165
2313	151
952	225
558	127
439	17
299	217
117	52
2462	101
373	189
1443	184
639	441
1353	14
2354	20
521	81
951	44
142	74
117	134
467	93
1341	78
642	130
438	30
2135	155
1155	76
1349	10
977	12
914	64
593	180
200	184
709	141
1905	171
486	49
1985	4
1526	12
381	89
1015	50
286	137
61	30
418	16
712	196
144	136
4140	4
241	36
298	77
1210	101
684	71
1700	348
791	90
280	8
308	24
1089	181
954	45
3722	77
163	140
51	97
1656	167
217	154
1435	183
217	179
1396	5
638	370
917	144
2111	108
96	139
4031	32
671	63
1887	73
189	9
785	77
558	36
373	35
418	44
2050	34
2178	180
613	53
258	86
1951	695
767	98
390	14
500	33
2637	153
582	252
667	42
2174	128
198	99
198	49
1059	6
3246	123
744	69
2114	45
1615	33
99	67
1036	40
463	13
371	28
1328	162
1846	1
253	154
531	80
526	65
185	35
968	203
1223	221
955	54
2853	78
277	147
966	273
1039	11
1244	7
2794	63
952	4
2799	88
4371	13
4372	93
895	27
771	197
621	80
1437	31
154	234
464	194
113	314
2968	67
3072	13
121	89
1078	86
808	20
340	65
2453	26
176	110
133	86
1769	218
138	67
1771	21
251	47
103	13
238	74
1043	47
3084	207
844	41
2464	230
478	49
184	48
530	7
147	129
322	83
208	6
405	51
348	86
1662	56
320	22
1326	75
537	8
3188	35
3167	36
943	179
953	48
756	30
82	68
3847	31
348	4
547	322
1655	7
430	45
1069	1
4038	24
769	95
911	168
301	64
1112	24
1765	15
2019	25
261	162
288	106
1349	159
2434	84
1783	236
3448	184
1506	13
133	73
51	2
1223	315
292	110
75	18
211	132
601	38
1085	74
250	60
57	374
500	92
1327	257
2403	120
469	150
348	29
1424	94
231	45
222	131
380	149
1510	14
248	61
2385	64
1171	158
1477	56
564	121
362	500
947	36
384	66
1853	61
1034	120
72	40
1165	140
695	147
2146	43
2596	17
232	49
1832	126
689	54
2268	24
240	87
853	106
383	22
476	135
904	58
1535	32
350	11
244	33
335	156
2383	61
856	105
540	260
712	323
277	124
1176	6
402	39
1819	26
147	112
348	66
1466	28
1692	364
241	19
1053	32
2030	169
238	36
410	2
1762	63
2760	267
96	19
1564	44
4540	56
4623	208
544	84
1046	187
1077	50
1687	443
403	477
1223	72
864	46
2076	230
3545	146
415	355
1995	46
87	192
2490	31
668	169
182	3
3039	6
533	173
2468	37
2227	41
343	129
2085	110
75	264
2010	6
703	32
464	170
575	33
350	30
2546	36
917	56
410	3
283	11
3165	106
85	145
888	167
326	21
666	86
1695	171
220	31
1559	56
310	17
174	24
291	34
504	12
773	157
522	6
980	22
841	75
556	61
809	248
913	27
1475	2
509	57
431	222
426	141
303	35
2820	157
338	36
1075	34
1396	277
2972	8
3387	17
900	692
1549	68
124	94
1973	134
469	50
708	176
167	137
1213	60
471	175
355	58
1022	160
564	79
2565	34
1081	50
1384	119
633	4
1120	37
265	44
105	89
1178	35
140	165
455	6
1039	27
1370	10
353	87
905	21
1196	125
1217	16
1644	237
3044	193
215	407
59	336
618	399
797	177
2429	44
483	76
272	6
4373	5
107	268
1157	367
697	74
582	29
611	85
903	103
2319	128
981	16
84	309
2322	147
2497	47
244	158
2126	63
610	19
1017	10
1263	141
902	69
1641	132
2892	138
566	27
347	584
1603	269
431	22
600	138
1279	170
354	32
1013	61
152	186
7508	25
1159	28
957	59
1682	92
1248	8
2669	15
1235	8
64	100
1173	229
494	297
240	27
641	30
147	95
296	113
3497	107
200	125
1792	205
2918	78
884	140
1952	73
1791	9
645	101
1022	77
1970	110
371	76
144	78
763	197
70	17
237	85
572	18
2104	49
646	26
2656	110
934	131
1105	57
269	115
868	112
115	30
501	25
1342	104
140	15
291	94
1391	24
364	15
4153	38
1972	230
1599	13
329	131
217	7
830	130
388	184
952	68
827	30
1061	138
1202	11
105	74
1041	141
456	186
1140	12
275	370
2039	56
2453	87
77	65
2510	54
269	6
664	1
2875	62
332	127
166	53
459	20
437	180
201	329
2475	68
480	47
2778	50
266	9
1998	37
711	135
47	55
234	28
1085	109
1638	22
3256	45
1513	49
1729	94
1233	22
1103	15
933	325
3013	80
1442	7
1110	310
110	28
385	30
2757	443
2209	22
956	169
506	17
140	57
640	97
862	108
1928	15
2780	217
107	139
648	80
733	79
543	82
258	5
2583	6
1247	201
88	47
211	1
2238	327
670	16
326	20
559	126
476	281
143	12
3173	144
182	23
1661	59
1400	222
983	216
1631	75
967	169
3684	59
581	264
1085	40
554	44
282	19
2540	21
675	16
905	12
312	24
108	159
2533	47
2925	214
1481	381
761	30
1612	13
252	30
1650	249
440	13
1639	69
307	68
301	30
955	133
91	36
224	13
247	59
531	243
748	52
333	171
1368	54
2107	52
57	207
193	156
655	24
873	58
165	125
318	202
3435	22
280	120
628	76
1254	171
1136	94
315	242
411	173
142	278
1609	367
1692	1
1958	20
4732	61
713	72
368	78
5350	122
133	146
203	132
798	27
287	568
1942	222
545	197
244	34
1372	59
1348	8
759	27
2291	18
1830	75
1046	37
4416	226
757	230
1641	50
729	60
4764	250
3056	12
118	128
2188	34
1666	34
475	144
1971	42
340	175
1154	29
365	10
421	3
4176	111
669	8
760	65
840	87
2395	28
938	185
428	57
734	8
1214	111
1518	34
1071	91
2162	331
4319	145
2535	84
2392	60
186	13
2695	12
826	56
444	182
326	393
2056	101
1519	61
1932	51
322	9
261	71
584	14
1309	244
179	85
1016	29
2513	41
1343	36
222	126
614	174
505	273
1279	39
2148	3
441	49
2372	6
2120	340
195	261
867	15
451	203
400	85
165	20
846	36
240	18
543	12
3950	273
1411	5
257	455
414	147
136	38
139	54
253	188
246	4
2114	31
1930	23
2152	54
591	98
1031	52
522	42
288	120
1352	14
1338	213
458	151
1146	243
1283	10
174	134
1770	105
960	44
1050	122
2742	142
1411	51
349	43
1127	52
749	102
377	175
561	25
1994	123
2063	59
142	96
1255	59
1846	32
43	70
1221	2
5006	74
2509	34
386	14
1001	4
1389	117
173	168
1113	87
2526	140
812	33
781	89
582	388
474	188
583	30
2723	98
480	35
916	354
118	45
3853	26
355	113
740	81
2774	75
1942	13
1841	40
1204	94
1069	98
2097	505
1767	144
928	10
327	244
2469	266
1414	67
135	479
1959	109
481	114
489	108
2413	38
2662	3
647	8
1026	364
763	14
461	67
505	217
1567	64
709	108
1311	115
102	221
395	150
3243	98
717	308
1028	92
4051	55
784	99
337	35
997	56
545	60
322	143
3928	92
936	10
597	174
216	63
1855	5
1003	3
156	2
1470	78
1830	43
314	23
1796	78
1645	28
976	115
803	445
163	23
209	2
1175	41
108	17
135	65
878	115
658	105
234	89
211	211
112	291
2890	81
973	320
201	68
604	144
504	277
560	97
3754	22
2046	36
2024	1
3575	124
222	2
1391	83
2845	54
1024	3
208	261
1099	52
863	212
515	98
873	315
422	266
1103	5
1938	62
1067	101
592	146
2305	115
1084	70
1060	348
1201	95
629	406
5804	37
353	34
383	68
1106	13
2318	123
869	40
324	20
2701	58
136	33
325	8
1444	49
483	115
1760	29
1510	240
165	46
789	183
364	81
664	9
841	30
159	28
1226	46
2240	121
2485	25
1258	31
780	62
613	45
67	31
925	106
1247	73
320	19
400	236
123	51
4048	253
1253	17
654	7
404	49
436	209
378	62
307	19
1443	7
3440	84
5099	6
1212	32
294	184
1443	1
1948	261
3328	58
1558	638
467	63
729	80
154	36
937	271
2304	25
1198	4
689	26
416	32
470	291
1465	359
2112	95
2029	3
1153	25
261	13
4020	234
368	41
909	4
365	172
572	11
714	17
588	76
3694	232
1671	163
40	137
2595	56
291	65
219	226
775	89
280	115
272	101
2144	61
390	15
1111	60
2861	7
1094	125
116	202
496	13
276	87
407	188
1071	91
514	52
60	78
438	36
850	137
270	79
1148	13
310	43
163	25
89	4
1071	227
578	49
1306	103
3545	24
2048	155
734	25
48	366
223	552
1335	11
1117	4
1286	144
478	179
733	10
2364	11
281	40
687	32
291	4
1243	145
249	87
560	47
321	140
3978	12
799	10
2261	123
224	55
722	40
3533	14
1579	43
78	62
475	2
201	81
150	16
500	47
750	21
1250	39
88	6
189	214
585	7
1183	5
861	13
38	197
1878	242
809	15
1993	4
420	39
1139	168
236	292
2424	82
593	7
561	32
825	144
760	49
824	127
1895	197
1617	239
1212	27
342	9
839	49
589	100
2355	28
1391	232
2432	189
353	9
140	29
513	12
682	116
755	94
79	113
156	69
2267	142
492	3
1099	262
3664	28
276	198
783	97
241	176
522	42
1283	166
411	75
1924	225
793	37
142	270
1719	213
73	89
613	232
749	62
1249	17
245	279
373	135
407	67
516	3
702	33
437	247
3065	42
635	29
1480	54
1035	35
1534	19
601	64
677	194
915	87
944	180
412	63
379	2
2145	17
796	87
1351	5
62	372
268	28
136	36
1478	96
322	285
122	62
2244	97
803	11
96	71
2133	91
735	9
192	293
1159	24
904	479
1427	267
3169	38
74	212
1374	5
1586	62
205	129
57	17
372	139
450	146
259	140
1592	311
553	2
2477	1
1868	58
3481	94
1279	271
4511	78
219	135
728	97
74	66
2626	14
624	55
311	49
1101	22
163	79
307	4
652	76
701	354
511	23
1334	94
721	85
1023	218
1596	179
1371	22
1655	8
323	9
99	111
92	41
657	42
312	39
678	47
1310	28
1704	136
1178	23
1008	53
1005	20
627	46
266	156
255	73
442	10
1637	69
845	358
220	160
58	5
947	91
1239	365
5005	54
357	290
2355	2
630	4
1203	53
405	90
2090	24
166	13
326	78
3439	293
1114	21
489	228
89	57
114	5
583	368
901	193
178	288
1709	23
874	19
524	116
2989	77
288	82
2250	55
429	33
2659	42
1001	85
952	699
993	13
208	646
2297	12
432	13
750	45
933	11
207	125
189	219
253	15
4061	16
4888	122
594	3
627	19
784	122
1397	18
117	1
253	20
2808	126
965	25
393	18
201	158
2152	43
186	41
732	53
1233	349
291	431
1548	1
1051	298
537	48
3685	84
1127	40
1819	215
252	199
1067	171
1015	53
433	88
1140	157
576	53
369	320
576	216
1024	84
477	128
127	207
786	106
848	35
2204	8
279	9
39	187
1474	10
50	68
303	213
1351	253
106	85
1199	95
367	203
419	11
918	59
237	47
738	21
1392	28
71	127
969	84
1955	67
95	26
203	69
694	128
69	342
1528	19
659	174
648	101
1964	188
677	440
107	21
391	26
977	22
164	92
465	31
281	102
674	43
595	165
908	27
1655	71
945	114
857	81
657	171
2037	51
2038	41
220	13
1008	93
307	4
747	299
226	76
1171	96
727	188
1939	21
587	207
1982	29
3436	55
1042	25
127	41
231	40
897	388
1514	61
714	11
968	38
51	103
492	16
1228	76
329	134
569	106
638	159
157	39
611	63
1519	76
219	24
992	183
254	88
2680	169
258	163
348	253
182	154
782	2
1034	49
488	410
1009	299
605	56
708	54
108	130
1007	70
144	84
1561	2
978	265
552	12
475	40
488	5
277	6
179	12
89	29
730	166
1637	6
1435	5
1120	37
308	104
735	44
415	2
114	15
2941	78
854	79
982	158
515	34
272	206
576	59
1158	184
174	2
2079	43
1708	133
361	70
562	146
335	122
1034	76
467	73
183	220
165	39
270	9
671	4
1938	91
320	134
141	131
625	15
619	16
590	13
644	69
601	12
155	24
301	147
986	20
607	19
949	99
805	52
926	160
570	156
650	12
465	190
214	133
3111	18
2901	90
3369	50
141	108
2083	19
646	2
639	10
264	32
167	23
454	37
778	24
2313	32
2517	8
1718	13
836	123
641	52
473	305
1829	24
1629	230
2983	5
2640	129
573	418
846	11
910	73
1215	36
1104	1
72	69
268	100
880	16
1654	35
319	44
158	267
1353	47
631	143
1220	8
166	59
917	45
168	1
641	85
458	42
1348	54
184	77
515	4
1405	422
1009	167
341	213
1062	220
396	80
367	24
536	187
1286	267
1101	65
719	160
2902	73
156	29
758	90
1883	76
1323	128
1199	286
1859	13
581	9
2172	206
553	100
4049	10
2278	122
1182	55
1674	220
707	5
1252	221
612	124
1492	287
160	56
2589	19
250	268
6397	243
1546	319
443	101
1453	7
286	201
110	73
982	65
259	27
1249	3
294	330
406	78
902	377
562	107
949	107
1117	245
129	95
507	149
172	291
757	5
680	60
604	219
1028	7
994	30
1516	24
4587	58
1518	2
493	54
357	129
188	214
3277	14
718	10
349	42
1957	22
271	75
785	231
348	99
1303	53
1396	110
1990	32
696	32
895	9
132	3
221	126
3329	119
71	10
2621	40
1549	82
1675	126
104	48
327	72
339	26
656	22
2534	181
3424	48
804	69
1040	94
1003	9
864	17
1003	47
3953	64
5077	69
1238	87
376	65
1198	211
533	13
278	19
1472	212
1782	79
126	431
711	131
1279	104
1180	244
325	285
1550	348
309	138
618	185
144	78
151	61
455	271
2392	164
616	122
1365	135
297	198
5397	127
987	77
491	147
416	1
95	82
1056	365
718	152
1751	287
1222	118
172	79
345	119
734	22
1694	106
796	26
1170	67
1058	35
434	131
763	493
2501	8
76	11
345	10
3230	65
4151	84
477	81
1017	249
659	133
107	67
1193	96
1714	156
808	12
981	282
1991	125
3282	65
2200	107
95	167
2065	156
1023	58
171	63
271	10
1585	43
1223	71
492	16
44	139
765	42
337	21
4844	39
3187	131
45	85
838	18
772	5
1011	31
155	45
90	424
863	91
348	215
955	41
1155	274
57	7
288	66
149	75
994	95
3269	81
1601	112
982	83
484	291
837	106
1081	179
3514	87
1122	222
745	147
1800	65
577	56
1041	44
153	142
1219	224
516	118
2326	112
137	34
724	187
855	75
97	37
2126	261
138	222
163	103
216	152
1480	74
282	64
306	61
3147	63
571	116
1086	13
843	116
492	86
244	56
441	60
2046	80
210	5
205	100
379	184
986	12
2733	52
869	85
1083	62
1199	241
687	23
329	19
1055	170
2017	15
99	17
1960	71
964	20
734	29
525	115
1416	21
532	27
1178	150
100	188
382	49
119	12
112	162
2488	45
1007	21
1095	93
2039	47
270	318
1304	81
1478	8
1057	22
556	34
1066	194
582	36
91	94
2642	183
406	103
1860	63
933	57
666	68
130	58
996	461
864	189
1529	105
575	104
1100	99
2336	80
1507	117
491	45
391	30
1226	407
1440	157
178	89
1406	155
1231	274
83	8
976	67
2565	29
1402	102
1857	152
1068	248
547	251
1207	19
654	52
407	52
233	137
1175	83
523	241
2132	23
206	22
1127	185
1270	10
2870	30
656	43
585	6
488	4
401	322
211	103
5166	175
1600	31
349	104
1093	14
1315	110
206	172
5818	10
2218	106
685	84
1673	5
1104	10
875	88
792	5
544	217
290	239
214	70
733	140
413	63
1262	283
235	112
1835	10
1615	169
319	229
969	28
463	53
144	244
1494	48
414	141
680	94
182	165
150	96
1070	21
1731	120
2775	125
75	44
270	138
202	14
1392	155
2093	102
953	45
257	72
303	176
2766	392
356	36
1202	24
306	115
534	130
98	5
689	54
1082	228
384	13
1519	4
1866	137
452	86
1413	49
1883	102
872	56
697	59
107	75
67	104
757	99
381	138
402	325
200	246
712	145
893	67
647	173
1387	512
714	8
459	29
345	25
1867	7
747	63
176	237
2002	155
61	110
1058	311
419	110
1119	201
3325	29
364	153
316	225
371	207
192	6
80	407
1496	15
77	36
1191	326
75	20
723	74
45	189
1509	32
703	161
53	12
194	186
1161	116
522	273
2016	143
969	71
710	310
599	2
129	166
261	26
307	20
460	9
351	46
381	80
1337	207
929	30
1095	66
79	109
337	382
488	9
417	94
1137	32
286	25
2135	128
519	59
1316	23
58	21
1073	255
42	9
912	367
377	10
139	68
570	212
6727	7
157	73
186	127
70	38
302	76
674	211
27	85
2105	95
124	64
337	6
1188	35
86	46
428	44
1756	58
80	68
799	12
232	126
643	54
1430	58
372	96
362	69
1765	31
106	42
406	10
3332	37
897	53
1772	54
159	139
453	343
2237	87
789	163
1930	176
487	54
1206	105
909	38
81	48
1236	56
4507	190
1198	151
38	2
387	36
1280	86
158	168
394	38
1698	144
2423	67
486	221
377	30
988	22
1194	99
99	138
320	20
1501	31
918	106
2447	69
505	52
3002	26
373	88
1484	46
200	271
3741	78
85	20
1493	22
1133	171
1438	83
3480	112
948	125
769	154
242	15
643	155
595	81
109	9
44	65
2091	61
762	42
3310	115
256	198
1740	28
373	137
1896	74
888	174
193	200
1386	38
273	45
2391	119
144	27
1216	13
2967	389
335	73
2438	260
1603	127
74	335
1208	60
223	11
393	116
3342	126
1644	170
436	95
157	20
2637	118
300	66
214	101
1902	13
1522	16
2989	180
3122	94
130	2
584	357
1499	29
73	39
1910	43
67	41
253	223
1370	66
2227	43
974	15
486	141
444	201
586	56
305	305
330	407
186	128
2485	44
81	20
2304	28
1135	52
4551	13
782	50
1889	63
339	84
306	400
1425	32
338	10
3996	93
1410	4
151	17
1212	34
869	180
3488	61
128	48
246	218
86	99
1224	57
493	48
351	118
1728	116
566	100
333	41
732	116
1684	31
2020	350
279	288
830	201
174	32
772	44
1236	27
2816	509
413	88
1345	63
1158	156
322	333
671	309
375	134
1164	179
1486	63
620	308
4122	331
790	57
681	46
1291	9
350	38
369	11
805	37
2349	7
349	8
281	45
436	80
917	420
1187	65
359	36
99	37
184	142
757	266
1363	28
297	155
288	17
1069	121
2159	29
294	98
61	26
2576	3
229	44
850	5
488	177
2431	84
76	114
138	153
245	34
566	23
436	203
257	19
1966	196
1423	27
782	152
2322	4
1822	187
1509	57
171	77
757	54
713	58
1273	1
552	380
2663	12
92	17
1276	163
591	37
1017	284
3268	101
1109	38
1251	70
985	20
1043	119
1262	120
1272	61
2573	290
1947	95
529	217
350	325
3805	18
556	103
226	53
1075	53
1360	4
1159	21
262	31
1140	44
292	92
154	67
79	247
427	224
3365	224
1727	169
632	61
2486	48
1113	179
349	26
1487	103
55	40
1577	44
1161	123
1341	202
78	280
584	5
423	253
434	7
3049	13
257	4
1001	247
411	90
118	86
471	554
102	90
133	137
1833	5
666	167
285	292
531	18
75	63
963	23
671	130
635	16
1480	261
4752	168
93	236
185	138
2150	28
555	3
190	21
2098	39
1330	229
409	139
630	102
369	33
325	100
458	298
673	52
1349	254
1857	20
648	86
617	104
115	47
2180	54
2236	76
74	40
354	20
1512	42
2040	3
594	214
153	45
1602	5
1542	102
757	35
245	20
238	216
771	21
544	219
231	65
858	104
1258	139
532	85
2295	37
803	3
411	4
565	53
570	367
522	51
413	151
382	166
1016	1
2034	26
520	13
2458	37
515	44
1382	26
747	10
103	68
1102	79
256	141
3223	143
2702	79
236	56
247	139
165	70
1075	53
782	21
90	25
142	155
309	100
690	12
1663	106
1365	101
996	186
217	253
407	224
385	128
265	173
853	22
898	479
187	96
417	136
175	48
796	3
161	117
2647	17
3030	12
515	56
401	289
1640	95
491	105
820	14
1096	22
749	14
462	518
1030	38
260	493
1643	108
108	85
1261	27
1217	20
916	70
82	124
646	203
1286	103
5356	223
432	39
168	79
2427	54
103	4
460	27
342	110
1625	1
1423	76
643	16
395	177
2737	4
1225	18
2238	78
818	59
231	25
645	12
3886	37
555	79
98	128
321	44
484	19
1324	72
407	52
657	149
354	192
8536	71
623	35
1616	58
1260	66
614	8
1485	10
3191	76
480	5
1476	33
912	264
397	36
294	280
636	22
1016	214
2429	82
359	15
276	6
296	40
3570	3
2402	80
1722	151
118	143
2065	60
758	29
1717	278
462	17
471	217
331	72
2803	156
869	58
587	52
910	38
570	54
529	44
1056	165
1244	217
647	39
339	165
271	325
2358	28
243	291
850	8
144	258
1299	25
2254	57
383	196
1366	52
1881	34
960	36
258	110
1966	78
800	28
2672	177
509	139
405	15
1156	20
392	51
374	121
575	258
1047	86
715	212
1088	162
369	99
136	4
1731	426
2426	91
142	46
410	44
1243	75
2731	152
1428	120
763	74
434	1
4493	115
286	135
200	324
268	28
380	503
525	54
914	115
310	36
1031	34
2473	13
391	81
2642	27
2517	93
1738	339
200	57
1783	77
2735	48
3326	334
1200	78
96	55
455	18
183	256
2096	270
221	131
705	44
153	46
259	215
2024	209
1273	90
1402	563
429	36
139	22
386	38
3029	5
411	226
228	14
1231	100
1255	220
591	99
1923	11
1830	93
1119	351
294	75
152	19
274	12
164	127
2381	31
1845	12
221	171
2239	442
444	215
908	49
1064	18
769	64
949	200
1776	29
1822	31
463	20
1067	20
86	249
466	14
1222	65
1704	99
411	28
445	29
284	95
892	120
250	161
186	9
955	164
184	229
56	111
1687	166
819	95
2244	137
3842	79
477	10
645	82
447	43
611	105
1057	19
393	606
270	2
287	91
1158	2
620	71
441	177
2708	60
1304	13
911	393
512	14
202	9
376	118
1134	20
781	115
157	5
761	26
4194	111
427	58
469	4
3309	127
1146	19
681	91
393	162
1604	232
653	240
1578	17
117	11
2709	35
1745	23
537	89
424	60
2605	50
577	14
359	59
948	105
405	225
128	162
1171	172
145	71
349	43
810	88
117	34
97	72
2415	10
3525	14
154	59
936	225
287	125
522	5
365	317
1122	144
2777	61
1121	92
1271	463
626	52
481	24
2156	202
1583	16
1008	206
159	56
91	150
1695	34
637	193
1380	29
329	235
476	27
465	211
1434	18
1854	92
1325	73
1769	51
630	179
5279	92
624	68
3711	5
485	46
1039	263
1712	127
228	123
1719	99
193	129
174	124
1406	56
652	267
570	4
540	86
1529	9
437	55
1962	82
336	88
1275	9
898	116
2783	6
171	96
531	6
753	15
878	155
1287	51
1040	48
543	157
1336	66
430	135
181	42
3049	147
528	98
2877	228
637	54
324	76
1348	19
2992	114
508	52
2850	56
569	34
1004	3
419	150
628	35
1316	32
144	96
1009	86
204	22
622	46
1621	92
2216	2
386	97
850	4
3700	17
570	391
574	48
603	31
2184	40
877	223
442	80
1008	100
1420	15
1175	56
1336	31
1021	113
790	202
86	86
542	207
177	38
1441	116
848	118
1288	107
506	314
2223	11
591	27
59	432
1698	29
778	111
231	246
975	33
1057	234
93	76
351	27
900	65
323	106
730	64
66	98
1202	69
238	9
468	4
563	49
4271	100
2431	52
585	10
101	90
118	39
1386	193
1162	150
538	14
1213	17
228	113
1085	412
647	2
153	129
636	31
3375	40
219	37
1164	67
363	68
184	62
3121	18
179	297
657	21
785	35
229	28
2741	80
294	33
1106	189
561	3
936	60
348	13
590	197
2238	381
793	48
888	105
314	30
4150	74
1139	140
1122	8
268	20
307	194
767	88
90	167
786	90
734	140
706	243
176	10
469	49
947	74
528	123
3326	225
1773	40
393	16
480	68
1916	31
414	37
1577	165
1521	271
307	59
552	12
481	16
2166	36
2868	108
2079	153
1533	65
1579	26
736	84
2290	22
162	58
191	56
105	152
2002	15
319	107
1347	239
1699	35
276	36
696	180
1622	54
968	8
886	3
193	168
851	621
577	138
512	76
163	76
1017	132
1046	44
2279	160
154	169
2668	74
1105	135
1464	109
119	71
90	62
395	18
1290	133
836	104
157	150
1514	78
1497	68
1350	166
107	23
904	63
793	184
887	21
1039	291
787	59
1009	95
259	73
588	14
754	35
1102	111
674	46
930	35
1220	8
272	43
1119	163
1744	4
2020	80
728	47
1941	31
1855	191
3731	77
1663	48
498	8
1560	48
2201	70
604	65
542	126
342	37
323	163
1500	71
198	15
282	27
163	194
1722	14
290	66
770	34
304	46
2400	308
2201	129
1381	143
452	154
552	187
651	253
225	116
3286	120
3452	31
128	82
79	191
574	10
1147	40
356	6
1337	113
3081	84
2073	1
465	94
748	188
546	297
880	201
163	69
1936	27
1307	241
955	22
421	2
116	7
720	97
1544	22
1433	303
4127	69
1651	23
537	281
1102	1
1953	11
975	120
158	92
2653	64
3576	182
400	54
837	282
2190	10
250	4
161	11
186	10
1414	87
1940	42
504	194
713	18
592	37
593	170
1466	49
1142	181
743	38
4212	262
460	78
747	48
1092	82
2822	3
1318	209
621	145
690	318
970	20
899	98
951	116
982	19
1196	72
1151	72
945	343
1440	22
1871	48
984	121
1977	31
479	76
745	46
447	47
1352	40
144	111
1536	134
693	257
639	174
1357	2
504	131
2974	3
436	79
1042	2
2308	19
694	61
503	43
1086	53
667	13
335	20
1226	58
3466	2
1646	208
114	3
914	34
1544	27
425	181
675	36
2132	72
169	32
1396	319
774	21
453	107
204	201
1736	240
726	77
259	16
266	111
278	58
3827	107
124	36
620	136
800	79
226	256
1711	39
3019	73
831	138
380	10
290	198
677	154
434	52
150	6
616	58
2001	294
253	49
1135	26
1750	43
268	113
1560	13
2317	130
40	285
1003	186
495	130
415	154
682	143
206	34
427	71
584	183
1430	11
807	48
641	136
112	33
612	50
443	25
1781	17
2386	70
1447	8
306	35
435	129
1082	21
1551	22
79	192
2535	20
199	38
4006	92
220	143
4069	124
2017	20
158	69
746	185
555	110
762	101
661	272
1476	4
1200	104
814	167
302	30
1991	22
2233	41
948	163
353	212
735	87
271	127
2043	80
506	72
957	12
2805	55
1954	64
415	94
3389	219
854	61
1150	19
1408	24
70	336
462	76
1020	29
127	88
1452	112
442	80
180	43
107	114
345	4
3445	15
744	122
2697	169
89	70
1091	77
1218	124
424	18
184	38
799	172
180	265
1690	45
209	37
358	47
125	40
2880	257
1390	9
746	134
3609	93
1920	63
266	122
1485	6
1877	54
46	67
4775	131
1657	87
956	48
1311	102
1340	240
1055	171
348	81
1051	128
245	262
225	200
2011	55
1232	52
543	115
2101	83
2919	13
149	71
935	259
792	90
237	152
2261	69
77	15
373	23
2709	53
934	75
1160	2
3156	10
1355	190
304	429
1241	28
279	33
1233	53
82	17
1236	80
749	85
78	91
328	150
928	139
120	29
596	89
1524	54
2135	181
482	61
111	87
1303	4
737	187
2090	189
364	33
1234	47
579	51
306	414
913	158
143	236
3091	18
87	20
222	90
3467	256
175	135
648	72
466	47
2464	143
308	88
2803	47
86	351
767	17
1583	44
324	120
294	19
346	11
2843	6
3770	52
1135	223
2078	21
250	289
503	161
2013	88
535	350
926	1
1986	145
689	48
428	118
952	31
2449	133
1219	490
1863	82
209	37
636	132
2617	96
2592	25
1071	40
80	186
281	70
199	49
758	120
1394	37
1015	202
1550	50
455	13
797	115
733	75
242	64
511	25
1074	57
369	65
1748	251
151	201
473	140
349	44
262	136
716	71
2232	136
636	22
767	508
587	91
807	105
148	279
330	269
148	64
3316	125
400	216
367	2
1472	33
312	155
553	61
411	204
496	225
1039	18
4137	77
527	97
530	87
932	35
373	429
1266	10
437	94
1575	104
96	47
709	32
1097	10
796	307
875	130
768	8
1643	30
270	96
3734	32
791	38
569	13
1157	81
448	24
3275	82
720	41
1579	163
768	166
1313	69
356	383
540	141
2551	7
177	26
904	126
1094	81
588	10
915	281
458	78
819	35
435	80
152	32
2505	18
870	25
1753	47
273	26
243	20
841	99
2623	34
342	167
1086	41
1032	61
515	24
1743	91
281	5
1590	59
269	23
442	31
3200	42
1065	3
2124	134
1087	64
251	22
519	35
449	14
637	344
380	80
1523	136
338	6
475	11
64	64
1421	191
938	21
610	14
942	101
99	713
617	12
1464	243
1596	19
1332	71
262	36
562	63
605	168
1424	70
914	192
834	150
4445	80
332	10
544	23
123	114
795	42
264	44
291	11
1428	91
1353	53
968	111
605	34
458	111
665	88
2142	20
2238	51
1603	252
1213	23
366	20
595	73
1767	31
2948	118
600	4
95	46
1347	249
727	9
42	1
737	30
2048	54
313	43
2150	55
4229	215
87	77
874	4
553	150
1985	32
737	145
2124	49
1456	24
693	77
972	82
497	200
2068	19
636	44
1060	8
948	250
1391	52
3533	67
273	51
790	57
65	20
972	120
87	93
641	11
320	141
53	71
213	3
1885	170
1689	15
1595	80
239	21
160	17
807	101
195	243
582	43
62	66
368	44
1313	67
282	48
3545	107
1204	16
255	92
1924	15
1007	1
1328	58
99	204
1604	65
608	60
1411	83
658	36
1985	395
915	149
206	114
1768	10
347	40
4400	204
1066	122
6035	90
201	104
1115	100
213	118
3900	4
214	174
344	87
866	99
940	49
735	119
232	109
988	287
419	96
791	45
294	58
1003	221
313	32
276	76
1653	255
290	19
1680	55
952	260
688	254
2100	63
714	37
1233	119
65	196
938	18
2255	76
886	65
1304	2
665	180
245	28
730	68
1391	52
517	1
397	50
623	15
1931	164
1418	136
336	46
1297	170
2900	1
2299	66
371	135
202	35
823	52
147	42
327	76
2612	50
164	67
329	81
2064	79
494	818
687	27
743	143
278	93
1509	17
1151	81
2391	155
320	9
636	98
508	57
270	17
1165	78
570	5
876	15
1331	129
1584	71
2388	159
1177	52
2624	33
1814	104
882	68
1133	226
3552	121
1174	14
478	99
467	217
3335	387
808	110
1193	104
1145	42
932	98
3011	33
191	207
2142	49
769	119
658	94
401	87
1973	145
169	6
724	94
430	9
1982	72
913	168
238	102
582	96
2456	1
2871	193
2529	3
891	177
1795	3
1440	394
2119	151
2813	14
2309	120
486	66
310	609
2403	6
152	72
3641	55
2003	133
1558	102
502	75
234	16
425	66
124	37
971	8
52	3
688	200
54	76
907	126
2106	149
204	223
1499	136
315	155
570	279
1866	32
85	64
3161	5
270	101
288	108
274	62
107	84
944	152
420	28
506	14
413	37
47	43
106	128
155	99
1633	43
2846	38
427	41
888	142
120	44
84	307
99	82
1093	64
592	89
2922	107
561	62
676	205
948	58
251	65
4119	160
1058	40
5463	84
3086	13
478	85
526	83
1105	199
205	50
1623	39
1569	2
190	107
4215	46
1901	35
1884	18
123	70
896	49
941	336
2747	32
336	277
724	47
443	273
811	150
177	70
1216	26
1403	30
144	48
457	9
914	4
170	36
2678	99
491	74
2052	87
2623	66
2263	49
2191	62
1994	325
2241	183
2247	94
757	170
2976	68
274	17
1540	96
858	10
426	80
661	272
1281	62
1737	184
833	57
442	363
946	82
645	75
524	751
591	91
1641	54
3324	73
274	26
221	66
581	120
4334	61
1681	196
80	378
1564	65
324	194
479	5
688	8
1493	106
322	62
1753	14
659	72
145	66
1456	79
816	140
2500	231
2916	98
1971	115
2402	48
1339	126
383	171
2046	31
1751	37
262	41
977	130
1894	28
804	125
1887	27
3662	5
333	226
371	28
971	8
2642	6
790	12
1144	62
891	128
1299	45
2698	59
407	9
215	333
723	152
88	1
1382	33
1870	100
250	35
978	15
712	153
480	91
1100	144
378	245
2433	194
2160	47
469	25
818	32
2115	476
1499	18
468	6
412	259
326	111
741	125
672	80
254	127
300	63
611	68
609	40
654	29
380	1
810	66
1536	14
2099	73
1036	26
685	48
88	37
57	143
3683	3
1330	63
501	2
772	80
1171	71
559	305
601	286
6672	75
1850	213
228	179
371	82
1096	63
1030	167
883	147
507	83
157	28
398	75
1987	155
2197	89
893	129
532	30
184	29
234	42
602	63
780	95
387	43
1753	219
717	155
1674	14
611	86
1293	30
1458	218
2661	126
129	19
485	44
540	37
278	159
311	87
231	160
158	352
258	56
87	184
89	85
520	22
104	109
522	187
1648	152
418	79
702	4
1961	114
632	142
2256	57
70	24
1136	337
260	217
176	52
1045	34
859	153
5798	283
510	11
260	416
1441	3
1664	73
566	116
395	33
596	60
3432	237
120	71
71	27
111	1
956	95
453	22
2101	16
882	68
2013	341
545	66
91	129
160	35
298	121
2196	86
1075	17
1481	48
207	3
313	30
78	56
1125	137
854	187
183	16
1833	23
1224	102
835	214
1876	30
268	13
1648	44
467	78
686	292
740	55
406	241
1216	25
475	50
370	147
1430	158
267	99
886	83
1031	146
1682	124
419	60
1042	91
162	53
1652	31
134	57
370	79
143	58
203	474
639	126
1509	19
100	54
432	70
84	260
181	36
494	303
1282	133
284	5
641	57
192	55
430	78
1340	36
948	50
208	51
96	407
1772	2
961	115
615	3
1065	111
915	86
412	3
51	224
91	59
118	149
432	44
384	7
4799	50
5861	19
77	13
714	71
524	121
462	44
998	11
1590	37
242	34
369	50
566	201
3417	73
168	262
182	112
295	53
713	81
224	13
1345	108
512	5
151	87
1228	76
479	45
1411	173
2076	14
2321	20
2859	86
1348	183
394	50
526	42
524	23
4199	23
289	213
626	47
847	141
1645	132
1571	39
1048	190
1712	125
1023	9
1768	44
669	110
3051	5
1567	209
1256	123
2919	203
184	156
977	21
221	11
326	81
368	140
2291	201
3478	55
150	7
365	28
1196	193
379	6
2798	125
108	68
1391	2
809	261
2334	153
538	53
80	74
139	39
661	5
896	41
1595	73
451	85
2154	60
1063	14
2733	85
1502	57
820	59
1170	39
4175	61
2025	98
106	92
1104	17
1981	97
3104	100
1084	29
5506	84
1347	33
1999	15
101	71
573	158
636	46
3096	217
2291	4
165	118
326	56
959	7
217	275
149	44
64	74
3167	355
819	41
662	21
64	58
193	228
573	4
1220	35
1351	107
428	109
1202	5
319	93
87	67
540	173
909	99
901	163
829	298
441	68
135	135
724	244
1257	86
221	51
60	87
3112	27
2686	255
491	223
620	81
74	3
760	401
1759	209
2024	66
1578	66
428	173
586	465
961	65
395	166
1212	24
1133	10
1979	9
1939	18
397	47
200	15
397	88
421	73
2598	89
280	43
411	52
778	25
245	235
1255	161
2479	171
597	2
317	1
2373	83
1776	105
1046	138
524	102
328	1
1410	254
157	15
4238	237
186	22
986	26
285	159
827	202
253	78
2609	82
101	33
2166	23
457	29
467	8
842	147
1681	14
1486	39
2594	266
134	247
2440	59
136	199
2721	40
138	23
144	88
233	153
1707	144
657	51
141	5
360	4
612	115
463	11
1617	82
1307	106
162	89
704	54
2906	43
1051	25
1441	57
585	152
152	9
1801	140
2778	165
445	121
224	86
889	153
203	74
1056	40
1955	18
1160	268
1122	54
253	19
1985	19
4121	25
1013	111
3313	9
1896	15
169	49
3421	105
860	138
393	119
78	33
646	282
181	221
695	276
420	128
465	164
1155	324
3477	137
490	23
1222	13
1064	70
306	225
2464	87
879	82
937	23
1066	51
857	66
1291	153
3290	119
4791	75
1536	117
1204	52
1926	203
219	96
3058	425
2336	289
927	156
377	81
194	54
511	224
1345	140
1457	315
1167	236
1617	34
1951	43
1545	37
378	186
105	194
649	254
1146	69
2091	104
263	25
477	129
507	102
3923	15
2494	8
2747	76
406	122
1927	176
669	348
3441	13
890	57
2032	176
2424	91
1182	511
808	19
1942	44
295	79
584	175
639	70
3088	77
1038	74
176	173
376	38
898	484
1562	181
274	216
4267	7
96	126
716	161
693	41
298	115
464	32
800	60
80	52
604	38
541	60
1811	120
886	150
445	117
382	12
87	167
239	469
1386	17
1712	81
59	11
1172	104
427	180
853	55
2125	131
65	102
1358	76
1187	54
232	547
405	92
35	180
1420	152
699	43
383	416
158	86
306	1
803	56
2396	54
607	92
832	109
1794	70
585	213
4771	170
142	229
720	6
1347	1
799	189
848	14
657	173
914	59
1216	6
3045	272
1119	123
1162	21
490	77
2815	279
1061	115
394	74
1532	19
352	247
2411	192
509	83
1036	3
66	3
1241	124
270	92
1015	157
408	134
287	82
539	231
1264	35
335	154
63	47
1404	233
221	58
308	81
411	20
1671	41
1500	332
566	389
940	48
1995	16
912	41
905	4
363	89
1563	257
2101	12
536	165
2577	101
297	41
1050	2
2594	36
504	216
453	101
1407	5
228	85
308	153
359	166
641	30
1733	50
713	173
289	323
168	172
1796	160
511	88
281	101
293	39
1197	28
289	12
804	137
223	5
1440	136
257	256
290	148
259	48
2378	56
695	103
1965	1
563	56
422	51
532	267
644	38
2558	49
861	239
661	13
1424	20
1272	103
1233	38
283	86
313	42
686	18
2196	91
1484	25
3399	85
357	51
365	29
259	4
1080	66
3322	345
500	1
1661	259
589	31
1233	29
796	274
274	68
1212	131
4202	248
74	133
328	24
785	24
615	38
362	22
194	47
756	115
1627	228
1233	28
1650	341
411	33
724	55
377	12
519	79
476	150
154	121
1581	177
1184	28
1309	89
1422	3
863	14
1976	126
1745	322
364	26
149	509
916	6
608	268
344	49
243	112
1571	359
650	132
438	58
1066	269
89	30
2530	44
1525	49
218	39
720	274
187	71
1800	157
127	263
146	7
3566	235
906	33
332	257
1471	82
446	89
355	160
885	22
975	283
3533	5
1342	151
211	148
237	8
2896	181
492	152
322	341
1323	35
202	12
1028	250
172	3
1421	233
474	329
135	187
3851	280
800	195
698	284
3914	342
1525	163
819	58
1409	4
297	345
586	76
416	18
2214	50
2824	19
168	697
783	138
98	13
837	17
1838	32
768	30
1335	2
368	538
1466	134
297	287
247	40
1449	54
991	29
893	107
283	25
1331	36
388	101
884	13
1041	44
96	18
257	1
1273	215
2346	51
445	99
656	148
1055	125
118	142
129	10
41	20
83	17
3012	11
1066	128
400	41
76	200
1037	52
127	22
736	143
231	8
283	61
940	22
979	6
491	374
319	212
259	69
2140	97
1320	75
470	43
330	193
95	253
398	42
83	130
78	41
2979	203
3180	3
673	208
126	495
1037	14
903	87
848	11
2891	72
366	40
1551	81
1037	83
733	60
1285	44
296	115
80	119
328	100
997	13
417	104
111	48
739	428
679	42
1113	98
531	165
4847	80
485	30
146	303
700	65
535	229
1088	35
673	153
403	62
429	122
814	407
3003	15
544	46
2717	105
61	78
839	3
2051	210
2116	34
667	109
3973	64
1253	90
3457	27
244	32
1920	2
380	68
883	24
827	15
189	86
1569	57
1648	49
1590	70
2665	71
87	127
216	169
1779	72
1725	118
2516	122
1500	58
939	128
844	13
2485	141
130	2
328	16
522	135
701	32
764	17
2325	80
728	1
2275	56
928	82
2130	93
405	61
620	94
1774	4
507	136
282	18
808	5
259	88
3777	216
3105	1
1223	76
953	41
341	280
83	166
794	71
495	95
1477	49
449	134
158	94
140	23
1482	31
992	59
575	25
1504	129
308	266
700	16
3530	292
385	1
565	161
314	225
401	59
657	204
1000	173
4826	216
1149	186
1601	103
377	106
3146	82
297	218
133	45
1568	25
708	19
164	117
216	105
68	20
2805	31
1070	39
5647	129
112	59
968	26
118	49
466	28
128	107
1442	58
485	31
425	316
433	19
1064	331
1246	39
189	205
198	86
4074	6
837	86
3362	89
386	11
771	70
3615	45
452	278
1349	13
190	23
171	89
213	115
977	51
322	43
769	2
452	69
1222	228
1554	34
2933	33
468	36
442	185
237	301
2004	78
372	53
554	4
2772	118
427	15
3644	120
1365	137
518	12
403	82
1122	39
1848	64
137	79
297	160
1032	9
1209	3
1411	6
1814	91
235	52
170	49
1064	40
1079	31
2202	49
276	22
589	37
166	101
1023	92
703	2
2760	10
1399	65
286	157
95	119
1227	28
1143	195
88	108
971	153
441	229
1867	5
952	55
1179	42
159	99
3412	44
1711	195
846	121
2112	30
48	108
2739	17
646	6
2617	76
2197	33
1051	188
163	49
4326	324
769	50
1435	120
953	12
244	367
1649	106
567	97
683	18
466	183
1262	109
1944	11
1877	21
140	62
2003	12
1871	16
473	150
295	335
431	332
2752	28
846	10
279	6
1865	59
1477	124
2978	108
56	11
508	43
895	38
376	153
1512	49
989	69
138	175
381	54
94	125
652	127
680	35
1428	202
304	115
676	2
783	2
91	28
4854	17
960	216
488	17
261	18
203	104
328	20
2073	442
881	79
770	23
99	187
1654	84
1569	11
2053	163
561	93
2628	47
183	133
1217	13
527	89
633	164
606	60
719	258
2910	83
590	126
352	10
1039	49
354	103
2103	175
499	97
1509	40
188	131
545	83
45	25
1498	46
98	109
949	6
1512	6
417	101
903	15
4205	74
882	130
883	77
674	51
1502	306
942	31
1000	144
1935	222
154	38
1060	18
135	144
852	34
1190	27
643	6
316	24
185	112
358	52
1767	116
122	7
881	10
3053	123
1144	119
411	42
5938	55
1687	35
2025	157
827	431
417	190
1511	77
283	209
503	202
1644	13
71	138
364	242
165	7
1492	52
213	8
881	354
3612	116
1729	91
1878	42
2410	167
1742	61
183	255
114	272
797	119
974	234
1711	21
986	31
904	245
4683	51
626	31
2176	121
382	149
158	14
1125	12
116	6
640	149
1669	135
1491	181
445	91
597	108
301	5
1836	1
591	73
429	19
936	224
1782	144
684	23
372	137
84	113
360	270
1553	274
799	185
125	202
101	97
936	102
470	230
1387	137
3342	69
3088	11
380	9
1910	91
1787	250
1445	14
1774	51
1942	399
1570	5
268	285
323	81
1311	131
1168	94
1433	14
118	17
2517	117
966	84
213	87
402	18
943	10
2524	8
1796	14
1684	148
1266	45
3092	27
48	54
1984	94
3390	61
1021	48
195	36
1455	220
1933	13
459	330
88	296
686	240
1565	5
1202	63
2311	126
479	216
746	120
191	16
1284	69
740	28
641	54
680	10
1096	20
508	192
2773	432
1043	287
143	131
1421	166
547	82
2387	8
2122	86
1321	202
847	35
638	6
77	133
1313	79
746	4
1381	49
243	147
2029	158
2132	84
397	76
1215	93
106	2
1416	185
1026	221
217	39
431	29
355	84
3665	89
898	291
1824	160
560	73
4815	186
58	211
507	36
1103	115
1965	55
1784	100
1205	51
3040	76
1872	210
621	26
646	152
241	75
4765	27
126	69
87	185
872	56
424	76
494	20
2432	60
90	81
426	112
1665	360
648	60
131	26
93	22
420	65
250	19
1065	63
744	87
751	26
690	77
126	36
936	315
627	124
501	73
886	13
509	182
169	90
2305	121
1028	11
1206	41
2592	40
1417	75
416	158
701	50
711	60
2521	15
315	110
703	271
241	45
146	5
295	20
171	18
921	50
1743	48
633	19
518	12
513	84
331	96
1399	92
509	45
2077	191
2698	1
555	60
225	74
877	99
581	218
723	107
395	18
1221	51
204	219
84	34
1568	238
2333	138
1221	120
1067	9
100	25
135	8
1992	97
666	80
390	24
2089	141
623	167
625	249
1063	28
479	62
303	172
820	23
477	20
537	178
1241	65
565	359
2084	72
932	347
906	28
637	166
6164	57
363	48
1129	90
1562	52
443	89
1397	33
4740	9
2612	201
1378	66
1752	4
1012	130
1956	159
773	18
542	56
464	99
527	26
3474	137
124	11
202	172
819	96
119	98
175	197
806	127
457	45
1198	24
474	65
128	276
155	82
1332	45
816	220
900	20
196	264
992	36
613	94
977	179
1184	205
2140	68
1060	108
81	13
3973	32
1133	27
532	17
58	24
239	41
359	140
1141	199
124	30
463	66
1927	11
422	253
101	143
135	162
397	419
70	25
406	90
1086	237
180	255
81	14
2708	23
1344	36
843	95
169	43
1647	4
1248	105
1217	24
2572	16
131	7
1549	91
277	86
1159	211
1062	501
628	44
3978	158
677	186
1198	73
1675	36
1272	86
808	65
1702	71
128	117
2736	35
1060	66
126	45
4876	50
2112	2
132	28
2224	129
130	106
350	116
1491	58
445	240
1898	35
232	10
420	99
335	60
2104	73
63	116
882	19
227	15
538	138
1702	137
610	86
1296	80
259	111
641	318
1018	67
1546	100
3006	32
1400	55
941	33
448	15
541	46
86	50
85	201
798	46
485	16
1057	126
261	15
3222	62
3237	264
632	135
60	350
829	74
93	108
1121	187
3049	10
132	2
74	85
627	26
946	66
1361	111
959	335
789	124
504	60
1103	18
1003	17
420	3
809	45
96	56
6366	43
2885	18
73	65
257	9
2681	13
423	20
162	52
892	5
422	88
1891	106
2980	101
701	114
325	59
4701	11
935	156
3020	199
1012	38
1618	216
2823	28
57	124
812	350
367	59
347	1
1287	51
413	209
410	215
1391	114
2992	137
1223	95
1180	97
1317	7
533	56
502	74
1617	52
1244	78
620	169
641	9
976	70
430	542
1072	12
1392	122
639	148
1430	41
1120	36
318	119
3755	117
952	60
985	190
318	1
236	48
1423	104
149	29
121	124
760	53
1402	99
3960	131
1092	39
774	87
196	240
296	68
479	35
949	9
1220	262
2926	280
1449	11
431	27
7092	42
632	11
861	15
2181	44
1234	84
101	136
178	80
3576	41
575	1
2208	90
565	12
214	112
893	36
228	48
85	17
708	75
2091	24
251	22
814	399
838	6
958	337
822	135
3311	85
861	78
781	13
65	21
98	165
307	25
410	66
2099	62
1482	81
1900	95
838	28
929	26
7672	14
1293	14
1130	16
426	244
2581	54
951	13
698	105
1473	9
1117	293
83	105
174	217
1865	20
302	39
1681	82
146	150
433	42
250	106
5900	29
1716	100
814	32
317	97
834	46
539	130
2348	51
825	47
205	2
1142	73
212	159
1544	8
349	172
1613	125
1645	19
1299	70
620	91
1283	71
222	19
300	274
114	28
1592	94
1158	72
3468	108
91	51
1218	20
838	49
997	50
864	69
1563	7
3220	193
740	19
1945	15
1767	42
82	5
802	118
949	32
986	102
1356	11
660	45
1852	63
5406	51
403	106
525	117
374	288
889	169
906	5
1131	18
2491	127
689	50
1353	22
201	32
639	165
682	171
1471	78
862	76
162	116
776	235
3877	283
1224	230
147	37
2661	207
188	169
1260	92
327	24
1548	94
520	34
2515	52
785	101
105	54
1175	16
70	405
961	76
274	50
1158	11
889	28
508	56
344	16
2506	62
1749	75
191	88
1869	155
2196	117
1663	46
2564	147
741	22
2733	132
787	101
193	21
4542	51
701	137
67	12
47	36
833	62
672	48
304	134
959	11
1025	6
756	82
5788	169
133	222
305	50
1465	64
5133	24
102	149
1718	31
603	92
508	281
1563	98
868	93
926	28
554	50
460	26
1380	6
384	231
829	57
236	39
254	74
2461	68
146	263
555	55
982	6
721	115
950	115
683	9
3347	333
468	13
710	64
1331	54
929	25
2174	157
4155	50
412	67
303	165
572	78
1726	266
1663	77
717	106
198	63
463	103
215	189
284	45
175	192
1486	154
2707	66
672	76
2668	161
1078	87
423	16
1859	56
1222	30
934	21
623	210
101	62
111	114
204	20
434	59
516	126
3542	101
508	135
2701	66
1515	69
2027	95
1582	211
4126	21
2515	13
2768	39
2471	92
2572	387
495	221
616	155
514	64
1433	100
2207	91
496	249
860	170
500	23
660	176
438	93
671	79
2094	176
353	57
571	5
729	330
280	172
2411	64
1550	24
1167	116
427	205
163	42
590	118
1382	87
2211	80
150	47
397	102
376	406
2433	335
1692	37
354	17
767	3
611	36
204	59
848	163
1341	10
1390	186
2862	63
412	439
625	7
2624	188
1651	202
642	4
384	20
682	22
175	29
3141	27
94	135
404	106
1134	121
826	38
664	133
1803	98
890	28
77	47
100	39
806	524
2946	295
1402	8
3381	6
638	69
3972	218
389	50
1651	159
1460	58
602	44
1429	363
299	64
1652	29
1059	169
972	228
397	50
1367	24
399	73
1374	80
1019	15
359	130
1366	82
774	4
1043	133
387	53
1485	128
654	83
1932	17
943	21
291	106
1143	6
872	225
636	84
1107	84
126	116
1445	18
1846	313
120	73
2022	55
4155	65
3571	8
1893	97
172	64
2288	98
93	309
295	251
1185	58
1335	224
176	19
3594	35
243	119
1913	232
692	205
838	268
420	214
261	58
2680	53
115	112
770	118
658	63
587	197
859	126
88	58
403	311
570	34
2034	115
699	261
94	8
141	179
357	92
279	141
268	25
694	212
3389	29
1362	9
445	93
631	171
984	33
816	410
2400	60
1192	228
1630	138
215	27
445	219
2658	4
2135	110
516	240
777	158
891	37
247	446
139	54
1701	4
1487	70
616	84
2542	63
71	67
840	134
1137	157
1541	91
313	149
1209	41
2315	197
425	10
1019	66
100	21
2024	103
3015	25
1311	42
3395	34
736	56
179	125
1230	101
1195	47
1740	331
810	127
725	66
967	43
210	125
549	168
1249	344
981	44
883	52
328	107
1611	161
527	97
2932	45
106	123
844	53
2042	52
2543	43
804	86
955	201
1852	129
1354	34
1292	6
1908	118
813	49
207	96
1098	63
1753	75
161	16
593	119
1117	38
1963	86
697	265
405	6
3489	9
137	35
390	44
618	27
2180	8
850	387
229	31
1670	29
400	51
742	31
1386	88
2644	86
283	94
606	82
418	11
869	202
114	132
268	110
966	9
408	227
311	192
4829	198
102	189
569	36
405	370
228	181
1736	152
791	21
1878	64
584	124
378	8
478	123
446	202
2442	144
883	205
124	190
155	130
538	31
4033	23
307	223
351	10
1016	79
1495	58
256	15
381	19
654	74
614	218
227	321
404	149
378	32
1327	338
996	276
76	92
1548	153
564	193
244	198
623	5
2325	33
395	32
918	35
1299	65
124	83
286	5
602	8
1543	22
2338	78
718	214
5141	35
1234	145
435	46
119	39
176	15
84	128
264	112
173	61
1610	64
1813	272
119	115
710	568
1185	183
1100	9
1265	46
1734	34
444	94
365	53
1173	37
266	61
113	28
118	34
2981	114
639	158
2351	6
1825	8
879	38
1898	20
1028	104
117	18
881	4
266	42
2489	77
152	74
1809	35
415	7
83	65
809	127
455	35
444	17
2296	82
1194	96
1898	89
3015	61
851	133
1130	6
405	17
212	64
1234	52
1091	41
705	110
690	157
258	36
3365	68
2347	82
566	84
260	93
4078	41
83	29
676	30
210	89
1649	156
2216	31
47	4
850	207
783	220
1641	5
1024	3
850	167
213	92
251	72
1238	154
1917	68
324	87
2432	301
144	12
4672	96
96	23
950	56
291	83
1073	57
242	418
3366	151
591	12
2151	65
97	75
1965	94
527	95
234	303
1128	61
701	36
1723	171
1668	126
967	99
309	172
2516	128
882	77
1146	307
513	84
604	8
1947	39
997	35
3141	269
2798	38
286	43
2859	10
3178	38
451	43
124	120
1488	22
1336	21
395	43
1598	182
2261	80
2701	38
1264	8
1817	21
1219	3
44	51
1045	82
1734	220
189	35
1714	148
2189	85
131	158
956	50
1131	39
2173	78
337	243
1127	19
117	57
266	33
2006	110
137	9
301	82
1108	277
135	114
539	84
487	211
68	300
706	54
1324	185
1131	27
186	38
165	102
112	117
1853	33
1718	491
2287	22
608	314
350	10
446	37
1248	41
565	184
977	73
364	57
856	52
126	3
939	212
104	4
1131	21
1555	38
1361	28
1425	3
1328	70
1601	249
855	117
1082	16
3365	97
1250	240
532	141
1983	101
488	94
7686	39
1768	20
1523	11
427	36
244	16
989	29
326	268
2630	75
2274	16
245	23
258	24
349	28
127	26
1843	59
487	72
1144	41
1465	580
1592	722
1347	37
572	196
621	84
992	30
202	202
446	102
1924	28
530	43
198	69
1087	23
1896	73
3895	276
262	350
1231	47
1652	18
941	63
153	60
786	17
1172	231
2627	29
732	108
378	38
549	67
1164	7
773	99
1981	7
336	13
5405	8
569	9
160	61
1993	89
1182	27
903	49
494	114
580	144
1363	1
484	106
2790	141
294	58
1783	69
1113	413
296	48
66	68
434	48
480	237
1868	72
340	207
1278	85
3695	117
2741	121
510	68
140	26
1427	71
634	180
312	20
251	169
2249	59
2588	30
720	71
2181	18
1054	218
1483	117
1824	7
2799	93
999	179
359	77
1396	2
901	155
857	26
1172	38
156	6
1502	75
1643	33
1053	161
108	108
3211	44
1954	26
3120	59
609	114
609	26
641	16
139	59
1739	107
2223	58
3484	68
496	47
579	9
558	66
2752	129
580	38
705	39
119	35
1514	270
1073	63
215	253
179	193
378	246
353	218
859	113
755	438
339	208
1923	74
1306	174
905	56
2723	126
298	56
191	94
752	10
575	144
185	8
1140	100
521	337
3568	68
171	100
699	127
1289	62
1213	27
1841	25
1166	2
431	6
221	130
483	35
347	161
409	64
2168	138
1675	7
1913	123
68	135
2350	123
585	87
413	53
973	158
4460	26
373	90
2443	34
538	59
480	27
389	93
185	77
164	23
440	360
243	201
913	175
1576	69
259	409
129	22
192	27
1748	49
55	38
398	135
536	98
800	174
964	317
162	46
448	21
3373	236
1740	31
605	343
1625	59
1933	46
733	18
530	66
91	1
568	64
163	59
1632	14
1821	165
1387	238
1616	85
1173	5
3690	186
1134	70
1057	3
773	6
309	29
2884	2
98	79
1193	177
719	464
2607	433
965	65
508	46
283	221
1850	87
257	41
1467	272
1211	223
2426	372
467	47
684	23
674	88
1465	74
1943	488
858	10
928	547
2994	49
958	48
2127	58
502	138
736	149
274	7
338	69
682	30
328	156
388	43
324	20
1079	49
256	99
369	324
1799	5
438	7
397	86
820	24
219	64
170	59
341	27
1905	361
581	179
751	19
1433	74
1337	126
130	31
506	49
182	13
752	69
703	123
1911	27
1022	2
1299	110
131	118
1109	88
153	34
529	1
1399	42
1962	3
289	19
2413	45
275	96
1504	251
281	177
157	1
390	94
861	43
1340	57
2277	3
841	93
354	139
774	209
832	412
1921	77
306	34
315	81
191	84
609	36
2581	34
2942	76
940	104
5337	27
1488	12
282	88
1638	154
3863	51
650	768
72	4
2264	54
692	29
2133	17
965	53
1005	20
705	180
387	33
696	3
565	68
1275	15
2239	65
2183	31
226	101
2859	147
106	101
1108	132
622	14
1360	141
739	31
986	80
71	55
2361	280
849	6
348	84
80	22
1324	190
6478	48
1247	12
78	152
1299	120
877	26
2129	51
853	48
1539	240
70	30
1399	24
293	329
897	133
296	283
1308	314
247	2
405	154
170	7
599	16
608	12
949	71
1829	100
1043	48
183	372
2498	67
278	13
901	97
1175	19
508	77
236	35
142	115
882	175
371	31
3001	15
3037	47
830	26
870	1
736	300
435	139
658	108
381	77
1183	39
109	104
335	315
4271	246
872	85
1284	128
377	85
1055	88
793	100
1786	131
87	57
643	55
176	67
116	15
377	20
1305	211
86	224
406	270
489	6
1401	98
1359	45
515	119
826	15
1471	1
1399	74
493	162
3364	208
580	239
377	27
1993	399
636	58
546	297
1787	75
500	4
4045	128
364	88
2091	69
2486	42
2169	78
119	10
294	195
2109	85
117	31
2109	29
823	193
540	326
349	6
1740	39
1199	30
308	3
640	19
118	83
1999	364
2170	90
307	9
1006	181
1028	141
732	200
332	48
4364	44
406	9
665	32
912	87
162	86
2523	138
3453	42
685	236
753	46
2437	9
1090	89
395	5
595	71
688	24
90	14
2665	92
2277	28
877	59
2150	79
544	47
815	63
671	78
330	22
1141	6
751	155
443	83
270	1
2701	36
258	298
405	67
632	270
847	6
1574	87
745	138
3524	50
580	25
1170	96
836	16
2441	151
1344	9
417	115
502	156
265	19
832	47
73	6
596	379
3016	28
44	29
802	211
622	227
92	129
2173	90
1763	29
203	201
425	6
57	24
777	3
3684	4
151	88
629	131
1251	37
117	73
391	44
436	23
614	316
754	252
2372	189
441	86
134	40
1312	177
2082	65
156	82
589	9
618	77
181	39
604	21
493	9
426	4
404	54
255	108
4890	100
530	103
892	13
1098	46
597	61
1693	51
855	2
1739	399
943	62
1941	28
1388	306
3705	93
746	92
523	152
131	10
553	45
1503	59
105	76
401	141
434	86
447	97
1806	45
124	85
3532	107
206	66
678	71
69	146
624	100
1049	216
65	74
1188	5
305	32
890	122
153	116
1235	114
748	42
1218	26
308	178
241	50
2123	27
649	16
3321	6
189	20
207	20
1363	180
628	192
142	36
1674	93
1767	35
316	46
108	57
723	237
1457	21
863	27
2003	48
1285	43
497	22
483	31
372	92
643	27
764	56
1251	9
430	63
1618	173
756	94
585	57
125	45
1073	53
637	350
547	10
1646	74
1566	2
1281	139
74	62
569	16
2368	197
309	110
757	186
1059	81
1700	71
274	101
216	163
333	29
1404	68
246	58
303	98
5544	53
280	33
818	67
714	194
1558	100
563	11
3852	49
298	35
528	55
804	36
1510	219
845	59
516	188
977	102
325	306
1702	22
2890	273
384	72
1608	16
1592	308
923	109
669	102
377	66
889	131
1372	86
353	39
1511	36
1818	27
1170	114
993	3
1774	98
3691	65
192	77
130	24
2538	76
423	41
3044	4
1207	117
272	13
926	82
550	210
614	45
279	67
553	11
3673	5
700	179
162	83
1036	43
1751	113
304	76
569	112
3753	580
1297	38
1195	44
514	201
364	79
227	143
1191	16
139	5
115	185
863	44
101	501
92	4
98	71
261	142
678	183
1985	68
282	153
303	3
492	213
247	19
725	73
508	131
395	39
1480	3
492	247
1525	2
3170	32
1550	54
1083	13
906	14
573	30
837	15
2787	378
904	79
103	358
549	52
993	37
866	57
1133	126
1580	75
1124	75
304	76
159	214
648	105
1648	77
639	79
141	277
5586	10
1110	145
698	158
6586	71
869	70
2030	34
701	14
1176	117
1502	7
548	58
360	2
578	102
515	41
1809	23
266	271
1189	34
1535	55
118	50
1136	204
1553	60
272	41
643	107
2112	92
2220	44
536	253
984	131
167	330
776	239
118	81
3872	15
881	20
37	59
98	33
1719	13
735	290
546	320
71	82
482	13
863	46
851	30
68	65
1649	53
2081	168
910	423
70	243
731	87
492	296
2514	29
112	42
1088	125
1001	46
100	49
3208	122
1749	63
706	234
686	34
318	78
1812	37
196	130
521	23
236	78
414	88
1376	56
274	143
1359	107
279	2
798	4
981	57
102	18
2375	71
1094	136
306	11
3433	61
423	82
1424	233
218	173
2217	406
489	156
465	413
1891	42
1235	97
873	116
441	18
451	165
147	255
2902	468
301	118
1642	14
487	9
1628	60
364	44
669	343
560	133
428	66
1065	16
1307	110
63	36
72	11
2467	37
2089	169
599	187
198	124
76	25
133	301
493	245
1220	33
1773	135
681	147
895	111
468	36
1971	4
970	295
459	194
2436	413
218	7
1829	137
106	133
695	517
1177	72
1236	68
366	71
107	1
468	122
438	81
224	19
467	224
371	54
286	197
654	460
687	76
486	124
749	17
1990	20
1150	5
2327	141
2170	143
698	19
191	83
948	102
2865	14
456	12
130	10
127	11
220	151
271	43
3236	168
627	85
496	60
1245	52
625	268
117	428
2193	118
620	28
1238	183
715	17
600	204
4562	164
1254	28
1245	42
1163	167
510	170
186	56
161	33
1395	12
1809	95
125	38
133	2
729	172
2841	104
252	31
451	131
186	18
351	28
560	63
1614	249
435	305
876	126
1385	1
230	78
121	135
213	185
258	106
1621	95
398	90
569	230
753	65
713	24
718	31
672	116
1066	12
724	22
514	6
363	78
489	25
1495	337
202	41
251	255
1133	105
79	75
163	18
676	28
851	4
561	76
780	27
578	33
2086	102
1093	44
161	4
703	2
1177	210
1621	527
1336	16
256	183
531	36
1711	36
306	362
1357	15
222	34
1202	30
703	161
393	184
4715	399
251	235
885	28
2147	17
209	19
1487	7
485	282
643	17
562	131
3014	109
2148	32
650	11
252	98
624	96
1278	32
255	23
906	58
795	28
1541	43
992	404
889	42
1283	87
213	18
1970	262
1786	81
410	160
1219	17
152	60
438	103
192	172
3023	175
50	121
3326	225
506	102
696	35
493	67
1845	152
665	47
120	8
2625	95
1768	27
385	72
1012	120
1764	44
408	153
1073	79
134	24
2233	39
92	41
647	57
977	31
243	60
2101	36
1591	49
910	68
803	21
86	298
785	174
3788	87
3113	20
1916	42
323	236
300	57
297	54
370	238
753	33
1106	57
2346	7
1956	62
1631	40
57	128
927	9
133	160
1465	90
288	429
171	64
135	157
1886	94
410	56
181	62
3399	679
387	39
138	4
1379	62
1143	253
2115	35
90	161
590	91
319	348
828	85
782	16
1097	28
1049	358
1214	120
1167	103
1172	45
2351	84
759	50
982	20
396	226
566	11
322	114
1949	533
383	25
1376	21
92	13
39	22
2046	41
1153	62
170	61
145	164
343	450
793	61
104	170
271	46
741	127
637	90
55	37
1797	30
284	11
1987	89
2136	136
274	85
920	55
1668	148
873	73
78	62
1812	48
884	4
788	51
88	81
221	287
1425	39
253	24
1064	45
5600	683
882	84
1113	86
853	38
415	462
373	16
693	266
546	2
551	56
539	58
821	28
462	56
548	17
2014	298
156	65
232	15
675	31
1426	139
257	62
983	149
1773	1
1047	188
128	101
2057	33
1079	257
37	91
1102	101
557	39
1541	113
74	29
243	54
354	207
157	18
755	345
2210	75
627	345
720	144
1584	89
681	47
114	171
288	82
276	406
65	64
91	119
562	58
489	67
367	148
772	98
1470	227
1234	258
753	16
306	187
1383	246
273	19
4500	285
119	61
353	51
187	3
1716	6
467	89
87	319
1427	42
271	15
2765	63
1887	48
109	226
3996	12
205	49
494	17
4307	21
1703	67
2042	42
2348	93
1023	16
1398	94
522	42
539	66
953	113
1044	37
1120	71
1109	41
93	6
1140	6
1307	381
1531	66
1361	21
627	174
1565	24
137	44
389	19
989	47
1409	11
1310	27
671	19
282	145
871	139
1660	108
1894	34
939	75
2752	125
2075	122
1861	223
955	23
465	171
641	46
487	278
3299	47
2175	126
1724	64
381	163
2699	113
58	104
74	6
334	5
1338	244
3465	75
1298	10
1296	112
434	319
755	21
1262	24
812	19
733	394
205	214
743	45
2512	51
1917	5
545	66
2723	17
271	30
2783	8
467	20
498	2
988	147
412	64
863	126
623	3
3771	246
784	71
2445	180
495	19
248	74
2905	49
796	24
1423	83
405	199
437	320
2765	135
430	15
1363	305
205	82
1210	161
1054	76
813	9
1568	6
1093	224
629	18
764	132
1527	338
1273	4
1101	36
290	102
882	67
541	84
1151	133
2254	169
2212	138
380	154
363	2
1435	50
105	302
441	243
438	15
409	73
958	4
448	34
3016	93
1015	68
113	175
1348	50
330	51
1017	139
937	19
1342	169
1818	160
663	101
627	411
375	3
1782	29
145	15
2653	9
362	122
56	56
1176	51
247	17
1335	60
731	76
726	119
241	45
697	97
1534	79
358	79
2482	149
107	199
1449	29
454	38
1249	33
412	3
862	83
975	79
455	46
87	145
812	238
53	121
1266	135
742	74
1078	4
883	15
804	58
1382	21
1574	13
190	62
2845	151
2604	29
191	29
552	120
1178	21
1270	24
278	120
1370	31
428	90
2236	157
438	26
1118	48
1010	15
75	133
3336	78
1458	20
342	13
259	16
111	280
208	137
110	178
198	129
2396	203
2473	356
147	39
890	68
2028	43
2036	96
168	61
1104	59
1866	4
92	70
1375	88
1880	6
632	56
200	58
739	102
342	41
163	94
669	17
179	25
1044	54
682	34
115	12
1066	17
2108	48
310	74
514	102
5107	151
693	29
456	150
214	170
1432	8
2029	22
279	59
1368	54
5677	5
615	160
1680	38
1267	211
194	97
2445	25
2632	45
2587	50
1430	58
1295	89
209	61
990	93
664	297
69	165
1442	349
549	1
355	31
1074	23
1029	175
2166	123
399	181
665	188
4692	65
3345	18
995	104
1921	9
346	250
290	62
104	79
2824	47
427	240
1553	140
395	173
436	45
209	37
192	16
3739	47
1638	36
596	34
1213	66
279	146
447	67
3102	58
766	23
1756	39
923	72
507	113
221	39
1976	22
1552	164
982	295
728	63
363	20
658	19
2673	9
428	178
2499	58
868	156
489	134
979	44
498	141
890	81
93	152
375	10
1089	26
1223	60
48	10
1080	261
933	139
1300	5
104	61
1654	62
2191	58
1009	35
191	98
156	16
2184	4
126	41
250	176
594	59
216	11
1637	599
2974	16
2303	220
370	4
272	73
479	32
2299	14
495	88
231	43
1761	1
1404	5
880	66
1050	126
662	122
228	68
1284	177
622	28
809	1
213	28
768	74
3484	139
496	61
882	148
874	13
1293	217
2974	23
1896	88
782	155
66	164
2063	18
1989	48
918	47
126	81
1146	105
252	34
896	156
1203	126
397	199
224	27
722	22
3226	9
128	9
352	29
257	200
1853	113
1238	33
1053	98
1217	39
252	66
1930	46
1382	50
485	9
323	9
772	58
815	51
272	25
263	75
1691	11
207	20
482	32
925	132
757	35
97	40
1082	147
1105	18
843	24
1191	1
65	173
1104	82
1304	224
1408	89
390	93
557	34
1234	119
206	33
992	5
2015	54
3879	28
124	314
412	121
2790	54
3475	84
96	70
180	279
98	32
1121	21
584	545
1562	178
267	12
2338	172
754	20
1137	23
539	187
342	67
737	141
867	55
851	4
1555	19
192	17
1689	83
1722	138
82	129
1819	143
1670	48
295	87
96	36
1966	47
1106	8
1488	88
444	166
59	5
1279	60
415	60
148	112
2662	296
376	25
438	265
339	39
434	79
585	21
159	26
467	301
329	14
1691	34
533	394
2757	51
324	33
764	153
60	12
773	40
83	68
2061	84
3102	530
994	166
2066	139
135	84
2323	2
2202	97
827	451
183	44
3092	146
664	5
1590	51
249	160
1503	147
1379	46
896	69
1185	17
1087	32
505	123
908	89
249	11
724	125
343	314
489	65
125	13
975	75
346	144
1345	108
1152	51
4057	38
1412	132
952	9
206	1
224	48
1351	304
1971	301
557	98
220	26
316	188
185	71
1700	11
428	18
80	15
4964	95
1306	262
869	102
258	8
1910	71
437	211
1523	25
360	19
3513	35
88	317
691	7
270	149
494	30
870	25
595	203
86	13
976	14
402	184
728	21
561	76
1033	129
152	167
1937	104
66	67
707	226
535	4
2021	37
713	26
256	106
832	51
1567	325
1262	277
541	191
237	96
1011	8
602	149
161	377
2589	181
100	74
177	48
938	48
925	36
221	87
3356	56
2422	8
240	49
456	123
1342	28
252	17
761	10
71	46
1016	22
723	220
1189	365
2816	24
2730	245
673	173
530	113
1082	203
845	62
936	26
398	277
5626	136
1460	52
999	6
534	49
1008	1
281	175
2072	57
175	194
986	44
976	15
688	11
416	40
83	56
589	1
164	49
422	69
3885	310
3135	273
114	8
449	88
1634	39
617	95
2791	124
1203	19
844	7
950	80
376	69
367	24
289	185
717	110
1093	40
1363	67
336	97
1052	64
2134	90
1750	62
156	203
126	115
2343	212
1553	36
90	72
2889	102
974	445
1399	67
55	77
729	120
1192	16
92	171
797	20
318	65
777	22
275	255
289	4
2374	131
1023	131
99	73
495	285
1154	119
715	155
812	14
140	26
100	17
1032	5
417	29
4905	75
74	111
864	85
619	478
633	5
436	102
976	14
398	97
802	84
1557	9
339	33
564	154
911	81
1246	23
1187	99
1195	204
322	152
858	18
845	138
163	78
2679	211
1227	68
2124	33
488	114
668	6
542	15
262	125
1207	3
181	38
2842	123
1240	87
3005	67
1702	58
3077	220
1337	131
777	40
118	37
1269	114
469	77
629	111
41	235
561	250
2239	174
1587	124
274	61
545	39
994	331
1484	31
1978	12
1480	70
2050	22
2212	39
72	174
1475	9
272	118
936	44
606	85
914	97
1165	122
6554	436
1466	51
493	56
467	147
764	15
1119	11
1217	86
599	157
142	29
207	76
1351	79
2309	2
1535	194
939	217
677	11
226	132
1072	5
1365	138
3045	121
489	1
2982	77
382	26
958	15
215	194
114	24
1457	15
1581	41
458	73
2301	327
1373	79
1950	145
1106	23
180	37
111	137
1466	19
452	25
249	54
2543	91
2796	7
1278	170
661	67
84	29
443	5
2375	43
940	206
1167	402
97	221
573	152
412	58
220	12
795	9
548	75
877	124
137	12
230	79
187	45
177	26
1165	54
1825	108
977	12
1027	42
1327	60
863	28
1001	11
917	23
678	152
959	268
1366	22
2220	155
360	160
3056	63
165	136
243	32
111	36
1190	4
609	28
855	130
975	18
118	17
4388	106
766	139
658	66
2748	308
309	18
679	55
760	82
2221	189
1161	138
4556	120
308	12
2023	63
138	66
667	8
922	31
713	132
720	21
340	2
723	62
1695	60
1219	20
2579	100
593	53
268	1
1109	70
808	124
632	549
681	40
93	80
562	19
262	46
1518	160
501	73
1173	32
927	26
1357	139
767	229
601	45
161	177
319	155
430	115
195	448
646	88
832	67
1548	59
211	202
926	36
643	135
1788	25
150	38
306	136
203	39
954	486
648	506
1184	41
529	73
1533	223
192	86
3833	42
647	263
184	31
265	27
483	65
1219	57
44	88
775	23
1297	80
1777	5
62	318
3803	286
612	187
88	99
928	27
1458	325
713	12
1584	345
211	33
1211	13
78	8
684	42
468	296
651	72
462	30
372	135
1303	169
1856	76
59	106
871	197
842	9
205	61
839	65
5449	20
1201	158
1138	357
237	55
1497	178
1291	249
290	156
161	215
4095	9
3046	17
859	213
2264	26
2020	62
647	54
607	124
4910	25
843	149
374	32
328	133
2104	34
685	76
723	90
513	8
120	10
200	307
1950	254
340	40
5057	89
2173	1
1516	60
536	109
3822	35
965	94
1199	88
386	56
142	51
585	131
409	295
779	31
194	24
2321	127
1438	200
189	72
328	87
370	29
163	323
274	45
2406	82
3997	54
1289	104
506	113
594	83
658	187
502	123
599	147
1273	103
577	415
204	51
369	161
316	249
466	61
232	46
584	67
2242	160
2290	222
981	30
3550	28
1174	163
870	57
95	157
472	7
630	75
1694	94
361	47
651	233
2523	88
666	41
693	212
2729	145
1013	221
1174	117
635	18
531	81
904	105
1369	29
792	63
2140	69
1164	28
824	9
158	14
204	11
2052	13
312	27
491	87
1547	246
2513	18
559	36
1028	361
1943	9
1972	111
765	47
252	47
167	14
1071	172
1015	33
326	165
29	515
115	149
143	37
594	50
302	252
646	128
111	149
264	48
361	23
3549	124
1024	246
148	180
461	324
378	103
297	78
199	17
328	27
647	33
277	231
211	313
1388	40
259	127
207	11
331	36
1236	32
1222	15
472	140
86	12
1570	70
1090	363
222	73
505	13
728	184
202	188
498	329
1343	4
1243	9
280	33
1357	16
3799	2
1380	13
838	32
4845	5
547	98
465	109
1595	256
1523	423
330	221
237	142
945	245
2020	84
245	54
404	234
414	17
907	287
662	145
597	138
697	38
83	281
2419	25
616	436
366	341
377	26
932	145
6151	95
1265	52
1221	73
762	93
2241	15
535	51
701	42
1546	67
521	22
1119	408
81	30
363	352
345	87
1564	158
498	18
1198	119
323	169
1174	22
654	90
423	153
2090	183
425	26
739	10
345	420
753	112
1261	103
1756	97
1423	45
2037	33
5024	34
470	213
306	74
302	171
1826	103
336	167
82	209
320	99
1383	27
1055	123
448	25
568	24
982	7
1654	29
3108	140
944	82
923	3
328	442
223	47
244	102
324	348
601	84
156	87
730	142
1515	122
98	48
414	4
1448	8
96	2
1055	58
3525	17
1151	17
177	49
159	111
1037	471
2068	83
119	274
2581	77
672	12
680	9
738	8
749	126
326	139
5827	296
485	9
2324	130
122	2
300	98
71	23
945	154
1260	54
407	108
497	15
1181	13
2040	15
13997	165
520	74
3173	4
876	3
270	36
1736	126
173	167
1812	134
5716	132
542	35
1219	11
1538	3
111	93
2642	47
1101	15
886	16
417	7
2482	45
1763	107
514	31
3573	64
780	70
2265	188
1036	197
389	78
176	23
1571	441
1569	137
135	78
3845	313
735	3
566	127
616	123
911	157
209	7
782	2
1238	41
1691	67
363	137
295	194
927	12
45	76
1230	43
324	2
153	121
1834	39
1104	22
841	193
3322	127
2291	48
561	274
581	25
121	15
863	129
1051	83
1706	195
489	122
1285	259
502	58
731	19
126	257
1697	15
3171	162
1458	151
499	7
860	233
674	102
49	1
2119	26
292	142
6386	55
769	49
744	101
279	45
388	14
1926	42
1291	57
106	441
2047	135
2700	14
709	79
299	32
543	20
3681	91
2245	154
3271	133
589	53
1225	63
905	210
185	31
739	229
494	201
960	176
202	76
388	304
377	21
1606	299
3865	128
2045	114
3038	21
495	174
1715	14
327	161
2856	165
459	156
300	244
383	261
5939	172
1266	80
2037	46
1563	552
330	100
1088	44
1892	16
1096	109
137	179
298	78
337	22
1043	4
234	4
515	371
1759	32
1031	125
633	98
872	128
3922	36
1090	8
815	9
156	41
125	43
1364	27
686	26
181	38
1009	14
1430	99
900	27
1605	29
562	4
1658	110
171	230
959	47
214	21
917	79
1924	139
3327	61
490	17
230	119
173	8
472	266
810	311
908	390
1321	54
929	160
1369	6
1987	67
645	31
2628	249
601	263
599	24
2243	23
617	117
1712	23
2207	232
2021	61
784	47
607	100
848	100
1921	529
903	45
1436	18
201	60
2941	69
548	9
1067	79
1541	140
1755	18
102	23
476	77
373	68
655	59
1799	36
1706	243
1813	19
365	7
507	56
794	136
1452	70
197	118
579	4
1001	136
209	1
1116	98
1857	107
386	12
672	48
1168	129
161	338
210	36
1420	131
291	17
171	30
1491	140
342	217
1124	46
50	56
535	61
2464	30
1201	32
178	56
1237	145
2168	134
107	54
2657	153
307	24
1476	31
121	63
1324	136
3344	65
132	14
3398	78
199	153
948	94
347	246
2069	57
1150	180
295	14
1163	71
3450	159
2275	155
761	45
1759	357
1374	54
154	116
855	135
277	127
211	7
258	445
373	81
964	110
621	280
1915	79
1850	235
643	156
2332	235
457	97
159	54
1057	139
686	6
1021	10
714	158
1314	10
1429	18
2010	11
159	6
174	521
397	51
1270	132
276	18
2811	32
2188	72
2943	132
1048	48
94	35
296	49
511	118
959	76
427	1
572	19
852	108
467	82
4896	77
762	27
919	61
613	22
237	140
2931	147
703	196
2694	10
1806	304
321	38
796	9
1329	74
3572	25
330	136
650	36
601	49
1037	50
4233	23
1370	68
1230	30
695	167
3604	102
1540	146
330	32
1700	304
349	221
361	30
155	82
2946	53
765	89
1447	45
133	38
306	40
1047	201
2812	24
1371	122
308	153
1610	90
537	267
703	1
2638	17
453	91
688	396
1237	5
391	291
267	25
388	39
439	97
1259	6
1965	149
3779	30
181	55
1252	92
1334	45
210	8
1265	39
714	63
1431	23
452	21
328	81
2044	89
2873	45
71	225
2409	58
2041	37
513	12
1581	15
1136	118
717	132
711	6
832	273
1265	70
1707	48
989	244
2138	8
543	5
2359	37
174	152
692	27
609	37
140	24
405	150
635	91
872	64
348	289
765	165
1675	81
1222	126
3151	347
74	348
370	174
309	35
1904	392
507	94
258	600
1300	382
475	107
1088	198
412	198
1404	65
356	25
471	148
133	77
401	276
617	6
4282	35
146	198
592	135
2439	167
74	28
1115	18
151	28
392	44
168	34
855	35
275	231
238	5
1428	77
223	129
982	95
262	1
2380	52
728	38
499	104
1184	28
606	57
1530	157
5261	154
1789	69
403	203
1926	187
561	115
1232	214
418	20
767	118
231	184
671	8
1295	18
376	80
1838	127
306	14
1953	81
209	172
684	68
164	4
241	73
177	472
3119	115
463	8
934	123
709	205
95	14
365	100
351	161
165	442
294	68
803	10
881	230
2679	19
330	71
2215	144
1507	302
807	381
2871	181
797	113
1165	9
1048	26
1771	12
929	167
786	45
1184	276
577	64
1376	10
1312	401
1314	23
1140	108
302	65
1092	3
162	12
758	57
1227	10
1287	14
208	149
1978	139
673	57
1366	122
53	165
1348	207
190	61
4070	54
177	106
1650	78
387	78
566	102
1248	194
269	314
2569	6
106	88
1133	75
248	80
1993	38
352	45
1788	10
1374	129
190	20
1635	44
3120	44
748	225
86	489
936	243
2277	172
730	58
217	13
513	38
477	6
473	128
879	182
222	112
168	183
184	1
127	22
323	69
1704	154
247	43
224	197
709	97
2288	96
955	70
342	184
973	89
427	13
2385	241
438	8
460	128
183	214
675	26
213	243
984	185
1956	21
430	46
720	103
995	13
179	85
82	48
2140	19
302	255
2485	115
280	737
629	162
1807	697
1448	141
105	33
1186	267
1152	163
824	9
358	45
265	147
1189	147
675	173
1727	210
34	12
280	20
275	57
4340	49
297	1
2107	145
400	391
70	95
1016	15
1013	43
1417	193
174	30
59	8
733	52
142	25
761	110
94	35
67	351
889	120
858	117
2383	91
323	40
327	49
3569	79
260	52
311	95
1016	75
994	103
1659	29
1297	105
1367	53
896	76
372	164
206	28
237	184
343	4
1382	30
1704	154
1363	47
1308	46
196	118
321	38
2818	152
272	104
1041	173
612	89
1038	20
1037	110
938	142
341	39
1026	69
159	29
2869	9
1742	90
655	17
697	115
2305	43
993	31
3737	14
206	245
850	85
425	1
327	48
524	253
293	42
275	80
1876	306
621	225
426	45
2034	14
1046	142
2011	54
69	22
1319	59
1072	42
1557	63
1590	49
1072	1
809	214
721	132
1395	114
327	220
733	18
2551	144
102	310
1158	10
587	128
766	20
1072	124
1294	416
275	5
3310	3
739	597
1184	371
126	11
354	120
1257	137
2564	24
331	73
174	24
652	13
1710	20
147	271
79	15
1050	165
1812	48
360	93
1498	6
135	101
839	35
966	81
1389	16
310	21
901	222
486	63
1022	36
95	154
1182	43
524	64
319	2
1867	143
398	95
171	5
203	154
1282	234
399	14
1504	49
238	17
520	24
337	17
3463	39
800	44
2208	91
453	1
677	217
1799	63
1684	177
1016	121
509	119
624	12
790	6
124	82
163	116
973	5
109	75
670	142
4498	183
4487	67
260	12
921	120
693	154
806	44
119	12
283	90
3122	38
82	49
2367	91
122	109
414	48
541	96
6204	47
306	87
443	183
798	44
1299	6
583	246
2541	49
822	102
986	332
2570	275
1601	48
1502	174
1205	42
737	285
566	77
540	46
157	158
595	36
120	2
523	28
241	10
3458	116
1020	68
2339	49
220	71
3147	4
518	24
361	33
1623	24
1941	51
1101	108
175	17
1914	19
516	5
390	96
133	1
982	159
329	66
569	40
974	148
1204	10
1109	79
510	47
231	41
1131	61
927	46
2168	32
554	160
855	34
867	31
309	349
462	51
1100	102
782	93
557	23
997	49
1090	38
3653	139
723	10
90	24
1063	21
1283	144
258	136
956	57
85	62
1790	1
1244	62
4111	35
592	124
1248	53
414	201
3529	227
1745	267
888	148
1277	195
582	269
1755	267
303	41
605	48
98	99
1773	29
569	224
590	76
266	121
2766	14
202	103
140	7
1075	147
698	2
347	113
2094	13
2500	49
446	97
1246	121
940	60
134	42
62	64
442	232
428	81
1143	268
1279	53
548	144
1695	58
129	17
964	7
464	56
621	316
72	21
336	43
881	16
77	196
805	74
60	75
4373	20
93	28
2082	43
212	76
364	64
383	133
272	15
249	154
334	142
4587	104
309	45
378	77
1418	183
822	37
335	299
104	153
1331	420
425	13
1356	15
657	92
199	209
1038	70
309	59
54	4
38	25
2732	174
2311	52
552	33
383	90
591	326
248	17
882	18
816	37
510	45
2361	47
187	125
243	35
958	37
1068	110
966	134
916	26
448	652
3141	106
665	16
179	67
2592	57
1634	156
670	79
1866	79
340	39
632	63
222	88
2013	34
467	78
1901	13
1687	142
336	64
1626	268
271	67
838	11
222	55
179	246
4872	174
1103	40
325	214
1085	503
206	71
532	80
1820	42
1980	9
415	413
720	62
241	857
761	40
1431	26
2473	125
1753	131
520	75
135	371
733	13
1032	43
228	10
665	37
4740	1
1024	20
577	94
646	180
1141	5
741	97
622	310
183	133
68	23
229	18
1104	80
164	133
157	56
1583	73
746	117
657	33
372	63
1867	132
1018	177
1208	40
554	141
1708	97
945	118
2311	1
1010	222
1601	6
158	103
113	21
1010	63
130	149
228	12
3631	128
2117	21
375	103
746	26
1741	345
674	6
294	142
1837	217
150	202
1023	72
599	5
627	107
1739	42
2572	92
3342	211
1113	294
1159	55
1180	147
216	33
3337	89
296	285
2428	22
3078	99
767	102
407	1
1217	211
1478	150
1136	10
1899	284
432	34
642	475
82	134
5327	45
1950	23
152	75
468	87
861	85
1273	153
741	42
1125	140
2025	11
386	53
2491	1
972	52
665	101
242	63
128	48
765	170
874	137
1055	63
616	75
278	111
109	21
819	45
696	184
1533	97
308	78
3547	9
349	27
1400	14
1684	38
471	74
595	312
2283	36
1073	108
265	34
1424	300
508	32
2157	12
511	1
119	250
701	74
235	341
679	104
2870	19
361	88
470	9
2315	41
245	54
1484	282
259	47
876	8
1251	24
384	13
234	72
92	12
264	236
929	4
708	197
201	119
490	18
211	12
2153	252
223	7
823	32
126	102
436	54
1635	47
386	50
625	11
182	30
1113	57
630	57
3172	48
3390	22
1540	36
936	17
741	129
1078	302
246	147
3037	28
991	204
261	28
373	41
1248	34
397	28
664	276
234	57
991	190
879	96
775	18
1564	191
1008	137
74	29
586	156
363	28
213	75
2051	1
1619	88
85	111
1176	115
1206	30
1953	43
252	91
733	27
1516	48
174	303
91	352
988	165
1369	57
1118	19
941	86
710	51
285	31
241	30
396	265
749	55
204	11
176	36
1447	63
293	58
346	49
151	274
663	250
889	12
562	95
391	43
1805	26
445	62
661	151
290	72
396	42
853	232
264	44
200	314
82	46
1494	59
1123	126
851	340
90	102
3038	344
1556	92
2076	72
1964	326
476	228
91	22
817	91
229	90
306	42
155	70
759	47
2377	23
993	59
744	40
2513	89
1534	84
604	59
1675	105
610	46
977	187
754	265
2438	75
1991	335
762	164
82	107
593	54
114	172
1834	149
668	81
259	244
224	38
755	239
85	158
279	21
1392	36
817	102
1851	69
1317	30
831	128
494	94
1896	27
681	32
1339	116
2241	107
294	55
603	155
131	62
818	160
2855	9
2335	37
343	168
461	141
1547	44
1293	120
1299	165
800	27
756	56
1558	110
157	115
1371	406
725	32
458	472
884	21
734	145
433	64
336	400
1191	11
1090	196
177	185
607	288
281	154
479	125
1153	20
493	79
412	25
149	14
446	142
1027	3
1372	30
3528	137
75	10
327	22
1090	104
309	1
1643	267
3711	34
107	43
757	19
3249	171
3400	57
699	127
3343	106
532	11
1507	225
2891	186
400	99
1172	416
1974	3
306	87
2374	139
2343	44
2499	152
454	48
1498	195
1271	41
167	28
2348	68
789	49
751	185
83	137
560	55
311	118
3420	34
556	31
895	9
2144	1
1045	764
1658	140
4199	67
159	3
104	232
49	203
3807	93
373	72
531	64
311	173
2137	10
4029	167
1473	15
1283	86
699	90
979	265
124	27
128	95
455	25
325	283
1810	15
68	99
1084	145
348	72
684	154
2935	67
86	112
1654	236
203	109
468	8
517	51
2244	29
472	89
103	34
170	13
2864	88
202	222
650	49
657	146
4473	98
1571	328
78	90
880	54
1213	105
462	29
2515	211
314	34
388	24
2601	21
65	36
722	6
1073	228
1641	66
92	461
1045	8
474	65
1038	147
1708	79
670	33
960	55
1220	55
753	63
74	161
396	509
1121	30
1683	40
2035	102
367	39
605	53
382	4
530	13
924	68
1410	43
500	22
538	106
989	182
457	40
832	255
277	197
792	82
448	30
1039	292
147	10
2631	82
2649	95
2326	7
1150	1
4094	83
282	5
200	39
874	143
3094	37
135	55
790	59
871	34
1188	7
1297	6
376	83
548	31
55	20
2757	233
642	41
443	16
1693	366
1791	6
1027	66
345	130
235	57
392	18
369	7
657	83
470	217
3429	161
322	24
193	65
1553	319
1036	66
2416	114
484	61
215	402
567	549
1149	353
1132	53
1048	74
909	11
196	338
1952	229
2468	3
569	83
1817	84
249	26
575	150
2056	91
675	21
205	31
86	118
442	253
426	62
912	13
2582	52
101	122
1478	11
1113	89
850	186
1986	260
200	215
378	45
88	82
875	334
1423	41
1613	5
319	31
1317	86
2027	14
984	3
298	22
211	45
2234	44
3016	45
531	361
1405	92
1190	178
217	111
403	40
251	3
283	66
1473	7
243	133
339	31
709	319
489	95
228	49
3210	88
98	133
406	42
1376	55
1632	34
1001	62
96	2
130	298
489	98
1300	79
609	48
530	166
561	21
1086	23
490	34
169	131
350	16
332	2
74	40
2414	105
284	35
1043	19
572	211
3310	186
1702	5
435	59
1540	59
734	230
2018	164
1798	19
1149	227
778	68
390	1
283	54
1959	307
977	60
185	102
2660	171
510	19
481	86
471	143
1903	208
646	23
2631	63
254	11
523	33
1476	29
765	121
1283	59
2291	381
685	114
437	7
78	5
339	122
82	44
467	66
117	363
154	53
843	194
382	40
196	47
4821	67
3704	17
419	193
638	92
825	53
1799	138
1769	20
814	12
4266	213
2110	85
2182	43
157	57
88	178
368	121
948	58
277	131
3877	157
482	45
954	520
1315	73
2629	80
1337	23
110	34
2026	319
89	357
165	10
288	5
564	93
639	26
403	15
832	44
157	17
152	157
2704	26
973	34
1784	58
1122	23
811	17
215	329
182	142
1409	124
85	39
357	202
72	32
1874	121
126	51
184	126
2328	88
1754	189
412	97
362	478
2571	181
488	12
144	8
982	34
125	32
850	57
1003	102
446	49
1623	122
2394	188
222	115
777	280
129	138
776	17
2754	3
415	42
883	90
278	60
185	200
2477	31
146	57
935	156
153	186
864	30
1033	114
663	20
739	15
1012	94
72	9
482	2
2136	39
1902	281
169	278
332	25
295	54
2482	93
1250	153
662	223
2550	2
560	19
1020	16
539	542
696	4
502	18
274	231
1198	138
73	9
2266	107
2757	286
976	33
390	124
1333	60
289	95
990	261
1520	32
211	15
287	197
2725	63
813	68
1437	104
1935	138
537	88
183	39
2306	91
404	167
1155	183
874	14
170	665
640	206
1406	398
116	243
298	122
415	13
2144	51
733	34
4376	107
93	147
964	23
559	142
576	35
348	213
1192	117
715	91
119	236
543	9
557	358
1146	154
381	17
411	11
254	65
517	48
704	64
1147	5
4554	17
2160	78
438	66
1714	35
2276	15
106	6
3856	211
56	277
359	70
188	52
2158	81
657	3
2523	69
669	1
1416	49
466	108
1347	54
609	19
980	158
392	253
541	71
246	13
1875	37
316	12
889	9
289	57
471	31
538	37
1590	94
3612	6
2473	120
37	164
1730	89
560	13
214	14
999	54
281	233
234	132
167	280
42	180
216	24
98	573
1563	45
834	15
2021	58
57	91
221	26
190	81
474	84
1329	62
188	221
982	38
290	14
3009	441
1883	93
876	160
2524	66
226	20
689	71
386	26
81	39
1173	200
1340	54
369	72
1016	101
2275	53
772	263
647	101
1831	37
903	21
1040	6
1170	97
359	5
109	21
216	96
1244	29
1080	47
1287	63
363	53
450	98
1554	46
1792	41
2726	1
1069	20
1040	9
296	127
1149	76
230	11
579	90
3266	86
233	196
950	40
4270	54
73	17
888	90
2345	359
2326	45
1058	37
619	41
226	79
2391	14
1515	226
604	180
2817	142
208	58
459	47
203	477
156	77
324	141
844	8
290	145
1028	12
1482	112
88	29
59	113
1490	26
273	22
287	25
1181	217
452	46
1004	53
296	105
557	149
869	1
211	38
4066	38
182	50
1665	349
1361	98
1620	36
941	13
658	10
115	40
2273	89
457	36
1395	85
600	656
1182	41
416	78
214	45
924	36
1439	123
1859	250
519	90
567	2
585	94
411	147
743	7
399	23
666	82
1123	18
137	3
1459	16
906	87
599	309
937	2
120	190
1197	62
1137	80
792	455
561	246
1202	52
2697	73
2063	62
253	136
377	56
1341	120
4072	141
1224	55
1700	115
885	225
429	170
2467	46
257	99
2504	7
1113	189
2191	28
1207	150
1533	54
104	149
429	88
1470	114
2721	88
464	29
204	195
1452	63
133	37
178	160
194	115
780	47
7796	37
605	19
1845	1
3853	55
3517	149
1468	293
169	64
209	49
1599	10
49	96
3643	233
1264	219
231	44
230	1
162	75
208	85
1166	33
1122	1
1313	81
372	6
945	50
554	171
501	183
299	87
767	103
249	85
1437	24
635	72
292	730
999	313
1270	13
351	118
728	20
2463	119
151	87
1389	20
1161	310
681	79
144	37
1514	3
1532	254
737	64
93	96
886	4
998	400
568	528
534	65
2828	185
552	69
1904	205
1363	251
1838	193
992	14
1077	250
158	38
268	41
2069	44
2142	96
80	70
1965	31
689	72
400	6
555	101
615	197
1274	151
1042	42
162	148
455	109
1330	121
796	149
1047	60
607	11
3226	104
284	163
537	351
5484	108
1634	53
1549	77
450	24
940	57
3510	180
100	106
530	148
575	6
630	32
1847	38
323	81
1267	6
218	215
1389	199
292	21
692	13
48	35
670	150
140	41
2951	100
1345	27
91	241
82	5
1058	33
661	68
728	185
217	108
329	49
1115	209
1206	194
322	35
4082	205
708	86
1589	10
1306	218
926	27
985	220
1665	46
995	108
3058	30
240	4
612	123
212	285
1126	47
433	184
1296	105
803	16
3104	253
472	11
1199	164
2178	3
1411	43
1612	20
96	6
1624	104
1546	86
144	317
243	74
1408	34
1337	59
1329	489
4138	306
172	263
89	9
622	34
1315	115
2820	30
1273	60
362	28
226	85
447	346
1067	3
2424	52
619	94
140	30
804	45
144	37
1392	130
87	8
2136	13
1762	58
527	140
405	57
550	55
1105	117
1255	17
1228	151
362	32
217	34
148	116
430	217
1490	361
395	42
317	63
924	288
542	10
1345	50
359	6
153	37
253	542
415	108
2316	116
817	89
217	117
1319	186
2754	23
1133	164
610	7
139	22
2756	228
3141	68
929	57
1364	38
77	180
828	27
745	63
366	29
1375	29
2608	177
2902	82
625	6
362	324
2757	345
5856	42
442	45
107	33
183	45
1904	97
131	81
156	103
434	35
144	205
679	189
849	42
1129	218
1344	122
731	60
61	25
1271	28
484	12
3764	115
1133	7
529	146
299	131
812	73
851	9
788	64
356	102
275	61
367	8
961	8
2095	10
2061	42
688	132
1456	35
699	24
777	11
96	68
636	118
122	167
829	68
1194	15
254	10
333	55
1266	303
264	62
462	234
131	68
657	25
1129	8
3622	241
745	34
634	186
2366	39
2133	131
645	233
574	126
1378	66
1322	70
280	30
1642	35
154	46
2281	157
2352	16
1687	72
1401	77
912	158
884	169
835	32
1058	202
467	79
1035	31
111	67
1011	6
1435	9
1562	11
115	7
858	171
545	72
1076	35
892	300
1543	30
235	92
211	115
977	128
3474	97
1305	2
78	95
172	10
911	290
137	107
1386	2
6095	28
111	12
998	216
1699	77
518	143
965	370
2744	225
931	75
253	334
2580	74
57	69
907	43
333	105
207	132
91	198
99	93
172	119
883	40
126	17
2334	178
732	25
656	3
259	184
271	273
1351	75
1728	27
623	46
523	7
693	1
3812	19
1393	92
1974	492
2037	9
210	104
1001	24
442	223
1266	392
1047	127
1981	40
2198	103
83	166
2447	29
166	25
305	11
228	68
3331	24
2020	49
886	114
576	104
739	118
725	22
101	31
170	188
1361	16
180	146
97	144
318	178
435	136
322	61
2038	31
4476	37
72	1
65	19
849	69
2848	25
957	181
440	30
3076	321
366	7
3111	88
1095	60
1346	316
248	121
1070	48
1223	296
149	78
1334	19
228	3
80	277
1253	15
2584	1
2065	129
544	2
285	58
1111	67
888	82
3826	173
362	133
757	357
2228	181
635	116
820	23
290	55
130	100
887	61
1838	182
823	81
308	105
655	203
210	261
850	266
449	210
142	6
2954	133
4505	13
525	82
3304	18
3349	89
3335	240
1050	28
642	130
290	164
1743	38
221	61
205	101
1987	137
180	25
3847	317
397	57
793	21
442	35
160	176
213	315
945	6
1590	76
934	51
3816	78
296	121
2315	26
1326	153
721	101
810	352
265	102
632	70
268	26
1616	61
181	58
126	96
1137	178
445	35
1363	54
1204	70
836	384
813	117
316	112
1864	94
1579	12
134	209
224	138
366	74
1673	72
1295	159
2757	339
1255	110
300	4
1930	48
766	194
584	368
627	39
361	59
2425	258
798	58
187	43
112	7
116	55
174	234
2381	197
555	42
1480	107
2791	2
122	86
271	89
552	63
1832	173
1531	117
479	203
484	259
391	54
181	284
420	32
680	172
1437	76
1089	15
799	133
1330	8
1074	17
1326	33
501	342
1615	169
298	132
2144	72
999	187
260	258
852	278
850	293
1761	57
1670	9
225	141
198	135
183	74
528	554
381	65
71	113
140	245
2046	121
499	21
302	93
1128	14
714	107
833	74
1030	324
1543	37
220	92
2766	151
1662	197
1050	61
1002	366
1260	18
833	194
392	44
899	78
502	73
1746	79
294	226
2403	204
230	14
54	35
1157	50
143	168
660	152
222	251
1181	185
221	71
2282	324
338	45
1542	15
734	26
874	11
1326	222
413	70
347	226
475	479
1687	176
199	175
961	50
342	42
1528	153
304	91
3823	78
2073	45
1048	40
43	155
1087	190
3562	148
170	100
2705	44
325	29
4602	15
361	51
530	322
142	133
1044	43
1931	87
376	91
96	75
562	252
3700	49
912	14
1602	19
394	53
527	54
1389	170
1751	78
1772	47
1031	2
115	215
688	23
1178	212
1401	25
3539	53
1509	95
71	151
368	50
755	31
1772	31
1336	7
343	47
362	40
883	323
977	35
513	138
3166	102
935	74
321	143
787	57
944	210
1194	307
971	22
2030	29
212	72
1271	124
465	27
177	182
1891	81
523	191
501	116
1307	147
1315	11
794	6
98	147
947	24
625	35
2740	49
969	298
80	72
675	75
387	74
2451	146
1394	18
365	105
1410	24
1349	74
296	36
1944	33
111	45
1184	133
2899	304
852	48
82	71
778	366
1720	50
549	167
251	107
409	187
147	199
550	37
571	129
179	97
1417	73
766	100
1212	132
194	8
1434	140
1097	39
506	224
302	85
392	4
1183	284
225	261
126	12
871	39
157	51
2071	54
406	18
2254	106
688	106
900	270
795	33
436	24
501	2
176	31
1227	76
337	18
209	82
1809	68
2175	87
603	26
1507	63
207	119
518	133
1365	24
538	10
1272	62
247	35
2016	13
732	205
1164	526
570	7
1298	183
3074	18
1188	40
448	188
675	37
1032	17
399	15
3978	32
406	222
3728	75
5221	52
992	61
515	5
140	98
1563	2
746	103
678	1
280	254
3046	80
671	498
265	125
260	1
1210	145
1715	9
599	29
572	132
1290	67
292	264
276	9
1665	100
1283	88
629	79
638	28
275	33
970	75
845	46
521	98
703	5
2031	99
3795	181
248	81
3771	52
878	289
1731	6
3723	45
155	195
446	83
204	170
2937	40
1607	23
4357	79
1754	5
1811	208
464	20
231	4
445	26
350	23
858	57
141	66
2411	94
992	13
570	140
464	43
534	178
89	138
1017	48
702	3
321	66
280	47
2710	67
626	234
2920	86
205	65
1489	27
291	78
1412	124
577	28
1366	258
976	93
522	77
1595	284
1077	24
2396	222
875	7
1685	55
773	183
336	156
1721	138
526	10
119	108
109	242
167	343
330	39
305	187
1073	39
403	150
3999	17
605	249
194	13
211	22
1186	23
4227	60
874	13
1196	151
928	76
837	47
425	249
909	190
398	346
96	5
560	6
1219	29
36	31
1930	33
1631	156
248	101
1055	226
594	10
5794	246
253	21
477	49
903	71
3661	1
1245	30
3081	104
1435	4
236	8
1213	47
1000	205
2439	225
494	58
1286	192
856	297
709	71
313	102
275	51
2027	67
270	176
2100	13
772	75
1473	42
123	29
3154	93
3635	325
89	104
207	144
3355	2
1714	2
697	213
716	2
308	57
1051	30
8	49
797	88
384	65
508	31
233	189
72	122
542	16
250	1
2566	12
1447	190
546	6
2321	84
181	114
1881	54
755	93
392	199
218	114
618	70
702	16
244	43
824	11
2738	80
170	42
913	192
2457	9
1104	17
2572	11
589	14
622	21
2389	170
535	45
2029	102
1188	174
1088	68
638	30
1713	131
433	32
206	249
410	77
757	202
899	138
562	1
807	51
1118	189
77	91
40	7
469	177
483	61
251	78
2913	148
202	212
749	71
258	80
374	78
245	162
653	164
1008	166
641	23
566	17
1198	54
239	14
1667	112
901	61
107	18
1449	96
139	409
119	517
1024	45
84	90
1140	72
1772	8
199	168
370	41
1154	226
392	45
3677	70
1642	413
3040	48
478	8
44	117
2640	18
42	155
781	71
961	250
3050	68
46	112
1263	191
589	100
701	22
35	144
639	288
1056	146
1140	46
1878	266
42	16
66	21
223	41
529	23
50	627
317	61
102	4
2992	125
703	43
1111	144
1326	26
1101	72
1544	211
735	48
179	14
1479	171
1759	42
702	25
276	111
526	144
993	72
723	127
254	54
176	120
384	40
507	468
172	100
1422	29
144	319
2696	7
793	67
792	172
363	3
700	27
121	87
117	41
110	40
508	342
2299	399
1629	133
1369	233
1604	89
2282	103
3122	170
211	169
185	60
639	154
1450	133
1655	148
164	108
1348	2
1119	22
1275	270
217	5
727	19
950	165
623	115
317	460
139	236
92	102
847	114
1839	56
269	359
618	50
389	249
80	67
262	78
6809	270
680	256
227	20
179	6
478	142
1228	24
1704	6
2098	11
552	64
4669	2
1520	194
867	22
647	25
117	76
376	68
886	2
2838	47
199	45
361	30
1211	110
1973	72
231	6
943	159
411	52
598	5
864	92
2066	17
1459	30
752	6
1750	209
288	20
798	370
445	40
280	169
1031	71
4143	143
257	142
793	84
106	67
699	15
364	16
1237	157
536	302
1934	140
257	27
1910	60
482	196
373	4
203	86
356	225
813	182
381	34
1880	231
2529	51
1210	82
332	98
345	30
1877	18
538	256
1683	95
1742	287
498	27
784	387
471	62
210	68
1532	19
135	13
2035	10
841	15
699	57
963	53
2162	105
463	82
422	8
1345	155
2544	76
2564	8
300	73
188	170
2302	61
977	249
1750	133
627	46
888	17
462	5
348	88
1206	20
678	164
365	303
1181	94
4475	2
1383	422
2268	31
1019	29
961	6
2404	234
1683	1
473	73
2892	79
635	51
164	89
312	144
239	79
2149	91
993	159
1017	122
1859	1
715	24
2966	168
5714	41
337	5
1464	82
4025	212
281	72
3159	273
379	155
61	14
1293	5
313	55
98	86
297	3
454	110
1192	39
4554	22
1454	12
373	29
2470	90
527	59
290	5
1477	80
628	79
929	110
914	194
1294	26
121	16
348	4
804	23
2319	243
665	51
359	56
2311	115
881	131
1536	167
499	108
2274	132
1037	70
57	174
1560	4
510	149
392	114
665	88
1867	271
1117	120
1465	222
872	112
504	33
707	264
279	89
97	42
288	6
1035	50
158	15
758	7
285	33
1303	78
1078	233
261	23
572	71
902	62
666	176
477	89
404	180
374	3
477	120
613	16
2400	124
306	417
1111	7
512	67
864	29
2152	33
3105	26
401	30
2426	253
1992	81
1356	23
76	166
262	19
51	73
1235	212
693	169
3263	61
141	14
1674	3
2626	207
220	94
289	80
437	355
1941	221
447	37
390	11
653	189
222	12
1408	47
994	31
411	165
355	87
357	68
488	1
340	113
2593	62
565	107
856	124
180	535
200	190
1257	208
641	61
74	47
116	18
544	201
969	13
597	180
911	63
599	146
461	124
294	33
2615	92
575	92
2866	93
1720	261
795	205
512	101
347	25
570	13
312	23
1682	43
2931	477
460	18
567	62
1961	3
1629	92
1279	45
281	22
192	24
528	51
1531	188
618	35
705	26
1230	60
816	73
253	60
1298	53
169	93
1372	101
829	44
96	134
99	52
683	60
2748	86
160	256
1075	477
246	99
905	191
792	20
317	103
198	53
2177	5
431	255
786	10
569	414
961	103
637	79
1869	27
376	23
524	128
528	60
481	177
3127	24
142	259
4294	70
2587	132
1266	82
84	60
1226	20
1182	47
293	85
570	79
1269	2
185	68
452	3
760	23
2775	174
1370	26
981	28
3241	51
209	246
488	1
790	344
109	58
1670	56
3485	467
571	248
251	13
564	245
814	42
987	67
4872	218
288	42
2651	120
472	205
440	251
735	19
1703	25
240	33
2148	150
676	104
738	103
164	222
148	8
1473	182
404	1
303	93
317	553
834	162
90	62
482	14
688	91
359	73
658	142
852	139
1101	8
2774	111
953	236
596	82
416	157
1690	29
439	106
874	8
2203	97
804	28
2813	41
740	149
106	109
1216	446
876	511
4473	17
801	10
1159	44
467	52
259	36
465	200
179	76
1616	48
1305	60
1404	311
1086	7
537	46
66	13
1800	36
2467	60
567	6
102	81
305	104
276	3
639	192
1157	81
709	125
950	75
405	56
490	71
252	59
591	2
384	226
567	81
1534	12
294	364
2132	10
263	136
1176	21
1504	122
2323	39
242	89
911	45
302	141
1400	113
1166	25
1812	41
493	116
1531	147
143	2
133	300
808	91
729	136
182	289
1926	3
877	50
241	51
173	244
955	22
524	79
753	4
220	78
318	493
1511	67
1926	211
2453	228
3257	260
2024	61
324	21
2337	131
57	61
356	215
2091	23
1329	29
2211	6
2871	67
856	73
1200	306
447	15
1069	82
974	10
754	9
1177	268
208	240
266	8
2587	20
1929	181
823	65
356	298
969	298
275	212
1924	93
1104	6
145	46
2497	118
3688	104
167	28
129	111
674	230
789	52
1260	75
1006	81
1311	54
276	400
284	64
2802	24
288	65
410	43
158	58
2005	157
528	405
209	207
1718	6
2437	72
434	47
3270	38
689	100
542	43
1025	17
1194	197
96	173
2278	62
105	43
1932	57
335	204
1408	147
128	1
675	2
1753	506
2003	154
602	15
1294	26
77	99
744	46
2174	56
228	41
1323	20
549	159
7030	18
230	298
1387	51
1656	57
467	49
485	140
2614	17
293	95
359	4
326	45
960	267
97	57
679	369
452	11
749	120
783	3
326	289
667	155
339	82
2060	23
801	257
3101	193
3657	194
208	37
1171	87
592	21
1676	166
1275	141
1485	3
1135	90
89	50
586	189
554	56
251	47
2186	31
3482	21
466	32
2768	8
2146	46
679	177
1719	185
288	333
954	281
512	254
1473	44
487	189
230	289
106	63
296	29
2381	14
840	13
1174	68
556	138
1244	6
535	21
609	145
382	98
2293	81
933	44
336	40
412	249
406	17
1396	66
262	274
429	26
1773	161
1088	35
1031	779
2044	120
537	131
1404	49
101	167
165	6
2509	24
397	337
1475	105
1094	2
614	72
3053	19
192	64
547	78
627	77
151	26
64	19
91	20
203	10
742	211
991	87
567	168
1247	106
1265	61
1619	180
198	174
752	56
972	53
605	57
4376	145
995	216
1636	52
478	22
1477	74
686	103
1766	193
185	196
279	61
1311	27
45	21
99	177
1157	4
362	120
1438	382
3105	44
669	30
186	92
149	68
1761	20
891	94
4256	170
1271	5
2032	34
299	6
1659	18
554	75
3017	41
1447	88
890	83
61	101
102	30
184	211
220	61
481	29
1000	148
343	247
250	42
458	141
231	8
629	55
2037	107
288	100
1997	14
2642	12
2106	200
134	14
391	39
408	13
4230	175
366	71
259	2
861	213
1080	17
436	26
2717	29
250	116
1875	42
703	213
1730	10
341	40
1507	1
1571	251
1216	55
265	246
182	34
2782	11
1088	44
1322	20
956	116
270	256
2748	58
119	12
430	17
1102	98
117	303
485	43
3413	108
879	60
3155	50
699	612
1042	52
650	45
420	124
1035	15
437	69
2400	3
5466	156
353	70
658	98
3273	44
1885	126
858	99
1251	184
2164	556
2284	71
3110	103
617	19
3720	325
751	100
2064	80
307	1
1023	1
1119	93
1069	65
3733	106
2976	26
2044	134
409	45
1433	172
395	13
2332	2
930	10
849	221
826	22
237	267
1402	74
372	68
194	261
497	192
963	123
818	147
989	174
2466	167
967	31
1047	307
513	267
1318	56
258	111
577	50
470	39
707	78
1074	18
1298	44
1403	53
753	48
2879	68
743	72
112	15
304	140
1427	88
1111	75
2134	1
1693	26
1047	119
883	55
969	14
1852	179
509	99
159	85
583	103
778	132
511	115
1113	141
94	8
1386	91
119	45
257	45
622	203
497	144
963	43
1780	31
1432	54
1164	2
421	38
348	30
245	10
255	247
793	75
223	135
119	142
426	11
2959	83
222	312
1936	49
556	152
1090	4
429	83
943	108
3507	60
98	150
4315	96
832	58
688	154
1317	71
295	8
1234	78
1980	115
1030	336
415	32
435	5
3507	39
1951	64
1313	40
903	55
85	59
545	257
1470	32
161	65
1787	414
576	43
66	2
2063	1
66	159
1502	98
3189	122
1359	52
673	20
146	67
399	214
516	97
149	4
646	333
1385	13
2894	168
1196	256
474	25
1576	60
1014	244
500	174
1214	8
1366	26
1727	81
1760	42
847	97
576	719
515	153
302	193
498	1
257	185
536	24
809	11
3443	82
671	5
1251	3
96	14
49	175
721	40
2784	66
1449	211
222	207
284	60
569	11
636	143
2518	8
1185	67
274	133
2002	262
636	12
380	99
169	405
181	7
2453	171
421	62
87	68
279	116
1886	36
489	24
546	92
728	5
216	280
3153	35
744	228
201	22
991	16
585	161
226	34
1376	152
854	43
1827	47
236	182
234	43
1786	47
2380	78
2089	480
766	67
171	86
3946	140
224	5
1746	226
1040	29
991	149
127	27
178	122
7	23
589	40
1211	81
547	38
174	47
340	269
3892	160
682	2
1340	23
272	8
269	24
2043	50
892	248
368	39
275	123
745	111
421	80
1185	274
146	125
1445	138
1312	57
500	2
1393	81
282	24
503	35
276	24
3000	162
8	118
3217	15
4531	17
178	94
1159	65
242	124
559	32
792	17
417	44
3036	85
1351	88
175	65
190	133
838	16
749	188
352	2
507	167
1236	110
902	124
1396	42
1697	89
2307	3
332	5
221	21
564	99
938	262
1010	321
172	32
418	68
815	27
1312	8
620	292
838	504
2807	167
1161	7
1071	46
402	353
264	24
74	71
3423	152
679	18
8004	82
417	16
3428	42
94	53
89	43
2344	146
1934	3
917	70
257	7
113	83
1386	33
1505	37
530	86
1461	115
1419	146
538	43
126	46
1921	161
566	61
879	150
149	210
987	31
645	15
1345	46
2636	56
2217	179
680	79
91	8
696	271
2115	93
192	51
84	127
989	34
2022	30
921	112
1380	34
1293	90
123	50
1397	62
91	150
337	20
400	164
1268	8
3576	100
1801	19
1300	93
62	242
621	21
2436	15
229	30
2022	62
330	172
109	87
1492	11
68	86
1399	139
2567	131
1171	29
1058	15
794	64
268	31
1193	41
59	253
1075	3
270	47
505	240
441	152
37	12
1586	210
1479	42
1215	137
1604	187
515	1
207	101
1731	101
827	27
151	242
271	261
2699	62
1555	208
72	82
1185	93
1900	240
2558	22
2404	40
2569	16
669	71
1187	26
804	17
8	422
147	153
1137	193
1563	172
547	258
1049	131
7	44
229	77
142	158
197	79
540	122
241	146
345	1
1321	103
921	167
392	241
644	221
1431	77
246	28
1302	13
225	152
500	138
152	91
186	91
340	159
2470	28
408	50
157	250
93	33
4060	318
466	126
60	60
3433	11
55	27
586	310
1851	74
1703	30
837	101
328	85
782	129
1037	76
59	49
3786	176
1246	3
81	129
525	209
1070	303
332	275
430	26
167	216
3640	28
50	156
939	32
44	154
2952	190
162	21
436	99
2141	41
1148	158
516	103
344	64
84	209
364	14
264	71
2951	79
104	54
291	9
1509	106
3821	106
2375	4
11	131
64	336
2249	44
497	398
1799	61
141	38
1173	202
66	48
181	104
110	45
1493	206
3922	73
1131	2
1701	42
424	19
1020	68
403	181
2461	45
289	274
430	357
1360	213
273	113
796	100
920	40
732	218
1836	95
216	129
1045	132
259	145
4254	154
396	226
163	79
786	75
1237	81
150	54
1310	87
835	72
258	326
156	43
432	24
146	120
3754	126
64	156
2042	149
1145	112
170	167
383	28
3737	149
173	58
242	65
966	299
532	32
1018	172
2157	55
1097	32
767	531
1365	233
12	259
441	123
63	13
1081	26
3752	14
3770	67
1420	7
891	153
1831	163
1265	13
511	37
738	13
988	64
682	263
1993	46
626	90
1272	157
816	4
1142	69
258	3
522	253
297	395
800	96
2079	5
4729	256
1614	277
657	53
186	139
499	29
931	44
183	40
626	56
389	87
211	68
334	153
709	13
453	111
737	1
112	46
923	106
1968	6
1547	2
1190	119
818	53
710	46
1529	63
436	4
1559	5
403	194
117	166
730	22
867	89
286	7
2009	113
187	177
115	5
1086	101
1622	58
2417	55
1028	149
1423	18
2430	211
368	283
240	246
67	210
104	35
2013	33
725	60
1533	139
368	104
86	91
731	95
1769	20
2504	37
951	126
461	61
235	37
1664	348
347	132
628	91
424	13
1661	120
3074	53
761	566
3291	59
95	65
411	197
1204	174
104	34
67	33
2977	142
287	180
872	209
487	53
68	1
1556	11
1780	72
1431	133
780	8
1739	76
812	83
1510	24
1831	109
1266	75
2041	286
1665	126
105	100
2033	44
2389	312
1036	62
577	4
1824	19
1121	59
1199	95
587	201
701	85
147	324
2172	213
5100	82
642	43
2355	92
268	175
601	200
175	176
1955	141
49	80
136	26
1041	197
852	15
229	18
412	42
103	55
468	223
321	38
678	81
178	246
640	75
35	50
1270	73
3421	10
1555	169
1955	4
392	71
581	28
302	9
497	26
157	29
198	25
1830	189
2376	116
798	156
675	118
1449	11
185	23
1470	129
785	267
195	152
2023	6
814	253
144	39
1222	79
780	12
29	402
468	248
813	163
882	88
1674	5
848	13
323	16
754	267
833	94
4764	53
515	19
49	299
114	77
120	9
1484	21
304	193
1149	121
2595	158
2786	288
1047	22
219	129
2859	83
72	128
1915	62
76	65
923	61
601	149
1189	174
886	144
315	46
651	64
1656	176
270	123
1198	39
2258	154
150	121
210	5
388	1
1427	156
66	18
1018	78
113	19
256	108
18	14
1032	149
1290	8
513	96
282	176
410	84
2458	118
162	185
98	168
3368	7
86	10
976	84
136	27
667	76
413	41
69	168
801	39
1316	16
296	219
2625	68
69	105
1131	149
82	24
495	73
1744	121
2227	74
591	1
413	132
503	39
1421	335
2210	6
2222	38
6	50
993	13
462	37
198	186
1839	15
1901	112
1075	168
1587	32
1513	127
253	285
1295	81
351	64
462	355
790	36
496	8
2040	44
675	109
187	28
197	5
94	100
2082	16
560	19
352	270
696	101
1271	32
1649	214
150	163
1919	194
801	73
356	106
566	13
198	39
198	43
759	71
1011	84
1009	215
527	12
301	1
188	71
88	228
1827	11
1037	118
176	4
3281	58
846	8
253	39
1059	27
904	274
2139	121
1409	33
1683	337
812	188
342	11
299	168
1217	133
63	288
485	14
36	472
441	519
1044	22
268	379
520	184
369	43
1161	177
1484	349
10	13
575	91
892	88
1823	222
976	89
326	101
464	20
2591	72
896	90
1003	67
1265	37
559	104
645	53
1151	186
1343	5
1059	23
2318	8
3276	78
960	206
2059	118
7	121
5917	82
660	6
1591	164
3290	10
577	350
1301	8
137	276
1280	19
407	342
1018	226
747	311
1585	50
4488	4
969	87
198	5
497	7
467	178
929	183
562	134
2079	86
1685	75
71	192
172	176
2702	90
475	83
1504	36
3455	27
175	46
2276	82
856	53
90	101
1591	194
142	8
1755	204
1584	17
804	136
841	153
1002	34
89	53
151	141
587	356
1123	342
1828	39
316	342
887	124
906	27
2170	77
1345	334
518	56
392	27
113	88
1539	16
909	244
980	118
1066	66
1379	59
1838	1
1323	70
292	144
1013	76
1186	23
13	442
819	49
195	38
138	171
1320	48
866	5
7	6
299	118
1208	11
1014	159
102	10
2213	381
670	56
2965	34
1082	42
1758	12
354	122
66	62
790	53
1077	234
23	63
420	116
75	128
222	67
55	135
289	124
357	23
220	97
1043	57
572	165
583	74
408	71
170	177
98	47
342	38
804	12
1079	95
46	2
744	8
2124	24
1269	34
447	49
1162	35
1667	53
1779	92
1034	133
506	28
214	5
184	54
2662	196
1360	140
776	79
112	86
351	31
249	99
377	87
808	168
53	9
445	75
105	51
5	418
1657	75
521	204
1616	141
299	54
6	59
452	128
970	51
538	43
470	281
1063	87
1435	120
2235	31
657	4
1222	88
432	96
372	69
1245	52
1621	22
455	123
762	33
487	5
524	348
5084	154
1553	10
4319	144
124	18
2825	123
714	210
683	24
4344	38
525	45
346	334
1761	135
1578	92
2404	68
343	29
273	24
868	83
688	65
264	18
4802	168
1581	91
2096	158
2700	130
5446	83
1615	8
357	69
719	210
512	49
1271	231
419	1
265	92
1380	3
997	213
397	359
705	58
70	86
975	100
2065	19
1242	65
208	116
1637	13
1339	6
1348	8
296	82
1011	17
92	47
65	3
502	288
1529	146
432	106
964	41
1145	107
1229	36
652	70
469	70
357	71
603	3
281	208
430	57
1848	22
9	189
3256	112
89	284
91	271
2334	102
2521	299
144	74
1170	27
716	16
987	31
83	54
492	89
678	39
2113	20
4611	763
325	13
1605	258
212	26
418	38
588	24
320	49
351	19
2251	85
3170	35
4371	121
69	60
513	247
1447	3
2392	2
2933	132
634	36
92	70
421	30
2327	33
505	11
708	17
226	1
3198	86
1563	17
1246	553
194	66
2938	78
242	51
608	79
1776	100
434	32
504	10
670	45
141	14
150	163
1676	254
1235	2
1595	7
1446	90
342	98
448	64
2618	57
267	23
697	87
1523	36
662	73
2441	2
1246	79
308	25
1809	81
163	1
2010	78
719	14
3696	100
1770	21
1011	216
3808	96
605	31
884	34
510	11
1471	5
1086	205
256	67
688	49
1066	183
475	243
557	19
720	106
192	79
2949	63
806	113
760	15
108	74
1826	44
1155	206
2987	497
1070	58
315	111
1191	71
3212	4
311	42
432	167
3628	190
1081	48
544	15
448	4
713	72
279	159
3557	51
2973	41
1166	65
684	94
2729	15
1046	2
1051	1
1002	157
204	69
704	10
853	57
742	28
165	65
159	11
1049	27
1399	14
1448	127
2323	96
731	76
530	81
80	40
681	99
264	26
324	402
230	337
47	183
954	84
885	374
1661	30
171	32
381	40
1090	35
1148	31
1814	92
1085	1
4987	121
1302	2
195	5
1434	16
1233	263
827	32
1183	90
879	133
857	168
1868	70
425	172
583	84
993	3
115	77
518	7
727	39
1197	238
400	52
171	1
3378	98
2405	26
500	2
755	132
943	33
4641	41
501	7
811	328
315	133
76	32
333	61
623	98
240	186
592	51
2105	83
212	44
3408	49
625	87
482	21
457	25
1285	97
2461	72
3752	151
437	19
2017	214
2049	189
1284	75
159	45
611	58
1129	16
1233	87
1053	550
993	32
975	25
534	168
926	130
1977	31
862	159
438	155
1396	59
858	281
2504	102
914	76
1828	76
268	222
76	58
203	118
323	19
2579	120
800	8
419	133
2682	122
1344	27
729	459
1202	50
931	7
2006	86
775	20
106	79
477	94
381	2
179	2
621	313
359	61
345	10
261	50
2371	614
290	24
1701	6
2310	104
934	14
2011	117
191	40
615	155
334	146
723	37
492	60
301	77
681	10
36	11
991	11
619	20
2371	128
69	235
775	168
2352	65
355	32
1603	37
525	205
1380	81
2187	26
390	64
636	10
212	45
1511	39
44	103
891	21
232	11
65	87
1173	6
2230	68
594	172
1035	303
1018	462
200	40
118	157
901	24
1019	113
379	226
502	27
695	129
499	62
465	195
599	93
2346	150
553	9
1382	157
459	10
912	245
301	10
2201	110
1392	38
436	230
199	13
1296	94
1583	432
276	164
780	19
1104	20
1074	18
371	255
2217	282
1094	316
1463	23
714	39
740	5
195	57
826	30
303	118
1221	2
492	80
1876	80
1190	112
343	52
148	104
186	6
328	213
71	16
1690	47
737	63
742	22
2581	84
1356	93
1339	338
4927	75
1021	19
735	21
582	58
377	309
828	107
2683	236
695	70
394	17
859	9
484	57
1167	31
355	16
233	46
881	39
198	131
179	203
894	421
1898	115
1918	16
412	164
1830	9
1374	70
55	351
340	85
775	280
1709	49
1422	3
1297	176
309	283
848	8
345	68
122	6
2196	64
1190	79
1636	103
2188	52
1191	157
105	287
424	169
703	54
1270	129
419	145
115	23
2759	56
557	193
1370	15
748	225
75	124
249	39
526	426
845	20
833	15
2004	36
1128	201
758	73
1207	52
515	50
326	1
80	103
230	42
57	87
410	57
938	28
266	129
834	67
1404	235
711	56
3178	94
106	103
169	126
365	58
570	31
1639	61
1444	40
956	30
284	6
1357	42
2731	102
1358	143
222	30
179	169
517	31
835	204
1401	31
277	24
1143	193
848	1
921	222
324	36
183	21
1232	50
704	68
2583	238
2280	208
1225	69
378	12
506	87
603	77
62	122
1844	124
849	133
1025	444
283	173
2441	145
2898	32
121	253
1200	73
2464	105
447	99
1576	99
1573	116
688	60
4662	173
397	144
2353	195
1113	191
935	206
980	113
127	72
214	116
131	199
289	86
419	58
2335	166
868	66
1213	67
567	14
657	16
204	181
391	157
150	97
247	15
214	306
965	246
97	16
857	11
2064	33
1475	20
1149	200
55	31
56	30
137	315
1286	195
486	99
87	63
1217	63
119	151
54	32
1041	205
422	28
1670	344
375	46
1084	69
537	175
99	120
65	190
139	93
324	113
472	38
488	26
572	346
2830	160
636	99
1199	230
1718	82
269	1
590	34
100	142
386	70
2043	181
3087	133
2734	36
889	81
56	458
961	6
2670	1
663	59
1409	7
2532	253
1427	185
3895	159
209	4
788	173
1304	113
700	272
263	95
690	48
2072	54
1184	120
1020	65
177	532
2117	19
260	169
344	516
1181	55
479	391
615	17
178	15
457	532
734	81
168	104
366	253
132	291
455	146
2075	86
689	55
359	1
654	28
977	218
74	7
2062	17
17	81
3149	233
1248	276
992	165
1967	10
287	55
4051	41
232	17
2739	12
949	217
1870	34
125	16
227	70
1835	219
937	219
648	66
1612	135
4405	65
801	20
2437	56
520	128
382	151
1272	371
301	34
331	115
28	111
856	4
791	130
1961	113
26	77
727	36
178	850
56	12
720	84
114	258
509	142
939	78
806	62
484	254
689	65
653	157
1123	109
1838	317
570	3
474	244
1434	70
1412	75
436	8
95	346
2402	67
583	73
1510	135
1110	10
2210	1
1536	5
642	98
2799	11
1432	23
168	70
4344	167
4474	48
124	78
2395	150
114	181
346	180
1163	6
1931	17
58	192
280	112
1588	50
278	23
2249	269
664	163
2378	142
1551	97
1434	201
539	7
866	119
507	111
1610	94
484	64
71	24
1572	90
2815	126
1034	116
309	34
2842	269
1076	128
1031	170
1174	253
2580	79
2101	216
1526	41
419	523
322	158
1225	303
746	51
327	162
3302	15
524	139
1888	63
1484	3
645	172
1174	124
166	35
49	60
810	5
252	72
1106	41
368	64
287	26
2423	18
156	251
2424	28
261	6
1459	73
573	27
543	140
1473	24
265	93
178	31
157	9
617	24
533	3
353	40
3008	20
3575	45
740	106
1402	3
125	370
264	83
708	51
42	144
116	56
793	230
890	201
1536	407
3481	197
544	25
898	158
1942	402
794	89
119	231
1384	70
1491	311
824	377
2355	47
730	96
2079	91
1432	49
1608	8
688	81
1681	103
1122	26
558	22
330	39
902	638
1209	68
833	6
311	110
756	48
287	17
182	68
617	102
2711	155
974	42
931	9
717	58
3672	50
123	10
199	40
725	145
1128	29
265	43
738	142
999	67
431	113
1514	68
193	95
483	183
175	259
1493	32
5699	297
1481	176
181	19
1273	48
601	2
277	73
515	7
754	173
1478	319
838	258
815	74
540	171
1476	7
1268	124
3297	112
1092	73
1529	12
1072	10
786	209
255	25
763	204
74	36
1701	38
1362	3
569	72
312	74
791	105
1030	126
50	125
1293	12
162	212
168	308
2090	29
679	10
735	89
499	22
1553	201
1140	282
3055	124
2184	7
976	23
1278	8
737	31
376	84
517	317
382	26
4653	119
2035	5
1172	15
2751	34
101	109
1137	46
135	17
1241	188
2136	125
284	3
1014	179
280	115
1774	84
209	39
934	67
1229	216
392	61
905	107
1160	35
1029	18
2184	88
1335	40
2271	8
1989	26
149	729
3565	37
293	90
1084	53
328	51
79	26
1526	387
113	65
702	66
54	87
578	73
3535	133
438	261
746	31
3132	7
1735	106
82	185
1105	40
676	34
254	25
1127	83
1788	53
1693	125
338	307
1768	212
312	140
664	248
334	79
158	118
482	54
201	167
598	29
1143	56
675	48
614	35
779	174
335	18
399	48
433	24
204	171
1593	19
630	43
869	18
587	51
709	10
444	40
445	56
3176	41
1246	3
112	113
648	62
522	233
643	17
379	125
455	10
1785	138
891	94
1240	45
1651	346
429	221
953	47
2012	61
1204	88
1460	133
339	7
6638	17
198	99
4498	15
202	57
467	16
1615	92
100	95
622	282
1710	45
1082	36
512	7
5304	110
1776	76
1568	159
1343	159
267	143
2231	150
638	7
894	261
1008	106
490	39
89	86
1464	44
302	43
665	38
2593	17
433	79
330	124
2146	23
291	214
421	120
900	74
55	100
1943	203
746	7
726	181
1452	99
1738	86
682	233
256	259
456	9
290	23
504	191
1264	170
94	91
602	243
1240	149
699	7
508	39
624	19
615	91
250	189
208	8
2826	46
769	20
1551	76
334	71
1119	53
717	51
143	77
176	11
2256	172
721	186
195	42
591	39
88	75
248	9
923	62
1703	103
453	5
670	56
2455	63
724	42
289	11
1365	2
599	345
93	33
755	173
149	29
831	64
2389	52
3410	5
916	175
775	13
940	43
518	223
960	183
1340	126
138	31
382	64
1030	40
381	185
214	167
1478	55
2158	15
2132	72
409	111
1126	2
1775	142
713	1
6741	12
257	123
976	55
361	91
257	215
1173	102
72	10
2961	30
411	25
85	104
71	28
1588	30
1942	7
1818	166
722	137
1455	137
582	189
4222	19
277	34
732	102
103	30
184	15
110	169
738	9
543	105
124	61
1105	48
1120	28
805	22
702	54
624	103
737	95
1819	19
2108	47
619	41
244	24
2895	58
4546	105
2253	61
2241	35
3086	53
217	102
101	30
201	181
2099	21
1160	103
812	160
1637	316
1975	88
1472	166
540	303
2262	125
2179	8
857	38
1281	114
275	101
325	145
1002	2
1472	48
361	10
4559	91
1269	51
605	139
2383	38
3068	83
1902	105
2060	43
108	24
403	54
256	438
1031	52
525	60
254	245
2178	72
714	190
134	76
331	251
534	161
2427	260
74	199
137	58
1444	64
102	96
1129	126
1002	202
265	58
565	64
239	54
358	89
230	310
4135	15
278	17
1289	109
1244	218
2758	22
1317	10
1279	177
2443	56
2267	139
1794	2
1117	304
464	8
1958	74
86	61
757	187
1741	45
1225	82
293	7
6564	98
878	137
362	55
757	2
284	1
325	172
1707	72
1638	79
2044	151
2705	97
500	101
247	84
414	103
845	34
1346	178
1174	117
142	70
57	240
2090	69
418	70
1164	101
720	245
1562	112
276	103
147	83
100	66
350	160
1314	12
772	92
3242	112
1798	16
93	22
436	302
307	35
2295	222
634	274
1065	239
289	80
594	18
308	11
1664	87
605	186
724	97
2171	222
492	35
449	234
1075	11
1377	6
801	373
48	5
2588	22
3765	270
1007	54
1541	36
1167	92
521	18
97	2
1357	165
645	12
341	27
209	105
108	27
1342	122
270	286
773	111
1710	241
359	34
282	122
4163	66
347	18
1017	31
3017	24
2183	143
986	28
2812	36
2871	348
649	44
1851	47
700	37
1672	34
274	37
2203	81
219	228
1125	277
685	433
125	9
1143	27
1003	46
2194	37
274	183
1246	25
139	74
132	25
1713	19
843	66
890	97
2161	175
1072	257
1387	34
1682	101
208	10
590	52
1488	19
2865	26
1192	20
1110	38
2210	42
1018	46
283	48
318	31
286	7
632	93
2763	22
756	26
192	34
116	26
186	13
2887	227
793	10
637	147
85	92
1002	98
71	135
942	159
203	46
1536	17
263	37
2201	53
158	226
117	79
1357	55
936	158
1336	2
1788	76
4400	2
998	108
1640	29
930	329
1775	267
3318	362
310	160
206	86
795	433
481	90
1100	98
688	59
1512	108
345	240
661	1
90	14
335	56
1022	147
900	152
1507	21
1302	228
242	127
1179	44
734	19
217	148
896	7
706	189
266	7
1553	75
1894	93
1728	183
664	50
2053	303
2171	164
480	106
2125	28
1758	12
4503	171
91	126
691	27
638	113
1295	18
1008	11
1205	24
238	6
91	477
1037	6
332	25
1080	120
710	166
3301	69
312	99
1960	33
574	54
253	19
5407	80
536	71
1369	50
1229	51
195	21
864	214
292	10
117	2
427	103
2015	23
1543	207
2709	257
1118	470
1087	44
2232	180
1898	36
534	14
622	240
501	161
448	260
1590	171
757	124
2379	76
767	64
846	148
406	44
1156	23
1548	100
2884	116
1756	83
1716	80
2819	135
398	506
568	12
926	29
179	74
3422	88
1235	67
1489	41
170	103
440	6
2287	294
3387	5
1054	34
1534	43
2711	51
947	1
356	184
1215	9
1002	73
589	69
981	163
5523	43
233	97
484	106
975	146
109	56
599	228
1061	237
184	174
438	103
1677	55
1447	76
1263	68
629	30
1169	33
1801	60
486	10
339	53
359	115
73	38
406	114
178	48
144	160
618	246
622	62
2223	39
1304	140
111	66
547	3
2766	259
682	198
382	94
741	9
214	20
869	263
271	24
1663	78
229	35
1992	9
1288	67
2505	57
460	178
593	159
2943	67
591	170
189	179
974	44
956	58
529	23
2051	39
722	1
356	139
680	87
2038	19
426	69
900	42
187	216
3307	212
85	85
686	42
233	317
422	4
443	4
1129	67
4087	104
183	252
1293	48
1345	323
3658	41
1140	30
308	61
750	4
378	69
989	259
823	92
54	7
646	32
1008	104
174	80
802	21
156	14
467	94
772	1
2273	47
327	59
738	48
84	96
3729	53
662	157
247	73
910	30
1308	157
184	29
2093	14
3939	47
2944	5
1201	19
748	184
668	29
2048	254
688	254
1463	228
68	20
900	127
1227	68
1221	95
422	56
931	59
520	12
851	52
207	100
625	101
1905	108
385	41
223	64
786	78
530	216
544	58
1265	1
1255	5
775	18
905	462
269	16
1552	130
784	212
438	48
808	56
83	178
1677	42
1346	361
464	100
2439	130
2394	80
353	257
268	4
1276	62
393	132
549	22
465	82
331	52
526	75
307	140
1255	55
1295	84
1926	54
1049	110
1881	394
454	220
960	101
611	46
546	6
1598	46
4870	56
1001	96
498	31
1828	70
200	37
1249	149
2249	28
332	20
740	74
1890	63
1335	156
1261	80
1201	338
869	280
2773	35
557	17
2279	109
139	160
586	87
372	315
976	26
3733	11
837	302
453	5
9169	181
91	318
2261	3
404	97
667	45
2023	124
1106	212
477	72
2067	21
489	88
283	78
1440	75
1170	149
916	18
546	4
1129	96
1104	8
2405	14
285	153
349	352
843	33
968	54
220	72
507	120
907	97
2914	52
47	1
170	148
64	48
1043	59
1815	13
3378	267
1763	116
137	8
2745	24
681	58
1132	362
861	89
458	84
944	2
2217	36
352	46
306	109
193	157
3442	20
2751	23
987	64
1972	29
5582	254
1201	165
712	24
1725	65
2760	295
2533	260
1704	108
1855	73
79	227
273	61
2139	53
3189	12
2742	196
1050	123
1294	167
459	27
604	55
400	20
487	123
2278	98
2567	146
117	20
1460	16
157	328
440	55
3124	126
1640	122
421	99
1230	86
527	11
184	40
4569	122
203	242
65	146
980	103
1450	52
2841	39
667	47
2839	48
545	156
41	263
922	50
390	104
945	59
739	107
67	49
1698	15
1952	27
1908	284
986	339
1767	21
288	30
127	68
1980	107
214	11
2726	133
317	29
1047	12
2008	111
1479	7
263	52
3939	37
60	25
464	166
1905	409
3782	26
220	62
2152	72
1175	13
377	51
94	60
625	122
281	298
563	14
696	56
1358	160
160	24
86	72
1937	48
2127	36
1153	52
602	63
197	197
447	59
1366	246
259	91
460	209
535	115
41	161
677	16
1097	10
2195	68
760	10
170	203
581	18
1138	10
82	74
432	45
61	15
1700	162
185	171
2099	61
247	64
889	64
1428	8
297	76
1011	224
1586	155
259	6
358	28
329	399
693	199
985	58
369	26
1841	108
965	61
1008	22
801	41
1049	134
160	90
524	90
927	57
1067	164
878	37
553	52
492	11
645	300
85	78
1542	432
1426	539
2736	58
1198	67
273	155
282	16
2001	56
361	354
560	145
251	10
2959	57
1647	31
644	103
1335	10
550	142
2877	35
1080	10
1355	89
1104	32
2589	29
904	170
1156	42
135	188
105	64
391	104
926	3
2659	55
399	35
287	48
1011	14
285	7
742	121
631	110
1747	40
3909	150
265	52
3527	72
982	22
545	80
1905	54
49	58
183	27
51	20
223	31
2228	7
148	136
654	53
821	72
449	25
561	20
924	17
985	116
802	201
562	23
2535	11
366	115
143	71
241	56
78	159
649	13
802	7
283	79
671	16
2005	51
2011	74
556	138
357	164
1882	112
415	43
2272	16
623	83
308	40
1122	133
372	20
2210	55
16	106
45	15
775	12
453	7
66	102
1697	217
3229	53
271	264
1685	38
624	19
140	104
1788	2
1076	12
6390	101
76	57
1199	58
434	69
778	41
1848	49
79	3
2013	13
825	239
1999	288
752	63
369	253
1448	31
89	138
162	79
1858	208
2825	14
216	580
514	150
659	10
991	213
1199	1
1896	22
1119	174
1161	71
146	7
948	38
1493	26
1913	418
1678	167
3193	71
321	145
1632	122
110	108
3954	22
344	231
815	92
1948	4
627	22
509	5
465	41
973	2
282	219
982	128
136	99
164	182
3409	213
100	396
88	95
600	296
1011	5
1314	2
108	267
3814	21
107	85
1516	117
43	265
411	50
101	41
758	64
2034	55
28	266
894	115
369	188
373	154
787	166
812	40
759	4
2746	113
2286	11
2977	29
699	110
1654	34
569	487
331	95
4106	66
262	220
2437	11
200	7
266	76
2367	116
810	81
597	135
4466	99
1469	42
1069	213
464	53
85	9
3283	26
176	202
632	23
540	120
442	184
134	10
1336	6
272	10
2694	198
774	105
2168	91
722	370
1734	7
502	38
305	21
87	180
115	57
218	2
1369	77
442	67
572	57
1219	168
2695	10
1112	333
615	8
2601	143
610	346
524	146
167	76
800	143
440	239
1520	116
2529	58
859	70
1735	5
1365	8
161	79
5600	17
3304	299
689	203
2591	110
143	164
147	22
144	48
2493	211
141	303
1177	97
498	14
1659	187
317	38
46	10
710	98
268	107
3901	179
591	36
81	95
433	30
1181	21
1623	324
652	617
487	35
236	375
1732	172
2016	67
83	103
211	262
578	119
259	278
616	10
194	347
458	151
214	13
4259	6
1274	28
119	143
2963	48
3219	106
1089	243
3688	161
72	40
249	29
881	107
534	39
321	1
689	5
1641	64
729	180
1303	3
957	108
1718	29
364	71
551	92
190	138
1373	28
571	63
273	201
234	51
512	118
848	75
2500	163
389	16
599	60
368	50
750	305
81	109
896	53
1622	53
573	63
405	128
718	45
1229	120
1244	90
430	234
43	39
660	62
906	37
876	82
741	98
1333	49
3203	143
1542	8
4209	67
228	287
517	40
98	57
953	174
1456	30
1314	54
110	56
644	39
384	73
156	6
515	42
580	25
253	73
2160	159
91	239
292	68
4788	173
701	7
667	189
2065	175
1174	18
1875	93
1961	97
1265	94
290	196
3065	2
213	167
874	54
1206	48
489	158
429	33
737	55
344	18
1200	48
785	57
116	3
5200	124
785	23
1797	168
402	1
1649	74
518	235
181	410
755	76
2431	26
1002	71
1660	117
1970	202
228	306
2176	138
193	5
1719	80
2048	6
764	67
880	236
1426	47
949	17
100	82
1341	16
1447	89
1367	92
345	66
1263	16
1923	36
601	44
668	37
442	7
1642	110
1297	28
945	100
199	87
1247	110
95	42
734	119
1853	3
1250	33
591	3
188	337
1179	124
2482	17
405	8
4569	82
721	91
123	43
386	81
1788	17
128	205
362	106
3255	69
1364	135
3268	83
1047	68
307	7
1379	33
2477	28
357	264
604	55
644	93
174	50
2707	135
899	117
876	31
452	34
818	189
2348	17
1712	128
568	83
352	76
504	53
1567	19
69	20
2323	306
1826	2
1437	52
175	128
1141	85
615	10
2088	41
418	34
2530	89
2111	57
1564	519
286	40
1190	232
346	69
260	61
751	30
5618	50
1123	20
840	155
1362	95
488	5
5257	8
1511	10
5020	54
408	70
436	8
939	37
251	26
587	4
538	161
194	12
668	240
963	46
171	43
1072	156
711	204
89	2
1124	63
881	21
2452	20
3853	78
620	73
2067	198
251	87
750	152
1300	72
943	33
310	30
514	34
2190	67
1454	91
952	185
1063	59
214	9
292	85
5021	123
4167	1
739	88
903	61
544	31
530	85
503	19
1298	151
379	17
2846	144
1572	40
77	9
56	14
2702	62
98	183
98	97
166	21
1130	44
1198	18
211	35
1351	31
99	128
578	177
1599	4
376	192
466	40
529	7
180	176
344	18
383	115
74	16
104	45
901	97
1965	31
884	34
1129	57
1350	37
1261	94
911	34
369	161
120	224
3387	144
1590	135
2142	85
2126	10
98	213
471	96
1284	243
236	48
458	150
2033	118
2142	357
2327	176
2491	90
102	118
1078	13
229	214
316	231
392	71
456	44
1138	38
2085	171
190	75
730	259
243	2
705	35
373	141
537	64
469	64
1184	17
157	209
88	253
270	4
1024	57
1149	90
834	56
1164	58
760	164
677	155
682	110
963	107
424	126
1225	84
3257	62
3286	73
1488	98
1455	33
420	21
2446	77
406	18
262	236
366	29
564	19
1526	228
1330	57
199	356
335	50
647	119
334	56
2238	97
616	9
878	70
865	80
624	170
1729	8
138	22
428	160
2219	63
100	29
929	7
278	59
4182	21
1159	88
622	12
670	31
519	65
1282	231
460	1
497	89
1037	9
877	41
5524	92
1223	6
1138	53
181	44
1618	19
96	72
418	219
414	4
823	71
495	74
1987	16
178	14
1299	293
1588	208
164	87
1038	15
885	202
1219	40
1138	2
137	164
242	48
1364	31
591	6
755	20
481	10
754	2
1185	18
1185	5
2321	47
2209	13
260	52
93	180
1092	126
524	27
3113	7
986	77
358	197
527	51
1217	128
290	8
681	91
787	176
851	31
969	438
266	2
1935	6
1650	4
54	40
902	58
229	143
1383	103
1641	218
2892	4
3261	115
2091	140
2069	127
96	91
1136	3
387	84
2013	83
594	293
369	121
369	345
1182	69
1416	16
705	263
1542	93
765	326
566	148
247	37
1904	107
1151	86
156	98
319	25
855	100
4018	98
39	45
1445	62
2988	120
1800	144
1258	52
38	5
2277	47
254	6
1462	105
3437	99
2789	223
1770	181
337	93
1587	34
461	81
86	86
90	8
546	82
708	58
2308	6
1002	85
570	56
146	48
313	26
1495	46
362	179
210	172
1369	26
213	263
504	233
761	10
404	304
813	36
245	33
1789	30
894	87
1641	199
401	223
1108	39
790	105
878	61
131	62
669	94
384	79
750	159
313	218
2343	32
2511	59
1219	97
2979	100
733	272
2159	15
912	120
1496	84
1451	8
1799	105
1376	228
971	86
1196	56
292	135
456	73
706	12
726	10
3652	130
441	147
241	71
339	42
444	57
899	10
137	299
403	19
208	220
515	135
240	44
169	62
147	155
627	13
482	107
122	4
894	70
1745	142
780	119
692	175
1108	9
1316	1
1081	4
758	103
504	42
664	119
949	3
293	115
346	93
783	39
1326	13
422	86
4226	104
456	26
284	173
1491	112
282	7
5512	11
529	12
2379	244
229	137
387	97
205	46
922	45
120	70
466	109
2756	56
435	122
1016	53
203	7
563	133
1355	96
2230	178
1914	35
3103	53
333	20
1080	40
1608	40
949	3
471	41
239	68
2289	48
297	59
1167	63
2450	17
730	216
448	23
266	172
511	192
113	8
3023	43
384	16
2191	35
642	61
679	83
429	57
902	43
137	33
530	79
463	38
101	84
793	280
1017	57
970	3
117	60
312	172
1563	8
1581	38
1208	9
1838	50
864	69
377	127
2322	167
538	107
1095	17
357	42
994	451
1005	34
1431	5
2146	90
1094	70
1045	91
1373	16
1627	35
1453	70
203	183
601	8
538	7
493	41
2030	60
763	59
892	49
531	156
1615	57
1655	12
332	17
1640	105
62	137
2647	87
616	86
802	79
391	52
1848	262
487	18
1058	4
76	36
2828	130
547	39
505	18
2761	37
458	33
828	499
104	95
2749	42
1380	46
2934	31
2295	251
1662	469
673	12
318	89
151	279
327	42
3184	69
1301	3
349	55
383	5
923	142
495	184
1469	108
366	2
539	208
939	25
279	276
121	8
656	314
64	6
260	245
2854	217
301	157
1622	40
915	96
629	101
317	110
1204	26
152	252
6101	50
347	56
426	42
2243	189
165	136
463	29
1509	329
1422	21
1329	202
2424	101
420	93
459	166
1994	4
1263	14
2066	31
998	67
1187	95
2156	4
1342	2
850	7
1271	47
195	96
44	228
297	49
1248	206
1783	18
284	123
967	20
512	1
1592	130
1594	36
981	171
629	113
438	85
943	132
93	3
2141	18
1969	132
213	89
1716	182
2474	220
4060	53
172	195
150	30
747	126
151	82
2008	11
896	69
835	21
695	80
10894	113
623	224
159	144
1052	137
341	73
1337	40
1359	297
779	10
328	68
505	70
1290	203
2120	468
2064	64
425	193
668	1
1016	291
1002	163
1804	70
1921	180
1023	105
2964	4
1149	369
608	2
159	128
447	24
1024	11
1660	73
1159	2
630	231
981	69
210	39
634	25
105	16
2556	16
696	121
2379	49
296	17
716	128
4867	88
2103	10
2576	16
475	349
1140	24
1335	36
550	10
319	45
1851	264
3060	303
875	47
116	33
3097	15
790	47
664	126
1070	29
5070	160
539	5
973	141
3504	24
1381	205
1591	77
889	30
1534	76
295	196
271	78
52	23
1354	86
339	70
79	9
138	141
153	307
5139	128
192	76
1132	6
3138	186
567	162
2454	6
2232	175
803	129
1120	58
193	88
857	138
432	56
1165	10
1721	275
1068	21
244	66
287	13
558	157
122	48
940	95
648	208
734	43
367	437
409	74
171	152
809	52
459	38
303	120
2852	61
1030	86
380	17
458	238
447	88
594	96
461	18
1482	14
4865	39
2181	88
1742	213
1253	33
288	135
44	99
1658	65
708	202
3204	158
657	82
3379	97
189	10
1882	162
1997	87
1178	61
267	126
1036	61
4754	46
157	108
180	46
49	8
227	37
390	159
202	112
189	34
474	59
2888	35
351	37
948	144
105	64
1831	7
343	157
725	130
246	26
361	314
429	274
743	82
269	35
674	428
1038	109
1468	47
1104	43
198	148
51	25
202	50
1477	115
523	79
123	80
199	29
3101	116
649	64
55	18
437	19
1241	159
2238	20
1772	92
2015	172
3094	63
257	116
442	384
1886	222
1212	121
2281	16
3523	158
279	70
681	233
592	271
150	25
282	72
860	30
804	24
244	138
171	1
398	50
1813	86
1283	164
113	4
3063	92
614	96
1415	32
1375	182
920	60
2197	160
491	165
209	43
701	16
1808	107
172	254
1071	50
729	21
242	122
942	30
394	303
244	25
2294	73
3505	5
572	79
858	379
1552	24
3442	39
147	62
241	99
443	234
464	7
214	63
52	106
84	102
612	50
1670	90
787	47
1186	21
2210	11
2444	32
675	253
261	1
3254	110
395	17
586	177
1677	10
491	10
137	87
1115	102
779	47
386	74
235	55
1365	167
175	109
1760	29
453	103
4754	234
714	39
1099	434
446	66
346	35
62	175
991	169
860	307
3334	126
488	69
2482	37
922	124
2074	231
468	13
621	145
3126	66
1254	187
229	14
237	52
6212	68
574	128
3116	80
1274	40
483	140
979	20
1109	357
385	5
3235	53
44	157
382	69
2471	32
980	54
347	159
707	167
2209	17
149	17
200	52
1407	133
977	111
483	59
3210	76
4773	106
3410	141
3597	125
1734	31
85	84
2522	154
2736	76
456	28
3376	85
260	161
881	16
509	114
1205	27
78	56
1053	201
601	7
240	115
111	29
2697	75
1569	136
327	21
179	89
176	26
2344	164
624	80
1505	246
793	63
478	42
90	232
226	144
443	65
769	235
281	120
86	52
558	98
3089	33
1374	119
86	155
184	101
1496	59
57	53
989	292
991	61
108	15
2401	19
1088	67
606	278
2404	152
514	15
1053	183
209	236
1214	119
988	101
2765	90
174	129
1237	41
1016	86
262	19
2454	62
735	67
2080	200
365	22
300	108
717	55
279	141
1100	278
55	31
151	212
2363	89
1975	47
1671	105
1902	145
709	10
433	44
761	294
2246	2
1276	412
728	46
1246	81
906	4
81	231
1219	15
647	19
119	7
2004	59
637	28
1511	155
685	52
136	97
1744	42
850	77
279	107
179	309
168	51
1804	38
197	80
6314	284
604	64
3040	8
1387	196
441	16
576	4
1014	75
286	99
266	259
1260	19
650	47
479	134
514	122
103	33
1373	164
1710	147
749	24
1082	86
1335	11
91	256
430	96
366	93
1554	63
3972	140
324	72
1407	113
218	15
1568	204
1673	188
841	83
1600	101
1738	42
1787	54
506	10
262	145
2388	206
1368	11
355	110
622	44
1331	40
1149	93
2311	76
222	187
934	54
254	70
1866	94
103	323
1171	49
943	103
813	1
383	102
521	143
4482	227
412	127
82	230
1784	58
1109	36
3261	7
216	119
1864	393
295	13
455	8
666	197
2276	78
1151	60
725	12
1045	107
258	110
2133	65
2865	25
2466	53
948	65
248	219
2287	63
442	130
728	59
3521	10
160	128
558	168
513	200
197	144
799	49
528	31
2941	2
232	212
491	225
1234	89
86	102
1871	101
58	83
51	54
1179	125
1933	121
331	118
2396	43
208	134
507	84
837	49
3335	41
3801	118
1508	66
989	63
2837	30
833	16
815	61
1548	237
1059	81
2650	196
1248	54
173	15
7123	44
1388	145
108	52
430	91
1031	130
3040	168
529	63
187	101
3844	37
446	14
953	97
1031	349
2072	117
538	15
1500	212
41	9
845	150
309	103
792	26
645	95
276	114
1105	35
1703	93
2295	1
2365	110
849	158
546	129
637	301
233	44
1313	49
1329	112
1631	385
144	169
372	117
507	59
2938	16
2572	101
3714	42
1862	85
357	2
1707	220
3098	30
1425	85
398	9
484	41
691	136
1865	12
778	89
328	6
187	80
2280	25
377	120
118	38
1370	247
346	114
89	17
417	231
1961	142
292	16
150	161
614	88
1568	120
4267	232
793	36
323	155
1882	64
72	54
739	5
88	103
189	22
5314	20
36	130
1513	24
4802	14
563	32
87	158
243	5
2363	37
911	14
4218	43
1790	95
1931	118
4465	52
1933	71
526	31
2267	106
2891	1
2479	29
465	178
3190	40
635	17
1219	22
561	63
1473	47
2002	34
690	30
1606	18
2045	15
1312	151
614	444
419	127
1146	10
629	61
1362	362
49	63
166	12
1841	285
1273	47
3718	138
3188	331
2383	37
130	108
144	67
769	79
606	23
563	29
241	198
2638	154
517	126
190	6
64	56
247	145
1061	365
307	30
200	234
163	182
5144	15
322	26
292	72
1662	60
368	72
432	53
87	327
573	214
185	6
294	249
103	381
245	75
3274	88
3187	39
2050	18
1875	24
2870	65
164	21
474	7
101	69
1381	24
706	267
543	23
703	79
1557	1
1065	49
1640	12
1524	211
969	60
1778	132
117	88
2044	119
276	25
2235	299
3522	28
1265	18
1332	37
452	2
1015	88
1871	42
995	204
4395	92
784	101
1541	52
1812	202
829	169
878	211
409	211
364	33
2742	32
409	16
186	383
176	58
184	31
2109	109
563	39
731	38
535	55
2265	9
1620	126
946	21
2511	15
1281	144
773	123
5851	62
1137	109
3161	17
360	4
132	94
1883	127
375	69
298	395
1682	131
165	40
888	452
388	60
119	163
445	78
2614	5
706	224
2685	33
527	9
2319	5
2530	243
1364	26
102	202
1232	57
589	235
735	97
2260	135
581	76
322	243
436	74
720	104
566	194
1843	43
1084	82
662	117
777	44
1099	33
3766	120
504	77
504	59
316	34
2636	57
358	42
359	211
2384	20
1027	127
591	30
904	55
474	425
1323	111
909	30
1872	81
4751	53
525	121
1689	130
3073	16
944	26
942	240
1743	102
2151	24
727	60
1458	49
386	51
400	33
684	260
1257	342
1342	21
1997	251
1254	17
428	115
1025	72
460	269
826	92
686	70
431	108
157	70
108	14
2722	78
1968	86
1758	39
1243	77
777	43
1109	138
1092	138
327	189
425	258
380	101
809	148
1929	51
1839	8
1219	20
2208	110
2422	77
143	729
2523	205
2819	25
857	57
1046	68
615	141
670	10
1305	84
175	96
138	17
563	64
221	17
153	10
675	32
705	298
2289	9
177	65
2233	55
3722	50
552	75
3506	52
2021	30
887	38
454	132
1022	344
627	87
546	26
1546	55
519	75
240	146
300	3
232	51
903	4
1642	23
521	75
1569	145
643	89
2462	46
386	67
1164	136
2627	33
1135	208
584	19
154	749
805	392
1564	187
6377	58
2153	207
498	52
311	11
313	150
2207	135
1350	118
380	33
1136	17
82	61
1047	43
372	127
864	116
167	111
1319	20
4629	80
322	303
807	279
831	9
1654	5
195	88
430	385
2152	22
2593	64
334	89
2033	82
2959	64
4482	114
292	16
135	111
700	19
1400	7
259	43
1927	45
813	230
652	55
873	40
150	51
1051	98
282	350
404	69
208	124
783	127
134	16
2109	10
276	31
2804	158
484	42
127	32
582	22
962	23
573	56
455	172
253	34
1397	13
2151	69
1359	15
1252	37
586	96
2130	14
111	185
1304	12
643	58
1043	28
430	43
1665	89
307	41
2091	127
613	140
135	93
3567	56
553	27
156	101
1063	11
625	426
102	35
1663	51
194	59
840	78
1087	212
348	70
1190	120
559	66
293	237
236	92
227	94
470	114
2392	4
310	24
1383	189
131	38
97	92
426	544
1245	72
610	51
2791	51
92	480
702	44
347	27
1235	14
860	172
241	180
1591	37
1141	40
281	166
2280	257
1585	73
1916	40
1037	49
260	48
6848	36
742	269
406	5
5571	50
1659	41
538	35
1181	434
1716	100
446	280
169	64
3422	264
2886	83
518	20
3513	219
1852	248
1004	217
322	84
1723	55
766	12
290	14
1757	115
566	84
735	28
584	63
202	262
127	57
1008	91
942	56
2173	198
836	33
333	343
158	335
393	78
1048	101
561	27
1747	33
1478	44
303	75
1281	38
871	40
3056	278
1394	7
905	15
81	49
924	7
811	66
666	47
681	99
932	143
655	122
1183	148
546	62
925	5
717	40
1876	102
68	32
95	8
603	85
3694	40
1104	21
1484	59
525	4
913	74
637	164
694	213
221	65
428	62
722	8
322	361
2136	68
1745	29
330	163
74	95
1474	181
1000	323
2169	310
3159	43
2475	103
479	56
745	302
346	86
3537	288
780	147
192	123
98	53
1519	67
498	142
623	202
3006	24
448	20
849	30
394	4
2146	18
938	118
502	16
1086	154
625	72
3542	2
659	488
1483	67
408	16
188	18
1491	6
326	115
2258	92
1096	21
1123	15
545	34
221	102
130	53
3913	17
952	50
671	36
566	13
802	127
794	29
1806	78
321	235
218	13
1340	60
1304	16
2929	12
374	18
524	53
488	205
397	36
2288	25
231	347
304	21
78	2
1556	71
1356	40
86	164
242	110
1496	39
350	142
3556	26
116	314
492	34
692	221
201	7
954	155
644	14
2725	263
605	238
3498	13
262	35
850	71
5219	41
514	59
1861	267
1857	12
1317	691
823	20
3108	65
783	65
1031	120
236	100
1013	141
864	231
784	87
459	5
1006	2
1790	83
583	63
399	311
2365	15
574	3
563	140
1800	95
934	225
778	280
1932	4
3082	274
126	11
1511	27
290	70
983	57
238	19
1210	5
377	36
1870	27
76	27
1681	6
1070	144
714	45
296	23
572	79
454	2
121	27
289	86
244	18
2619	93
3382	24
1364	19
2036	125
1372	7
1311	7
2400	119
512	10
586	25
272	124
539	27
2498	106
251	2
1562	158
3817	308
493	47
2451	315
121	92
315	10
1077	18
2501	11
1220	57
494	181
829	18
384	41
1128	2
931	99
1194	95
4278	156
1716	91
128	15
2366	400
554	1
1895	75
450	114
162	140
2221	84
304	227
1927	36
327	48
220	38
2098	101
3345	35
3885	20
1726	122
1048	90
448	11
1007	50
91	3
1472	48
396	161
247	242
1297	174
559	207
296	32
8451	6
6340	43
199	64
706	45
145	35
389	76
1280	9
1028	34
185	38
293	244
528	184
254	68
2663	51
210	18
719	46
557	10
1410	99
1065	2
246	286
577	71
310	87
1124	204
511	285
1535	27
197	30
516	130
2984	99
404	2
1014	89
186	162
2912	6
2104	108
1541	307
141	21
1013	257
668	12
2338	5
1789	267
2041	111
820	13
788	20
655	111
1305	67
417	26
278	169
1357	44
154	10
98	5
95	92
1097	243
609	48
474	163
102	31
167	14
304	76
1935	79
865	16
1772	362
1241	87
254	1
215	19
246	423
845	65
361	12
137	138
714	96
755	109
1036	8
795	23
447	395
144	73
479	85
168	167
874	121
255	193
235	70
1747	96
182	43
443	88
272	44
1178	17
352	20
395	41
998	101
980	230
585	43
211	13
203	40
1866	87
316	33
439	6
2455	131
591	105
1066	168
2644	123
438	67
80	222
2281	49
999	80
1537	129
252	247
182	66
1696	76
138	251
229	60
186	62
866	83
643	44
355	71
409	48
466	9
146	96
389	151
2772	66
1178	24
165	27
1904	14
200	197
811	7
439	132
203	206
1004	20
2590	203
4153	196
416	77
281	23
3339	87
280	67
1699	129
452	37
1219	13
1853	68
97	101
121	180
579	134
2798	21
1099	12
375	41
938	218
4542	72
1806	130
921	58
112	185
103	25
2952	170
686	140
110	43
768	19
224	159
573	12
1738	15
1543	17
929	45
1012	77
578	20
336	19
918	104
1697	82
895	154
276	110
436	284
1776	110
2072	270
393	101
197	37
2833	159
211	215
296	156
3033	5
930	156
1388	102
381	190
948	66
452	126
479	95
2587	169
338	209
584	91
242	254
1262	34
636	117
587	45
419	37
951	57
1718	118
2374	126
182	425
1779	216
691	9
111	76
212	6
385	60
212	233
180	35
2286	26
1604	248
465	172
698	16
2724	13
140	78
3308	96
1561	19
610	19
203	66
104	56
1553	39
498	25
63	15
1937	119
348	271
479	367
258	42
97	342
910	31
749	22
879	5
4667	130
355	14
2485	220
393	8
924	5
616	43
68	63
497	19
947	233
1764	264
374	164
1142	55
287	1
2432	240
2041	76
2032	32
1658	128
583	9
3321	139
42	176
1383	292
1011	237
698	83
868	11
236	34
456	8
370	94
1705	127
156	26
629	132
1963	58
957	127
618	48
226	272
2511	46
595	108
1053	13
1566	103
759	25
854	7
1033	36
284	212
631	9
1984	55
675	64
150	32
1140	127
67	73
767	25
1694	18
1292	166
229	252
471	346
143	52
298	122
120	131
184	34
91	113
2542	286
775	33
4424	90
2681	108
1314	16
472	87
306	5
1538	20
1365	138
1752	26
1329	77
423	25
430	238
1837	36
1896	58
146	36
458	96
184	39
1176	65
142	32
212	132
1083	43
1297	68
4115	121
915	24
1082	139
686	174
59	7
368	102
614	3
1957	71
154	5
2491	16
724	5
1339	67
323	26
1530	22
122	22
734	63
173	29
171	51
1208	57
145	127
304	51
1102	37
587	94
895	81
151	27
561	99
1009	287
75	79
1388	227
862	173
247	56
412	78
1686	152
730	92
1227	39
408	107
43	43
239	72
1674	269
2336	70
2577	218
870	132
1989	198
1324	10
69	3
2021	125
206	65
550	45
653	49
1376	358
176	27
1599	64
1237	30
198	172
896	61
247	32
1747	2
1497	37
466	292
1293	126
176	115
114	232
1637	87
1476	141
1288	16
402	173
1396	69
634	112
385	90
714	47
764	124
721	56
397	24
219	53
615	46
271	7
1481	71
373	98
1666	23
272	18
192	287
1389	41
605	67
449	162
49	232
360	23
2415	70
446	132
785	83
247	64
405	72
2455	214
2026	26
2419	221
485	70
621	18
157	47
782	270
1544	34
327	53
964	68
1723	255
1166	69
302	10
921	3
413	72
1957	59
664	50
1649	31
183	148
153	92
1419	107
831	96
3469	23
560	35
408	196
398	59
167	402
1584	8
62	17
2531	27
205	17
363	90
176	8
2416	169
445	87
258	294
2768	89
514	68
190	177
1269	127
2005	71
1992	39
506	3
728	79
1290	13
1178	495
912	349
899	12
554	322
263	6
1657	10
441	249
741	54
1619	86
1080	22
923	52
1210	23
511	80
261	34
701	68
188	22
223	3
1231	12
399	49
225	222
357	116
1863	52
3700	248
2637	102
2489	71
105	155
952	55
2526	24
880	111
2332	44
54	36
1273	95
1281	5
773	4
555	113
419	17
366	125
1140	48
2183	237
751	41
681	43
780	195
1375	26
555	31
727	253
255	27
182	102
1465	21
1228	15
1272	11
495	25
1285	217
1984	66
6010	179
1460	55
1391	88
617	182
69	92
1526	215
3662	46
2688	146
220	150
2706	40
687	18
353	473
243	347
66	108
1304	70
967	9
1156	81
1012	74
2543	46
1162	169
955	10
108	158
1915	61
734	91
631	82
1384	86
932	16
1111	4
1644	24
1546	282
1206	64
502	17
2407	6
597	206
2808	13
731	78
567	22
669	44
641	9
726	36
925	273
411	55
557	6
1955	77
75	76
360	115
550	92
1901	73
1843	93
283	43
2135	71
499	109
357	47
789	67
753	15
139	31
927	138
1305	3
1769	39
2635	17
351	164
900	159
367	400
353	50
1953	250
430	259
620	232
743	51
184	10
1380	37
1583	377
1256	163
288	33
589	41
1105	28
1244	116
514	186
760	24
918	54
1205	276
806	56
4973	48
1314	312
2490	18
487	107
1212	86
1231	59
371	74
2819	17
709	41
65	19
1662	50
671	3
2149	45
376	197
1290	60
1364	85
862	161
686	11
538	82
1278	142
844	179
1585	80
397	13
524	37
117	143
407	218
4225	408
956	81
5033	160
766	304
1578	156
307	8
3210	151
786	347
1104	33
329	157
1837	128
850	226
978	152
1976	23
3406	469
1152	217
105	68
410	18
1648	112
1423	42
2271	7
91	715
748	157
177	132
269	158
1032	72
1456	21
1309	300
92	133
357	71
840	74
2876	108
1724	48
1147	6
248	187
1283	73
279	380
1520	23
2128	58
115	45
933	21
968	80
334	113
2303	56
359	149
1310	130
1308	17
1243	22
2069	359
1218	57
1410	62
802	44
1454	7
431	15
877	126
1413	104
2321	64
2994	17
1237	281
1909	24
402	111
104	72
770	159
650	7
682	18
210	17
893	90
208	134
457	146
1926	44
1722	85
759	27
1252	22
1133	35
112	13
566	20
396	161
132	76
200	5
37	6
449	4
334	93
460	438
1034	13
1990	31
4635	16
624	31
3099	126
538	15
233	278
1658	148
53	213
727	55
656	53
699	6
310	26
5618	121
300	16
2948	93
204	80
474	43
2846	16
382	24
730	19
2673	32
108	246
692	26
2011	6
1554	299
2126	44
724	61
650	75
235	39
207	34
1493	73
1129	155
809	132
1371	66
363	39
931	446
539	172
946	30
357	35
625	360
312	110
262	125
509	525
713	80
748	4
328	187
464	30
1374	85
3008	275
684	121
459	254
872	29
109	28
348	9
1717	4
2347	72
79	75
1153	29
2005	40
611	17
393	151
248	15
1727	276
226	53
1218	4
460	43
628	47
1247	3
899	40
183	33
1295	162
692	2
402	253
2351	184
470	66
173	14
239	19
1243	57
1753	61
255	280
1442	156
1190	142
783	41
728	55
405	85
415	5
184	20
2162	60
2334	65
2564	42
758	36
1232	230
816	73
187	22
253	27
272	5
5405	4
325	105
1910	26
1792	87
2810	38
914	41
118	15
646	73
1685	6
108	39
792	24
1641	46
60	98
1139	31
1465	243
104	152
2400	219
877	164
1293	104
650	36
1605	236
898	154
51	35
786	173
230	27
1457	52
688	76
160	31
510	50
771	118
905	43
639	20
334	154
376	117
1203	83
876	41
717	46
241	28
773	14
3449	235
1380	157
2699	77
73	7
856	12
979	38
351	15
158	37
1404	95
1334	35
3468	268
751	12
973	174
3982	46
966	8
2223	105
154	203
3519	25
752	61
1697	15
1288	94
1129	121
739	56
1294	407
64	98
3203	63
4699	139
2565	165
1193	10
204	78
291	280
708	9
3031	79
104	46
2261	141
78	41
2066	31
435	3
1963	49
684	24
976	102
62	95
893	67
466	48
295	22
64	3
273	8
344	110
411	184
1762	37
124	18
1558	4
1114	38
401	145
886	52
796	31
3580	107
2174	50
2222	16
844	361
261	50
1567	43
304	394
4469	2
1461	236
1290	63
486	56
530	249
80	315
709	55
2342	87
1268	85
2706	5
881	299
1075	3
946	30
914	123
1266	39
179	214
187	83
4407	60
2036	123
549	64
1075	10
516	92
1731	189
634	12
545	221
1628	9
901	9
745	218
2161	145
521	99
955	63
335	18
695	6
1371	114
3634	65
1018	114
1411	227
351	63
668	202
1322	137
307	62
961	122
487	26
2487	112
589	427
1444	194
1217	210
2897	126
712	44
492	87
434	109
458	124
576	112
2545	23
1588	121
3605	264
1487	32
402	41
192	119
2319	27
2320	77
176	5
880	153
1671	180
109	17
1996	131
69	318
1884	158
209	204
674	471
195	262
2040	28
450	184
1674	115
830	10
742	80
4260	75
1994	8
1536	69
423	16
652	12
512	4
255	61
3799	54
2480	36
864	295
995	153
255	230
878	4
63	56
3050	50
93	167
52	114
622	6
1080	4
814	14
1720	47
112	29
1870	18
244	39
2343	71
989	329
901	335
401	36
815	110
373	15
682	28
240	69
1471	588
1611	55
2023	12
745	133
536	160
157	64
112	3
1430	181
223	3
556	118
42	28
2288	29
684	86
70	181
803	392
1292	54
191	93
131	87
1553	62
880	53
1027	28
1801	192
2182	50
654	92
664	14
3376	95
1864	328
2455	12
366	96
762	34
122	55
702	18
941	39
782	80
715	56
1673	54
934	96
2434	48
1817	104
117	91
198	220
395	21
1856	59
811	108
262	136
2124	125
868	14
164	39
1930	208
407	17
1159	239
351	40
316	31
678	24
2555	69
872	405
720	8
210	35
415	247
857	156
317	12
1085	79
1686	55
1203	127
225	211
1321	104
679	64
356	40
3703	332
934	32
285	35
654	13
137	51
3704	18
1258	34
2483	185
674	140
2561	142
315	44
37	162
1005	94
798	280
928	40
3146	167
716	57
1412	94
416	127
1269	76
941	23
96	10
175	44
1772	302
168	166
639	136
509	33
2905	246
1005	23
360	7
3350	28
206	33
1230	78
1212	491
779	2
197	5
95	35
572	136
387	39
444	1
2240	27
1168	2
627	116
770	305
611	308
1476	6
1653	197
877	16
2868	110
787	47
456	13
239	34
1032	133
562	389
402	128
850	104
3564	84
1047	472
738	80
2864	84
293	107
257	129
3598	5
260	7
1415	25
580	94
863	66
1941	27
387	17
804	65
58	78
1546	114
1869	36
562	314
107	24
61	182
124	305
1914	19
244	208
268	130
178	51
423	85
757	310
1600	61
68	50
830	18
588	9
2090	67
3541	64
1748	15
465	39
83	84
2311	191
1657	4
3059	126
433	88
1179	197
681	131
1109	142
87	281
1744	23
1115	69
3444	119
175	120
155	100
61	27
2299	170
656	29
41	63
326	91
1457	163
1954	101
424	233
219	73
264	20
36	13
377	89
179	69
624	39
1270	20
657	175
417	67
552	26
333	139
3606	18
1325	82
554	38
1440	1
784	119
265	8
515	108
632	138
165	39
1259	21
1538	30
1455	175
888	101
587	218
146	156
203	33
432	404
591	300
1373	60
349	50
2603	50
129	18
265	158
492	432
360	14
1548	88
238	261
392	283
1465	9
635	50
278	28
1453	74
1060	268
659	28
2042	42
399	74
432	389
626	98
1066	67
3060	34
985	40
1603	77
795	295
482	85
428	285
220	32
1138	228
459	14
517	233
1179	186
747	16
3081	8
2196	123
1132	155
602	35
446	39
721	75
437	45
454	7
888	50
79	52
1960	78
428	127
1408	2
2789	53
367	95
59	114
1232	27
118	196
206	37
5154	63
165	12
3221	16
87	179
2345	20
685	67
737	19
1796	22
305	8
1405	17
1951	61
147	48
1130	33
2021	339
1593	1
298	94
435	96
183	205
409	38
827	237
995	54
951	33
1471	62
287	8
630	284
243	55
687	2
376	9
404	35
519	58
567	73
2123	163
498	30
832	10
3911	68
1921	449
749	113
1245	8
174	13
1017	5
238	28
214	15
3276	294
1038	59
391	11
493	134
292	29
327	110
898	42
885	125
2432	112
751	54
3229	25
2607	392
1902	146
323	129
361	216
109	286
240	43
956	32
238	58
1951	121
297	99
4349	95
310	24
3069	200
380	74
268	21
282	135
356	566
2329	57
131	67
375	133
302	70
357	22
380	34
1316	123
606	2
1751	70
683	9
349	116
60	49
1151	99
1614	52
2396	88
420	57
1059	101
254	24
2386	230
2750	22
1653	80
1071	447
729	262
545	115
1319	47
943	16
1972	93
504	209
124	105
404	154
302	48
2149	18
1101	4
471	31
280	203
311	57
782	50
1201	116
113	40
870	4
1177	28
681	37
343	4
186	116
375	248
164	78
294	31
202	59
1122	58
620	74
595	99
452	67
2667	17
250	185
512	12
2868	10
421	11
1243	39
214	61
1612	27
1044	130
284	223
195	23
1279	319
84	36
2535	25
2005	43
421	98
539	206
239	242
146	26
254	65
1058	53
340	88
1769	349
1416	141
2748	72
1096	129
1518	495
571	119
1594	1
4984	80
87	2
3944	54
2399	22
879	53
99	157
97	37
1300	205
359	5
536	4
344	22
2073	100
142	97
1655	105
2045	16
948	55
514	54
1461	26
1006	53
1347	23
116	36
713	16
610	9
180	217
663	87
332	26
192	65
1160	125
585	144
1864	24
1226	21
2194	271
344	94
111	9
1042	68
603	75
702	19
317	22
227	177
324	347
280	23
3047	147
305	285
95	183
1330	47
1117	492
212	43
1204	17
3744	25
504	154
1549	223
3309	47
5250	247
2468	29
77	37
575	10
2522	170
5523	295
694	41
145	264
1939	46
290	62
1507	56
911	278
1096	184
1261	73
246	19
820	241
3003	619
3694	22
904	62
666	185
153	49
597	36
498	265
824	95
794	366
2780	80
180	499
981	281
311	98
943	131
852	67
960	22
612	51
233	361
776	768
1765	20
176	88
90	52
200	55
790	47
182	344
1378	5
1503	72
1034	45
146	56
798	126
2105	69
961	16
2133	41
1564	119
1419	49
375	7
128	3
956	9
473	90
431	3
993	127
2786	20
504	59
250	262
1074	46
835	85
2585	311
560	75
587	71
652	30
315	62
231	128
162	74
598	39
1154	17
378	91
166	214
1661	57
125	144
572	39
929	47
295	90
851	56
837	31
1057	23
4190	268
572	113
1398	215
563	192
770	9
1519	277
882	143
2245	106
306	166
1080	76
334	87
309	44
5028	49
19	1
11	22
10	18
1473	43
770	57
503	215
593	53
147	14
348	29
1879	1
45	13
516	35
107	166
3048	25
463	36
1356	2
2453	26
279	50
204	170
670	40
1448	81
1443	304
931	100
1167	87
200	32
294	163
640	9
1457	63
411	309
2320	114
265	92
3066	237
899	198
1546	149
667	135
468	26
263	147
325	27
319	165
210	31
116	235
765	35
1642	14
550	118
515	105
363	12
3663	25
176	5
503	235
1255	78
992	36
597	63
2739	58
478	58
466	239
903	71
269	2
2192	8
348	103
989	96
751	14
494	41
194	19
619	9
854	182
107	41
1563	133
456	70
2080	142
691	29
623	18
97	312
418	414
118	82
241	87
1346	43
2106	43
731	49
98	9
71	90
349	126
569	42
303	52
1682	272
323	87
695	353
147	343
482	1
1123	30
299	34
384	37
770	155
299	36
434	96
399	79
59	50
239	2
190	387
184	624
4663	16
480	71
2791	18
1287	119
2087	120
914	17
1694	7
2080	23
993	66
501	11
2248	71
302	4
833	184
529	104
231	38
840	1
628	105
243	50
209	53
315	49
1174	380
823	3
924	296
621	66
963	47
1545	81
143	3
1338	297
2858	12
817	162
1196	102
77	69
2873	139
2346	12
2760	321
668	108
1203	17
2397	31
3076	1
1526	23
2587	45
702	28
356	1
4168	164
1236	105
299	168
1912	163
3238	176
1642	201
687	28
1560	21
586	169
399	188
2465	58
1027	21
556	164
3513	94
1193	45
934	13
4117	5
3939	88
417	52
690	80
1198	109
531	168
4068	199
1076	48
97	14
1795	3
1512	57
1338	123
811	84
910	159
561	65
49	126
1647	198
4865	105
715	91
572	69
260	131
1618	20
726	344
864	153
890	148
1914	96
2388	248
158	85
1807	36
1327	74
1764	64
1622	123
2021	168
1823	47
696	226
310	13
1568	110
710	5
263	18
2348	8
718	9
567	41
180	9
119	151
1571	70
951	207
2009	110
177	324
3656	90
485	39
800	42
704	22
104	112
104	43
638	131
303	143
205	80
1958	83
179	65
1417	61
568	50
2415	52
138	399
1158	136
387	2
160	374
607	12
2774	74
2534	11
201	30
615	27
1266	24
435	80
616	166
1802	50
876	28
3223	361
288	117
1820	60
468	150
1052	19
546	195
2132	65
1414	111
1241	190
96	82
52	254
732	97
707	71
698	73
253	44
710	36
1075	33
623	2
1869	140
1388	39
279	1
705	92
508	157
709	17
3077	195
232	36
699	62
261	32
618	100
383	23
66	5
498	61
550	92
186	20
2611	9
1153	49
2276	38
374	128
1589	112
427	305
232	4
733	31
372	106
1133	18
366	56
405	24
73	28
319	159
1927	102
971	166
859	138
472	22
141	129
1772	70
1607	13
136	114
1200	124
3322	56
480	224
224	21
1298	6
1015	18
404	68
597	46
383	266
3956	230
364	57
6022	91
854	113
1781	102
1305	186
482	37
391	60
465	26
2459	75
924	70
1004	21
180	12
133	271
3114	47
1496	430
71	117
414	25
152	62
668	156
547	3
2094	10
2509	44
1486	75
296	217
1438	159
1934	32
1727	37
1491	89
757	73
1649	145
1229	19
2140	70
1706	58
1143	9
253	24
666	1
85	54
100	420
106	173
578	95
105	95
247	253
84	9
387	36
262	92
357	10
277	291
444	55
732	197
1313	43
152	216
1620	219
527	30
208	190
2346	146
500	177
931	190
1215	22
182	56
1385	150
845	99
552	253
160	81
988	99
172	36
1820	463
221	19
1999	31
876	223
218	289
1583	228
770	20
677	30
76	293
1027	71
441	143
941	48
837	45
1241	12
234	539
523	36
278	30
794	63
230	39
510	254
1827	131
3466	99
3070	14
681	25
942	10
125	90
173	78
1068	54
2363	531
2845	73
1402	19
136	298
2777	82
2160	122
1837	291
171	59
3450	178
1018	104
1355	107
462	20
558	93
1110	82
209	9
1165	155
451	90
682	22
385	25
1368	80
3097	3
1212	61
502	62
424	109
154	47
489	32
2259	50
1914	187
425	419
1115	131
498	7
1235	277
284	103
2434	13
2109	25
935	186
752	105
1181	130
1679	27
850	18
776	16
297	14
1025	17
373	16
861	23
881	44
738	123
1130	101
1998	55
590	11
518	82
1405	157
646	40
521	38
1144	66
212	7
193	85
625	42
1398	88
204	30
2435	155
1289	17
1595	102
512	38
875	110
875	464
201	12
194	286
3633	18
1578	17
685	60
873	180
273	33
481	30
329	1
178	32
360	128
292	65
192	77
416	135
1009	3
80	81
76	8
858	28
649	2
1179	161
2116	188
368	43
2161	61
785	195
316	1
761	38
4806	19
224	11
845	47
1445	166
365	6
146	25
422	3
301	256
1109	16
656	178
3159	42
411	40
884	80
1057	83
1319	89
359	98
458	32
157	17
335	213
668	164
5044	2
1195	212
1102	23
759	4
143	223
361	1
320	107
490	46
454	11
1515	308
1589	30
1814	185
939	188
851	172
742	9
2102	375
1790	30
765	32
685	61
762	178
409	3
61	2
1650	68
902	25
731	121
110	241
122	28
1485	154
346	55
2513	1
1353	31
598	258
3637	14
56	264
1603	247
980	18
264	138
634	191
1064	69
538	221
1253	26
212	2
3930	39
359	114
1024	203
77	155
170	35
330	91
640	20
54	19
2147	47
158	3
1085	13
320	81
399	29
383	11
1226	96
346	152
225	65
64	137
83	22
957	134
643	299
970	112
456	109
139	27
652	37
92	23
642	130
610	173
1676	128
2125	225
444	74
95	14
2312	28
446	50
431	54
948	29
565	2
1731	83
87	268
99	16
1189	1
149	25
1949	116
4024	27
1404	30
245	220
367	112
436	47
454	62
620	333
1274	113
241	63
303	58
661	80
576	450
109	70
1584	79
490	52
112	5
349	409
2182	9
328	200
412	46
456	65
794	1
4921	98
656	70
545	72
1266	51
1093	92
736	193
1673	23
419	70
1263	34
1574	69
1329	101
259	6
547	18
271	2
730	121
1046	154
317	85
524	4
3043	215
665	220
207	50
565	45
2158	73
542	88
503	129
447	14
1329	4
811	37
978	63
1617	54
482	125
1003	1
437	6
1145	203
322	52
485	8
86	30
82	115
514	204
484	63
565	90
971	120
2256	136
94	99
2161	7
1341	242
341	35
2003	21
384	307
892	18
123	21
1720	132
194	65
449	51
331	108
1083	112
683	160
220	16
851	56
1305	162
285	33
536	140
3351	141
320	53
1604	152
3371	133
154	134
647	197
278	17
210	74
520	52
2147	125
853	9
674	11
172	104
205	38
615	96
846	137
382	27
4704	62
185	131
450	4
1130	178
1789	107
359	184
1361	48
193	141
3700	24
835	161
937	114
641	159
236	120
184	20
2646	34
217	56
397	130
2052	20
512	253
825	47
92	246
195	10
886	24
1480	85
69	173
677	5
484	4
197	108
266	161
787	35
1847	51
1124	107
234	42
2529	28
758	20
1927	22
123	414
1834	190
211	136
217	28
281	168
2034	149
1083	3
641	18
250	157
1005	39
1528	466
149	15
437	136
474	84
1159	27
2349	20
985	29
79	65
305	20
3782	6
1011	120
1352	62
619	50
272	40
248	130
2698	13
2752	77
269	30
1946	127
2463	161
218	27
1775	121
1586	257
325	37
1034	24
2241	111
995	31
616	2
474	13
472	146
1093	170
201	108
232	158
403	18
119	115
4911	81
1178	307
76	262
2609	67
293	19
48	154
734	7
1931	34
443	45
1689	66
685	137
1265	175
1747	82
2267	41
1144	351
1119	42
187	204
704	21
922	181
1154	65
2649	196
397	104
802	179
707	5
1028	168
1086	8
489	39
918	72
773	204
3840	37
1164	60
959	46
794	35
156	13
1637	44
2555	314
2328	25
170	82
1288	84
2014	42
1469	12
400	30
3406	57
291	32
304	154
1061	78
626	15
5696	30
1035	73
790	175
158	131
386	60
553	41
618	415
490	52
130	42
220	5
2065	25
933	32
552	55
69	69
2109	5
646	125
713	303
2128	28
2200	27
101	13
1103	2
3160	14
1706	22
1190	408
2733	66
2132	53
907	24
564	85
1370	55
493	96
1162	86
124	24
1061	67
961	20
823	174
306	98
164	166
184	20
2006	227
505	75
644	12
520	12
463	28
2875	54
1642	100
846	197
131	8
542	68
857	86
311	77
409	299
683	31
639	194
1871	30
506	26
510	199
887	183
2265	15
5043	57
1517	3
312	87
1278	275
364	6
1078	134
181	78
2115	3
263	265
2269	76
116	92
1113	34
332	16
430	149
764	262
701	46
1960	715
156	145
140	387
1092	7
2417	124
643	222
145	49
1319	106
1546	20
622	67
1105	142
494	4
3177	86
583	44
966	6
94	203
96	68
736	29
1058	24
1210	98
3031	74
725	108
2162	176
437	16
2647	149
1225	43
209	121
1418	191
148	8
1394	14
2239	210
1463	5
1111	87
1395	23
291	2
724	188
115	82
151	7
152	89
1308	19
118	12
7875	18
475	43
540	27
1390	57
444	433
1604	121
529	1
388	7
524	123
1563	109
1970	37
1193	292
1096	6
1793	28
696	187
1683	14
86	30
133	43
2468	79
887	12
1823	40
139	89
487	156
858	100
1393	241
212	215
1709	92
1748	6
1603	4
1460	14
614	53
696	19
2614	174
2672	73
4597	85
742	16
841	14
74	9
490	81
164	137
602	286
1813	96
1317	186
721	265
1024	3
4656	335
331	72
1164	151
355	122
3336	98
1336	9
1045	152
3966	25
2243	304
1632	116
670	189
1469	40
1105	204
2268	108
1443	300
682	27
3525	43
305	223
2915	25
899	132
1275	13
1298	407
245	215
186	40
3948	7
1570	106
3179	86
156	32
1210	7
888	18
806	183
1049	44
6289	60
2965	14
66	143
517	98
277	39
1154	157
423	136
2252	52
1110	224
791	49
217	93
1988	54
943	9
5627	118
936	15
395	64
1150	37
317	237
432	2
2630	24
2345	8
326	84
1151	74
460	114
3169	50
89	256
1490	4
170	470
922	6
108	29
1864	78
1482	283
66	99
3946	20
1504	36
608	108
2360	56
170	16
512	5
1502	81
1225	69
765	232
400	20
332	123
3573	70
3074	30
2238	260
1414	61
1762	57
945	103
2825	99
1494	20
713	80
1562	155
2824	7
759	37
2156	139
437	97
164	349
443	200
2820	38
1556	31
299	237
2544	47
3169	27
1866	86
448	109
110	253
356	129
1573	37
3057	55
120	29
2303	63
1847	47
1503	139
713	335
167	201
2014	27
206	54
2146	5
548	379
2791	143
313	396
425	9
1823	150
855	25
1041	151
102	114
1032	26
251	58
287	167
2001	187
1282	14
1637	43
576	23
250	102
423	83
771	7
527	107
398	56
1946	257
1203	88
663	212
117	19
1884	36
878	302
1265	142
1114	78
50	104
641	48
2776	5
757	81
207	23
3132	162
714	35
1702	88
542	31
370	40
1089	319
555	12
508	84
335	57
849	78
372	28
477	27
931	60
1626	231
444	101
1598	37
738	25
423	262
567	51
1933	125
118	15
214	201
104	10
483	55
1053	157
93	5
3352	3
2598	89
2307	314
470	31
1962	20
1068	15
1629	2
173	66
2296	155
629	13
78	26
4176	68
781	230
612	3
486	43
333	105
2649	144
773	13
1153	69
2003	55
72	31
1194	216
7076	58
781	233
924	116
501	83
813	124
31	47
634	6
1353	5
75	66
809	38
1089	148
799	119
5594	240
1909	20
153	104
315	53
1300	2
823	64
1821	170
805	58
166	70
281	24
112	75
144	23
474	124
2112	194
2763	110
444	18
3882	88
167	135
201	4
2108	95
1027	14
707	22
127	34
1648	20
656	21
169	296
167	13
429	65
425	12
1139	66
1653	85
210	3
5770	81
600	53
4145	50
796	93
2277	55
340	16
361	236
628	113
550	77
1743	23
571	59
78	23
1876	284
166	54
606	116
2879	87
1972	16
958	63
299	106
327	43
366	136
1154	14
1484	14
211	27
149	190
546	94
65	12
2906	213
636	178
845	40
1115	2
523	314
97	47
516	54
1036	96
1206	50
574	13
2961	24
2929	327
101	403
162	97
422	3
2122	25
967	193
1437	43
2488	130
546	26
288	114
1291	5
268	36
2963	288
487	3
5324	261
477	50
1971	87
496	35
3840	38
265	138
2888	31
224	16
365	81
1345	66
121	117
2171	171
546	111
169	4
991	84
2361	128
1385	143
482	10
626	108
968	271
966	37
412	38
1813	453
774	124
2605	79
120	51
527	49
2275	95
735	205
1245	71
633	43
796	84
496	46
132	119
1302	83
1264	20
548	42
231	135
1362	135
2264	337
1724	88
2653	306
576	313
672	143
307	65
228	548
1663	188
473	5
307	45
410	132
116	404
3775	23
723	86
114	115
139	56
5433	312
908	90
2070	107
301	46
1848	98
1317	117
1414	171
835	329
796	5
315	66
1839	142
686	34
142	3
846	169
1136	78
2166	122
1807	12
1360	130
1901	308
174	279
758	148
1904	11
267	261
600	29
2841	88
312	15
248	29
2196	79
471	86
1540	18
1638	72
1301	31
186	17
732	115
1481	259
1832	62
900	133
474	55
1424	157
1049	14
1019	191
303	109
1890	50
1581	48
460	70
197	93
270	488
575	9
2818	59
2439	12
118	141
2023	89
377	78
2553	64
2218	119
1226	3
946	69
785	50
877	132
489	20
1392	119
237	104
1255	129
557	279
448	67
737	48
719	23
1838	114
386	148
1111	174
1492	119
815	137
622	197
2089	101
728	52
268	192
460	80
1004	75
475	87
91	9
278	33
2144	50
395	9
363	31
3347	178
228	253
580	48
669	3
115	62
708	66
99	171
138	311
216	508
1091	148
120	121
1285	3
392	285
420	23
1418	106
4164	13
375	79
884	137
416	388
4945	31
1749	21
177	5
568	75
286	209
509	205
3081	350
1171	11
254	122
162	116
82	1
1423	130
2567	4
1087	10
486	2
1889	112
2113	236
2000	218
314	16
1524	19
898	82
1879	48
925	84
1252	4
1346	96
240	105
3167	56
2472	21
150	100
1017	94
579	145
1460	23
316	339
2343	66
383	30
1187	88
985	19
2511	19
742	80
3609	53
155	60
1377	27
163	43
1687	63
453	6
215	20
683	45
1785	198
878	75
244	13
1186	2
711	33
293	171
1110	264
1151	20
1848	125
1739	58
242	34
1778	391
859	223
917	54
404	55
281	274
1927	62
436	99
105	45
1421	67
399	5
424	364
1041	215
3835	114
451	156
317	57
2175	52
430	16
266	102
1590	66
957	71
438	122
186	5
1388	11
2928	208
162	34
747	102
501	342
242	4
1783	33
604	16
920	459
741	185
155	12
597	88
570	185
577	146
1065	460
501	115
967	44
398	19
863	20
259	36
1092	269
408	155
176	168
271	4
1654	53
177	27
459	85
203	88
1182	33
2982	36
678	93
2395	4
1030	206
699	74
2936	43
1473	7
70	22
1409	83
136	17
153	100
189	1
692	43
524	66
211	24
391	58
841	38
1717	17
3452	99
227	45
378	197
1679	87
402	70
564	3
1745	126
1158	120
1371	9
191	38
478	158
4022	77
623	112
193	85
766	13
422	25
224	25
1525	171
850	133
1236	321
670	118
705	20
161	119
908	19
3524	50
249	48
53	34
429	72
762	161
1044	371
1901	347
154	48
1546	8
76	135
1321	27
239	50
464	626
2630	3
450	113
1881	147
1372	35
638	136
1206	173
180	65
187	39
2112	470
2989	30
553	157
450	221
1279	135
921	52
2369	77
344	269
636	19
323	17
357	43
644	37
530	35
1898	155
644	118
1623	3
219	138
96	153
301	72
301	48
740	32
1017	50
1851	34
2845	211
59	68
896	134
356	21
476	17
695	29
709	3
431	102
1673	102
699	28
813	222
461	9
1768	142
297	172
152	1
1683	196
5489	22
417	71
201	47
712	19
1358	19
1162	48
469	19
443	180
285	29
886	4
238	63
1755	140
1050	35
1623	5
195	11
251	183
563	128
437	4
705	101
461	11
701	552
2167	20
2808	23
643	14
1076	30
1316	81
636	19
515	52
2452	182
2579	44
1731	104
1201	10
266	117
1032	10
2336	23
2819	145
3655	64
591	9
670	117
1691	9
185	168
1757	165
503	71
80	15
498	35
1377	29
1378	12
1855	150
544	92
685	37
233	66
376	80
1123	14
191	3
285	44
102	105
172	385
1548	179
2660	7
90	26
412	97
607	308
1203	124
418	86
626	158
3246	217
306	5
676	181
1156	31
53	42
848	205
63	18
2892	32
2122	110
1175	174
176	370
314	125
1259	6
4979	76
1687	75
294	127
98	102
87	11
1757	27
466	14
1837	98
584	92
1791	60
1781	97
2907	180
1280	249
597	199
393	93
349	113
1137	7
174	41
1998	17
649	191
181	6
1718	14
662	284
80	362
176	342
202	14
1346	4
266	338
3140	112
108	109
48	73
146	107
469	295
1037	168
201	4
101	10
1218	87
137	39
1065	11
493	16
1137	259
3245	144
598	30
1140	19
2576	196
3974	80
1797	107
544	52
1620	19
126	34
127	60
2731	48
199	185
544	84
575	44
1244	92
1686	31
1335	282
196	34
1752	39
698	109
544	31
183	7
258	82
2271	47
849	18
4850	28
337	100
1891	11
375	225
2414	163
1648	21
156	19
798	20
206	186
282	26
319	213
157	80
568	296
1230	174
1000	145
1789	166
502	40
352	63
898	11
510	47
1094	70
481	104
500	143
1546	123
2593	7
1730	138
140	183
1864	165
80	129
696	277
72	6
264	106
887	61
144	111
1052	3
580	114
821	57
292	134
2433	5
1157	159
634	121
1299	67
990	6
2517	61
955	200
1091	127
1395	1
2665	6
223	84
363	202
315	96
1875	18
1245	4
1326	29
2481	55
1860	259
646	402
414	61
48	62
553	255
681	17
1974	2
1042	8
390	23
81	138
802	36
107	118
289	23
2653	313
637	29
642	2
1260	24
1440	82
706	27
1836	35
3787	135
1532	116
687	15
79	35
1442	29
334	118
87	86
1180	51
708	20
690	2
2388	169
880	23
2500	129
217	1
1579	39
593	253
1265	89
982	134
505	1
197	202
602	18
172	30
195	190
3044	15
272	11
1487	69
167	56
692	4
1795	159
570	56
1071	246
1448	79
2593	35
1198	18
1882	81
1986	429
2193	188
1643	13
275	29
621	143
2023	45
728	43
353	6
3536	11
735	138
221	7
712	145
960	157
1667	80
73	1
140	18
155	149
518	12
366	218
248	113
52	2
2755	20
776	9
4610	31
1416	21
334	19
982	113
849	5
84	371
181	20
56	200
2143	186
520	198
324	52
188	62
370	263
1269	139
1533	250
3289	273
503	37
337	35
1610	160
1298	99
1207	34
199	25
3055	69
3138	165
2285	96
1180	9
183	59
4030	159
126	147
141	307
585	44
2418	112
1398	23
267	52
2144	137
291	225
944	88
224	50
606	575
2793	220
2281	21
446	61
300	19
2010	55
752	157
267	47
236	158
449	179
585	1
602	315
752	18
476	10
110	113
775	103
623	37
313	93
524	246
2229	18
624	59
1899	165
108	26
371	24
3220	3
479	113
464	50
13016	85
703	44
1317	96
3264	170
861	21
886	289
1231	311
2372	115
2099	116
1267	50
276	30
2612	10
1525	23
363	57
602	264
2332	34
330	171
460	37
645	61
4274	50
291	30
1413	71
3155	40
1117	494
2229	39
567	90
223	21
4031	71
1213	18
1086	223
556	2
46	513
1025	47
213	106
346	111
2053	60
480	91
2171	25
413	45
333	6
503	9
1154	55
672	222
672	39
349	346
1526	73
601	51
377	13
1173	33
3330	26
491	37
146	28
701	85
574	112
558	40
898	126
1113	1
113	2
1329	60
801	70
271	1
2323	35
754	85
1739	17
633	7
231	56
138	307
850	131
665	9
738	111
100	19
25	104
832	119
1532	352
190	94
398	15
507	36
2203	33
221	145
203	149
1507	50
1336	32
1129	96
87	73
431	68
353	82
1055	294
2418	34
247	391
351	165
773	11
527	16
118	587
137	36
357	53
103	79
100	84
2387	35
636	17
114	26
144	579
489	51
232	274
276	66
1164	82
3391	84
1349	43
463	11
1099	12
472	130
1950	116
102	26
213	50
254	31
104	182
2125	51
483	149
1073	13
729	112
2943	63
803	236
474	92
1595	284
210	7
206	62
397	364
1703	137
743	40
92	125
1161	67
253	86
738	79
487	9
1006	102
278	153
1739	30
199	5
684	35
250	73
608	98
2007	10
74	96
668	55
581	141
1707	220
296	176
496	82
493	61
3069	112
1691	34
216	30
921	125
984	58
1355	2
283	1
1425	59
144	27
2649	24
1636	22
378	248
826	9
1281	126
438	25
908	22
278	358
361	47
245	81
1569	204
1046	169
658	111
1911	6
116	492
377	67
965	15
1558	324
1192	33
773	127
742	35
589	4
581	35
473	172
745	9
230	353
223	106
446	24
1564	332
1601	5
192	48
1547	163
2492	59
1495	9
1581	19
1506	30
132	118
122	28
371	137
1628	37
48	71
433	29
3055	154
537	168
735	9
161	122
105	374
1163	23
2202	102
310	121
486	187
932	385
2818	102
283	83
1065	158
1240	269
224	47
605	54
390	12
1648	226
225	76
142	46
813	40
99	59
2443	74
3209	176
1978	21
811	40
1963	59
93	98
535	44
873	110
1693	209
629	17
4339	39
185	77
271	26
977	493
244	33
888	42
919	77
664	166
1270	53
356	57
1557	1
2139	19
156	85
422	19
158	231
769	81
95	47
3501	183
1088	207
922	69
246	67
498	37
988	260
1309	98
1527	185
147	16
870	94
117	44
1038	27
287	201
2713	144
510	44
66	169
1818	133
330	17
456	47
1485	19
971	141
97	99
1137	120
225	38
736	171
1592	7
763	227
159	69
159	278
688	116
149	25
612	60
358	219
967	26
3254	125
2904	57
238	9
1094	22
1630	63
269	1
230	61
4054	75
962	55
352	44
1748	188
615	86
533	64
837	28
547	52
5666	88
640	3
847	67
1294	157
842	98
503	57
732	1
251	45
288	109
105	56
456	3
602	4
382	243
1010	50
119	13
2053	100
1033	20
530	156
923	43
734	77
916	87
946	41
191	127
598	123
1023	113
183	183
79	258
1589	31
619	50
163	64
95	3
1755	144
612	6
827	116
4832	50
1738	287
1227	26
397	71
2286	128
1886	45
853	51
86	22
226	74
450	84
490	121
1845	99
1429	86
637	43
2468	15
1602	26
1895	195
425	138
380	39
854	40
300	115
2548	26
1553	26
1422	17
1368	166
1933	25
366	50
1827	120
589	199
1364	8
613	125
2266	128
1147	95
552	23
836	53
221	126
898	52
964	16
980	183
404	357
2179	38
1470	61
98	122
69	201
978	20
2512	34
4953	6
1770	6
1238	179
2650	12
2767	123
811	35
379	27
344	82
66	244
159	220
2817	154
879	78
612	44
293	17
568	52
691	363
1013	351
2735	205
172	238
1774	136
251	232
705	78
189	110
249	512
685	72
894	66
986	10
444	250
1719	347
716	416
852	93
2829	8
1357	166
498	6
1716	49
2930	7
345	113
1230	126
2112	112
822	45
967	12
2123	81
447	206
576	18
2406	5
1862	41
375	23
1518	44
2131	31
1351	531
440	85
3087	176
2549	355
669	8
155	190
440	5
1471	37
558	108
102	29
1917	42
958	1
1475	243
415	13
2465	19
513	19
225	141
527	36
2561	77
1605	32
3110	145
1526	31
2464	30
1960	149
1015	22
1501	17
189	197
870	15
505	8
250	93
2379	77
1097	1
1779	213
98	243
738	33
1355	5
1025	66
143	453
399	191
385	39
1009	169
157	80
1286	25
113	8
1837	41
330	68
184	152
978	108
1216	45
637	86
1359	278
89	255
1760	28
250	135
779	36
2176	44
1190	156
850	51
1877	131
1050	84
361	5
1377	27
578	117
1879	92
1928	26
1683	296
3676	159
198	39
241	67
1749	655
1738	5
2312	14
1867	41
604	123
186	21
523	82
986	141
657	68
1426	264
188	254
654	44
1976	168
1978	13
285	33
542	97
1515	165
981	46
2046	7
1850	62
700	30
1559	15
925	2
480	127
2072	3
982	296
2182	61
552	70
1986	67
2140	5
6264	26
344	222
1880	20
1457	79
2782	119
155	71
210	54
154	19
169	105
975	96
632	62
821	185
1435	94
1926	60
607	244
1772	34
577	19
323	1
536	165
614	91
6931	45
1232	82
270	14
1654	89
387	17
2349	104
457	92
1672	47
782	58
498	171
1443	19
906	57
2048	118
967	136
271	33
630	208
1197	56
2419	41
1819	459
530	24
2510	11
618	340
622	200
859	140
1357	80
413	169
1942	42
639	107
1583	98
632	17
4236	57
2288	52
4293	106
1422	31
356	115
2442	101
848	87
362	115
430	12
768	280
207	57
362	48
1358	72
582	79
552	11
574	2
116	15
5030	37
442	73
224	166
2030	94
1479	32
118	4
690	105
98	283
809	452
1239	333
109	169
312	17
764	155
995	50
526	34
2299	16
719	118
858	109
1533	46
1510	435
468	218
918	225
655	5
2212	70
2375	116
994	49
792	197
2356	128
2190	38
557	149
318	3
3200	99
268	93
274	60
401	7
155	125
98	88
1247	55
1399	81
2307	187
398	98
238	97
349	11
1071	143
1143	230
1136	14
98	26
416	94
1191	141
272	49
2754	58
667	64
787	55
125	261
169	116
2144	169
608	25
137	147
164	78
1565	461
175	16
216	235
1208	113
1790	47
177	164
111	20
357	218
774	5
1680	58
367	3
1387	250
329	34
1431	15
1749	75
474	311
598	93
4358	90
1438	8
83	175
2956	317
972	42
333	90
2007	29
583	59
533	2
219	209
926	318
268	49
2507	76
220	97
1446	35
1952	37
167	31
1054	82
219	160
190	124
1699	287
2505	54
656	264
243	54
651	61
1377	132
79	92
1588	23
884	208
123	345
431	265
1432	39
1179	24
140	259
209	146
302	128
855	2
2461	181
280	67
2685	73
660	33
1534	87
85	201
330	13
495	80
2508	7
70	66
1134	98
1212	15
91	215
1478	32
2001	99
2021	54
1045	252
813	14
3010	47
1146	82
887	20
836	255
2269	13
1298	26
5161	12
526	199
123	63
2374	85
262	58
1136	135
824	21
1842	476
734	20
344	76
2454	160
975	5
1575	145
750	11
173	43
62	71
774	70
2293	45
1113	217
689	4
1474	262
591	51
170	39
116	10
145	340
1868	118
1482	229
358	71
197	37
1246	178
1540	40
1560	74
4030	55
824	232
755	36
1508	118
3632	62
2407	246
426	122
1411	207
697	40
458	133
212	110
142	73
85	563
2499	521
327	69
191	169
1878	45
1258	87
707	87
1211	146
941	66
944	72
2577	479
158	31
385	18
576	102
715	92
771	73
135	61
633	61
367	15
1142	106
1527	113
481	356
287	15
495	1
202	118
1051	499
220	324
314	124
353	27
1581	6
517	66
1895	50
184	163
537	16
1395	38
2070	145
788	195
1387	14
803	80
811	66
171	89
248	182
525	108
986	10
2880	35
101	46
417	170
347	10
175	171
549	190
870	11
1482	168
1447	72
387	208
3493	20
438	19
647	1
5096	223
132	15
2803	21
972	89
2146	28
2466	122
260	66
2590	132
6370	38
564	73
481	83
1962	60
4532	70
918	45
3167	42
480	53
1346	89
1576	50
567	7
752	91
121	268
841	166
1288	53
1413	38
258	10
375	225
2038	272
702	101
100	17
2945	202
1133	90
870	38
243	19
573	169
1277	134
959	12
1848	29
542	60
309	79
652	18
1816	41
3729	141
441	58
2706	3
1269	52
442	122
66	241
704	48
54	20
88	16
123	4
294	5
1405	29
481	261
1051	78
505	56
1327	10
1026	69
1024	70
2022	231
683	120
821	75
1712	142
940	337
819	65
140	29
458	49
1046	182
1131	47
911	320
1061	52
392	153
2372	295
252	118
969	91
266	28
580	380
1304	4
898	31
248	5
315	95
3119	55
429	5
965	7
768	141
1524	366
891	74
479	179
919	53
1823	68
7674	21
468	39
179	35
1719	15
905	53
504	54
1629	239
460	123
640	171
531	266
264	77
152	165
896	92
328	6
1219	343
289	50
1438	13
1095	101
1764	136
1722	90
774	43
144	42
331	94
818	67
308	86
1052	152
2156	111
48	9
301	191
130	39
4690	18
45	5
866	27
581	13
187	353
637	29
490	151
1115	12
961	86
1097	27
672	104
805	3
1512	51
1082	7
402	151
477	135
832	56
1313	281
2220	178
186	17
4924	113
667	104
821	161
1418	193
867	37
363	4
1882	114
456	13
528	50
1917	73
1229	118
1609	11
2133	40
533	261
2078	129
425	2
6416	405
649	78
584	29
1094	114
1926	210
1858	158
696	11
528	5
232	63
208	21
928	18
367	92
2016	70
3768	150
1358	8
560	56
977	103
2764	38
1115	223
1488	386
620	73
1020	35
2896	216
695	51
1652	50
314	2
1416	46
60	44
536	220
1176	34
3565	6
1164	11
886	190
362	30
1515	177
699	12
795	7
583	180
395	121
793	2
744	6
5603	131
1488	236
318	77
1130	139
1487	30
236	165
1483	129
3695	147
486	216
753	29
1105	71
664	332
733	62
1350	123
2147	76
541	126
1480	23
325	114
158	139
773	21
1313	19
45	29
6889	2
1357	34
482	140
501	112
1049	126
349	197
3435	63
215	31
168	14
1813	252
1266	24
235	120
516	83
179	24
4447	36
1707	169
473	81
1057	19
312	165
382	101
381	60
85	95
253	83
720	8
150	29
964	49
3714	18
1712	16
1708	41
1150	124
378	64
796	485
524	117
230	32
3756	7
2513	48
1109	37
2879	142
789	88
705	110
1376	19
996	36
193	41
239	49
919	18
905	48
1494	149
1016	76
847	175
732	42
258	123
368	1
344	32
896	276
863	6
662	233
130	91
1129	43
3443	188
131	339
1018	115
1669	409
233	8
862	56
377	26
3231	17
1649	57
1543	101
897	70
283	183
1964	45
834	118
4111	61
170	22
1384	272
1702	27
607	210
1420	211
1247	271
820	81
52	88
2120	144
598	72
137	232
554	182
686	52
549	315
286	121
1289	210
423	41
126	195
1164	1
354	7
4501	67
876	150
1948	15
364	20
103	58
1406	8
733	106
920	119
1211	134
597	72
643	128
101	21
125	92
1340	6
1957	71
579	46
6879	91
515	10
1767	163
277	55
734	116
2541	167
1102	98
612	10
593	117
456	157
831	30
232	177
728	87
470	23
2080	162
3653	7
541	48
971	9
466	275
1289	79
483	33
3803	8
193	185
1773	24
1379	57
1360	12
1347	16
3251	118
737	166
1932	3
1483	122
713	312
513	4
569	95
62	153
131	124
89	86
3904	69
273	82
934	7
1891	183
4409	122
1594	7
2512	133
1313	6
90	139
583	48
432	49
352	12
1804	8
1063	17
2365	101
476	64
215	36
1780	145
907	164
1685	83
280	568
374	49
1039	282
546	120
979	94
552	222
1095	437
177	4
624	85
488	176
2600	22
2651	5
1087	98
610	97
84	160
1743	8
360	19
133	121
175	127
508	74
1032	53
618	3
2094	188
219	219
1813	128
505	170
150	54
562	7
481	175
275	79
341	250
1259	4
487	30
1417	9
1213	73
47	15
746	256
1038	158
501	359
917	136
3749	52
355	173
109	176
640	31
682	103
1154	95
400	24
1904	30
768	154
2084	389
1710	3
2137	193
103	44
437	141
664	173
199	39
78	61
541	107
1037	148
222	22
779	132
143	45
435	92
643	248
2483	88
1857	172
616	8
648	14
2350	3
2743	148
637	169
5542	51
633	3
3081	6
1156	42
3757	7
178	70
416	125
1095	10
917	98
1524	6
2487	502
3898	123
1514	47
980	35
417	37
177	20
442	138
3295	50
929	28
153	128
1919	26
257	111
1356	71
1235	119
3090	8
1054	100
726	128
201	34
180	90
5514	50
356	100
385	51
1359	125
214	222
2324	68
4554	167
121	87
1528	85
500	453
395	118
767	36
903	125
310	22
2854	157
1336	6
277	179
817	155
230	93
578	38
408	204
360	10
620	113
75	115
469	52
3181	5
304	57
1886	15
109	57
738	64
596	3
249	30
118	129
224	105
191	152
593	671
61	24
761	72
1031	27
615	23
658	359
538	108
843	277
1355	62
2115	149
473	156
621	167
2046	25
1584	87
94	35
919	77
1145	60
769	145
1988	4
3278	161
1202	25
1193	65
1659	70
2529	75
175	119
657	46
80	19
941	77
516	48
453	28
539	49
2086	23
153	57
481	236
151	161
625	61
1186	155
4612	68
486	34
976	31
1222	28
726	45
437	32
333	27
421	1
564	79
558	306
989	22
437	12
307	72
141	135
340	219
239	6
1715	44
1661	143
878	39
779	6
80	94
315	63
757	11
1910	8
431	184
367	46
1367	16
88	103
896	97
437	3
4886	491
968	292
2306	52
92	16
451	204
120	78
1541	157
218	37
347	175
671	49
482	19
2182	42
943	240
1537	230
447	34
875	217
1095	124
521	43
1125	50
320	211
820	11
390	28
361	102
666	67
642	15
197	41
429	24
947	215
378	96
77	265
122	21
1611	40
580	133
44	25
1310	73
1932	20
3506	24
524	15
221	139
2961	387
301	158
378	5
2141	22
186	46
626	114
2072	54
966	93
284	38
1099	86
116	18
1602	11
790	174
3075	70
607	5
186	33
743	195
1547	102
941	197
1727	129
704	39
177	35
70	173
2906	207
1849	164
2099	17
555	157
370	13
2369	36
1083	23
1340	6
943	27
290	182
110	20
1851	30
1048	147
660	6
2014	60
296	27
860	114
4591	39
862	177
175	300
314	43
493	4
3462	52
4604	58
1241	1
1902	85
1362	31
195	74
1710	235
629	310
1057	409
524	38
725	18
793	279
196	24
169	47
958	100
88	33
1832	40
975	230
922	223
100	323
271	58
1332	148
269	357
645	19
2144	4
164	219
508	50
241	278
2075	88
1875	75
2957	14
1475	92
555	143
1034	141
306	9
982	20
1277	82
1359	11
2048	38
214	193
463	5
545	38
998	74
657	73
192	270
181	457
575	45
286	78
632	215
357	100
1535	32
86	140
458	104
1534	128
530	179
535	150
853	1
621	181
450	6
773	159
277	12
1542	114
171	18
1015	25
1228	3
3508	45
428	210
2640	50
672	29
277	12
288	144
1038	312
467	68
1241	58
581	4
125	6
1457	91
456	517
2349	21
1223	76
1049	81
192	67
411	38
525	73
328	36
654	18
1426	87
4103	47
1922	1
3320	246
801	51
1535	73
992	12
1870	19
209	100
1859	41
3124	6
74	21
456	122
989	42
727	110
2578	6
2452	218
576	429
312	33
4394	6
1167	39
96	194
1784	171
427	32
2197	342
248	162
1477	126
325	242
2401	158
408	245
125	68
1175	3
1041	16
756	47
2886	8
2234	74
64	137
524	72
1053	49
2667	16
172	92
110	1
906	330
1800	25
1244	51
217	32
2978	14
724	82
2469	207
390	199
1063	51
450	52
407	259
171	109
897	9
2021	15
320	110
1296	194
230	27
898	7
151	41
138	27
913	28
2862	169
147	44
2014	1
856	78
448	88
3795	47
94	177
742	281
243	72
562	48
261	23
441	249
3759	503
1419	45
419	31
770	8
393	147
1155	67
1098	168
896	121
2427	11
270	43
471	622
1548	77
1370	78
61	349
683	54
1255	73
80	76
1709	36
2733	2
219	208
3361	314
189	114
743	56
782	26
839	114
2773	140
131	42
1473	102
477	46
877	85
402	134
2249	6
682	20
2067	207
428	88
1770	199
104	50
1807	194
356	57
90	239
388	32
336	88
885	22
858	80
835	54
2460	121
1535	131
1959	244
1143	105
563	141
872	35
861	44
163	27
665	5
1670	99
116	39
7269	164
1098	57
2957	85
238	67
2318	302
199	27
1890	21
213	18
723	79
1922	9
842	108
218	3
1891	2
451	261
120	54
1505	43
667	14
538	129
2366	73
783	57
237	85
524	150
397	68
4706	148
1462	158
227	34
2918	127
1836	1
283	3
669	54
525	46
1880	2
689	10
944	4
2032	14
931	3
2406	138
741	178
1639	88
4059	245
181	36
204	38
1359	41
1958	50
2480	208
838	72
219	250
315	38
883	362
446	33
1574	176
507	58
401	270
403	23
1819	215
378	4
832	118
317	84
718	7
42	12
595	77
122	33
105	111
45	46
2058	35
320	215
2724	34
3189	86
968	108
356	11
530	17
75	11
1457	426
640	59
2925	2
1199	10
303	131
1057	39
1204	218
1254	203
190	7
1061	73
362	11
1439	41
98	32
480	168
1586	43
808	106
572	71
386	110
702	122
3555	137
587	31
1196	77
681	127
3182	188
260	209
1243	129
992	205
3817	130
786	23
610	59
811	2
364	41
682	10
4135	133
73	94
385	71
1222	7
1019	65
356	7
881	57
75	20
1048	8
458	14
626	81
707	83
1005	61
767	220
146	55
2789	167
324	79
303	135
297	54
1141	359
2470	94
315	156
2737	25
831	56
369	223
4671	213
2756	295
2922	19
2171	54
851	359
1472	363
660	131
1130	58
1305	11
1251	107
386	120
2971	20
1261	64
1741	48
490	8
315	11
66	187
2733	21
1584	12
407	183
695	14
1567	160
204	22
1669	89
1094	5
544	43
103	4
281	24
375	185
2899	147
1660	350
963	176
182	51
1042	32
1103	150
353	26
80	40
151	4
499	167
2502	208
821	73
1402	106
749	204
311	31
117	43
2610	47
246	16
572	59
440	75
1528	17
221	4
117	138
153	77
528	23
3412	128
4353	34
346	61
380	62
450	20
1972	301
804	73
617	46
342	756
164	39
245	7
51	65
343	170
696	114
1767	136
1168	31
2371	8
760	251
869	137
105	29
344	252
193	81
1285	648
1172	40
839	32
2157	20
453	12
890	125
2959	448
2377	100
1084	36
2041	11
121	292
186	7
105	93
389	44
309	231
142	345
268	186
1044	86
1278	23
209	5
2328	45
2627	351
236	29
1456	3
127	26
461	53
158	61
1272	295
1043	25
4122	70
909	32
1879	329
361	171
4756	555
648	67
680	404
528	396
130	50
3462	7
494	9
674	17
842	93
455	4
1407	41
952	67
72	78
483	45
378	131
875	424
180	13
484	165
3344	38
975	209
177	67
1420	37
3291	112
910	80
1268	87
308	64
560	269
1350	531
2423	41
1982	177
1164	41
759	42
112	33
466	163
1584	2
4517	230
149	1
1210	39
1238	165
113	14
2735	215
69	42
388	32
921	13
271	16
150	90
100	71
2045	81
2507	1
1851	4
415	4
83	202
820	122
188	6
787	37
2105	25
254	67
2081	31
287	61
1287	1
876	43
1935	174
569	25
2118	55
2325	110
58	52
564	308
1446	17
3690	49
1718	59
2137	604
806	32
143	100
1249	30
230	269
3559	67
381	8
636	64
551	42
64	17
2625	10
394	153
362	305
454	79
236	7
99	16
1243	48
538	54
546	86
2949	118
208	133
377	90
977	127
2009	193
339	146
708	51
973	1
354	37
680	31
533	118
1022	38
1273	97
153	38
711	24
644	99
1835	127
3842	67
366	51
97	59
508	33
266	90
2629	35
567	36
1458	43
2065	36
1915	95
276	66
796	24
992	147
1782	81
70	15
292	15
1678	33
117	35
2970	289
940	268
1379	48
472	13
1685	25
551	159
948	106
442	178
981	92
554	280
506	31
163	406
898	125
1210	36
997	14
2729	7
161	36
183	198
1003	214
671	117
182	109
64	46
812	42
1433	84
1467	31
1118	38
286	124
3055	36
97	27
1841	38
66	90
532	58
1796	150
2213	137
193	123
663	156
223	2
691	26
348	183
232	129
2492	5
418	18
977	25
167	463
718	25
95	73
666	8
6165	8
3670	24
970	135
1455	15
1773	14
544	270
1035	83
804	8
868	80
121	99
1320	44
3941	172
294	25
408	93
370	254
224	60
90	187
2563	194
186	211
411	118
1496	97
622	50
144	172
1502	145
1833	61
2532	216
154	149
302	30
644	115
98	20
2283	100
373	6
1272	109
1000	98
810	74
418	49
143	184
340	147
606	68
123	95
651	374
98	35
755	3
383	136
1584	168
390	192
561	2
96	2
3826	27
4351	334
283	57
451	60
633	20
2199	122
2291	39
888	11
341	120
193	14
2670	77
1231	90
492	174
417	27
714	42
166	72
254	13
982	13
1375	18
201	26
735	2
2487	96
1595	21
1532	180
95	56
2901	17
531	156
161	3
83	29
379	59
331	6
82	797
154	88
469	78
389	288
473	42
1834	56
191	33
527	32
1292	42
1892	45
494	213
169	130
1590	103
1234	52
323	29
1035	187
433	41
2274	16
302	53
817	68
751	21
2216	224
373	29
348	19
1100	11
217	5
361	409
1156	184
930	84
2703	130
161	96
176	321
1524	30
2616	42
1333	64
439	9
1410	65
216	22
546	12
1819	48
427	63
1208	92
595	120
85	170
2760	141
1461	302
205	160
1645	66
1898	69
2916	510
2507	30
99	211
1710	30
533	95
2006	163
629	28
4522	9
811	45
1926	253
587	308
3210	168
350	255
581	178
283	118
1356	63
582	66
436	119
156	276
222	49
627	163
1085	37
748	22
430	232
201	36
950	118
1308	7
1213	69
211	14
2334	128
1092	132
509	151
566	3
482	181
494	24
932	42
520	33
1395	141
795	123
1225	25
2564	4
343	216
2741	12
1847	100
240	77
1351	229
1306	119
1337	75
1602	67
1224	89
510	119
359	69
432	75
1980	134
530	18
224	55
254	240
327	27
1063	102
246	104
1401	16
666	94
1150	29
1666	14
967	171
76	314
816	159
199	7
1854	301
642	532
789	30
323	15
3718	10
980	35
3534	83
3234	11
442	28
2383	12
212	86
70	114
3068	4
446	156
569	74
6736	30
1662	463
253	8
1201	13
122	173
1143	76
139	22
952	31
870	79
997	6
543	48
2121	92
703	23
1215	500
1107	47
501	69
177	21
2772	2
207	73
821	20
1013	117
1624	8
101	12
1343	37
458	150
842	21
638	99
120	163
353	46
1332	69
1596	117
436	128
2501	290
1046	26
1438	319
145	21
710	40
620	14
678	55
380	89
1649	34
272	212
1130	39
513	18
161	25
723	30
3504	92
372	164
1126	15
86	78
1176	61
1522	214
179	6
3630	42
198	86
865	101
124	27
136	460
1020	187
189	182
244	33
898	102
1464	125
49	74
106	10
1069	8
594	342
1598	33
115	35
2339	67
813	74
601	63
1363	96
933	51
330	263
741	72
4424	129
2233	14
489	13
873	148
271	13
1099	146
3526	54
267	11
268	106
5618	25
1575	18
949	7
613	597
424	48
5526	48
1194	90
981	204
128	229
359	201
2708	107
657	23
697	86
147	79
2182	146
1743	191
180	104
332	171
1379	209
970	78
566	274
849	402
1921	100
1294	50
198	80
69	85
1319	24
1654	110
43	35
1253	25
681	260
455	3
170	105
7844	34
78	149
361	50
495	170
202	199
749	62
253	309
2439	142
1424	106
307	48
185	102
1671	86
101	105
865	30
430	18
1305	176
1364	52
875	150
2990	57
1333	61
764	131
330	129
332	50
206	38
446	88
352	227
265	263
1347	39
96	7
105	2
1271	116
152	36
2001	25
729	99
160	7
964	3
162	85
1620	8
164	43
174	198
1466	64
3075	45
3373	198
962	11
96	112
115	20
1399	30
1093	292
1271	56
1537	212
581	20
4315	68
914	7
1081	41
299	7
660	163
58	20
285	119
201	79
1183	57
354	98
1364	9
988	88
4470	99
979	36
693	184
2374	102
939	125
616	46
295	188
1201	101
233	164
141	33
3801	51
378	123
735	119
2314	56
128	166
2287	10
443	2
494	9
629	1
232	88
144	121
3426	105
1210	95
312	31
557	57
72	151
123	1
2385	96
309	292
419	63
351	218
1262	29
276	42
189	215
347	32
2864	37
1437	104
247	78
68	108
109	12
722	102
4745	70
530	126
932	232
1620	7
87	47
1589	20
1338	219
1404	217
1256	40
3289	32
324	45
421	122
1085	3
1141	324
316	414
1654	146
2554	64
524	1
557	72
612	22
900	316
438	266
1543	5
978	47
682	261
355	164
1603	4
1570	58
169	152
1462	23
552	29
3081	109
1887	93
255	15
465	92
2989	24
374	71
781	113
789	94
639	239
2175	229
466	7
774	73
632	8
1311	27
171	10
2726	59
456	11
672	137
1980	21
488	11
439	359
1362	47
837	7
2697	8
1153	47
50	224
1243	536
4187	276
1406	112
1067	75
834	190
728	29
2867	28
489	61
2310	57
949	68
780	9
785	24
3653	53
2604	167
2440	21
1091	51
1552	64
1086	5
1549	173
131	25
2591	247
930	118
1835	24
588	70
57	814
561	74
2882	100
3386	4
2081	12
429	31
717	17
1513	29
1760	124
780	25
1175	140
559	58
429	94
1358	60
417	51
3832	194
2250	89
541	4
275	11
2189	53
688	32
1702	14
729	100
406	54
2348	45
1801	20
176	70
2853	155
872	24
443	126
240	166
517	84
3707	444
1648	38
864	13
781	132
426	234
136	36
1516	54
1173	60
477	208
531	110
201	52
399	17
1099	215
657	3
789	25
175	40
544	78
2584	42
211	12
1447	26
342	165
378	472
1320	60
881	308
334	57
3066	14
796	136
114	43
956	12
114	20
7055	118
351	38
368	119
631	128
303	328
892	7
582	144
67	12
125	94
1115	22
181	10
775	141
1015	117
2603	146
410	41
1243	36
110	109
452	68
268	198
2542	6
2612	137
186	212
708	170
603	43
193	6
270	8
1446	30
1263	134
209	15
463	78
2472	40
2324	23
258	72
738	31
1288	84
1266	93
1112	30
724	14
325	1
244	5
534	109
3010	50
378	41
533	5
243	29
2416	14
1721	31
1377	57
262	63
3183	11
717	13
1884	74
1842	28
759	69
357	101
277	3
4420	89
712	363
2772	60
615	93
709	57
272	142
382	12
611	136
870	69
4902	3
522	93
145	14
547	66
2212	238
152	11
186	65
93	201
489	21
1410	38
1602	43
1125	124
3155	31
527	206
178	57
2200	75
221	45
363	28
243	117
574	144
770	216
657	289
48	47
136	246
1016	99
251	23
1342	39
2526	131
321	167
2338	113
309	109
1119	323
562	152
408	83
2774	18
3021	78
2078	39
1417	429
148	90
3788	25
1012	303
744	15
446	231
249	70
668	154
359	324
184	118
675	91
179	62
537	175
855	89
719	143
296	121
1916	17
519	64
2580	167
424	60
460	32
2474	128
149	142
142	117
660	44
879	36
1247	94
1877	120
1816	99
406	233
472	205
1063	163
2754	27
1841	305
205	52
2097	138
825	170
676	36
61	63
1048	254
489	6
1310	28
2463	23
1876	110
1320	47
2620	5
469	155
1153	51
1699	34
673	73
222	95
426	114
1110	64
183	138
309	59
410	263
600	64
1143	62
130	508
1620	152
4213	64
2074	34
590	40
1383	107
256	81
2754	51
679	89
1851	152
655	40
1773	10
955	34
34	81
459	7
1456	93
1773	96
2168	25
744	22
1088	92
3676	41
542	178
246	85
1373	118
1317	73
1840	53
567	92
702	89
3386	309
2275	40
79	138
233	134
648	19
2203	8
340	62
403	52
1997	104
199	7
739	41
1020	48
1514	35
1517	257
1122	642
373	258
291	29
1310	279
1512	110
575	20
1396	262
245	163
3174	132
480	198
2754	376
62	1
93	20
113	247
438	294
321	14
1193	290
224	134
1014	142
1652	106
1008	77
81	41
1193	88
856	95
1581	10
875	92
1277	35
192	11
122	66
924	107
669	164
5514	413
636	135
993	16
302	222
1546	284
1863	40
1207	129
150	199
4750	298
3500	9
867	116
2784	111
147	42
353	179
2944	38
1150	36
216	11
1023	40
254	239
994	53
676	236
741	94
1460	93
275	15
38	388
891	8
2158	26
1099	52
1456	160
612	34
1507	436
1452	27
138	80
1093	308
353	167
387	15
104	186
329	100
5250	178
761	35
698	287
95	140
149	78
863	264
2101	11
614	24
1907	78
296	3
1398	2
1728	234
1129	113
289	7
1850	84
445	28
1132	22
3083	41
2075	27
849	57
300	11
1992	140
162	11
426	11
145	53
148	126
169	3
167	114
405	154
316	46
1164	71
252	14
202	57
211	45
1831	60
1364	127
2152	94
500	36
1002	18
843	642
499	5
1498	5
174	19
1293	35
339	24
749	19
699	28
1102	37
3048	238
65	323
158	26
1032	197
1463	194
566	21
231	110
438	20
2616	12
150	51
3523	168
621	146
3170	85
792	74
380	102
1481	23
440	82
898	273
956	128
628	52
646	156
3645	65
580	109
53	64
1557	10
498	36
1035	6
1736	22
3460	124
508	93
3523	147
152	19
6010	109
1129	107
2903	4
67	30
629	68
446	104
385	73
2536	89
138	405
149	11
617	76
591	88
548	107
234	195
1137	1
2427	88
620	96
132	5
443	6
172	69
245	78
101	122
603	7
596	418
3801	190
116	36
614	161
2195	702
1287	49
318	40
30	172
1720	60
1259	294
3542	12
120	137
866	52
3797	107
182	45
306	12
918	21
150	2
381	331
46	66
1037	29
1291	156
777	397
168	118
904	69
1175	39
1629	146
3265	43
1310	89
614	15
235	5
322	11
3170	23
995	187
108	18
53	46
7422	60
825	253
236	20
497	26
880	175
395	298
125	203
2177	223
441	383
406	209
467	186
1768	183
33	114
119	338
97	123
1121	152
2554	156
463	27
399	76
594	20
215	71
1893	172
3431	43
1482	79
1544	142
1067	168
1564	38
1397	12
644	202
503	418
3586	24
1005	91
2693	79
2058	33
233	120
127	113
1592	176
271	27
3179	5
683	71
305	259
3366	8
235	28
1626	205
475	93
1155	14
2237	46
88	225
2510	13
570	98
252	170
119	233
1038	35
113	35
2502	66
953	4
106	126
1456	14
647	117
290	3
239	603
79	304
2020	3
296	28
72	6
372	130
1969	24
1008	4
345	60
94	89
33	114
785	85
1139	81
653	166
1083	10
1146	49
1587	111
617	232
1026	75
190	470
729	28
80	91
1522	110
573	261
2341	34
730	67
357	21
244	6
790	127
155	77
387	78
1756	226
3289	40
610	17
488	73
2990	77
1434	109
1330	131
1186	90
2117	72
713	195
1687	48
98	4
704	24
2093	2
3223	63
296	72
1810	127
724	11
2699	201
570	132
2198	3
205	94
678	40
424	13
409	117
237	92
2159	344
262	110
1938	65
3468	12
653	65
387	11
230	30
799	3
1121	131
632	281
571	142
1025	5
556	7
101	26
3062	207
8656	88
1219	73
1242	53
1022	19
314	8
414	33
516	147
570	12
710	347
382	66
1839	77
820	9
188	126
730	231
2048	47
1729	9
1753	18
1842	1
112	3
961	46
1441	4
385	3
1406	250
1533	189
1143	59
2419	2
2593	22
2025	78
632	23
689	131
685	2
111	141
545	13
1691	11
249	79
387	277
128	33
204	152
628	3
822	166
302	84
716	43
903	139
112	156
1063	7
1177	265
1191	137
1786	84
61	28
848	183
786	88
314	108
434	23
262	171
1522	19
481	36
530	91
227	175
441	158
60	104
414	221
500	14
206	83
1606	54
654	7
3566	50
162	114
165	167
178	56
1029	409
3211	244
964	63
881	24
1177	73
110	55
1764	28
1174	66
103	140
139	344
2087	207
1628	65
1755	79
1878	100
436	241
120	16
88	183
504	17
786	46
223	54
369	48
622	132
777	126
1666	63
1243	20
1258	101
630	100
478	7
169	152
78	48
3701	65
2004	140
2441	368
622	55
226	6
544	13
841	18
2016	143
566	8
824	107
271	49
232	36
1583	14
1258	631
1916	17
4396	32
1919	75
392	16
579	104
807	8
275	28
2878	11
1278	129
437	10
648	140
783	20
171	19
196	178
2543	305
78	34
1830	68
4204	10
320	130
269	35
1725	140
1561	52
1199	21
303	152
227	4
423	155
187	280
497	235
2525	3
707	75
1889	26
9735	91
992	108
70	60
790	175
1433	5
190	151
2418	223
1452	141
3150	19
1609	64
79	127
737	222
60	79
1048	8
548	115
284	108
1493	41
429	58
247	99
462	503
1094	66
766	1
132	139
110	25
308	67
299	76
1292	51
302	163
368	154
339	49
1470	170
1591	160
277	10
949	13
1301	202
629	74
253	42
750	45
700	27
370	53
619	126
1463	1
102	63
649	133
1821	73
613	156
91	158
637	133
1284	158
685	99
2412	69
2316	186
2655	139
172	20
449	64
3350	85
1962	110
1194	43
391	255
148	60
158	5
1444	195
1903	195
773	74
958	98
721	121
1822	18
856	28
3660	46
675	145
379	13
374	91
1107	7
738	56
574	12
1509	171
1128	48
529	26
2620	18
1369	11
1070	36
264	10
511	82
756	421
2516	33
283	52
222	57
1236	132
625	6
425	6
520	120
2587	137
1074	45
1433	34
2057	101
943	277
494	73
1919	79
2368	47
107	34
1119	30
606	365
983	235
149	88
606	23
1153	205
292	19
1808	216
45	41
649	450
212	60
159	132
954	217
484	293
2234	43
320	61
1027	12
508	1
58	135
243	2
1371	25
935	22
1511	78
850	15
1917	4
684	71
1984	50
44	28
763	24
1378	60
159	22
495	27
2018	8
430	438
495	100
1174	169
316	2
1460	1
939	74
2024	19
1177	5
1100	88
1536	86
673	6
1102	9
735	57
1682	60
7905	106
1979	144
2370	54
433	81
9717	50
510	95
2113	49
714	16
1599	54
645	33
85	26
1245	37
648	27
686	145
2580	162
774	93
895	3
1317	122
41	179
148	195
455	328
720	111
124	84
557	303
506	145
550	98
257	73
1074	47
1126	24
1320	35
87	1
109	14
1882	32
1104	10
2602	28
1044	227
109	108
118	59
556	84
160	196
95	27
1961	46
343	115
2721	3
53	165
1306	36
306	58
615	407
1674	56
106	213
4357	75
123	413
2103	188
1934	95
2905	11
503	37
546	190
1468	220
2230	19
957	111
542	24
542	81
337	100
1529	9
1256	47
301	20
1174	80
198	101
179	84
440	39
3252	82
902	146
558	195
1681	55
3276	131
581	60
347	52
110	40
80	116
295	140
799	563
349	168
1088	115
567	355
1534	213
2453	44
480	66
225	25
622	167
704	162
828	40
1103	53
444	221
1042	69
1095	153
1627	21
1330	124
3231	5
933	54
945	19
1469	92
526	38
1361	51
256	593
2402	49
710	128
245	639
143	51
112	72
136	254
960	33
2027	129
872	132
1487	5
784	187
2570	15
2390	103
900	20
1163	135
955	11
1505	28
1088	4
2087	221
339	294
1102	62
662	184
2793	28
415	32
2134	56
300	43
534	132
1467	16
1213	216
204	15
827	126
1002	15
203	56
381	89
117	262
1133	232
308	63
977	66
747	9
2754	47
4611	86
2087	79
5902	38
1617	140
889	23
1418	72
326	336
4417	184
336	9
808	274
639	232
235	471
2339	47
652	20
573	15
281	243
475	41
244	14
556	115
1083	91
1306	263
336	590
703	6
597	117
448	8
2461	102
304	125
105	40
884	99
306	304
1155	233
1791	74
1815	8
440	65
578	33
3045	11
1299	9
1751	123
479	71
522	154
201	24
1510	182
116	384
534	69
1387	36
100	24
1518	133
184	19
394	25
693	106
198	67
2818	87
745	142
379	42
75	135
2286	473
1576	24
212	9
177	42
899	21
1775	7
336	13
330	142
380	78
504	1
314	60
2848	249
1347	101
3276	57
3047	27
900	130
2023	255
1490	191
372	227
2041	69
3045	39
9364	25
431	21
4400	59
207	82
365	7
1036	188
1163	118
267	81
445	27
204	161
119	17
271	14
3880	277
826	80
2105	134
442	90
196	120
1713	233
4265	59
111	47
283	217
852	10
291	34
575	47
1793	33
2097	37
2010	27
293	2
130	39
1710	73
885	14
848	57
1087	20
2624	98
601	151
2408	57
1121	52
1001	15
1465	318
641	8
219	93
524	14
1319	168
272	7
2227	36
3533	71
450	51
457	40
181	208
499	78
501	112
702	37
1141	21
587	305
836	107
727	69
676	125
595	11
1399	53
1041	39
361	52
2720	142
168	29
970	35
4085	10
1200	50
182	27
1470	83
213	9
1940	6
588	304
2043	188
92	100
1375	22
2191	37
243	14
1091	99
124	81
158	49
687	19
1678	55
316	161
2592	199
1394	11
2007	42
494	21
95	57
574	176
1719	201
1651	31
1093	5
175	44
205	2
2168	49
89	49
959	271
2918	235
4625	57
255	11
59	13
260	8
1719	172
786	294
255	91
561	252
1055	46
130	83
1887	67
781	23
436	49
1104	35
152	218
4107	38
776	96
2850	28
787	221
559	187
2231	46
2032	45
661	60
1013	126
2561	21
701	39
138	346
4537	4
419	6
2124	201
618	1
938	2
1345	9
217	178
570	41
491	22
1965	4
184	173
1209	141
2189	34
914	55
843	233
1140	9
2908	20
1166	30
2202	248
1716	21
189	368
3026	217
1561	150
4169	2
3827	354
1441	143
394	317
1432	192
901	13
2621	10
162	38
566	2
1271	78
351	65
1231	113
1559	222
377	127
419	13
752	49
1143	113
216	41
339	77
2516	4
461	156
1631	68
1099	36
2177	45
1310	324
197	97
283	22
1025	241
1405	71
1119	27
645	103
191	71
919	82
3173	258
479	177
813	60
74	7
901	85
1963	73
1226	26
1171	62
272	53
417	45
987	158
634	131
1175	35
480	50
236	60
670	391
379	29
192	3
118	4
85	21
2159	186
2572	99
751	22
2330	8
1263	176
3132	378
926	182
144	45
470	77
774	360
90	168
780	260
2021	42
735	81
797	317
1193	36
175	4
348	58
148	22
1238	123
1127	24
491	71
2187	164
184	80
1289	403
720	29
254	12
3113	40
546	169
481	50
350	148
2136	258
1602	1
1172	148
1406	96
668	364
660	482
294	129
792	117
298	12
703	21
1302	35
1144	126
1662	83
1152	298
646	116
121	443
1336	242
504	52
202	218
753	28
700	5
108	164
143	123
1327	46
154	98
729	249
3380	150
381	13
3563	155
872	103
149	22
1598	68
1391	9
4484	41
1127	514
990	316
201	48
2003	141
492	9
77	120
263	227
484	236
469	24
563	44
1996	155
1824	20
143	243
615	70
171	81
1314	62
965	65
3511	168
3938	538
550	36
226	21
86	25
226	15
100	475
906	155
836	41
294	20
1510	23
635	45
824	42
664	8
731	157
910	102
897	19
1663	62
456	190
948	109
1793	123
1416	61
336	59
1332	14
542	103
798	65
312	115
1082	188
1966	13
682	22
4260	115
315	2
1138	16
530	5
980	6
4337	23
1076	8
1824	154
674	104
426	83
1141	41
557	35
147	284
1416	201
1836	489
422	71
454	150
216	28
607	492
290	92
2001	65
4645	174
3499	56
1923	142
1355	30
2978	16
636	78
255	231
1051	79
1148	43
378	75
1777	30
1641	5
141	135
156	5
917	57
1173	130
612	66
341	21
1670	357
2386	73
1323	5
2137	5
1069	5
768	121
222	75
962	144
1196	21
1288	120
521	145
689	27
530	247
2644	15
500	3
1832	53
113	192
282	57
599	152
1879	70
1535	51
435	59
426	23
1170	3
1211	53
801	15
513	30
492	4
263	30
85	12
319	132
122	13
668	93
158	74
1184	124
2529	314
147	93
91	68
387	139
2401	36
327	196
204	296
249	44
391	137
2510	53
237	176
1617	244
520	99
1699	57
1515	47
1133	51
645	34
743	37
1985	155
710	349
1508	3
1393	230
2545	40
1257	124
541	37
894	185
190	21
1246	1
721	114
1260	13
923	43
664	97
1042	92
498	252
1174	176
1124	2
391	145
873	53
205	80
1394	207
1228	13
1828	349
493	143
283	2
1501	11
1376	64
645	180
1688	89
1238	319
1215	225
1158	311
1438	132
3013	46
1235	81
208	58
770	158
526	30
2513	232
3186	44
124	20
426	60
95	22
3593	243
113	219
127	28
43	453
2288	98
682	111
87	6
1702	8
3508	210
758	4
827	342
1281	56
118	67
2253	275
1649	60
1573	22
194	170
471	30
1602	135
288	153
581	41
164	3
813	7
1457	231
2508	39
1483	151
1554	4
1924	22
2246	213
923	19
543	117
879	20
127	65
1380	648
2055	312
1762	391
1478	218
395	245
420	31
1110	447
3680	558
1564	99
857	125
500	117
2620	56
1638	55
325	52
1277	229
350	176
1066	158
559	15
1360	360
462	52
228	25
1316	31
47	88
95	385
39	235
1849	192
235	70
1888	144
1761	256
928	63
236	53
2465	39
1877	34
74	65
349	124
692	19
2608	1
1366	49
1200	7
1883	8
812	144
2747	3
1704	27
45	61
924	395
692	62
593	89
354	19
359	5
88	79
432	115
645	17
745	65
401	194
78	22
459	12
4034	94
2157	18
181	2
344	164
544	106
688	244
120	60
456	32
301	195
2476	49
243	53
2233	107
615	35
467	20
3101	240
3374	146
3398	52
3446	16
1146	12
757	19
2105	50
804	186
1812	127
595	87
1093	132
2832	70
1395	1
3247	49
605	272
1316	11
272	28
305	21
1179	34
606	124
508	69
181	236
1260	53
1011	104
1071	88
2706	121
3179	142
1917	12
420	25
352	5
2072	150
1513	45
498	39
383	72
108	59
1442	12
1186	10
394	52
4403	59
519	89
355	48
502	7
685	78
263	53
3124	294
998	65
751	201
595	112
76	3
1090	145
659	4
887	377
391	73
241	42
145	79
386	100
1623	170
829	97
3465	46
386	38
724	31
202	51
635	12
583	295
672	108
792	53
523	154
2099	23
1196	73
1228	148
227	25
754	39
820	290
941	46
2290	86
1045	193
316	192
2288	178
331	222
424	73
1383	26
106	37
157	23
896	118
3669	35
1482	24
1293	30
146	31
586	82
459	118
313	315
211	61
327	178
310	14
1028	22
2704	36
272	65
736	313
144	168
1174	12
688	24
976	42
1711	22
1243	26
750	332
4055	79
571	67
661	37
1984	32
4801	81
460	49
1036	24
1298	244
381	162
606	96
792	117
3074	42
822	136
2939	37
736	18
756	156
538	8
882	38
277	88
176	323
407	46
1572	27
568	72
321	34
1902	20
282	10
843	2
401	59
401	26
587	13
1465	30
215	46
799	165
312	66
1793	160
688	76
83	175
1359	37
1175	179
2149	89
599	97
183	173
563	71
1775	740
353	148
1525	6
836	167
419	126
1463	74
407	84
259	61
152	25
425	112
481	100
1310	15
1412	411
3629	86
236	45
653	49
1050	89
744	138
150	170
99	214
1045	25
1448	44
1031	154
1957	105
289	65
2907	146
708	23
1046	20
952	251
935	5
824	26
1501	36
195	139
68	115
264	1
1865	39
325	137
837	50
939	38
323	28
965	25
43	17
106	83
539	124
908	44
407	140
650	18
214	310
175	65
1714	22
1310	6
2204	16
1166	37
678	89
942	9
441	180
47	56
90	143
1417	11
232	1
595	138
314	22
641	19
2007	3
388	44
911	38
1105	201
1632	73
1918	67
215	18
940	65
365	90
2283	233
418	141
2376	25
388	36
700	121
1096	454
1095	120
580	1
2036	86
732	167
719	83
378	47
93	63
495	149
1990	33
612	43
3437	3
853	219
2574	6
2626	62
715	39
1850	495
380	283
462	10
256	391
1857	66
578	22
212	129
2815	71
1640	205
1097	59
907	134
784	31
418	11
318	72
872	117
2831	32
1577	225
117	143
1537	66
976	265
483	125
334	150
1399	66
1661	24
642	421
208	118
222	67
710	4
242	234
2756	134
1177	1
771	29
1166	62
2746	23
1340	30
2666	121
1049	144
1635	3
1880	52
3714	172
646	31
152	7
886	4
2248	75
198	109
287	194
584	100
2403	192
307	9
323	381
729	376
1498	254
1707	117
676	73
907	21
56	107
703	284
1341	43
904	55
271	19
641	155
882	89
724	18
245	5
4823	72
288	13
978	60
733	26
2312	145
3650	37
903	19
342	164
421	14
498	3
161	77
1962	531
1128	134
615	28
1871	46
410	142
2362	41
445	172
361	168
2157	177
1459	120
2947	485
1151	45
330	4
574	11
164	332
1006	53
485	39
1135	174
2403	99
3411	47
3103	310
957	133
763	99
1013	90
225	15
1062	17
352	46
1888	12
1461	74
176	54
301	4
956	84
312	167
237	195
471	92
1000	124
206	96
1580	51
615	292
101	39
1129	73
573	46
1415	92
413	18
533	344
172	30
568	15
1077	76
1503	224
514	120
1489	12
432	15
1895	124
437	19
1210	10
104	170
624	89
73	48
970	97
926	510
1443	7
655	171
468	96
1835	75
724	12
1526	7
119	32
1785	43
2331	55
1013	96
1040	15
324	59
393	269
367	136
447	247
333	108
1348	342
174	187
172	321
2221	111
863	34
2249	43
594	93
270	5
568	71
208	170
1113	217
822	7
485	58
168	11
125	13
1364	68
2253	190
910	56
288	10
252	20
527	48
2402	120
111	241
247	85
213	130
899	58
279	184
677	40
1952	287
923	10
946	83
175	3
838	229
1067	66
98	2
361	159
822	100
713	13
1386	10
1686	16
1800	170
97	143
1764	38
1334	1
2320	129
467	101
83	40
2074	92
1593	26
779	59
152	195
879	98
739	118
613	24
1337	57
1977	84
559	36
1115	18
1249	140
282	72
592	11
453	320
261	3
1674	219
632	14
277	131
2384	30
311	93
678	1
1716	82
3930	8
374	33
651	66
176	183
399	27
3249	157
731	210
3561	140
357	18
727	5
2860	5
118	12
146	187
5329	129
391	51
1228	315
277	100
1311	127
564	369
1816	197
862	110
3215	173
786	160
477	8
392	16
2914	44
1446	142
1151	90
1973	97
1256	21
736	48
307	11
1350	187
527	219
1373	368
3937	245
214	386
202	205
559	19
405	156
1713	232
224	254
340	19
429	75
2289	2
751	232
1880	46
569	21
86	44
311	364
4480	37
116	116
1610	137
856	23
1528	116
471	5
130	155
771	158
396	201
1521	102
924	35
2241	925
664	4
262	135
1815	258
323	181
301	216
802	9
185	152
1110	107
358	36
2454	90
574	17
113	159
831	194
643	131
453	242
342	160
3195	16
1536	104
359	74
2671	160
1786	30
853	179
152	89
1084	289
793	8
1214	31
438	262
717	84
1309	124
3272	131
559	247
1069	334
633	242
848	209
713	28
370	188
1498	94
428	447
531	6
1721	195
71	12
908	102
943	27
888	129
298	31
319	25
989	68
1104	99
349	328
237	60
896	26
290	117
1439	158
710	184
187	47
325	56
560	171
462	22
3014	22
640	152
514	30
1233	63
528	11
311	259
342	191
3170	138
932	81
1238	17
1965	37
1277	13
223	107
265	7
649	199
213	36
968	136
663	362
465	68
734	120
1110	428
403	19
809	21
529	175
490	39
787	79
1840	63
129	231
108	214
1208	383
1197	306
514	47
174	35
961	128
869	123
1338	28
1455	34
1584	47
374	31
1754	13
4671	91
1248	30
1322	173
1370	23
180	14
372	63
690	18
227	20
1295	27
570	1
227	27
826	155
137	5
1258	144
418	144
1174	97
821	4
958	50
312	329
1120	69
2220	103
1188	79
552	44
671	51
1182	96
636	189
1261	55
1149	3
287	274
75	57
831	44
72	16
1261	13
371	68
527	205
830	5
39	8
283	75
4004	109
199	570
342	39
813	73
539	277
1291	430
3876	39
3402	30
1787	83
1135	71
3286	172
2423	33
3478	13
774	6
567	27
271	49
240	268
1142	9
2227	151
481	452
595	104
526	43
1631	13
701	115
146	237
158	43
843	90
82	93
573	224
351	58
178	52
473	60
1617	94
259	215
2043	244
1210	11
1630	10
216	31
1265	62
399	33
1236	20
5009	146
161	382
3379	55
493	60
350	70
197	210
625	8
1721	50
277	240
390	84
1377	57
1406	35
298	49
3654	5
1272	13
159	28
2471	661
92	159
557	219
1080	36
820	36
950	106
2216	50
422	8
933	150
1567	25
577	152
302	85
1733	6
128	114
65	24
1133	27
259	10
125	5
714	61
167	33
85	47
585	121
309	48
3033	61
1725	86
331	64
1975	20
1135	70
483	41
3057	37
476	238
913	62
2186	113
41	20
3522	21
376	70
6363	92
258	135
948	111
2372	15
2084	74
2239	101
1944	159
1347	48
184	97
266	43
1720	53
739	59
3339	13
2349	28
1012	23
767	15
751	49
653	87
76	202
705	143
440	2
851	66
253	15
626	190
1994	157
3350	415
650	81
631	202
378	1
1096	247
70	154
1125	10
881	77
2450	55
1006	48
1642	69
908	86
111	148
547	29
371	126
125	43
3598	138
91	48
676	15
782	48
1568	121
285	35
488	276
112	43
2956	79
3789	43
289	283
117	12
1783	55
3078	72
2018	184
3035	29
891	267
851	61
1016	70
30	148
337	79
776	68
1441	13
559	48
980	317
1515	157
1224	71
4172	114
348	111
1200	271
414	27
360	2
182	18
2223	13
1213	49
228	106
1116	134
357	198
112	126
109	61
1292	9
1173	16
536	118
1505	33
815	3
151	302
891	7
2807	162
568	86
1242	29
410	30
1283	105
1670	58
484	66
175	8
369	148
588	137
757	213
316	1
1640	24
484	60
2937	54
1747	141
45	258
426	21
2113	124
3944	97
2051	110
367	69
2746	41
673	171
213	373
146	38
458	14
2291	59
759	60
1721	7
1779	20
629	32
522	20
206	21
913	54
2333	6
520	61
663	62
276	408
414	99
268	28
1811	161
5003	42
503	23
836	294
231	22
1362	54
247	17
2133	14
459	55
302	62
2446	127
509	84
763	109
328	10
793	164
1814	226
934	58
759	33
101	194
412	432
370	2
555	26
1585	18
3664	38
469	73
549	177
84	99
2704	2
892	77
203	51
81	230
3084	117
1204	167
624	219
5251	9
1515	184
146	82
512	63
294	28
462	8
866	40
1038	59
1074	28
511	131
488	86
428	10
1192	62
300	115
1546	24
451	313
506	185
465	74
992	9
757	102
935	249
956	164
390	58
909	38
839	108
1891	146
938	6
293	188
1076	382
427	16
367	42
1874	85
569	46
3528	128
1247	365
770	30
633	485
997	62
1104	46
1555	98
91	43
946	192
181	32
563	190
1917	196
745	18
164	57
110	12
1891	50
120	232
2737	13
146	27
452	122
1611	34
1533	114
4944	193
368	136
2835	196
976	104
162	81
3031	96
2394	342
2718	5
1950	52
1300	18
506	169
278	191
3180	72
2559	224
1459	1
346	98
266	240
1148	59
1236	117
996	47
3016	26
247	32
231	130
1792	115
885	319
609	78
2696	313
411	253
1181	33
1050	116
3811	9
1058	27
232	120
146	69
333	45
140	98
567	84
1966	100
2664	45
66	4
2049	10
2665	59
2865	34
499	28
1272	45
1801	133
1968	65
385	68
1749	50
540	38
227	11
131	32
1576	103
4875	21
1543	84
892	3
2627	130
1572	81
207	249
5198	306
1082	29
2406	213
376	220
201	83
337	405
267	28
1342	12
1651	287
5731	43
1658	62
3605	38
153	206
1747	21
355	104
3047	15
736	64
1223	180
404	115
546	122
546	49
185	17
3601	87
611	13
775	50
4430	190
838	187
3630	62
405	63
932	143
4915	92
2387	53
654	31
2223	57
107	125
551	3
1341	156
658	128
2016	13
859	73
399	245
1150	3
705	22
456	75
455	2
2138	98
2490	196
449	393
1292	31
93	26
503	64
328	47
598	19
2085	12
538	91
218	15
1892	121
2542	421
104	157
480	84
940	1
3053	50
2647	2
735	71
84	50
627	224
1340	2
1526	102
324	67
2275	202
1240	20
388	59
960	78
240	71
870	8
3888	42
101	61
989	107
1117	74
273	45
231	50
1651	5
1012	135
305	84
1027	137
607	140
236	20
678	239
615	217
1104	136
107	64
707	35
102	5
627	256
806	25
3559	22
1750	154
713	115
525	38
1378	13
284	16
666	82
288	351
754	104
1166	71
960	41
316	147
1005	312
729	182
910	394
2754	92
3691	156
322	61
171	47
787	7
134	184
282	216
1011	16
646	72
548	77
1701	184
3288	154
2637	20
539	54
1241	81
3181	30
2886	97
334	77
3635	4
1357	9
1573	64
117	48
474	88
975	329
167	62
92	29
250	77
75	71
4318	165
587	25
2894	23
2712	6
1392	13
648	4
592	50
1058	23
84	124
278	8
733	389
209	12
1961	189
734	2
3800	67
3046	4
1397	70
563	274
2309	68
2339	39
1083	121
180	152
199	11
1589	74
1573	92
208	177
2241	44
3349	83
124	82
684	147
4469	18
533	213
575	12
974	15
1344	204
1425	385
876	12
327	178
1024	6
129	195
587	10
461	73
302	156
777	11
189	24
1620	45
2158	117
2493	18
292	43
2379	196
3239	73
250	6
1702	28
868	69
97	46
564	119
1196	134
1726	195
890	83
211	8
1662	279
762	7
706	89
818	11
744	34
1970	19
3778	17
551	72
519	223
1623	11
2830	116
216	139
590	210
157	9
713	37
558	273
854	137
1669	58
1035	45
149	7
893	105
1026	322
1004	202
1683	358
320	33
1615	120
4599	46
526	305
150	124
51	274
744	211
2563	145
1586	116
1264	81
147	52
993	14
715	228
2646	38
853	34
484	9
4267	19
271	94
1641	11
319	20
3066	46
4674	31
210	479
236	21
1500	299
298	5
1202	81
599	30
285	112
469	101
492	59
3420	9
386	9
3483	103
90	42
695	187
200	60
1528	25
2799	3
870	26
754	22
298	10
374	7
3281	4
566	65
126	44
2554	8
114	182
261	232
799	42
1624	55
1473	20
2493	467
2084	112
2146	514
1679	78
620	206
1425	37
2963	125
2671	85
307	4
805	241
400	40
2177	161
670	300
2159	16
227	140
1142	34
3193	88
1047	47
3735	61
604	68
217	224
1196	178
375	43
811	228
479	225
236	19
677	79
1174	57
760	35
905	12
538	169
178	5
101	109
1345	45
169	154
333	138
2154	32
1360	15
1459	158
1302	31
61	142
597	137
958	93
252	70
938	8
1277	118
959	99
629	136
436	6
980	95
2886	189
243	120
212	72
165	209
3781	30
5044	94
4383	157
936	181
1249	29
391	24
1001	68
174	174
396	50
754	129
1391	138
607	22
198	166
907	215
1102	43
2448	59
224	70
111	214
2765	44
838	22
712	120
2847	2
536	344
925	66
243	5
1368	53
398	23
2841	23
148	264
205	57
365	73
91	207
2169	117
241	50
1271	19
214	225
440	190
2892	106
3061	2
298	28
863	13
1806	116
603	31
1126	39
1129	204
203	200
3083	39
200	2
639	55
2297	108
364	43
60	338
452	111
321	1
799	65
488	19
839	115
516	31
1920	56
634	26
682	31
229	81
541	30
2245	45
534	12
373	258
223	67
150	11
557	436
1225	89
659	615
1225	88
1162	34
504	109
576	26
773	96
417	40
212	200
2252	44
178	32
2434	130
365	33
416	90
341	11
758	54
512	9
277	97
1353	20
600	86
1217	138
247	212
3742	68
154	167
369	55
1269	1
70	37
560	137
312	27
1088	223
2212	36
1488	29
729	27
525	22
897	28
573	400
398	25
482	560
686	39
2939	2
74	72
394	234
366	114
441	116
464	166
2515	108
803	6
879	2
493	68
268	89
1717	74
2505	365
803	27
39	165
74	33
71	34
400	225
7279	125
1226	7
669	7
852	28
1837	27
56	120
1533	208
645	36
258	82
546	149
2233	74
428	38
1346	19
675	86
550	67
923	26
354	512
2034	4
1142	90
1764	95
528	55
504	197
500	22
1484	60
86	230
783	38
1757	31
1151	72
1190	136
458	15
66	128
3537	41
2804	1
1232	16
272	65
782	125
104	8
662	162
1809	45
606	90
68	52
174	146
725	50
1029	31
380	22
3620	3
182	114
93	74
1332	7
3737	8
556	59
1053	98
560	73
129	79
910	88
98	80
875	54
2221	181
254	34
147	47
2236	69
1619	47
303	106
1293	114
1448	253
994	50
1019	14
3261	102
226	9
399	38
929	10
463	191
2746	270
1120	80
448	46
601	69
1959	40
1085	316
420	104
2724	211
2194	259
1457	76
680	105
1168	89
5181	23
289	29
2743	231
493	38
3462	2
230	36
361	358
574	18
501	178
589	108
124	458
173	40
85	84
1051	18
1192	25
576	46
430	77
3090	11
340	76
305	118
1328	145
52	1
1091	23
114	39
1103	373
604	133
117	99
407	26
629	41
732	53
394	114
321	64
524	29
937	4
583	25
299	23
1471	5
736	100
4333	138
1836	40
1287	39
503	37
1833	72
15282	120
576	64
268	29
264	103
391	81
1282	26
281	129
1005	20
69	37
1615	49
179	112
551	138
906	33
215	166
452	88
1751	27
2760	6
2823	38
829	102
876	66
247	260
2891	102
597	15
865	43
2404	42
688	114
418	7
3840	146
7	67
991	46
191	216
231	18
2642	10
2020	331
425	105
781	198
317	417
2187	401
2369	98
104	32
82	16
306	41
781	100
733	12
3918	37
23	18
1803	124
184	224
312	48
1256	301
529	63
501	25
2757	75
426	27
975	169
2812	4
284	239
1614	69
557	28
350	44
232	9
593	48
1077	16
419	21
452	127
337	247
569	19
2750	15
2871	29
109	241
744	146
187	50
338	31
535	175
897	133
1598	85
595	180
1683	139
1824	40
4355	2
2284	19
1029	58
450	98
1678	134
204	89
6017	121
850	23
744	46
355	52
207	31
940	9
3762	98
1603	5
157	156
120	115
2739	36
421	71
2123	147
217	89
372	7
889	135
919	91
1525	42
1368	148
2495	29
140	73
158	10
517	4
1493	102
1422	60
1162	34
1057	112
1367	212
779	6
95	42
1173	1
1723	17
1487	117
371	81
203	34
409	172
217	78
1102	12
242	6
1179	40
804	176
113	203
368	160
691	81
291	52
899	211
331	70
162	17
259	24
819	305
1073	69
252	176
480	73
491	51
1424	415
748	11
1317	44
3645	87
1413	17
413	70
1371	85
183	333
573	105
1048	8
1262	132
51	42
2198	217
1042	31
953	29
1721	81
262	44
229	8
424	124
162	9
299	110
1087	140
3296	178
401	79
2247	32
668	100
281	55
348	128
623	1
493	33
432	8
348	4
2307	150
2968	58
835	202
274	335
403	224
1904	329
224	10
153	161
901	208
2710	181
163	126
374	208
1137	2
2338	85
784	7
198	60
774	19
1663	45
2017	7
634	103
191	17
1911	105
8763	141
446	106
385	56
1508	14
397	19
164	109
977	200
157	3
911	75
124	116
541	69
1360	19
814	17
1295	161
241	67
803	167
1940	54
79	33
768	44
821	304
1144	69
934	78
956	487
2665	464
248	16
248	76
1141	71
962	253
1374	176
87	61
2505	444
765	177
166	121
4046	142
367	102
648	38
306	134
2933	36
2156	47
2364	182
116	13
1620	80
355	21
2716	21
435	49
236	97
958	113
1671	22
258	12
273	18
2305	14
759	6
2303	37
435	49
1164	6
299	79
2382	34
605	108
1628	243
706	191
1177	12
211	160
1159	146
1049	85
2937	367
654	195
1657	74
2211	7
545	109
214	18
2188	92
172	105
260	70
1263	50
906	6
358	36
862	71
584	40
453	48
4012	54
1938	95
359	389
1708	429
1133	38
2353	48
3030	27
447	119
1038	4
1104	134
1499	108
1149	100
182	66
1132	188
972	60
2634	108
397	79
1925	249
3333	177
1620	49
129	60
1282	93
242	18
1382	24
1394	104
634	65
414	8
3206	30
920	37
253	209
653	201
606	229
615	59
1698	37
1546	76
3382	487
583	160
414	71
1641	63
2220	18
2772	7
2389	42
694	50
2429	8
1318	6
1566	47
4300	127
863	33
1338	25
762	27
171	22
305	216
1536	23
285	10
746	169
326	18
278	21
1000	75
1441	119
197	48
958	18
170	207
525	24
307	21
130	38
898	196
342	51
107	95
489	403
72	11
1543	24
1142	163
2382	137
88	61
1096	143
1141	145
218	5
416	131
294	12
1156	96
1527	107
683	126
241	9
733	4
440	238
888	83
970	100
2794	81
1829	27
751	7
1743	51
306	11
192	198
1803	50
6152	118
108	14
2110	2
2508	19
266	71
159	12
230	382
549	114
521	95
183	11
1529	17
1023	237
256	286
278	100
1181	150
265	192
826	38
1971	11
1698	11
1020	43
171	143
179	37
841	234
2601	135
318	83
724	232
2140	24
142	45
403	6
338	142
2650	49
1459	32
385	79
1441	2
581	38
1285	310
236	1
555	72
77	124
90	11
427	42
332	1
305	58
650	209
510	48
2628	105
1527	32
76	1
2275	22
1140	72
577	33
422	98
2151	5
1214	71
80	7
911	246
544	32
134	56
564	12
718	18
451	15
262	21
1223	22
4418	58
717	171
1501	20
2045	48
1340	133
2874	67
841	249
624	4
1132	22
592	119
671	33
691	336
82	128
932	36
83	455
1565	85
1137	7
513	200
330	73
425	47
121	121
192	19
359	8
214	15
2781	41
331	87
1776	259
2311	68
592	12
1941	163
1073	78
1896	120
345	41
891	27
473	223
712	62
895	138
1863	108
1146	283
1943	149
1127	33
853	156
1267	222
409	118
2617	6
68	165
3686	74
302	72
202	25
258	127
915	93
2045	16
363	82
1514	161
2095	51
1927	33
96	73
1067	31
211	259
1797	28
1387	344
634	130
605	49
68	192
411	3
126	229
511	138
247	154
946	252
3164	16
2799	17
2517	278
193	21
349	22
142	125
1641	89
5252	39
109	34
466	36
1643	5
1119	37
278	210
449	40
2205	63
775	277
530	15
506	33
649	71
1836	80
349	40
2996	35
439	42
1055	33
51	14
3177	21
105	38
1531	126
411	176
432	24
1984	39
1045	82
480	99
175	142
294	141
122	132
2481	21
190	22
935	10
1307	112
600	87
265	212
580	3
802	51
2107	67
1759	41
91	65
2571	110
4029	170
2846	234
4204	67
1198	18
416	16
406	69
479	217
1207	73
441	37
6584	147
1298	131
1698	386
2195	6
1244	32
1505	111
797	15
1524	295
809	10
1151	34
471	5
246	62
2289	41
699	35
3125	85
67	195
116	541
2884	417
1037	102
1945	4
893	151
749	122
84	27
2650	179
1006	28
934	68
83	5
375	219
790	3
266	27
1803	134
736	218
1137	6
561	11
903	6
177	122
2050	23
338	14
115	32
487	91
115	3
414	2
1003	142
3559	269
1114	34
1946	202
1314	36
1722	175
781	88
1199	56
1190	47
817	22
2232	269
1971	21
1060	159
175	30
1416	1
433	53
602	47
166	131
182	10
89	44
721	124
1852	111
1486	74
399	15
765	4
2941	1
468	180
466	8
698	48
133	46
550	17
870	29
605	108
537	47
282	21
1754	200
2800	18
302	26
947	70
1036	109
4344	147
1967	26
218	68
369	179
444	45
2133	235
2491	7
762	44
114	54
68	26
93	74
524	18
666	120
849	9
173	73
1910	94
1813	178
396	11
365	69
381	45
260	29
364	52
356	212
166	31
4924	88
4913	70
426	55
1512	80
159	140
264	50
651	62
464	3
423	1
449	118
919	110
462	121
845	5
1808	263
671	125
1444	61
889	74
415	72
495	235
653	26
1517	37
1613	56
223	5
4176	67
917	32
1251	361
117	91
994	8
1402	22
908	117
941	28
409	95
1132	108
1262	241
575	27
1865	167
259	24
1875	59
366	45
198	11
1195	2
283	188
2991	45
807	6
1379	9
536	902
691	70
151	98
467	339
617	290
389	167
679	55
556	44
514	44
164	100
178	407
1765	66
816	170
678	294
724	13
1874	9
119	289
284	66
149	448
537	336
429	6
260	16
734	194
644	92
770	107
62	224
2392	379
952	4
3789	28
227	4
1107	4
2053	365
391	20
834	32
217	98
701	46
436	364
128	347
242	72
377	5
2181	58
2038	4
2488	300
864	9
1967	49
1427	64
2458	97
1780	43
83	85
214	38
2090	260
159	85
250	17
3400	60
554	218
1358	95
803	6
1832	33
624	72
837	197
651	110
1823	106
1381	130
168	137
321	111
1702	165
127	130
1647	19
1705	195
2659	68
490	106
1287	48
2735	113
3680	150
4010	6
1506	213
603	22
174	239
1673	33
515	206
1637	35
933	31
980	434
3251	4
208	81
2355	23
160	137
428	23
499	171
190	54
1509	85
751	23
428	122
416	17
1526	138
668	111
493	8
1128	126
1664	19
656	144
774	66
418	68
3805	126
141	151
6562	160
258	68
969	482
274	40
685	48
2409	122
2238	139
262	21
602	203
2272	73
806	49
559	306
878	26
1181	76
488	197
65	19
495	153
521	153
1816	293
618	200
995	60
128	98
46	81
2743	320
104	42
772	214
311	316
123	84
1113	94
846	152
739	169
1517	103
2158	190
47	216
1593	1
1308	29
198	150
225	69
3968	474
946	29
373	280
273	66
250	2
1126	115
1444	493
247	286
1035	7
2183	143
711	49
1675	205
182	3
579	150
584	24
95	4
373	90
2771	7
520	66
2752	2
1076	274
520	64
292	27
4659	96
382	296
1116	361
374	86
655	38
876	108
2057	47
2148	56
1019	145
127	12
412	22
1652	64
167	60
1149	36
442	87
1300	150
696	21
530	152
714	62
984	24
1020	61
337	68
447	186
1705	63
1781	45
567	51
154	23
1412	33
787	19
1288	161
522	47
189	293
2991	10
65	207
1435	80
149	112
952	24
2515	23
168	170
458	68
286	348
697	50
632	127
684	260
1003	71
1524	99
4453	76
982	40
919	30
1164	62
121	94
115	258
1849	172
262	169
1535	98
356	136
1994	162
1527	2
1284	92
1495	7
582	56
4113	122
625	423
828	182
1720	126
4439	22
845	47
126	140
254	83
658	1
926	200
393	5
1215	73
4899	409
1153	121
4660	160
290	52
530	97
225	47
80	249
560	147
635	318
221	47
196	124
1809	24
380	5
1579	75
1174	137
579	171
68	135
1352	77
1277	15
529	140
2056	88
1989	15
466	190
313	160
1936	31
1149	49
786	2
266	266
1363	4
1273	170
386	78
1051	17
417	44
534	60
642	50
5535	217
1136	35
179	87
692	208
139	72
2054	103
599	38
74	205
325	97
1192	88
1250	3
5285	9
228	4
1096	25
228	160
941	228
281	12
717	14
109	8
1218	212
874	75
143	159
625	104
170	4
1110	19
662	153
510	110
1759	64
907	134
469	171
1663	38
959	30
2035	46
2458	85
315	106
225	9
4298	124
1218	113
548	26
1032	152
2214	107
3481	683
284	2
288	25
1398	117
1600	81
841	154
561	141
3073	156
703	44
884	23
1266	83
832	89
2651	45
463	61
1119	91
1468	439
3154	36
124	17
680	134
663	34
2073	23
783	140
1998	291
2260	23
2129	219
2114	139
1878	65
1823	425
2361	141
1175	12
1146	328
262	121
200	70
78	7
1853	23
1213	10
451	99
4105	44
492	29
2096	70
1342	66
2123	80
3185	391
625	67
605	45
1515	8
1470	177
2154	238
838	102
440	61
397	40
3367	170
2015	256
93	34
419	353
385	139
732	272
666	19
1030	64
857	21
1210	74
429	415
1953	223
861	23
2057	263
1183	5
509	64
1598	15
86	62
771	28
699	88
820	60
1696	44
757	22
3413	44
4622	11
969	190
504	62
164	131
305	13
658	144
3552	21
3801	24
338	29
1517	221
2700	13
367	125
786	144
556	174
953	30
1216	60
233	10
900	120
864	47
411	160
2108	51
1343	58
832	35
1019	44
825	128
1856	126
777	34
1189	151
997	77
617	122
267	87
470	122
192	68
1322	485
1081	17
414	166
5071	74
2186	85
718	118
146	766
379	138
1464	139
1078	1
1861	17
2235	172
2313	161
293	88
414	106
444	15
406	1
2045	45
1171	18
537	602
338	47
4052	132
495	96
1446	66
912	48
374	229
2370	69
2212	10
871	340
590	116
853	149
895	62
1663	265
1520	96
1527	576
1972	124
696	174
842	78
193	55
4201	27
209	63
753	330
403	84
340	653
214	90
493	66
700	26
1218	66
640	21
382	348
195	20
244	22
2604	76
429	180
359	19
87	44
1396	15
860	38
1438	81
1501	53
196	191
775	348
1159	114
624	5
489	202
164	44
71	286
365	94
464	53
1017	136
758	105
1572	93
484	111
503	371
3733	42
330	67
1882	250
857	27
2348	101
157	22
105	54
282	22
252	87
197	133
308	42
119	31
210	43
3001	24
624	220
353	32
834	55
346	33
561	38
188	2
240	9
1294	57
1481	111
993	97
178	26
2209	97
255	228
361	19
69	54
670	64
946	289
38	138
876	337
491	21
725	52
569	295
447	178
790	58
1426	90
2893	277
177	210
3146	5
1180	130
1897	24
863	192
311	39
2292	269
344	258
301	64
3392	5
3511	9
1135	24
1383	33
2827	10
708	94
271	13
460	63
1105	49
946	14
842	307
69	44
1161	65
201	44
497	90
2754	57
401	181
1041	130
2310	15
1016	30
304	85
1743	170
410	3
1931	12
2074	34
73	30
260	1
3111	99
593	186
406	50
634	24
990	97
798	18
116	88
1271	153
516	23
718	39
712	2
3713	217
223	34
2446	79
1156	75
490	336
42	123
213	4
1397	60
381	187
237	128
561	39
102	413
535	101
245	2
1595	75
1404	44
1003	7
2212	139
368	45
267	17
620	36
899	36
253	89
1111	21
1764	48
385	13
783	46
1278	134
558	268
287	10
331	94
1112	26
70	89
1328	526
433	41
1028	4
783	222
837	12
570	54
510	241
1458	73
138	79
2006	59
494	32
356	203
1042	109
457	156
320	34
458	64
971	128
804	56
1399	53
1270	52
1139	26
453	144
1613	37
556	89
381	24
898	37
4649	72
273	30
661	1
649	165
2925	116
2555	48
314	124
1070	265
2951	52
498	24
619	122
984	69
736	124
1964	71
1719	40
2668	120
2541	45
468	179
1142	3
483	19
144	60
195	61
444	298
1556	31
870	17
1247	75
229	284
2577	39
141	113
309	15
744	98
304	251
486	189
372	66
587	4
1896	145
329	213
797	476
1281	40
391	14
1226	265
671	61
1044	328
740	140
308	462
997	238
576	103
1204	208
260	208
336	8
1718	6
1103	38
735	35
651	21
1177	179
2096	36
242	134
177	48
133	93
167	364
1579	9
822	817
2298	52
221	15
1487	29
145	73
227	48
152	64
2229	63
1156	32
3599	197
683	400
285	80
338	66
786	23
254	117
1647	63
856	32
1497	354
411	46
2445	25
2206	120
238	134
500	36
108	44
2446	156
609	83
347	21
568	14
1619	68
797	60
391	9
637	200
353	1
427	38
227	547
1246	221
2622	314
3450	83
422	72
189	134
197	84
370	154
344	157
1283	38
853	48
4093	10
142	91
1215	1
1282	69
2779	12
144	96
358	409
140	38
111	118
682	98
2711	64
487	105
790	60
2043	152
668	69
1231	7
808	58
1162	87
529	9
588	95
1856	198
643	32
783	3
1060	334
565	42
238	34
986	242
843	5
773	54
2968	55
1021	110
343	77
1553	40
2075	60
644	25
783	24
328	32
563	52
131	21
6073	66
1286	72
1530	5
2354	13
1431	78
71	108
151	65
2260	61
1468	123
183	42
1204	15
1530	5
1589	415
1299	59
363	57
622	41
337	6
471	24
1963	38
564	235
82	55
223	5
297	166
554	143
1416	136
277	164
1658	335
147	47
1211	68
192	59
2468	211
1317	49
1896	116
1393	19
1379	11
655	22
1443	7
1478	178
5195	106
212	12
2338	54
745	53
1035	118
1451	21
790	19
2535	349
741	10
177	224
570	149
556	230
1554	260
1394	88
121	47
612	33
205	54
723	232
666	204
4245	4
176	7
404	28
1036	58
2300	77
1393	82
81	18
1003	94
481	114
4350	16
122	156
2695	72
683	81
1169	154
2417	19
2131	112
2069	33
67	71
1138	127
473	71
1050	71
416	48
933	23
491	47
1951	34
1451	210
1908	30
1636	17
890	224
1225	57
1839	43
242	36
162	337
331	209
86	237
658	160
2055	55
956	19
2236	86
829	196
1624	19
1584	56
709	132
342	452
1668	38
1353	26
4032	34
221	11
913	182
2046	94
188	39
1024	72
477	38
525	311
218	47
3495	25
143	179
1996	40
800	20
204	29
525	212
1171	193
705	135
1980	39
871	5
151	55
1753	40
322	433
723	42
812	5
431	12
852	31
1596	121
1062	72
2932	32
309	73
1701	11
875	181
329	203
716	169
120	118
574	2
312	28
302	49
5030	102
360	8
822	42
822	73
712	95
470	13
679	4
900	193
273	11
1402	105
411	52
237	129
554	18
1541	62
3010	30
3206	537
733	46
409	149
257	151
1713	36
242	113
1221	173
3236	5
3578	15
1578	66
921	237
234	238
3249	18
169	94
1969	130
528	58
781	249
37	37
115	70
487	86
1869	222
89	100
915	118
580	33
1115	62
903	102
1670	126
626	28
674	276
1636	17
482	111
877	26
114	1
1195	115
860	20
702	316
2148	175
233	182
358	132
1011	191
1338	6
3299	96
777	136
583	28
233	39
635	34
213	107
303	28
921	50
1283	30
301	72
2198	170
283	110
697	18
262	10
1986	36
984	131
375	88
257	98
2182	84
325	25
141	123
2783	103
655	437
425	76
954	44
1234	76
551	39
1284	547
1055	16
59	27
1368	73
1076	65
2305	32
790	124
96	208
629	136
1099	171
1182	153
7180	204
705	251
599	85
919	152
313	299
215	82
296	13
1088	214
345	15
595	246
957	26
1262	165
3678	66
1582	81
1558	41
188	127
660	328
2455	22
3740	11
227	56
1169	62
1360	252
701	71
679	53
880	68
666	179
545	8
171	146
2379	1
400	176
164	63
4694	28
484	40
678	30
1200	100
2547	193
115	64
1005	72
119	54
204	189
44	42
751	77
2285	156
1058	33
212	454
494	50
1038	40
462	84
1097	71
154	31
573	2
2796	16
2144	127
881	70
135	66
873	38
1894	59
1702	177
1150	65
675	13
482	66
1477	44
498	9
1493	544
233	69
595	24
3572	60
1006	154
192	43
2071	31
3895	171
1883	19
279	173
257	211
2023	124
210	11
4963	350
283	233
4448	159
836	8
48	350
207	41
182	33
2989	56
123	292
1513	154
1982	47
1554	2
477	96
135	38
486	205
169	23
55	207
725	194
2084	104
1578	72
953	226
1963	467
3877	20
1017	88
1941	90
180	97
1811	5
197	16
1399	217
361	631
665	6
666	86
200	277
653	132
206	35
195	138
180	286
884	63
4911	185
211	122
1333	35
468	33
3444	23
73	186
1375	44
1292	302
157	30
1190	115
428	350
975	14
609	34
730	184
323	149
189	233
903	321
892	167
263	7
1001	119
1256	179
524	153
2143	50
1037	18
297	79
345	272
969	31
462	33
1169	19
671	50
2452	213
1124	54
335	424
1389	95
193	57
90	97
942	142
2813	249
551	9
461	177
507	98
2832	91
275	31
2289	66
989	16
611	73
1388	160
1564	248
261	66
198	30
333	19
1798	9
155	127
541	12
2268	40
373	53
156	96
311	99
2783	41
1331	211
1788	40
414	36
3388	49
285	69
569	79
568	342
1477	16
2492	132
830	69
715	86
151	429
252	165
318	200
1132	68
230	27
1273	66
359	63
1545	153
2939	35
1584	165
85	214
241	95
850	259
859	23
3060	33
1014	123
1070	98
5116	54
3739	15
1610	54
2161	80
1363	4
244	344
324	10
1221	47
543	442
1811	61
807	98
88	104
1354	16
392	59
1066	52
280	54
1020	143
295	1
225	10
2507	88
2795	27
1450	273
2290	175
1561	134
1095	7
2000	37
231	29
194	30
1382	114
560	112
1082	91
466	4
1649	29
582	79
141	39
947	101
1933	137
449	72
1704	169
633	17
718	45
934	126
860	27
1386	108
775	66
139	4
599	205
1857	119
193	155
181	233
3214	18
1600	262
561	37
138	18
1096	280
4145	398
590	42
423	77
58	11
2297	25
1402	3
302	5
745	96
376	40
467	61
836	20
326	260
1826	6
968	186
1759	41
219	233
187	2
951	255
2132	74
926	504
294	35
525	86
1152	33
128	42
421	7
342	136
248	5
210	270
96	229
279	15
1510	46
1482	103
643	13
3445	45
536	85
125	166
493	289
559	17
482	110
734	7
1425	41
145	160
411	37
63	6
1911	9
324	27
2269	126
535	9
219	44
790	22
1152	128
369	49
271	27
149	16
2703	21
139	12
1232	30
438	5
731	65
1744	37
552	8
105	130
376	97
702	45
588	210
126	148
675	336
1037	39
290	10
326	317
554	157
309	239
4385	320
371	35
109	4
339	76
567	93
627	45
458	246
326	301
2201	275
265	79
2075	60
263	170
1421	84
4129	10
40	37
1577	62
100	296
660	94
1576	150
426	68
1036	6
1399	89
100	6
366	83
685	97
3315	8
709	51
2088	10
3112	165
3468	34
1441	56
1157	13
447	151
1537	81
159	56
342	114
249	9
93	265
1041	29
64	88
5266	159
1133	8
3557	151
464	15
725	49
517	261
293	57
1307	88
690	73
2612	175
317	177
1706	281
548	109
270	51
349	86
286	121
233	313
40	92
737	72
679	151
1460	200
1442	76
5016	25
389	172
2027	87
1455	118
1743	190
538	172
896	70
376	168
428	38
188	92
1357	211
1535	64
566	54
3571	69
258	148
758	219
4503	217
525	40
655	110
327	52
1132	110
598	131
72	17
283	119
1753	85
665	1
433	30
106	163
775	31
605	84
608	59
132	8
251	140
947	179
398	64
419	61
1026	25
1599	84
212	269
6105	31
1076	154
390	145
454	42
769	76
1473	82
516	33
445	33
1082	85
989	96
242	10
576	25
144	127
578	61
263	101
1897	5
1849	43
172	226
462	6
1512	90
271	188
2963	111
149	300
1026	208
1040	12
344	242
1267	108
1515	417
407	83
43	10
3634	261
1201	559
1327	15
1374	103
3061	322
328	66
339	291
371	70
977	31
767	62
78	26
2366	94
279	89
793	119
206	21
288	12
178	58
1487	28
796	56
576	91
1492	88
574	167
976	28
283	210
525	99
1233	65
310	18
650	74
1256	24
2960	233
1181	92
546	94
1757	120
420	223
591	93
1260	45
1820	38
814	235
195	145
149	296
1951	176
1372	110
220	18
2881	13
319	14
2006	70
309	9
1700	231
972	15
2204	74
3828	148
2033	31
39	146
1269	34
1172	110
178	175
266	27
749	313
181	46
3279	1
1271	46
593	440
120	65
593	48
1487	221
720	49
530	98
613	1
133	225
427	134
522	23
1067	62
1238	186
7505	278
1005	35
442	99
2216	47
272	98
1170	9
251	10
1662	79
1129	6
205	33
361	79
244	171
883	100
1222	2
889	44
192	1
630	4
542	7
452	34
147	14
787	17
1160	9
3116	85
114	12
424	45
2636	7
5300	58
673	64
1465	150
309	97
566	31
2619	136
903	309
98	279
372	2
977	65
480	59
102	39
804	11
1497	150
2580	85
432	125
154	83
2094	21
162	78
224	109
2046	181
164	104
365	12
600	176
542	47
1253	59
368	75
167	9
1245	4
117	25
248	297
834	76
2003	46
1273	194
218	2
376	86
2307	29
1056	57
1230	22
1303	82
1949	94
266	192
2976	3
1055	206
729	282
535	50
2728	28
1245	245
1070	93
252	339
254	24
305	24
485	31
236	53
1411	5
310	3
1644	5
566	52
565	144
889	103
3165	148
444	192
1298	98
455	66
1033	43
1437	53
3357	104
316	152
740	130
236	172
1080	307
1108	76
925	85
103	5
375	122
1492	3
149	16
1154	123
1378	31
476	42
71	98
136	102
974	68
1673	17
1461	7
1527	122
140	66
2073	116
96	76
3137	29
283	56
1252	5
1152	95
1257	32
226	76
428	31
193	87
748	101
2005	2
107	458
511	23
1774	36
915	79
205	130
2046	169
1658	226
623	18
5329	253
6438	31
1448	44
5077	34
796	105
416	138
472	23
1668	280
1587	5
2604	191
645	197
696	20
785	52
114	54
764	9
1763	122
208	198
366	380
1020	63
920	411
971	9
346	11
2163	8
574	53
1008	1
1417	69
163	3
2176	142
196	163
1031	149
1005	292
424	46
106	47
1222	353
261	2
414	13
1211	105
53	41
1775	13
182	44
795	91
113	21
2198	28
330	73
1625	57
3119	272
118	14
2499	42
1123	29
422	7
793	309
1036	403
3228	23
177	39
298	129
2144	161
697	91
704	364
685	156
1670	111
180	59
331	15
302	163
3373	6
808	45
612	175
2711	31
219	60
2603	9
699	117
289	4
2982	2
200	6
161	197
714	99
211	336
187	150
975	164
352	56
459	118
1739	45
148	2
186	67
970	76
1815	51
1758	40
254	7
199	102
347	142
1421	28
192	146
987	130
1195	13
687	435
454	62
2024	6
284	184
897	146
761	197
126	18
6886	231
619	60
2685	244
767	152
3371	131
289	193
1019	90
3051	34
97	94
683	12
1106	3
62	128
676	243
1638	58
821	17
156	65
686	34
2092	24
596	209
124	77
3051	138
320	57
2323	304
281	151
827	33
158	26
345	52
586	56
162	50
1905	46
2189	13
301	18
2785	180
1360	112
4322	161
1057	5
358	86
1121	64
3452	135
3862	51
246	205
737	198
1262	58
3252	109
398	151
710	159
778	64
1516	46
406	44
795	17
3295	114
360	20
2781	67
1668	77
1038	291
2098	91
430	79
174	102
460	173
2121	84
1379	123
1306	15
65	72
2216	93
280	22
2647	353
1084	116
1080	179
1170	320
1412	124
428	47
1571	92
315	100
475	70
97	62
1779	59
1219	147
3617	46
156	80
942	86
5849	55
521	106
922	130
1251	447
1908	326
1981	46
1448	112
760	164
1555	68
1734	82
469	254
577	24
305	22
880	280
256	83
2109	49
429	58
138	19
1254	229
2137	3
903	52
493	50
1015	116
2090	74
109	9
795	18
270	63
1680	118
2235	129
2176	206
98	245
195	62
3592	117
1104	162
398	122
3861	11
718	127
206	13
327	142
2105	25
518	94
2586	23
144	240
2904	253
176	11
396	273
1010	89
99	23
112	15
161	236
102	57
948	423
2637	43
211	250
224	34
138	11
1300	6
408	459
1225	19
264	177
77	58
247	55
215	163
298	69
2229	157
332	49
1294	42
1664	127
1072	43
1671	29
925	41
1688	117
278	8
434	110
389	90
155	1
74	293
3264	70
2969	2
2051	12
67	39
221	161
1070	42
447	59
408	65
1604	47
1798	192
355	246
100	153
815	41
820	70
4297	57
3085	6
1884	140
1629	133
1372	300
374	1
309	184
6967	53
819	27
320	21
136	114
363	62
944	80
706	6
2109	100
2469	30
280	83
4435	113
1027	102
1578	313
277	303
398	173
744	159
121	115
559	195
590	11
540	9
2406	179
41	22
88	170
2042	6
51	13
713	107
309	35
1132	98
950	21
56	115
3140	19
3564	116
322	15
524	52
75	16
2515	206
109	14
219	10
1107	15
2718	91
507	41
2378	91
171	113
876	48
246	19
1950	310
2811	7
221	5
1311	63
3146	19
950	2
990	104
669	133
1948	73
1444	261
521	304
4425	218
2715	121
2749	13
1045	143
487	5
1414	19
1503	6
989	41
3617	32
109	18
1714	31
4150	163
86	2
1123	337
269	46
1039	46
908	62
1818	35
1743	31
1745	34
466	7
896	382
105	82
2152	67
613	11
2953	27
645	14
1078	21
739	72
2409	134
547	71
240	9
165	222
1798	97
771	16
3506	185
79	20
660	202
720	87
287	22
138	85
1046	41
465	65
1722	273
692	125
6211	16
791	30
2491	108
1418	42
693	58
339	66
289	143
345	96
187	231
2742	87
583	34
1277	351
2906	96
331	27
1282	161
1999	133
882	442
89	9
97	116
3202	154
482	55
661	11
467	87
2937	82
272	45
553	36
354	47
1624	71
1974	186
676	170
192	19
2322	101
1885	321
459	128
2381	406
1359	193
1126	117
475	317
903	30
1975	230
974	83
1670	562
1041	166
598	133
373	27
187	408
2896	41
503	124
634	38
635	65
991	14
316	124
43	59
1417	262
2378	36
1333	139
52	87
1669	89
125	110
911	91
1804	104
334	12
559	98
1837	225
1485	85
85	155
760	3
2917	51
486	84
82	167
898	399
554	59
1281	71
111	15
1091	2
1986	74
249	14
298	7
1389	201
1562	92
1357	158
659	88
653	62
724	23
994	58
295	78
282	85
4738	5
524	184
392	130
1674	247
756	30
752	56
77	23
333	10
2610	172
891	14
2122	130
583	83
196	46
755	97
1321	37
4493	25
1181	251
154	87
796	80
239	86
95	5
586	74
1258	6
2570	28
888	45
236	154
101	94
451	50
334	31
1926	58
1565	91
536	127
1752	52
496	17
934	27
4581	21
766	42
127	51
160	43
1418	81
1693	77
101	174
1473	20
1600	99
949	25
1012	235
583	77
1284	47
1143	2
1017	104
135	14
1786	25
983	96
4148	11
1554	24
454	70
1596	49
2232	7
1446	387
1809	60
442	375
632	65
822	99
1325	9
392	76
824	39
238	128
251	26
376	2
637	160
451	14
772	58
863	43
3209	201
1596	30
388	156
946	224
357	423
443	36
1570	2
412	15
141	25
919	126
145	362
1667	194
271	147
647	40
953	163
759	87
852	5
1410	21
98	161
1891	5
541	215
237	77
3922	142
1164	25
538	138
2644	17
111	179
971	111
1050	268
1453	68
1218	168
1103	13
975	91
738	45
1373	120
339	100
528	68
776	10
310	214
468	230
1129	201
2923	3
228	16
450	170
1509	83
713	58
929	89
221	113
705	93
1351	1
1224	155
484	60
1704	167
2244	133
1401	132
256	212
400	61
522	71
319	80
974	7
1441	25
3670	71
82	27
153	56
662	98
968	94
612	75
878	35
713	34
161	52
1757	168
1939	64
1096	417
418	498
6301	101
565	208
963	8
2754	175
1521	25
2702	32
325	90
239	77
387	213
1454	284
162	3
363	9
332	110
605	21
1767	149
1092	133
1274	66
801	123
1739	442
550	391
950	171
217	154
116	8
501	102
136	24
1943	1
1139	152
1328	259
949	36
2740	18
1601	5
52	118
1813	70
471	9
1859	119
2230	161
1324	28
820	327
569	20
89	27
147	150
439	67
143	95
859	110
140	245
492	3
1089	87
604	430
70	16
121	112
2560	116
331	37
270	62
1310	70
769	145
526	36
78	157
1334	17
520	377
537	40
472	22
710	42
562	218
560	318
2015	34
231	6
506	18
3472	34
470	44
294	12
955	32
204	121
1117	67
1885	123
1856	245
132	135
942	122
330	32
269	57
958	390
96	261
1332	96
320	24
49	205
194	55
61	76
199	35
513	13
594	72
600	78
1505	44
912	57
446	108
111	49
424	78
297	14
1628	85
2292	30
379	240
1295	20
144	2
1412	73
1299	171
338	148
1115	66
101	153
2412	91
913	65
295	36
646	16
210	40
145	2
2233	58
207	6
116	71
134	8
182	158
229	133
36	65
982	70
1375	13
3032	12
173	139
1180	80
649	13
3497	1
1493	43
917	25
1142	5
1601	170
3984	31
1776	59
329	66
762	102
1362	30
708	14
1166	19
2019	12
359	282
1550	130
755	2
75	37
2543	9
1299	98
641	91
2771	63
3769	76
1729	68
949	207
927	25
921	31
1751	96
1079	206
769	48
512	54
1869	8
365	323
2208	266
315	61
586	31
968	38
170	27
331	56
183	30
2054	84
279	40
511	12
356	24
3007	81
610	106
1033	71
403	21
1005	94
482	29
224	107
1331	100
366	22
184	86
765	273
971	110
86	133
2341	37
801	7
3427	1
1106	197
326	22
284	103
388	4
2203	52
342	113
546	87
1638	386
257	98
927	32
308	128
578	119
889	37
896	121
1095	12
1177	126
768	213
2301	215
344	10
1319	70
1127	410
314	9
1799	38
1086	441
2095	108
2803	46
1105	440
1967	200
1087	120
1886	65
87	137
1672	1
562	10
285	90
188	37
221	43
57	71
406	77
1124	11
153	104
2402	28
141	167
879	350
350	85
925	26
799	133
434	1
1752	14
4568	78
993	117
267	63
682	275
3934	70
509	168
2290	47
1405	158
1228	19
164	227
1160	10
527	10
2901	34
852	127
1214	357
700	13
276	62
1058	74
2108	81
1039	89
1323	52
1040	330
87	50
1860	117
467	25
304	31
1888	138
311	90
2001	1
991	31
359	92
803	235
550	83
1115	188
2142	92
352	64
301	128
873	59
140	80
286	79
591	160
65	48
522	47
115	246
474	43
1889	15
585	11
973	197
1261	125
198	92
1388	63
1455	28
126	105
347	102
7331	204
340	128
1797	185
386	79
709	7
826	53
742	200
96	231
156	180
1191	86
701	84
1437	54
1141	54
626	99
787	89
700	16
463	38
717	11
528	92
606	226
2024	209
141	302
472	16
487	364
2447	44
264	211
387	19
693	47
2027	88
155	49
1609	171
840	141
127	97
378	36
130	18
1198	24
221	3
2091	16
1131	635
87	43
1223	31
1008	116
1377	138
355	112
554	82
2411	109
3463	11
2194	32
91	3
1215	47
987	14
866	60
322	19
105	104
563	8
1378	158
2423	24
156	188
79	52
766	80
2245	4
371	3
288	205
167	145
1342	143
183	129
273	167
1522	154
613	130
214	34
474	230
180	9
5208	133
1439	183
317	2
172	62
198	136
1478	97
168	81
114	72
420	376
133	22
919	63
597	267
1904	455
161	2
1992	142
397	287
874	15
854	186
460	173
1276	201
782	2
629	58
883	44
642	50
542	158
346	15
812	122
291	69
176	82
405	55
1569	107
351	32
2483	142
915	94
101	101
4732	34
336	158
1004	57
346	185
861	36
7309	10
920	70
205	83
1417	91
453	296
315	88
1019	129
304	396
492	87
3120	28
523	23
308	30
1648	143
2700	220
3653	54
1381	4
896	87
1434	2
238	5
147	42
1549	21
778	79
593	38
2018	95
730	1
376	5
577	31
889	149
658	42
423	85
1355	103
759	10
369	22
1686	310
207	8
878	147
297	9
426	96
388	167
894	41
472	63
206	38
56	97
782	129
1712	39
877	92
874	271
900	107
924	94
1208	106
273	15
71	75
1555	467
1572	26
895	73
1440	132
1367	70
2871	153
427	72
529	1
1625	118
1008	11
2395	42
511	95
1150	10
884	30
1689	87
304	77
487	106
2279	30
1155	360
344	181
126	56
548	86
206	182
1029	259
3834	127
541	4
701	246
848	70
1077	13
705	118
145	20
2488	3
460	22
978	186
2269	104
1323	17
43	17
332	82
102	40
2232	2
4787	35
1007	396
1920	159
1470	131
690	289
393	182
438	82
148	62
387	131
3937	185
1091	17
2557	74
1745	18
121	4
145	33
477	20
250	6
3173	133
831	127
750	9
1162	239
346	7
3151	40
1434	13
1071	101
78	79
315	608
149	234
449	17
781	130
3427	55
885	62
851	59
1152	117
1390	191
388	92
754	145
730	41
305	1
697	109
194	13
3686	85
3023	213
1130	88
1147	2
711	265
102	164
1249	89
1276	92
104	57
1766	15
373	66
527	129
767	133
2324	321
593	60
613	85
627	262
1675	185
119	70
497	494
2509	37
945	117
1750	14
1229	53
66	14
1456	63
3040	499
355	13
191	3
471	24
1171	19
2330	25
180	8
2423	19
147	196
358	23
476	151
680	23
1665	34
925	135
341	17
196	141
407	11
1629	3
955	133
1070	15
196	158
633	168
2533	12
295	96
143	10
352	119
483	142
319	142
1805	16
1171	35
209	105
225	41
479	198
2248	35
286	40
79	152
2080	17
2950	197
265	171
723	36
312	43
699	29
62	119
2653	431
544	80
561	94
427	145
326	337
1370	36
354	91
1547	5
554	9
1128	111
128	10
189	148
135	251
833	35
2246	30
658	62
2682	30
1210	285
4561	4
267	43
225	20
782	141
1643	50
485	66
2730	76
441	4
93	7
350	33
599	103
640	16
1482	105
265	53
1371	269
970	8
486	27
648	30
473	218
719	311
387	70
585	86
1725	47
576	21
1018	17
572	12
328	392
1143	179
755	41
1770	281
1090	15
375	8
2279	10
156	62
800	47
5009	80
300	190
3937	130
1637	125
275	19
29	78
432	15
2021	163
403	24
2818	33
245	2
564	61
2582	302
4166	50
622	37
953	135
856	301
1584	129
3004	48
407	62
1592	20
77	57
990	21
1567	102
3792	87
1145	61
1356	6
681	479
421	4
1606	20
151	22
5080	151
955	53
145	33
1623	16
229	27
519	88
812	46
155	24
378	45
175	293
1328	92
2369	138
324	217
1436	91
524	10
1105	5
909	47
2146	137
85	61
1326	100
692	44
814	89
1528	29
1473	192
434	88
672	86
2481	105
1173	27
2449	15
1649	6
293	160
533	11
144	124
92	95
720	5
494	87
1949	193
1322	443
282	318
421	108
264	127
803	41
862	19
2004	81
556	21
3847	126
1346	15
1271	60
597	41
1321	136
402	14
396	178
3398	178
1934	127
1512	68
2347	23
1238	128
947	147
399	55
82	141
359	30
480	79
715	51
79	38
506	190
1755	139
1371	130
1571	220
2694	63
499	5
862	79
1842	133
331	197
1367	15
877	7
474	19
1170	5
295	74
61	71
2194	3
292	119
203	33
1374	17
415	67
74	20
181	152
500	63
6321	114
283	109
3545	8
153	106
343	8
369	173
1550	169
1629	4
258	77
159	91
1584	47
1064	116
1987	177
1384	102
242	49
409	66
1703	326
3341	48
542	18
3100	10
96	8
158	5
107	66
240	70
296	159
70	86
1835	235
101	182
1181	23
712	47
91	128
384	251
3945	52
213	130
518	23
758	172
388	24
378	21
558	4
507	53
3089	101
1058	26
524	69
956	301
158	30
2976	104
401	218
1885	122
122	93
351	26
1446	248
1560	24
1862	281
2252	6
149	11
152	106
447	210
1784	288
3860	16
2367	4
1609	19
1145	44
940	47
898	17
911	93
1182	114
2472	32
605	26
140	243
1481	182
723	29
1792	27
2091	105
506	7
1913	20
948	51
551	48
2721	189
202	38
138	42
504	154
781	124
632	5
1692	45
606	123
677	57
2588	35
2160	27
1202	7
392	78
229	406
1667	70
1140	1
1359	46
533	15
850	85
409	76
4797	56
311	125
653	136
202	376
178	15
850	96
171	38
1032	14
1437	26
2086	59
183	76
1875	46
1613	178
567	27
684	430
347	145
1332	45
1901	5
1734	22
498	122
617	10
2237	121
1180	126
99	171
1019	93
846	88
1222	24
291	87
194	38
1048	194
397	65
148	74
600	71
564	51
2652	4
824	54
2623	41
631	409
3103	17
291	150
384	21
943	161
415	56
1219	37
1430	3
1254	12
500	103
96	17
5069	131
933	10
1923	40
1001	27
1393	55
3494	76
436	96
398	300
2826	25
366	42
588	9
2810	11
1083	23
2037	12
733	181
762	333
307	53
5496	100
2991	267
2000	179
670	26
723	34
1730	90
256	41
1669	222
51	76
2899	97
984	64
932	18
95	1
79	78
544	54
635	156
1747	15
1876	72
260	344
485	106
778	104
214	13
447	310
1545	38
2048	14
1171	93
1306	162
319	27
1834	43
267	281
496	110
483	137
231	181
1428	340
123	30
47	10
1538	70
1579	63
565	92
65	50
1395	221
2450	91
2502	122
1093	22
150	17
133	490
725	4
586	232
1532	41
1426	42
228	112
366	109
4486	38
595	151
1089	7
946	71
462	44
409	24
940	301
138	26
578	54
772	16
1322	8
330	45
124	171
773	25
384	16
447	201
333	75
653	152
241	140
2751	251
1814	22
91	379
463	17
1303	101
1203	21
3198	21
144	79
395	99
649	114
1360	14
686	7
1420	131
895	298
406	34
296	43
1228	1
615	239
176	13
1098	7
697	76
327	117
174	48
337	31
164	39
902	10
208	56
133	60
814	192
728	215
2592	201
397	140
700	3
278	30
1712	79
613	190
1994	61
191	96
1699	30
1317	124
92	185
3302	270
2301	17
170	117
83	137
2884	443
679	35
365	40
1167	191
4854	78
1328	80
910	71
118	125
763	126
1476	40
1131	125
852	86
378	58
507	3
1318	72
903	72
530	10
464	205
1065	61
182	380
2186	95
289	21
957	158
1534	91
170	72
976	74
761	40
909	119
3257	2
402	129
3403	25
429	1
371	45
978	82
395	34
136	427
463	82
2678	43
1973	83
1138	27
1505	188
1455	341
316	74
260	44
1549	15
3553	105
1638	22
289	44
365	39
254	10
326	332
295	201
380	55
135	118
1931	508
417	22
190	74
3188	53
153	182
2077	49
931	132
196	44
3055	303
216	56
655	5
175	26
202	60
772	13
1207	101
1404	129
2859	82
3090	31
1241	429
286	281
1659	117
2820	227
3606	146
641	20
817	93
531	56
528	185
1750	82
1281	2
571	123
1131	72
3582	3
4194	24
80	42
3708	205
107	15
897	42
118	67
606	196
1381	8
3082	1
1975	375
389	61
290	123
291	49
1761	40
1106	196
955	86
1054	121
365	65
851	83
3615	11
1064	749
516	60
753	116
226	55
1205	83
196	120
2056	74
1088	22
685	55
311	51
316	4
737	212
694	232
673	64
1273	7
777	169
1632	87
503	63
933	27
1163	49
1280	258
1052	139
1324	157
1127	68
155	120
825	76
754	44
350	144
114	45
1573	167
81	11
274	127
206	30
1631	231
3038	58
358	58
748	1
124	5
312	5
839	412
325	18
734	5
1822	12
661	55
724	205
468	131
112	8
2857	38
253	129
1269	112
199	173
1029	66
1064	13
1345	39
774	26
1623	116
186	592
1729	84
444	102
50	272
467	104
1872	17
439	134
536	27
341	10
64	6
283	38
1050	41
519	86
501	64
1964	100
248	39
682	497
445	37
176	135
1562	78
868	45
28	34
310	11
2991	28
266	6
427	156
506	283
901	24
165	32
645	24
831	99
575	153
1496	3
2252	102
257	68
840	57
42	44
282	26
293	89
1388	4
332	3
328	289
781	123
177	184
126	67
881	39
229	80
614	112
7921	290
302	25
848	5
186	27
637	23
617	487
1662	110
907	30
336	108
144	6
3418	131
368	33
314	2
1546	37
2147	58
725	183
1545	803
932	16
560	40
474	52
3119	142
1106	158
1317	173
1900	39
249	56
529	130
1659	269
691	168
2011	164
616	380
449	11
685	205
1703	140
924	19
124	3
1071	10
730	414
216	281
807	10
181	7
291	76
211	66
591	13
295	153
122	33
785	34
1128	44
812	97
1979	47
810	4
1850	66
799	14
1811	297
287	123
2556	7
408	21
4172	6
223	307
811	23
1684	259
170	370
792	76
308	169
154	7
407	12
1091	51
2256	28
728	14
1569	240
170	75
393	93
806	88
1085	234
2832	32
1064	64
1122	265
1420	216
2073	156
457	238
1406	6
545	51
145	4
2131	71
1131	6
287	382
211	156
2175	9
1395	309
688	12
989	13
1638	202
211	55
1183	18
1260	56
125	1
3667	13
938	9
605	21
215	117
109	56
61	617
1486	284
728	203
195	100
1417	12
639	3
2905	139
790	40
438	30
268	126
820	11
2236	25
439	20
2309	201
873	268
330	28
286	24
1239	44
1671	29
2727	177
894	32
1198	134
1329	49
134	71
3720	207
1131	36
1307	183
2064	28
1115	22
477	79
999	116
102	4
95	167
1773	292
709	36
3860	105
1628	13
733	204
1310	145
970	40
772	129
1782	114
1209	37
1119	294
1070	6
2708	173
404	1
419	68
162	106
945	163
1130	64
1708	44
2476	57
526	143
1576	29
262	49
700	165
586	21
102	152
430	102
423	89
900	148
963	115
4255	8
1131	122
288	61
162	53
1107	160
334	41
2036	71
650	226
739	10
633	188
377	137
486	27
2183	79
700	212
2437	322
574	199
1432	8
683	26
171	9
781	48
876	100
1021	78
15	98
2616	14
1467	28
889	57
438	7
451	126
482	118
938	20
584	26
896	121
612	28
455	41
3062	185
290	35
221	66
339	92
255	42
614	11
1682	79
826	61
1145	77
1770	1
201	25
243	103
1860	47
797	78
5721	130
1597	248
82	365
1909	8
147	85
507	142
679	157
1726	92
1033	39
487	43
503	70
688	21
840	120
1673	18
3080	215
1471	155
602	23
345	11
706	78
3512	479
53	168
1048	98
760	4
544	163
471	411
368	170
415	52
958	49
459	35
1702	45
350	132
811	10
1134	358
183	161
1510	90
723	166
170	141
2646	53
1503	60
125	107
860	37
2350	136
854	272
190	4
953	71
3985	37
885	81
209	4
455	37
974	143
1411	43
1069	89
330	30
1205	61
3627	105
369	26
1714	37
963	11
2373	35
768	47
471	37
605	35
657	98
1224	218
1074	25
1954	251
3156	40
1063	44
2201	57
91	101
419	240
102	74
230	45
130	116
1968	104
138	195
3695	2
324	47
545	8
409	270
742	20
69	276
690	101
278	95
1195	83
967	18
270	137
1466	130
3120	54
1618	82
1015	67
865	121
700	66
145	233
993	126
199	17
1344	284
248	22
293	61
171	98
661	126
2522	15
172	103
1464	20
323	276
1588	87
1112	110
212	253
1003	11
1594	137
1662	75
815	286
2881	69
1065	55
1283	36
834	10
913	65
749	37
2834	316
1161	98
1141	26
620	39
570	132
252	459
1621	24
884	4
352	109
616	15
771	63
1646	71
575	77
372	123
1504	94
711	23
426	89
359	303
223	6
2002	85
116	77
273	68
2276	175
200	103
901	7
1599	106
1441	4
1351	68
769	1
857	154
598	7
211	22
356	106
521	67
126	86
510	42
281	387
287	67
1560	153
188	239
572	38
2992	26
947	157
730	65
6296	121
330	82
432	236
2092	19
2726	249
96	78
587	20
1824	10
246	197
202	294
64	9
1121	42
166	141
423	51
284	167
1309	277
730	242
4165	5
505	26
913	65
428	53
1324	28
1450	4
401	56
374	77
1910	113
2318	22
1023	14
235	60
1109	8
534	117
1439	119
2835	193
209	28
488	419
133	56
2959	120
850	58
108	242
158	51
1451	83
864	21
2145	178
416	98
2636	164
2322	156
1078	106
368	232
576	10
2697	234
1451	96
4039	211
4312	64
939	470
606	83
3036	38
158	98
1063	54
3069	357
74	29
398	50
2194	217
998	41
51	47
371	195
378	27
2565	26
433	120
2205	7
2050	18
2935	34
168	28
645	83
513	3
829	137
1197	400
205	212
306	29
2429	39
68	96
502	61
1314	198
3318	231
2008	80
909	27
258	51
410	51
1163	75
95	44
1622	307
2552	152
2090	162
4272	63
892	175
2003	37
2847	21
2121	222
954	8
85	42
149	6
119	114
450	58
257	168
989	209
780	162
1207	85
759	87
1032	61
73	13
1248	52
926	20
966	202
1062	30
965	558
906	59
393	185
871	221
1902	194
1129	142
871	167
1751	28
1540	216
943	56
1392	155
397	33
421	262
330	41
4140	4
1372	16
929	219
615	246
662	33
747	135
225	49
3191	313
346	174
1147	44
2369	3
996	49
77	255
1892	65
210	104
328	62
585	6
659	227
970	134
452	46
1179	110
2060	4
295	6
91	67
247	73
379	101
850	98
277	190
2756	105
1234	279
140	101
587	67
357	167
1265	165
53	14
1364	83
745	131
1103	57
277	2
1758	251
369	16
1317	41
176	103
1153	304
72	425
267	7
467	3
726	40
2342	5
225	106
6179	134
1379	40
939	84
3238	86
299	111
1589	59
534	6
1310	206
2233	28
2020	27
529	111
2881	37
182	43
2543	92
4233	25
2550	137
467	201
1743	2
1661	147
627	34
162	3
1295	53
725	18
2526	214
522	201
721	2
1413	96
2327	142
1581	96
191	78
1747	40
381	41
347	35
53	56
1448	30
4614	89
262	82
1118	121
1767	8
735	189
3536	51
398	29
2755	15
1558	107
1303	214
1109	123
128	32
1388	33
410	36
329	44
1934	90
1276	300
2924	148
998	11
4349	114
2730	11
466	25
1085	32
635	148
1031	69
518	46
1704	158
2324	38
433	15
327	55
1586	256
60	178
2947	392
392	10
1620	456
323	48
80	7
1258	74
1001	77
300	150
272	35
1898	279
2188	22
1203	166
150	59
1345	271
1742	10
609	7
1102	234
6373	9
1012	111
1374	117
1856	2
3499	13
680	54
131	123
2137	158
1181	7
68	105
161	59
931	94
476	25
280	90
1150	28
630	21
161	119
3168	50
196	10
3044	158
1489	141
1473	75
395	68
408	83
641	76
366	16
1763	62
360	63
1486	165
107	239
637	18
3721	138
1519	120
975	14
875	6
214	76
119	24
926	67
696	194
3106	19
323	9
2506	128
511	231
1406	16
1483	26
1280	78
1216	31
1373	164
524	96
453	2
1636	14
173	96
61	164
707	10
1483	39
2228	10
180	5
571	12
827	96
2087	64
1020	59
1434	42
211	102
199	31
799	108
250	22
2357	5
927	51
364	105
315	23
181	7
4027	43
495	186
6002	122
1910	75
189	178
328	19
528	61
124	62
68	34
372	68
434	142
709	27
1055	59
2051	116
298	2
3046	49
804	53
1984	42
1602	109
343	31
137	100
685	55
378	113
1153	37
255	122
947	7
561	130
4243	18
785	78
1710	79
692	150
1782	25
4942	36
1923	232
2222	50
207	246
2101	43
319	46
420	5
511	173
1013	13
625	81
126	33
658	154
397	44
431	31
2242	23
2830	32
1356	4
437	79
1418	25
654	14
2984	175
427	19
170	11
1322	69
667	5
255	124
57	423
3089	141
850	23
328	60
77	56
786	115
1255	90
689	166
1148	74
675	4
2710	135
4147	6
1620	7
2106	152
970	22
282	20
498	57
3433	21
726	243
1163	37
355	92
370	20
894	95
2360	136
700	200
506	69
1107	31
335	33
531	8
237	385
296	101
259	23
1618	152
1068	170
1292	143
395	395
730	73
728	201
1356	20
490	33
662	45
1107	342
753	15
504	221
1251	41
401	321
569	34
2279	55
4258	56
1119	47
1169	145
676	24
519	4
135	34
3472	44
3150	79
845	82
1640	69
1274	30
106	74
505	20
629	15
490	162
68	86
1056	36
1018	10
973	53
724	59
1491	74
1268	33
1452	14
725	15
650	43
287	51
357	20
218	26
2464	13
742	1
1002	495
103	49
1260	29
774	163
1060	123
1920	96
453	69
57	224
338	207
1095	3
1585	111
763	5
1005	41
856	262
1418	9
534	124
247	55
125	327
1701	4
1854	113
4989	156
417	133
1577	89
656	514
873	370
1730	173
901	148
66	126
840	16
1060	177
218	57
73	61
535	11
2869	108
343	101
2066	31
1961	322
4664	9
343	22
3259	54
492	67
1016	181
398	125
217	76
728	7
653	78
1453	220
2027	21
129	41
66	108
2205	60
256	21
756	81
2983	417
845	63
123	45
1301	17
534	5
895	224
1340	64
1325	129
1168	34
626	2
837	45
407	26
2447	74
963	245
659	122
1563	97
326	117
901	33
1165	117
572	36
2461	25
629	315
450	219
237	74
4870	55
229	89
579	64
2277	75
95	105
156	4
615	61
323	166
496	21
867	263
859	15
317	12
2452	163
1029	24
2772	187
5970	27
2808	120
2167	45
199	116
411	69
1553	234
2513	38
151	1
176	44
901	238
127	67
2082	26
75	329
1039	26
1828	52
185	289
1823	94
797	75
2000	155
3474	31
572	272
273	10
1726	26
1313	196
373	30
307	72
2269	78
350	185
2886	143
1010	40
799	21
1229	62
710	411
111	209
833	62
447	84
660	27
1072	20
223	25
579	277
774	153
1461	385
228	58
2460	121
922	3
187	38
1044	56
291	120
117	14
1981	202
201	114
303	157
615	56
2847	11
2102	44
658	78
2834	340
1892	143
1472	277
4686	99
1954	52
279	1
509	906
2270	78
492	41
2543	29
192	77
1851	274
166	343
1417	50
2258	11
189	42
172	59
917	17
373	52
1182	83
1273	1
370	115
288	90
875	97
503	28
1636	65
2378	99
391	52
1204	54
1568	89
288	137
1180	21
117	219
663	107
588	66
167	30
427	37
205	86
539	74
135	76
2716	211
1475	60
2109	30
257	53
2023	3
3446	64
1214	123
963	494
1590	92
193	164
653	34
97	34
347	169
2996	77
105	175
1312	109
9928	237
1573	75
2516	15
96	29
1047	62
1796	87
435	88
684	192
1125	17
2748	15
2347	29
877	208
308	70
289	34
1245	27
495	73
1646	131
458	55
358	117
98	11
1179	123
749	318
883	62
1088	401
68	264
1391	81
645	33
95	139
4077	15
622	33
432	82
968	18
1108	148
689	9
951	5
1406	99
214	239
1541	63
209	134
86	24
2849	145
1022	272
391	481
1487	32
970	86
5091	129
350	50
433	41
1187	241
102	9
1252	80
91	56
229	5
1194	72
1138	37
2924	51
180	134
1357	10
1226	33
951	60
291	120
1357	113
2641	249
840	3
271	65
555	31
236	64
2612	21
1315	104
1157	55
2106	295
4116	76
135	264
170	69
871	165
2780	68
736	346
955	109
65	23
942	214
2825	32
3213	168
2661	201
751	291
1367	203
1012	47
546	89
852	88
856	45
1578	114
1439	201
353	241
753	67
556	91
3881	84
489	59
752	76
2688	40
737	426
81	202
304	309
134	176
1511	28
2170	307
2167	93
264	123
206	107
623	54
446	247
103	28
528	41
1670	249
869	253
589	21
477	85
510	77
534	223
167	188
348	96
1043	13
1112	23
734	207
422	184
971	2
1062	159
1780	45
931	244
1944	104
121	13
510	18
352	190
1589	139
1157	102
1633	20
2328	94
1316	3
1377	23
267	31
3374	493
296	170
177	281
644	75
338	50
753	82
539	157
992	15
209	25
543	5
1234	82
396	53
135	144
451	53
144	83
1209	161
568	17
1191	139
2230	24
539	117
187	141
313	40
2112	84
562	149
1104	116
1051	109
803	77
1032	174
600	73
1346	112
860	84
471	126
765	13
293	123
173	57
149	32
1055	15
3757	170
475	34
334	4
2102	52
1426	215
91	155
212	64
4368	132
506	18
1975	48
1471	16
635	52
316	44
539	43
2129	13
644	270
1569	65
256	57
1519	138
334	236
64	74
494	221
178	58
497	117
1726	29
2417	415
420	41
453	23
733	9
767	38
685	53
1823	325
229	74
703	71
510	150
2337	15
3500	110
131	45
240	235
160	178
421	160
169	111
1921	9
3333	75
1859	94
1144	14
2110	221
157	95
472	151
1632	14
590	6
656	128
1113	251
520	134
1438	59
1045	64
1993	94
116	210
548	369
116	34
113	57
1064	36
583	63
427	435
227	3
4073	81
270	18
449	134
430	10
866	126
222	41
226	41
1062	375
1830	41
1994	64
2574	56
901	54
2316	1
659	96
759	96
267	95
137	126
955	225
341	102
670	35
1502	42
2030	22
1674	58
2639	219
1020	25
1305	73
88	42
267	153
1460	61
454	49
2381	90
94	63
792	36
1060	322
536	23
573	113
2456	240
1299	43
342	56
1102	116
1137	136
2543	101
1010	32
329	155
733	55
371	63
541	38
364	47
541	79
2584	43
1404	24
1807	20
2089	206
1717	27
359	45
1882	92
910	143
461	128
2093	198
991	56
246	79
870	48
174	110
2636	57
446	42
156	11
1198	71
216	39
1906	3
3016	52
226	47
700	277
317	13
308	14
145	25
1675	144
264	59
1525	31
1834	54
608	65
2635	177
1718	5
1263	28
759	3
1400	172
1094	5
928	12
180	23
955	181
198	82
2825	166
606	158
823	129
90	34
158	1
3233	226
765	61
301	4
343	81
321	146
217	197
399	28
548	479
3550	188
1687	29
67	22
342	26
153	11
2667	13
176	152
1372	66
532	66
867	119
136	110
2498	151
739	302
313	184
49	19
2052	9
42	112
856	106
284	24
943	81
855	71
1116	32
344	19
1793	217
254	9
545	80
734	21
1697	77
1008	40
223	25
3494	45
835	42
1848	85
329	81
1456	117
460	168
158	72
2182	22
196	106
1357	83
327	3
2232	10
289	201
171	169
139	311
617	40
723	5
806	23
1542	10
919	31
1303	125
552	30
1618	118
805	160
298	13
172	77
1069	52
197	40
66	115
838	26
1616	111
116	11
172	218
721	258
2497	101
528	16
802	75
691	30
1792	43
160	20
207	191
1160	70
1256	55
682	44
1067	163
425	83
680	107
1249	87
508	54
1046	13
463	122
1526	353
1955	5
3491	13
950	18
845	163
4052	47
501	25
533	50
137	111
655	40
1214	70
2109	30
732	9
70	29
709	86
1126	16
456	68
699	154
1521	116
713	73
1291	189
2587	109
352	11
61	190
2368	53
2935	215
357	28
1115	32
830	114
346	140
657	26
158	154
997	67
416	37
270	336
1278	18
1686	149
326	7
181	195
1034	182
91	105
320	5
1179	3
516	168
271	89
749	199
42	61
2933	22
2489	55
3155	9
384	27
1340	113
618	105
433	292
117	21
893	2
4339	229
539	44
1687	62
468	150
465	90
1008	35
1416	277
2805	225
1014	12
2840	10
213	21
214	130
2089	175
886	19
1323	100
2662	3
1563	399
144	288
790	125
4061	114
2093	7
1266	24
1020	78
121	297
1001	183
968	7
570	101
2386	1
181	93
895	70
377	140
625	216
339	258
166	44
1435	72
1427	87
1246	115
165	162
806	49
680	31
1729	58
2139	216
712	130
883	341
1578	366
915	71
1734	25
1704	8
2622	74
946	10
117	69
930	74
325	26
1428	63
857	68
200	23
164	59
362	79
127	63
965	99
1771	33
1377	137
1319	25
1745	231
6685	138
3110	42
214	7
368	332
575	73
2077	591
1419	54
1893	90
395	303
2421	110
1365	47
2739	43
605	16
915	8
2761	59
353	118
1764	38
772	81
1209	201
897	25
3544	24
1070	15
660	41
378	144
1490	105
5190	166
339	31
297	58
2636	259
1710	103
215	176
332	81
300	2
1751	43
545	238
2908	188
2474	20
484	205
99	21
1286	131
543	84
1689	63
162	18
334	7
2854	118
503	121
1352	157
635	83
219	112
263	47
448	39
2090	16
285	151
1667	99
287	18
727	32
368	42
617	101
793	61
1523	54
170	70
1515	9
305	103
3333	163
146	26
1226	131
731	3
5740	95
258	4
1482	113
310	26
2549	94
123	192
671	94
600	292
1203	57
81	107
1078	43
774	20
844	184
958	31
1619	39
449	100
1098	30
121	12
525	6
353	114
76	180
182	7
1160	100
904	126
1271	182
3119	73
59	277
325	256
480	6
408	52
232	32
512	26
3095	47
590	205
768	195
192	39
1343	23
398	7
1036	83
151	2
908	2
707	19
1725	99
1472	119
1794	29
1842	55
77	67
2295	27
242	108
944	150
42	281
1580	2
1579	60
191	67
821	130
710	8
1178	88
1423	31
79	67
2324	9
626	391
496	36
405	110
604	13
300	208
453	84
74	95
1436	11
118	12
2384	81
548	30
713	23
128	24
2060	254
338	27
3359	116
1757	51
604	189
74	51
1519	49
2591	66
760	236
134	329
1276	74
1009	25
981	254
73	179
1743	116
806	18
666	26
731	55
12269	40
1599	7
2236	56
429	121
1153	6
1780	125
25	71
463	32
181	26
1519	22
349	859
708	104
1161	7
313	107
388	281
1271	81
742	35
971	186
281	91
644	149
2198	157
699	35
55	26
581	3
457	70
1612	93
201	244
604	64
77	79
1099	13
1915	361
2667	78
153	59
880	131
4237	144
54	468
223	37
1266	90
565	69
1407	49
710	159
212	85
90	10
568	2
57	48
77	61
1045	11
60	66
479	146
251	19
1186	49
1404	41
203	51
4191	128
242	250
620	241
821	198
1264	47
1205	74
260	42
502	8
216	85
1052	55
521	58
1650	120
4363	30
405	94
370	1
78	35
533	96
559	9
912	79
656	28
3200	95
258	17
575	45
291	13
205	28
2451	5
1905	266
946	88
94	139
670	13
3791	208
272	31
169	2
243	16
743	61
1859	131
1895	168
781	24
319	36
1365	17
2371	69
33	40
203	2
3230	8
150	300
469	12
1163	268
2166	13
1151	122
126	454
1053	60
341	33
195	168
514	5
4240	170
1061	137
1788	169
90	71
497	145
893	55
289	78
1574	253
1851	46
620	72
167	116
475	160
652	34
912	53
939	145
4425	54
705	62
1049	1
2199	23
468	6
2866	20
786	183
2857	107
1165	102
406	27
1372	130
622	146
47	58
1008	98
1590	33
566	139
3875	13
95	13
259	20
514	118
1865	41
464	99
499	25
2773	378
1080	92
731	4
134	65
624	174
875	236
1502	350
627	239
1475	96
2645	28
327	175
540	77
636	4
444	99
509	91
2010	118
563	139
3818	15
4095	73
4113	33
1776	31
952	385
156	76
463	342
651	222
397	180
342	118
2141	116
2939	191
2750	209
1717	36
1147	34
370	68
1883	567
932	198
400	25
1281	151
801	33
2940	43
1409	64
1338	24
530	23
6927	24
604	194
654	64
2121	26
981	71
956	370
3032	141
244	29
868	9
281	97
1156	22
392	87
50	119
100	361
621	11
3518	30
149	21
175	82
305	181
842	74
353	126
820	87
58	57
447	104
477	29
335	71
1526	42
3186	74
437	86
81	9
200	105
6556	181
1721	193
821	222
780	8
457	110
99	84
1898	47
758	14
1686	250
2355	74
2197	21
160	52
1542	107
512	2
1272	30
3228	111
555	192
985	287
1233	214
366	165
390	90
457	214
124	273
339	102
816	310
188	229
120	84
3055	88
603	18
1795	42
447	151
5941	7
448	470
1253	88
375	59
826	162
2025	14
321	248
1945	35
544	16
294	141
342	19
534	56
1456	136
1179	35
1452	112
1664	101
116	38
306	40
326	359
441	35
388	58
2609	225
452	116
65	89
396	94
1947	280
2108	275
1804	63
3267	43
1810	171
3403	87
1996	135
1071	240
783	69
667	31
4141	35
406	124
75	229
1810	130
279	135
590	48
2545	36
566	238
1409	133
594	22
511	49
2431	349
1305	64
749	188
274	49
1081	53
1041	50
907	14
618	53
649	102
1145	26
142	111
242	131
195	6
2057	3
1875	152
425	562
1150	181
441	3
608	40
577	103
116	54
616	39
1187	24
481	83
122	166
1329	174
1042	163
481	55
647	82
1861	104
1956	141
896	32
901	219
2029	41
122	4
3017	227
1944	56
467	32
80	65
763	72
430	35
3335	145
999	265
96	81
288	16
893	275
707	81
1131	189
62	15
1049	202
2158	104
948	140
1017	88
624	48
92	192
6268	18
1136	202
2026	65
188	27
87	500
980	217
81	120
2906	173
1641	56
297	10
265	162
147	48
1959	74
1429	19
722	70
60	18
837	89
150	3
96	49
691	220
405	48
2112	98
728	36
1600	8
182	233
329	617
776	5
86	24
643	114
593	520
1456	185
178	272
902	70
855	68
420	11
2999	274
861	6
5490	40
351	39
1357	168
399	71
142	167
568	9
1224	21
795	55
877	46
552	16
891	88
1819	154
889	49
624	197
593	231
133	113
564	106
149	28
1303	97
245	13
2070	43
1038	94
1568	51
599	88
227	73
974	199
899	16
734	31
291	32
1055	27
509	529
169	96
691	158
379	15
450	164
903	112
541	68
4577	9
1496	127
995	23
836	107
96	22
2844	7
603	17
229	90
84	103
915	58
1898	74
1090	138
317	6
947	233
81	107
619	173
1305	222
1116	197
745	137
1333	90
686	70
396	214
179	71
1056	25
157	63
3243	62
1827	65
687	25
1973	4
399	29
323	317
161	45
369	33
93	212
345	597
303	142
393	232
149	102
115	184
2513	8
689	9
481	172
109	8
1006	33
772	15
351	42
878	60
1517	59
264	35
873	400
1626	2
2602	41
208	6
299	37
567	74
1012	39
423	209
1221	17
160	61
81	16
2411	39
471	402
1034	87
1133	38
358	67
2512	17
182	21
395	145
684	44
361	65
2249	253
2194	108
1128	172
1507	132
2784	41
590	4
492	1
357	313
885	7
153	96
247	215
4148	38
340	180
780	150
6879	32
501	8
497	59
1286	306
335	57
705	38
168	9
2637	11
571	34
433	54
2170	21
404	116
1277	17
168	52
1258	28
2140	36
525	196
804	2
775	27
274	383
4560	96
2346	94
924	57
64	180
895	234
200	127
2785	70
1759	131
208	112
752	39
7382	64
302	72
1161	23
1655	9
1640	477
284	38
227	224
260	27
792	230
597	8
1254	61
752	92
70	28
302	110
263	300
766	51
540	34
207	147
524	52
1128	67
288	25
453	12
1139	86
892	11
371	53
615	47
4980	228
550	152
2357	8
1069	81
401	236
2027	17
668	158
490	106
681	33
46	14
626	46
223	230
727	8
233	161
1580	71
1298	71
498	178
255	11
74	35
3809	67
2427	65
789	320
1100	81
953	60
1906	24
1873	47
1800	93
843	205
2405	323
1031	135
1269	22
1083	6
277	224
712	33
76	39
63	54
2060	19
1231	57
968	71
740	105
1495	20
1088	35
657	127
338	77
955	116
69	54
218	161
566	321
657	12
154	77
3386	43
98	27
3375	148
2067	66
1424	193
261	92
667	42
1860	99
2206	15
478	36
1293	66
1078	21
1777	44
1365	357
61	77
374	127
725	16
1057	61
1197	6
881	6
1011	271
424	22
293	8
295	127
485	95
342	107
249	29
397	13
355	22
850	74
1228	131
243	65
404	3
511	32
185	34
255	66
389	28
2837	75
1202	105
1376	164
1200	30
624	219
578	184
984	186
721	263
1661	45
1190	26
1979	9
1982	62
1175	120
618	42
582	19
298	25
289	174
239	115
253	101
1325	12
517	99
79	23
1161	597
386	149
326	14
3831	161
2091	194
728	150
926	9
1132	193
1597	135
519	11
1138	164
1501	17
426	15
1268	72
1369	430
196	127
621	138
1359	26
419	33
77	124
175	40
2246	88
1253	15
704	65
969	148
1081	153
476	237
270	72
811	192
222	404
701	7
1137	205
213	46
618	47
697	16
947	279
621	12
1773	283
168	128
377	67
3260	14
760	457
401	180
140	7
549	5
2595	5
1681	114
367	199
1306	150
105	132
646	18
254	132
448	101
1034	46
1584	61
1933	21
163	50
676	179
281	164
2359	74
456	50
279	11
480	54
2588	27
787	101
658	30
1227	152
1388	439
60	31
383	34
1534	92
44	90
416	4
631	102
457	64
59	59
262	234
110	60
132	16
424	55
1558	6
714	176
3502	1
79	20
3165	40
474	162
195	186
222	313
699	5
1772	226
242	16
3030	142
1000	131
1731	247
655	23
1515	47
1186	14
733	63
705	24
1265	74
2391	160
482	82
5457	83
1126	241
529	4
1140	78
1292	252
546	49
232	99
630	217
1202	271
938	50
1720	281
2967	93
3647	107
74	65
1418	121
378	128
957	10
221	88
147	101
396	106
2498	104
2905	1
1385	198
3082	7
379	283
718	118
116	69
707	421
154	55
152	25
2611	25
892	136
2420	3
1635	137
748	238
141	4
1660	106
1336	85
459	45
247	61
1408	113
1556	145
1384	12
665	75
516	32
609	200
2024	43
99	189
1885	76
360	259
256	40
2112	33
101	10
454	102
1368	15
3729	47
566	2
207	183
367	133
92	104
512	37
3316	27
161	87
644	202
1184	39
389	45
403	44
350	111
1981	58
918	69
165	19
2431	11
1254	36
573	94
996	183
373	13
968	100
560	1
1143	95
4382	87
115	113
562	41
88	73
869	305
60	14
718	32
273	50
681	62
1287	77
245	137
930	220
525	22
5295	14
668	503
1967	307
1945	78
1304	175
2417	336
307	9
297	27
1023	178
587	201
664	87
1055	77
2870	280
710	2
2031	44
712	168
309	108
1798	38
2215	14
448	176
1215	143
128	70
476	6
3734	6
1775	31
1365	9
1304	1
431	98
1351	80
3084	3
447	96
1294	528
1368	173
1061	108
2138	64
167	4
322	17
325	88
2259	98
1334	123
1365	35
312	469
1363	126
592	10
1841	120
1188	89
1360	119
2398	76
721	181
299	10
3374	13
2174	17
3007	51
511	162
82	5
714	106
2730	51
942	371
173	128
140	134
1405	52
387	143
871	8
466	247
1229	67
1360	7
829	80
2302	24
1526	24
2984	19
1446	62
614	27
6349	122
1057	15
1001	89
3665	18
871	68
818	241
2667	27
2306	274
568	22
1356	41
120	171
1305	289
433	83
956	71
383	171
153	562
658	67
245	183
1166	14
627	12
1803	19
144	36
1357	161
1097	89
270	35
1134	26
1714	112
127	22
1656	57
1343	31
1058	62
1442	38
421	20
247	40
893	142
223	53
1197	19
667	122
248	156
1565	157
266	5
590	34
437	12
620	217
607	46
1103	126
558	47
1104	8
940	224
2140	204
950	32
506	40
118	229
523	154
238	231
527	161
267	11
5883	32
2534	58
877	63
1410	193
626	7
519	70
805	55
487	61
676	2
332	70
124	25
389	79
910	22
1676	34
1421	94
3801	30
2128	94
1431	85
180	67
128	28
450	356
1734	177
1072	128
2376	208
844	41
842	28
556	121
3341	169
3297	139
632	18
856	4
308	57
171	25
108	120
1167	54
2224	198
279	287
497	361
2095	403
235	195
444	42
1179	183
1064	23
125	147
1381	146
2881	111
408	84
498	254
775	9
1735	36
2480	5
1893	73
1135	235
1031	10
1327	19
757	18
1064	9
391	14
740	12
550	103
834	34
303	14
292	51
409	153
230	235
1351	23
165	75
62	332
2275	2
1997	38
2070	24
902	163
873	274
28	86
1282	32
1721	71
357	38
1638	49
441	152
793	8
282	47
427	137
637	21
485	79
720	109
2354	42
463	149
200	22
539	68
1596	163
335	6
239	4
1490	253
334	68
161	31
125	10
586	88
622	151
1140	278
1536	66
702	89
232	68
370	48
720	111
1205	170
1083	69
1035	24
2335	347
1573	407
1183	80
273	57
801	82
121	46
7124	82
2730	60
1466	107
2800	312
1001	43
478	59
339	66
849	143
399	57
133	38
204	177
561	104
791	79
390	16
963	177
1263	49
172	139
373	2
915	50
510	15
1507	35
502	1
1070	270
914	5
74	49
1472	104
437	22
861	153
184	77
617	166
850	48
694	27
1365	15
2975	31
2505	46
243	116
2168	39
105	99
692	159
216	2
389	68
1428	302
138	201
272	60
1223	206
636	6
1928	135
391	85
1386	218
673	183
778	77
511	90
1677	222
422	80
95	451
811	94
192	409
1740	71
313	36
1398	39
962	90
826	191
1284	439
54	116
1202	9
391	159
525	230
96	49
943	22
1089	306
436	35
324	118
635	136
1645	70
494	58
931	137
140	39
403	10
525	15
869	33
167	20
270	336
107	36
1587	125
955	145
654	162
1112	254
1587	33
1053	78
1975	10
1503	135
2655	7
501	79
597	66
140	59
378	138
1864	258
459	139
970	55
1192	53
1814	43
1057	100
774	23
1331	156
352	83
461	140
475	138
1241	12
421	337
2638	123
2157	108
351	75
482	8
1749	77
105	607
273	29
209	75
246	4
453	24
451	132
718	211
1553	17
1649	157
247	85
4695	121
181	46
1499	82
327	46
2096	206
130	53
1813	134
2924	212
55	8
110	157
522	111
1572	74
520	22
89	294
749	37
2881	80
3283	9
1304	27
1104	6
1065	34
770	328
3223	54
121	43
338	156
547	92
1152	53
708	13
3113	61
1533	115
2748	117
285	20
1789	87
622	206
129	77
374	10
325	117
1903	150
430	66
825	76
2151	343
704	132
543	35
349	81
2019	45
91	94
1417	3
1007	190
279	72
1699	3
132	39
58	284
795	36
2382	73
1283	33
187	88
515	201
555	32
482	8
1722	39
3551	164
923	109
2501	3
683	31
1615	76
885	29
2988	41
888	102
978	53
568	111
803	75
3404	167
1401	27
529	2
486	29
113	137
2238	11
1050	74
890	48
432	32
1565	14
977	139
80	39
2227	32
216	324
3809	209
741	36
399	203
194	32
931	9
538	16
574	133
410	64
1081	15
873	78
223	63
1763	21
152	61
1192	48
795	101
363	44
81	359
407	55
531	114
1344	101
242	208
839	15
758	125
219	88
302	67
1281	9
145	128
561	21
1759	96
314	88
305	37
4643	56
1267	192
195	139
334	43
150	68
402	105
719	28
1254	55
1638	10
378	14
1139	37
278	86
977	52
550	15
1722	14
1198	88
259	133
2404	19
194	89
176	71
1826	54
774	26
122	26
4212	28
1522	14
147	110
815	63
1360	17
1949	159
1310	131
791	44
111	27
524	78
61	141
80	21
587	1
573	22
1459	21
1411	3
60	43
1458	123
2059	101
123	168
902	92
742	21
269	65
2511	16
554	25
1986	20
542	291
1382	306
650	224
1344	60
626	131
341	9
1847	74
1753	61
315	88
2662	8
3822	72
1307	40
364	200
197	191
1950	208
182	124
1538	52
271	306
574	33
747	125
459	223
522	129
1348	19
222	62
466	4
284	119
3662	127
1055	115
556	30
129	42
951	28
2599	21
691	72
126	245
1413	288
2465	105
561	9
151	1
723	12
932	195
834	134
301	39
137	34
774	121
1038	109
548	186
1349	25
278	81
3746	100
987	126
150	42
1058	65
900	244
276	138
1887	151
271	21
975	77
1841	126
1727	25
666	46
927	92
1517	157
190	16
683	3
775	171
2200	17
356	65
746	136
409	3
662	9
1341	48
991	130
182	140
166	105
958	82
239	106
2055	56
2375	25
926	112
377	72
483	126
345	3
82	69
2991	310
427	41
107	24
262	95
1878	44
2371	15
1477	280
591	21
1520	258
426	15
348	12
1341	121
1165	116
410	192
1761	237
797	45
1214	63
1968	106
199	35
4083	107
4393	245
602	190
1315	126
566	238
1089	20
1851	7
1060	97
925	66
374	39
195	12
1554	100
624	113
224	106
349	182
783	21
1288	316
107	56
1430	34
3146	7
196	43
2732	8
809	60
425	76
1416	49
533	266
529	121
447	132
828	19
79	4
3814	70
1220	4
1155	2
512	245
691	108
815	130
1370	42
2721	83
421	202
459	247
804	55
1885	21
1713	1
1904	57
487	4
1363	165
534	102
711	1
1109	229
556	66
92	11
365	18
513	112
1198	192
1257	72
188	15
3132	259
1479	65
1135	65
1519	17
1372	687
229	37
1494	87
2770	4
301	228
477	19
308	105
1334	153
660	43
1495	14
1655	31
838	156
3224	38
668	151
218	53
372	52
43	74
102	223
3815	21
520	22
1285	91
402	177
839	64
940	218
154	133
801	47
676	13
1840	13
3607	20
311	43
269	272
1009	46
421	128
1594	57
711	47
1362	4
156	46
811	7
1589	81
1594	41
2130	58
211	236
1226	83
210	136
209	103
2582	13
3429	25
3812	197
102	14
117	26
482	111
1065	37
732	1
1333	116
1637	67
189	15
3994	69
1484	41
66	121
886	53
469	16
190	197
992	8
65	19
1085	297
2314	3
255	309
1045	14
2368	2
458	133
1712	37
461	98
448	48
564	91
911	46
1927	87
345	150
1723	70
153	133
280	291
240	247
732	58
89	135
96	11
1486	60
1498	47
2177	515
818	59
637	2
209	7
368	36
1082	7
440	184
246	105
1116	83
481	77
505	35
338	330
852	54
132	48
167	38
1864	21
828	159
367	8
245	10
1802	40
162	102
666	146
128	345
1063	4
118	10
480	38
246	66
2257	3
649	36
1944	41
297	450
223	73
1441	110
2698	37
1391	29
415	137
3555	3
330	84
96	18
378	80
4913	17
869	85
718	215
1780	162
254	61
703	73
2385	23
1077	32
939	114
764	140
1352	54
2516	68
474	12
229	32
107	151
1549	21
800	17
585	131
386	186
3622	24
1737	132
113	3
1359	28
4069	30
469	41
960	165
223	18
1604	29
721	84
2839	182
1158	36
823	405
373	221
611	240
531	5
150	5
333	72
2617	137
337	119
86	13
3193	64
432	387
2452	109
3650	97
268	59
2602	64
599	292
722	174
552	7
472	42
113	128
1992	200
281	103
307	144
243	30
2919	197
128	59
72	33
125	293
2650	223
1197	3
149	225
130	6
1097	60
701	236
613	57
2264	53
541	55
1754	32
671	69
1346	7
1189	108
1634	46
449	410
969	17
721	343
660	111
902	70
474	52
802	154
1218	73
269	10
945	119
321	28
1391	42
1446	14
1727	30
1929	101
2354	77
780	13
258	46
338	241
1248	56
379	459
849	30
888	93
285	181
290	138
599	164
680	11
1744	84
5097	12
258	30
624	15
1518	200
421	75
1535	46
3009	4
652	118
1324	35
1018	118
1051	423
293	87
386	98
129	79
413	71
280	25
1947	16
973	79
161	81
1821	90
3428	225
323	245
94	68
3459	10
251	206
380	45
1051	235
676	26
2049	21
84	17
867	151
63	32
429	10
545	139
383	82
192	347
1185	69
1260	8
613	7
2456	101
1328	91
2332	104
581	47
1247	92
1214	378
1529	9
56	217
621	2
515	62
377	47
684	65
1087	363
171	35
493	75
441	66
2559	18
616	76
264	19
3592	146
490	74
622	42
174	78
389	10
406	202
2235	68
2468	9
203	38
681	90
269	31
1838	231
757	36
2112	82
558	28
789	83
749	52
2007	99
851	211
606	8
1409	23
2126	37
201	4
1079	85
616	41
197	146
549	116
1081	189
114	87
1069	64
829	7
281	24
527	76
3086	3
297	299
143	32
177	118
208	110
1115	151
49	98
243	220
192	32
2304	72
1420	398
1114	334
204	48
1061	91
1458	161
454	69
391	67
218	22
4695	24
281	16
831	91
72	164
401	67
214	120
1521	320
431	111
466	47
403	66
2496	58
1937	224
3513	318
281	14
352	75
4841	46
3005	52
545	7
2472	58
1153	129
1229	1
1741	373
714	101
568	39
1123	118
52	6
188	124
5106	89
2121	3
107	204
796	99
311	16
219	105
119	31
1857	4
649	418
683	32
615	116
720	128
726	144
2630	38
114	8
1059	29
243	72
42	50
373	93
291	130
1339	200
995	70
3692	250
221	75
710	14
1802	2
3668	90
1192	106
42	1
417	1
82	16
2872	29
331	66
1070	56
434	121
3224	81
1888	97
974	1
798	389
774	216
193	9
2305	8
1542	89
1205	149
2156	460
1078	73
411	65
58	127
211	18
908	114
907	12
338	112
846	62
3675	100
693	29
193	120
1258	133
504	77
682	90
310	123
926	211
926	172
1123	280
516	42
2236	101
115	120
890	7
2898	5
2110	47
206	263
257	230
465	103
570	4
163	86
97	21
750	118
351	34
1706	18
225	18
671	54
1884	88
61	154
141	18
2078	288
2213	101
123	356
3781	81
863	204
1124	39
242	63
1645	30
244	203
237	676
484	109
193	405
4423	85
1316	104
5154	6
465	63
1255	85
420	82
59	2
1378	131
154	84
1286	184
219	14
1354	117
485	282
833	179
5080	91
817	46
1752	57
949	110
294	29
2128	251
902	42
249	101
53	190
262	162
1198	322
733	15
3068	90
1113	124
710	26
1295	88
918	66
161	18
846	236
520	44
1045	27
2518	22
307	21
551	211
585	51
1020	71
918	91
979	150
1918	222
226	22
2208	26
329	29
1471	8
399	86
1569	101
1623	4
244	2
1669	148
671	27
1512	14
178	33
301	76
468	170
1633	281
1221	292
1344	195
246	22
338	65
283	11
1325	137
91	75
896	292
1312	112
1434	30
245	6
1975	3
217	169
1044	4
491	57
259	143
210	54
3850	283
458	8
1162	90
999	200
381	71
972	388
2006	109
559	19
321	72
175	43
872	237
1155	116
761	157
264	25
415	84
3495	9
330	33
49	53
636	59
1068	405
1895	120
150	44
734	44
3333	8
187	78
1629	93
271	25
3767	2
1225	75
907	42
1382	13
742	41
418	111
821	50
107	15
1147	104
639	134
279	113
1752	82
60	85
1506	43
181	90
905	13
153	35
3100	107
349	49
1110	40
834	10
1287	1
1584	90
2635	52
3095	207
1778	115
3967	121
1113	152
555	107
461	53
778	209
265	76
1035	18
451	31
1493	30
252	169
1783	34
899	23
336	302
109	42
1629	16
3849	79
497	166
517	6
935	147
1246	150
302	39
1181	206
553	168
1837	130
87	112
728	51
3988	97
5271	46
671	68
2433	128
325	82
178	410
2684	163
3070	30
439	153
316	19
3481	195
418	65
87	102
1616	65
102	171
610	51
460	17
3108	4
1244	18
520	92
388	263
1630	112
88	351
574	13
1231	16
947	84
2195	17
318	64
80	17
1114	54
796	164
533	399
513	319
1480	177
177	87
401	9
929	38
1420	189
903	26
2423	144
978	319
565	51
1389	77
790	265
253	207
373	12
694	13
752	77
1397	53
277	159
746	27
178	92
2450	1
219	269
282	46
170	276
2320	81
1054	92
436	61
131	110
2407	72
1523	8
496	93
1508	132
216	130
2423	86
216	53
1679	282
1060	34
292	29
97	35
1550	145
937	22
1230	27
1312	54
637	57
109	263
887	117
400	84
1578	74
525	28
1228	177
121	26
2844	40
431	118
1753	2
84	31
572	129
169	131
443	1
293	543
892	206
204	196
123	134
185	59
395	143
311	74
705	335
1255	125
939	113
644	117
763	29
505	86
932	253
1359	6
209	141
159	198
614	65
130	118
85	136
1259	38
204	265
911	99
596	78
3454	46
392	32
470	35
3276	207
2702	340
2137	129
251	19
365	26
601	98
543	44
672	113
1077	348
515	118
4713	102
2145	43
1746	1
39	32
739	2
2167	52
814	120
362	13
369	87
1311	190
1221	134
2688	98
626	26
1013	81
2589	16
140	226
931	44
1480	36
1272	75
508	168
654	121
1467	27
276	187
412	36
358	79
706	80
1085	106
203	48
2283	14
102	54
605	103
234	59
386	9
496	125
473	31
319	85
1162	100
90	4
891	295
1309	10
261	107
632	36
148	170
999	5
333	74
326	215
992	131
595	475
2595	17
4099	14
364	99
192	131
72	59
1203	74
290	68
797	21
684	7
167	56
660	36
526	187
1509	145
2485	156
1787	35
1846	282
1268	449
180	162
673	10
55	26
294	51
531	24
2459	62
852	25
658	156
580	1
1135	27
2042	92
1040	186
2298	8
698	103
337	42
267	63
455	27
58	56
86	112
668	86
1644	156
1118	65
221	163
1828	439
123	182
745	119
1301	31
403	95
1144	195
1561	73
222	134
2163	21
2248	168
2855	44
1900	439
1148	167
1230	76
209	625
5132	102
1117	89
1072	11
655	9
1392	66
2000	12
952	82
1303	93
1196	26
1530	62
686	12
456	53
174	108
774	131
240	79
1322	94
98	86
168	65
887	1
374	3
1848	48
2337	6
377	203
1005	45
1038	179
1740	641
230	93
2064	25
867	69
318	311
126	69
1739	235
4035	2
107	70
1407	63
1449	177
1617	197
2146	188
923	100
1127	61
692	15
650	51
1290	33
1070	49
1590	26
1059	12
670	36
4756	42
1830	108
1286	283
308	25
3598	109
301	61
567	117
1527	5
1650	44
280	30
73	33
633	14
338	24
240	2
533	192
730	72
774	112
1256	112
127	56
479	209
1009	124
255	219
2813	17
1087	180
173	380
1726	90
299	140
265	21
54	55
379	125
89	78
101	2
622	13
458	40
646	147
1818	102
1086	163
263	62
1505	87
299	23
1630	1
3539	322
1742	17
70	86
260	92
630	10
3299	217
536	219
130	301
1156	39
383	161
647	33
4918	53
3244	17
170	368
1026	88
60	209
2464	134
1386	51
230	105
2864	104
476	99
736	61
467	61
827	341
70	127
517	240
1551	5
259	313
271	119
1018	143
2200	418
2038	29
740	106
2877	8
222	26
5545	79
246	72
2553	153
2594	51
616	176
1085	138
632	47
1343	9
2809	82
1839	34
1003	120
498	96
803	40
1717	31
584	105
117	31
138	15
920	138
46	78
362	39
1881	33
353	38
1613	107
351	61
473	10
2603	54
490	22
103	125
449	84
1423	140
134	75
1676	35
709	92
379	23
164	82
112	150
119	15
635	16
333	13
1534	78
630	39
181	64
2993	65
275	68
912	320
1832	13
3288	28
960	113
302	226
308	110
1486	56
1182	42
302	236
2113	48
797	162
572	113
391	25
1235	157
388	34
258	4
48	193
186	10
268	6
337	141
202	79
1025	94
1534	51
1776	18
156	186
1312	24
778	326
1146	19
189	3
175	72
2095	131
275	281
2146	197
1950	117
381	62
357	132
385	112
784	82
80	50
490	18
1726	108
622	3
814	35
1626	16
779	151
144	4
1806	66
152	11
884	50
281	69
842	149
236	58
337	26
270	96
2948	7
283	168
503	1
838	199
1953	50
199	41
1946	90
4442	63
447	6
513	53
103	91
2762	2
808	8
1460	43
140	82
749	4
747	48
1415	12
127	11
389	16
749	55
346	15
93	46
291	65
89	285
86	397
2298	43
648	20
1209	9
654	51
2182	27
119	278
1582	43
229	86
392	87
613	488
517	2
625	28
167	349
1474	41
504	48
546	100
2156	30
644	180
621	128
2785	32
2423	94
86	82
2631	59
308	3
932	129
625	6
2015	17
132	20
917	145
1015	3
972	29
57	364
1226	74
53	97
999	69
89	86
929	97
127	81
1104	92
70	30
60	95
1187	57
1152	85
714	297
509	146
423	5
1241	9
567	16
1288	234
107	18
694	32
384	180
2023	130
2112	23
108	28
1180	55
244	38
456	246
1311	36
1345	86
467	52
770	348
75	84
2193	11
1139	252
473	11
63	186
1035	137
2408	18
2692	44
476	69
1022	81
367	22
617	267
97	25
214	45
1135	8
1142	68
1009	327
1545	59
322	314
150	59
1187	213
322	58
1303	44
107	174
719	179
656	449
2590	18
422	55
2092	154
544	57
3910	100
516	60
277	67
605	6
836	172
369	122
3001	54
3730	343
2341	121
676	31
50	126
826	101
68	111
1074	14
350	35
385	47
143	174
983	143
2261	212
702	140
430	121
788	65
542	133
904	27
602	47
1285	19
248	14
388	92
2878	129
128	50
1421	83
1154	366
221	565
897	466
64	131
1063	110
3251	41
289	206
1452	82
1321	49
423	5
301	20
1235	118
701	62
1487	23
2100	10
603	165
158	33
69	159
1962	7
744	29
927	34
939	149
1740	173
888	258
904	113
196	179
430	12
643	155
4320	62
1163	183
125	130
243	109
831	9
491	321
616	41
507	178
231	55
497	183
231	142
2135	109
361	145
2057	166
84	81
614	23
308	31
1358	205
699	307
733	76
1004	78
461	56
1372	245
275	48
2321	503
1633	66
2938	141
395	33
1121	10
583	25
1500	28
1471	76
307	100
254	169
1100	23
167	157
911	8
50	82
440	50
1855	84
2256	99
1723	108
1379	375
95	56
1002	143
121	148
393	27
957	48
601	43
2499	75
1306	274
3882	106
360	22
1909	170
1177	75
1545	3
737	101
655	7
529	162
1355	206
5186	1
414	71
1099	31
135	59
1105	1
1920	109
1324	397
2061	105
1342	293
1065	17
642	5
2465	454
1724	63
491	43
1462	166
433	3
979	108
137	195
1190	2
1057	94
1504	14
289	202
152	31
420	14
820	20
850	50
431	48
121	52
658	56
1353	126
621	280
343	1
2901	39
237	245
1154	107
1741	113
968	108
948	245
311	1
139	133
120	63
1837	260
523	125
371	13
1899	71
1238	91
2399	59
727	6
1157	71
669	70
680	121
1990	83
620	225
439	187
691	72
736	33
528	249
441	94
1738	227
259	356
212	147
1342	61
282	9
126	29
1824	10
3479	170
3283	362
2059	14
554	52
295	324
508	128
154	46
149	6
1630	30
548	101
1175	40
915	10
2122	56
100	41
472	20
504	28
1762	6
146	46
451	45
595	84
307	37
653	132
314	72
1974	8
1004	66
592	5
1182	56
690	26
1448	51
164	44
1234	12
391	78
895	99
2337	19
3776	37
88	316
514	26
944	35
197	168
557	21
1322	10
736	29
771	4
509	32
390	66
1805	214
1440	91
3874	77
578	110
453	128
636	86
1144	278
997	100
139	17
229	285
224	407
1557	256
327	37
1577	145
705	37
350	9
233	2
691	90
356	62
698	115
521	49
389	176
2142	367
1762	98
1032	53
283	62
2867	100
757	98
324	150
586	409
324	201
2195	47
733	164
1129	266
579	20
420	9
139	21
4285	25
162	145
341	19
841	279
2933	211
1872	57
993	148
1929	14
646	13
287	78
3802	547
2617	20
649	10
419	46
861	219
527	75
7706	7
77	151
132	37
1261	24
748	125
243	138
1671	29
296	26
292	11
3022	172
90	123
669	58
2528	61
277	161
2791	16
1196	61
60	45
191	146
213	58
2011	7
675	19
3956	163
570	22
2303	70
1150	18
1005	203
1739	81
783	361
4892	12
3248	143
748	27
842	20
2223	205
282	87
804	181
1524	67
1419	41
552	13
868	87
1094	126
1207	112
671	128
1687	308
195	12
858	1
488	5
628	85
2096	357
868	82
2464	199
1544	269
446	35
94	147
518	65
560	531
463	159
824	45
993	15
1961	19
2804	34
822	54
996	294
588	33
490	13
1257	136
1047	108
447	32
71	26
1115	107
2549	66
1512	19
438	18
168	101
100	39
397	13
2003	46
1002	150
799	135
252	266
613	30
457	134
1885	57
1330	41
1744	142
1493	123
336	254
328	10
337	53
614	216
1365	22
1706	148
1449	109
1643	37
501	239
249	22
574	17
1861	69
1103	162
3849	14
1965	77
823	110
99	72
217	1
2213	218
746	55
186	322
319	137
3495	90
244	554
2467	92
408	103
212	40
119	75
182	59
1735	34
1648	66
690	24
118	60
210	475
296	103
949	3
918	32
2272	1
165	185
1242	170
544	17
800	35
492	10
3039	43
143	97
737	13
115	21
987	67
231	135
2238	209
367	192
919	49
3218	61
176	23
2432	108
1744	57
320	76
988	6
1012	386
1069	52
726	76
1083	43
370	120
572	184
494	1
3084	94
370	159
1376	18
408	49
102	116
1663	134
153	25
991	124
1384	47
953	123
1113	7
171	48
1790	133
827	50
1807	122
280	95
1086	16
2720	30
111	204
3024	84
2754	48
555	95
782	33
791	127
246	68
866	102
951	94
314	6
140	58
644	26
422	198
131	257
481	142
1120	44
596	89
1022	5
1722	21
2759	79
826	21
439	24
1007	157
311	81
590	57
3498	255
378	6
1277	38
189	35
2022	4
1398	337
211	24
463	165
1716	26
687	10
1303	29
4131	37
1968	133
151	5
152	29
967	1
885	59
2494	194
89	1
112	19
383	183
761	131
567	90
1465	168
566	156
864	15
374	28
1209	43
708	17
189	86
160	8
1166	9
380	256
1889	53
1708	193
3539	28
419	78
499	54
583	5
2135	75
751	386
194	22
964	59
704	80
113	56
1019	25
700	109
2394	85
249	60
4758	104
937	50
1019	179
1380	73
943	215
3626	215
1125	82
6618	55
464	80
1456	25
1358	77
197	130
394	149
1012	322
704	26
326	4
604	72
407	14
642	106
4457	28
1514	92
1364	148
184	100
1023	139
2018	53
1902	38
300	285
381	87
874	23
138	50
2962	35
641	6
1510	116
1851	3
575	22
98	253
379	189
340	79
635	2
146	102
1915	7
375	54
749	151
485	128
931	2
177	4
355	9
1354	16
1037	1
151	344
495	122
857	20
376	544
1263	54
2515	11
424	24
405	349
657	65
1821	104
1706	87
1555	259
3043	79
549	147
300	90
1842	19
1400	23
890	129
1232	272
752	76
2615	10
989	41
79	34
543	29
2025	108
1236	16
781	78
1526	3
330	4
660	67
801	272
1131	26
3032	29
752	218
1595	35
55	2
331	288
979	183
1798	120
1694	92
89	107
2034	10
822	123
396	250
463	129
1216	2
872	112
54	85
172	145
956	104
446	10
3775	69
1442	8
435	218
2075	39
2158	47
183	48
106	61
2105	131
469	111
267	275
2652	16
177	1
2968	22
2255	41
329	9
421	30
945	148
225	270
171	72
2283	110
1603	1288
1432	221
278	87
366	66
1405	7
172	202
2215	10
114	55
704	113
186	684
684	33
425	18
951	121
366	174
139	19
2233	204
1059	58
449	40
801	461
358	45
655	20
3705	154
354	314
477	116
754	102
117	42
888	63
75	206
594	55
3466	208
1251	76
964	54
2559	41
173	155
326	75
585	213
3875	126
875	204
775	594
206	28
981	125
1364	164
1317	179
3249	187
878	485
496	199
3332	26
648	77
77	323
421	228
2547	34
281	53
1168	13
418	8
1154	474
2480	43
1146	27
2907	16
355	29
127	55
2986	64
757	20
309	127
229	88
1963	74
1365	105
232	173
175	101
470	60
606	37
224	66
2357	23
1326	33
633	17
130	195
439	161
667	89
2131	8
509	17
1573	34
784	259
912	3
1436	410
110	11
903	6
2204	16
1426	121
699	86
238	65
416	16
2229	82
3338	106
222	36
840	78
676	10
197	134
495	314
361	310
1332	9
1354	7
2241	34
570	138
1357	154
971	154
904	6
657	7
491	45
308	187
1187	97
1536	318
643	30
264	218
289	345
1262	34
905	27
115	4
627	217
843	84
1077	71
1074	30
757	61
865	97
161	30
1393	291
879	43
196	187
1802	42
232	27
444	22
1694	95
361	263
2707	42
1498	160
603	60
482	116
713	31
1549	9
774	95
1858	34
550	5
556	3
522	59
856	22
1246	7
167	49
1418	108
1167	47
2410	30
704	11
542	2
301	7
1901	67
196	45
180	42
406	68
637	158
675	73
84	103
1463	50
301	30
485	23
682	92
348	242
138	61
1405	103
839	69
2995	172
634	136
3337	43
763	43
336	7
581	31
1400	80
1786	37
536	108
1760	193
530	3
766	164
544	45
1596	44
158	170
164	65
1346	53
2396	94
178	224
378	6
2602	54
1590	138
1801	193
725	321
184	58
46	97
2048	123
243	40
709	105
3040	110
498	93
439	67
995	238
678	5
2661	129
266	1
95	50
4248	7
354	181
765	244
1594	17
135	243
2971	96
1247	207
1642	34
762	19
804	33
405	52
953	33
209	21
1514	158
544	159
1150	131
1150	8
651	14
268	21
1777	122
870	96
493	41
1821	25
421	57
291	140
285	118
2527	118
1138	75
372	5
644	32
269	324
147	73
1790	31
1611	132
2939	6
671	449
1410	57
2912	16
608	14
700	60
1017	78
53	76
920	69
900	24
375	194
805	56
146	136
986	63
200	63
465	514
728	261
644	33
361	10
310	277
491	148
625	1
231	9
263	36
1815	165
2135	37
483	72
751	251
1548	235
113	29
389	96
1760	76
1151	93
887	74
166	140
853	39
546	33
1075	121
1319	19
88	47
162	132
324	45
294	76
997	202
979	14
529	92
2352	319
1161	18
2038	23
504	11
119	182
618	54
415	13
1952	88
1548	208
2882	243
201	239
304	208
697	16
2482	144
735	197
113	12
1082	204
558	53
2493	76
532	40
996	58
1280	13
1884	165
102	1
82	20
350	174
1308	46
1345	41
195	26
472	147
51	103
1671	13
279	543
317	27
3484	18
279	13
354	91
119	177
477	28
559	39
703	86
138	446
605	61
197	92
354	217
153	55
1937	295
1621	154
1395	34
904	557
753	25
3379	78
1843	171
864	81
1138	34
3728	32
1414	22
2291	98
374	1
625	154
714	1
1243	85
1178	33
851	29
609	628
175	47
229	43
1473	131
1272	26
1969	9
2960	71
181	230
440	113
1503	106
1587	7
2027	327
2343	69
685	245
446	53
4065	174
2482	5
94	5
3029	55
781	178
415	291
1067	44
677	35
339	231
373	22
468	184
1005	66
985	194
753	30
421	21
633	145
127	107
430	117
1617	113
362	85
293	37
68	98
265	119
1599	54
969	159
984	61
359	197
353	27
493	56
349	4
1644	29
482	125
3889	5
1101	42
411	26
937	23
663	24
237	14
423	96
819	51
664	4
1402	4
919	44
52	376
1240	128
2343	174
214	106
49	35
2338	257
1669	226
944	47
184	80
1709	141
1570	36
137	62
303	73
902	18
481	111
1167	277
188	145
125	84
1507	186
419	87
795	6
198	8
373	126
1384	179
1707	89
1428	66
103	123
394	284
1586	21
533	155
1911	22
904	97
838	36
944	43
1106	70
1693	31
489	125
4708	53
3535	60
2758	21
217	72
526	11
463	40
311	82
1315	43
995	79
801	147
257	16
1236	45
1033	69
115	82
593	108
264	42
963	77
603	42
715	115
150	124
2270	58
539	15
171	3
140	231
2940	307
311	63
270	726
283	26
1932	61
394	36
281	311
377	69
825	43
1889	10
1802	122
562	30
404	63
565	222
1219	114
1527	136
773	72
300	39
1508	115
342	174
806	233
615	270
57	16
151	87
498	273
2540	127
375	165
2723	116
101	9
1900	54
573	85
1337	110
356	145
394	226
539	101
1075	72
627	61
356	22
788	118
973	2
2856	86
370	136
373	26
358	140
590	11
588	7
1743	143
49	89
132	97
896	294
1907	205
517	99
240	186
1519	317
941	80
1680	10
465	3
2772	117
767	11
1432	205
276	114
567	39
361	48
732	6
142	144
996	30
3223	20
2269	162
105	13
677	58
148	44
798	19
2620	14
258	25
1591	97
332	86
105	223
1570	83
272	125
2045	209
379	34
1880	176
233	54
242	55
612	247
553	30
289	145
2282	241
129	94
2104	41
248	52
1724	1
827	52
1770	161
239	24
2463	143
1322	76
770	190
804	27
359	11
839	28
3452	101
54	253
380	60
1733	27
144	40
1502	25
1094	4
1801	106
1547	75
80	68
623	74
529	155
2737	267
343	49
704	116
107	49
2302	178
2071	42
1951	24
617	209
733	24
1138	17
318	20
520	14
161	58
114	96
1119	25
278	10
975	243
375	25
2163	300
1493	94
1525	614
375	47
977	34
1331	48
3058	25
69	50
702	98
142	43
339	164
442	84
2285	260
1757	160
138	84
56	169
441	12
95	261
218	111
126	608
993	93
2157	324
931	26
1139	7
1707	131
330	294
1013	40
122	152
1353	142
45	225
495	104
1446	116
454	61
1637	191
452	5
924	137
1014	66
412	59
1070	127
58	226
2126	17
409	40
683	203
105	57
349	65
425	30
403	24
1610	24
1711	22
1422	180
3360	130
933	33
1462	48
437	253
1182	1
522	5
2312	63
301	72
817	90
1287	157
127	74
433	71
611	223
582	360
98	389
2552	15
298	1
1452	46
1471	45
146	91
182	9
142	25
1191	5
166	6
874	197
333	74
2412	39
2491	112
1180	262
91	50
128	20
740	138
2504	35
909	13
703	224
1297	125
299	351
224	7
831	72
991	177
1046	238
1224	31
585	18
100	14
487	143
1551	163
132	7
613	20
1438	2
1113	187
99	29
1469	342
722	53
849	42
137	38
348	111
190	101
53	83
270	80
95	329
75	63
249	260
1165	171
1561	432
603	27
624	19
3202	88
2743	86
868	66
235	5
2251	22
109	28
355	88
1393	106
119	121
48	104
1521	6
2046	483
460	139
350	2
3281	22
826	267
157	85
1849	27
1723	485
851	8
2867	140
584	36
1770	43
538	34
690	185
429	4
1630	158
1259	21
1017	413
307	35
840	117
1817	216
1548	73
2809	117
572	195
3171	8
443	36
138	216
2417	143
763	36
222	115
548	215
406	91
138	1
168	7
543	98
624	174
71	92
2547	20
850	30
1008	135
311	132
2406	22
636	24
146	35
1677	26
4340	34
403	423
1237	249
351	224
694	86
1320	100
794	2
395	34
721	133
485	21
2400	26
913	97
1617	49
268	44
475	120
588	80
2980	31
124	150
1412	83
525	38
2067	31
1990	74
1302	36
1695	3
292	15
1949	230
788	3
521	131
854	22
497	250
819	198
360	128
185	104
324	11
377	14
168	159
450	122
1752	158
1469	85
647	74
129	97
204	39
313	8
118	12
428	82
234	75
469	174
1056	135
244	52
106	42
98	34
1124	67
1208	177
1423	23
362	70
1717	34
879	189
2270	140
1982	53
382	1
142	160
1109	28
810	82
870	176
1434	49
982	69
348	286
153	139
1180	13
303	127
1340	150
704	68
1257	47
947	73
387	229
1022	70
958	86
1299	1
209	67
2001	194
139	17
742	3
1488	33
608	84
1174	34
972	7
2924	183
400	299
1967	18
2676	82
1984	105
667	147
653	270
1791	58
446	205
2440	24
280	123
548	12
1707	5
1446	176
434	115
1467	80
744	434
1211	24
1085	196
230	183
396	57
2431	246
193	30
164	442
330	123
82	109
1105	8
1814	266
1475	46
2228	60
1382	51
840	38
157	20
1246	295
736	572
550	3
270	19
1705	45
302	361
2991	115
121	33
1151	16
366	130
121	21
358	37
1964	24
96	39
819	35
865	105
825	156
2834	391
1273	204
3241	111
627	513
748	136
181	68
1234	28
78	348
969	26
1105	307
653	128
445	178
1611	156
108	6
202	132
1599	69
236	15
78	260
1833	97
4812	13
77	209
563	226
104	33
5563	83
129	90
322	220
796	188
2850	61
1295	33
334	36
1066	120
1048	164
6643	153
1396	173
310	21
501	118
1103	109
158	63
244	14
618	50
1125	239
222	111
1375	98
586	74
1191	221
1575	24
208	357
6538	130
248	143
289	314
302	108
132	85
370	482
750	197
1594	89
895	45
415	119
485	54
380	16
45	191
2050	215
282	107
392	628
433	18
848	121
197	98
1030	28
464	13
558	298
738	186
55	139
500	259
420	168
3106	117
577	11
2971	38
201	78
2563	14
1122	95
2217	34
56	68
1366	26
190	24
4854	56
2113	20
924	25
92	98
151	29
330	16
2623	31
469	106
572	147
119	15
392	261
682	142
2187	18
295	46
1325	118
923	77
325	92
266	122
2303	178
307	70
1035	68
225	15
260	4
396	1
829	11
967	34
564	61
1290	57
333	29
2162	2
2004	5
202	376
704	170
549	256
635	137
258	125
647	229
1367	28
2985	123
1935	289
1750	320
474	90
249	73
664	8
3474	1
237	22
4548	17
762	82
352	186
431	10
1215	12
286	107
684	169
304	9
930	17
4352	55
653	215
386	141
2118	50
181	119
15968	160
2494	35
751	70
2197	180
1147	100
307	43
856	29
426	33
1388	50
253	57
1337	277
318	22
1017	203
2380	25
2266	21
1412	7
420	125
1355	10
686	88
513	51
1217	20
1898	180
818	239
549	70
300	38
279	160
977	65
1386	60
940	38
499	102
1091	170
180	198
299	74
86	27
1066	144
331	7
2261	233
351	163
841	432
4009	13
837	16
195	139
2369	156
3447	5
1015	29
939	157
517	67
3221	310
226	5
1168	292
497	35
1657	16
920	31
1012	9
330	94
477	7
255	160
587	303
171	91
1299	40
445	121
184	25
1804	64
2628	12
199	44
73	30
356	29
930	6
548	56
181	4
226	3
2974	128
406	149
790	76
2203	58
1319	61
829	21
1013	126
526	13
2176	233
822	34
4060	3
1338	23
448	194
200	232
882	342
269	19
880	79
1198	4
2539	14
1134	139
1067	108
586	29
812	2
323	47
552	90
238	202
899	89
616	68
642	150
1621	79
3622	1
2796	20
3834	51
1336	23
525	35
68	18
2701	24
628	46
1845	63
1461	79
2519	147
481	87
1105	239
250	77
533	189
1643	23
899	98
940	74
229	58
655	17
1629	24
643	62
1767	29
915	33
351	63
237	294
1159	36
2047	305
926	25
1378	138
1820	155
402	15
1189	56
1294	149
1638	169
875	144
812	164
465	42
1193	118
407	53
480	25
435	164
187	153
1455	100
4607	31
621	106
280	77
2197	79
643	175
181	354
4004	12
1310	121
284	2
764	115
124	221
1729	52
189	107
244	117
413	104
591	70
957	371
839	14
271	124
2919	122
698	54
3084	23
197	176
68	269
637	266
424	149
1350	17
373	43
1107	5
300	103
68	649
1183	414
3252	55
3588	125
891	62
3432	47
1524	54
2882	302
1081	92
3278	100
320	141
260	246
717	36
3579	22
542	66
761	60
1436	104
1048	7
1939	10
1793	6
610	171
824	81
588	227
344	148
1154	39
207	98
294	76
313	6
2855	92
957	123
2299	45
496	180
252	4
2183	36
383	394
829	14
791	94
2431	172
271	188
413	72
3798	91
228	66
640	69
810	25
1408	8
95	3
246	149
256	64
119	166
902	197
933	17
1328	108
1072	346
310	106
3233	26
1008	205
4520	77
579	255
565	64
2824	169
136	44
811	221
325	51
1453	4
874	17
440	168
1592	10
1226	59
1325	20
2865	89
981	139
642	82
152	522
277	10
1339	162
896	23
3901	30
307	177
664	142
3448	52
256	133
3178	25
571	154
371	202
548	3
1644	54
1758	349
828	339
286	37
618	87
656	149
600	60
433	169
619	330
1388	100
1093	80
525	60
317	16
1412	27
353	319
334	3
1454	242
1739	13
219	143
803	40
2876	48
937	3
441	275
231	46
5641	82
294	96
206	247
898	63
1558	268
553	74
1962	29
3483	4
289	63
96	453
1409	24
2195	4
667	13
1379	48
303	15
534	59
213	29
2762	89
221	20
380	52
1102	201
273	36
715	11
4364	30
2164	211
1378	25
493	12
464	41
2478	141
859	77
2619	89
1426	2
88	14
115	105
419	95
1330	104
1368	270
682	23
307	16
3549	47
182	198
268	63
373	123
465	480
387	120
2120	121
457	17
2208	247
620	197
947	57
278	23
211	6
614	93
628	253
48	14
803	42
1670	34
2409	36
619	142
1150	70
192	50
286	5
1322	122
1136	77
499	110
156	102
547	139
686	6
822	196
278	30
2210	143
142	254
388	30
615	351
884	111
394	185
1577	45
1768	68
406	43
2861	176
146	148
410	1
527	116
481	169
697	44
921	23
400	34
1653	102
1062	21
308	308
1374	145
163	32
194	61
409	12
2609	64
917	10
178	259
1511	43
209	29
689	62
1125	64
560	11
930	426
908	172
177	71
368	3
3225	89
669	44
826	124
210	103
3399	7
2199	253
2263	30
124	27
764	1
2212	107
586	74
1454	35
132	31
541	55
55	50
326	52
653	23
1659	4
68	201
235	3
285	49
493	12
1869	23
431	2
2044	72
1036	29
184	57
1356	82
2243	272
576	29
894	16
423	219
45	5
465	36
1133	58
592	27
3193	212
492	122
890	95
272	48
1486	174
750	8
432	12
1862	115
1037	65
232	34
664	314
580	3
965	103
884	58
394	28
245	153
570	21
596	69
969	35
2885	170
1463	100
563	7
110	47
2007	404
726	27
497	58
2189	68
509	258
1218	120
780	98
990	6
640	32
3056	1
708	68
702	70
756	257
134	164
1408	9
741	377
757	65
681	60
334	35
86	11
3148	156
872	37
1301	112
549	78
934	17
730	76
491	50
3903	538
379	3
2461	12
681	60
322	38
701	13
2643	107
2675	3
317	40
930	175
317	88
2860	204
1584	11
735	55
356	167
1471	20
1434	17
322	266
808	67
887	45
472	114
203	134
1796	17
293	33
335	148
150	88
2024	130
1163	22
264	344
150	155
421	173
384	115
545	94
529	225
2428	127
509	234
1228	57
2077	417
2310	181
2465	28
229	99
3101	475
1064	2
1122	79
546	120
876	99
258	108
1060	28
268	102
630	212
343	75
756	118
375	41
286	67
1638	236
118	79
2668	114
246	292
4547	276
347	133
417	128
616	65
404	131
467	25
96	39
198	12
2940	105
1619	70
2908	91
1529	114
626	68
290	27
1669	215
2001	119
1637	40
1234	215
316	8
1242	313
353	70
1437	29
1571	2
3940	134
692	7
58	2
1245	299
2738	90
458	202
257	23
1703	223
568	13
717	78
74	462
1272	390
307	58
59	27
404	70
919	12
905	81
480	103
96	4
4129	11
1265	143
679	77
651	164
2711	34
1682	53
1057	52
832	32
1065	96
1111	63
1909	4
2450	7
708	78
144	66
264	46
820	241
897	77
1282	83
453	24
2860	9
1130	14
671	132
273	105
122	36
1151	68
3354	11
1236	19
974	118
632	263
204	228
937	100
5134	8
2747	8
1181	61
2498	53
271	103
3343	8
317	6
1083	88
392	18
2427	176
304	2
262	93
267	33
180	138
1074	154
307	31
1934	9
822	13
1401	7
498	74
4067	310
2978	29
1361	32
788	42
246	92
1578	168
2689	5
169	67
1506	174
3190	48
1750	261
3677	18
184	229
1654	22
621	185
239	47
754	151
774	47
1905	118
1306	74
1126	47
182	8
867	71
594	262
243	20
248	304
1374	20
457	21
884	39
1735	212
104	122
298	42
2076	8
172	58
976	85
399	8
182	10
510	46
908	21
188	8
1446	499
1263	47
545	44
1380	20
229	238
1253	94
303	222
1136	41
305	123
804	1
248	10
1290	180
759	7
581	78
3752	31
477	306
193	12
194	53
2346	173
2993	145
1135	60
3736	201
101	15
753	131
330	49
647	36
2356	48
597	292
1835	400
161	94
415	79
1099	142
2527	115
2199	333
700	26
710	520
1436	111
3259	24
319	26
2322	257
767	21
684	28
4939	79
316	199
524	71
269	6
132	61
847	76
800	70
2694	158
1754	202
1102	250
141	172
1228	40
898	114
121	206
478	177
1460	8
1033	94
898	217
1132	143
1127	78
1347	151
637	49
271	90
491	123
953	180
1988	78
792	70
1868	146
150	72
627	28
1110	119
233	48
343	9
1003	111
317	201
747	220
3091	245
1268	164
713	100
219	26
3890	146
380	84
1901	6
474	78
362	30
133	152
1988	25
2273	25
1697	83
620	43
814	222
1370	27
716	51
1154	235
3097	1
687	395
221	174
196	2
1622	266
1921	352
324	12
1986	28
589	394
951	21
897	7
507	45
1111	16
90	27
542	55
1031	177
498	39
520	143
250	11
1891	62
85	164
4001	277
346	33
1375	76
3573	213
1845	222
1198	66
1337	29
58	7
407	235
1044	29
134	10
209	214
1639	142
887	165
620	81
215	8
406	108
726	2
4242	26
170	18
327	128
399	16
1869	15
131	40
1548	98
1473	97
632	106
316	135
835	23
611	95
197	33
192	25
1435	30
1017	20
182	362
1561	43
399	8
1676	29
816	152
619	118
2211	92
2686	438
1517	186
602	105
846	30
891	67
227	217
1069	114
1451	139
629	344
1199	111
869	33
152	70
1964	49
1159	31
1279	60
258	101
819	182
1058	85
2518	22
368	87
1319	293
1610	63
866	151
676	284
670	86
670	65
2052	82
492	77
777	10
195	281
219	1
1017	118
413	48
398	150
896	35
504	5
1244	276
763	54
1636	90
156	4
360	235
773	132
570	66
438	140
2053	70
137	17
224	58
833	43
1658	58
124	128
747	77
135	240
2559	67
1939	189
192	78
145	125
1388	19
1577	50
1560	134
557	379
836	98
286	13
702	90
1407	33
122	48
354	3
1769	1
704	187
2475	196
224	322
1728	249
193	94
91	22
2705	1
900	114
2595	99
464	119
986	138
1077	4
130	16
156	435
628	27
251	11
1946	8
1215	88
353	71
375	93
192	63
740	49
51	165
2543	4
523	27
85	165
1260	6
372	28
2377	20
230	166
182	88
374	18
2441	332
1651	254
1429	53
2377	189
4038	126
1362	55
4313	122
2659	45
1796	29
1670	94
1682	68
245	16
66	10
1838	13
144	72
734	200
332	112
424	34
696	69
1602	143
772	28
314	40
1122	457
95	189
732	27
120	198
6168	92
844	157
416	104
1362	28
443	16
1867	39
234	36
420	169
1348	272
1140	106
135	219
1362	58
1381	76
620	92
841	38
1295	116
1264	81
1177	2
1711	190
185	97
1588	54
2576	13
348	35
83	23
147	84
670	22
619	127
828	5
1495	234
684	80
39	70
4996	68
3134	68
1911	140
2948	75
296	20
804	13
1544	57
1212	1
2042	106
174	56
985	21
1056	13
467	4
307	89
3355	22
1702	456
960	20
855	10
1091	176
325	147
1404	175
461	43
321	172
256	35
1325	62
344	242
1960	45
1794	257
899	65
2766	32
738	25
45	8
3094	121
403	275
2735	136
505	111
575	47
1302	80
669	11
427	2
313	109
4415	59
1464	46
263	299
78	126
884	60
736	220
1453	99
252	30
83	89
517	39
1958	14
373	112
129	140
5106	34
1638	82
610	34
762	230
618	103
1408	6
908	34
228	3
3313	79
1172	179
875	5
6464	111
1233	184
735	436
277	36
736	78
3366	78
573	125
2312	1
1663	15
180	344
1282	99
578	52
1762	14
1582	170
659	30
465	33
316	47
659	326
414	45
1777	43
333	78
2069	193
2696	115
260	2
1837	131
135	34
1183	32
415	167
1224	51
889	299
819	29
1382	76
197	42
316	8
137	68
191	68
331	127
2072	34
238	96
260	82
1823	85
336	101
873	73
363	52
525	39
348	30
261	30
2802	101
1149	181
2345	180
332	69
730	252
223	99
886	131
426	137
879	97
1039	20
1023	20
1177	154
653	101
698	137
2330	42
1748	331
3160	55
1424	10
515	21
410	62
2305	24
71	45
503	93
525	110
468	73
1630	7
790	323
2361	50
558	1
1429	104
196	165
1592	57
366	111
2631	84
839	155
1028	144
365	25
680	31
147	46
1413	117
369	158
2288	50
107	263
2051	29
1468	68
1195	137
94	77
1431	81
1523	4
237	106
1783	108
248	3
704	39
674	24
1456	99
780	181
2846	165
78	182
997	51
515	13
2404	41
954	279
480	108
154	82
708	12
712	67
579	227
1132	20
428	82
3556	244
1325	45
801	139
347	120
707	27
307	64
703	113
2611	15
57	38
742	181
490	73
2160	55
309	18
254	12
885	1
2392	207
995	41
205	251
1127	64
180	20
515	132
58	48
136	71
1020	35
630	58
859	3
1212	5
3089	318
440	151
787	43
661	85
259	35
2151	124
2139	70
95	17
498	82
1857	133
24	206
936	43
1319	126
664	18
2748	765
65	168
290	463
1553	183
262	7
729	76
3741	408
1244	15
4379	37
45	296
62	19
253	33
311	120
107	176
204	35
476	163
436	118
2686	111
127	51
765	284
804	50
1723	49
186	114
484	41
1149	2
1852	33
445	90
380	202
1498	193
965	93
631	33
258	115
1323	23
1771	14
1563	2
645	13
779	10
837	252
1620	94
3636	21
230	242
483	97
66	128
212	41
1357	84
2131	456
188	20
1411	261
1387	5
280	59
796	5
73	271
851	94
131	243
801	294
98	31
107	31
269	96
4650	133
3490	136
2533	210
415	58
559	20
2111	118
4814	148
230	31
1316	101
2483	22
1480	11
465	175
2001	31
475	158
589	271
294	176
1395	8
302	33
1172	111
854	50
728	151
206	73
1492	90
2026	144
1275	64
600	96
1265	32
92	22
1391	150
707	11
237	100
71	170
797	5
441	307
857	60
309	26
1037	118
327	45
443	76
215	251
451	566
649	92
485	184
1598	6
617	263
835	30
1465	38
2120	38
437	205
637	105
679	90
1948	237
717	21
41	57
2581	31
471	109
721	36
562	204
510	10
138	9
37	183
4158	8
171	81
216	47
439	574
314	124
914	89
1331	75
233	191
427	62
1051	61
1987	44
1150	10
406	37
467	3
1137	74
800	50
2067	242
1833	91
176	18
1960	121
119	76
142	13
610	128
334	124
1656	111
517	1
1426	85
1006	221
993	21
1407	67
673	15
773	35
1006	13
1228	77
162	164
189	73
379	90
1443	59
2890	1
192	146
720	11
27	149
1718	63
803	4
1685	36
192	56
275	68
2340	245
2408	54
70	63
831	82
1304	6
2146	261
893	42
514	58
410	127
153	283
65	253
1717	49
81	235
117	37
1531	75
1417	23
176	91
584	147
1070	452
1524	60
2938	124
305	43
286	193
414	15
710	80
1790	57
552	43
1148	21
142	67
209	88
3497	9
289	24
172	81
799	315
39	100
242	30
429	71
1603	9
601	8
276	40
652	193
1292	26
659	29
200	106
868	162
3411	286
414	14
155	74
463	122
312	41
677	29
772	70
416	72
684	131
1484	58
1860	25
113	7
95	103
99	31
345	46
845	99
746	147
264	123
2168	583
1417	26
1785	119
590	378
1339	127
1525	8
967	57
3058	67
241	46
1120	98
706	94
760	290
1661	17
50	216
767	85
720	31
328	260
416	85
1066	403
80	472
685	246
851	68
338	20
3969	212
356	222
1068	36
378	237
387	15
2208	108
955	453
312	656
992	31
445	128
719	228
83	39
1246	105
869	31
1414	118
717	280
1129	158
1524	80
437	53
4726	96
693	108
1632	3
746	212
2420	60
871	178
3169	46
1127	25
105	61
310	524
389	19
1234	101
1047	7
331	17
207	25
326	237
531	86
301	34
1549	29
1327	5
1286	50
2273	194
343	170
168	130
2260	20
466	58
195	71
332	55
141	32
812	59
758	32
1009	304
320	121
3049	79
2324	123
194	66
194	61
578	288
420	11
241	258
767	57
456	39
200	48
153	64
1991	43
591	28
94	114
314	47
1018	138
1210	2
3334	117
1090	29
2039	94
43	122
73	1
2497	44
435	33
766	13
1796	101
435	96
806	28
1900	30
2680	70
553	13
856	85
518	43
3499	19
1876	4
1734	49
118	104
789	5
268	48
916	176
314	146
870	280
928	21
1640	100
611	221
389	121
547	54
477	46
1326	72
1021	4
286	539
753	107
838	27
177	55
226	50
2482	10
483	177
542	128
735	107
132	399
1019	35
1730	10
111	380
3661	28
620	150
290	30
170	24
615	20
918	250
1112	55
862	22
162	24
468	103
1800	91
1560	112
663	99
1020	84
2371	5
332	116
1425	43
616	96
1349	33
1536	167
351	37
120	209
538	227
140	92
2057	65
1237	127
815	54
217	110
202	22
522	47
764	141
178	47
291	5
670	64
1137	177
720	52
1197	123
2331	6
1016	130
100	64
2074	152
578	32
1363	35
806	28
492	188
2088	14
1539	37
415	4
444	70
1100	32
230	22
584	186
134	20
1220	215
574	81
158	84
534	16
1611	5
320	72
839	322
2469	36
2316	28
220	134
1827	1
689	24
2469	36
55	20
241	176
1812	65
164	40
1507	100
575	55
545	342
325	42
2329	21
564	105
1314	26
1431	35
933	127
180	87
73	13
699	196
1295	424
136	91
227	88
1081	94
163	37
209	48
1908	165
950	4
2753	24
2387	108
59	21
3079	3
710	28
248	4
233	41
2116	284
1722	44
370	17
2003	83
1305	12
515	216
315	45
902	20
744	78
4521	135
127	327
6245	5
317	299
1028	85
252	183
713	6
447	84
275	76
426	81
304	96
768	17
181	14
4669	76
207	6
336	153
531	63
442	89
779	45
1497	23
931	37
1102	8
491	74
1736	53
2900	117
220	84
1605	28
527	62
1609	17
128	14
665	46
351	195
185	55
430	10
1551	14
1611	163
1007	162
226	342
1015	22
119	21
1845	115
93	18
216	19
550	95
4004	102
1736	8
646	111
609	72
114	74
253	25
965	85
310	70
649	224
390	250
664	11
327	48
1003	5
765	32
105	241
214	10
815	6
331	37
2358	370
1265	140
434	402
1915	155
537	258
489	88
505	36
1102	82
255	59
380	24
1884	40
3192	79
934	44
1389	53
272	70
160	38
2475	64
437	206
721	4
1363	113
2099	67
116	10
508	28
1578	84
1061	44
1392	83
2932	31
339	62
279	17
2669	186
414	17
1293	82
491	53
2640	281
1252	80
1972	43
1132	151
3568	37
2274	102
790	102
2143	24
1874	45
451	37
1442	14
75	90
1489	101
321	1
3703	46
45	71
1940	14
233	252
168	21
283	81
2786	204
1361	35
439	190
575	176
899	49
936	36
1157	162
79	180
543	20
716	92
14947	86
562	31
232	39
5911	102
142	82
1261	108
974	203
1880	35
2852	1
11	21
7	10
7	58
6	144
6	37
2139	24
2762	6
3026	339
21	202
330	74
1169	56
3111	13
1618	173
871	211
1410	72
3797	10
736	85
1462	109
137	79
675	143
1110	135
2589	349
641	73
235	189
246	361
1471	173
268	1
90	312
4541	47
380	10
453	217
425	73
1125	25
383	82
1142	159
1669	48
428	30
254	95
47	414
888	5
387	48
804	169
43	197
2849	244
4045	74
909	48
100	25
395	52
75	63
117	150
3301	18
344	25
1320	135
172	51
1394	266
2424	77
1094	9
1053	6
132	40
1158	16
491	75
1161	51
591	18
315	167
51	26
1922	70
5296	192
780	36
110	13
789	9
881	50
1096	87
1192	134
246	12
1731	74
934	62
348	47
1506	41
1028	134
4830	22
2518	58
4620	20
195	390
203	39
200	81
220	87
459	133
605	106
1361	43
1456	70
984	254
958	16
282	118
4347	111
1537	308
2398	178
58	24
1668	70
95	33
1268	381
537	7
3728	17
3083	117
229	4
699	47
107	521
1817	97
482	206
232	172
1498	26
533	186
1121	20
437	61
2341	87
863	233
2513	279
740	1
1460	13
655	1
3463	5
221	68
1030	3
310	289
127	18
329	30
932	79
315	267
1228	251
252	233
1544	111
1056	12
1656	269
298	40
2315	96
285	30
870	16
1747	154
446	275
394	18
518	82
1210	48
590	74
1545	54
616	109
142	30
1769	14
416	366
433	22
56	113
2889	294
81	17
346	116
3897	39
248	139
522	41
2040	118
1083	97
150	10
976	55
455	289
492	147
1128	186
332	288
241	77
812	77
867	32
917	86
531	118
206	172
577	315
158	23
1287	170
613	23
606	173
235	202
446	14
1081	93
857	29
413	61
282	26
170	32
110	103
908	81
194	21
123	15
1287	127
436	142
415	7
167	164
595	19
2371	60
909	81
1418	150
433	269
670	10
869	56
2275	21
71	38
212	18
99	381
1620	347
1886	10
422	38
2236	417
129	157
383	160
4573	20
170	30
2066	120
1824	133
728	117
1678	182
332	1
816	17
208	220
1799	33
530	99
119	54
319	4
829	75
225	78
1353	119
1714	1
1722	90
1834	224
731	20
500	252
478	48
83	125
1315	47
236	23
256	173
195	260
798	100
768	223
43	16
345	15
838	85
96	30
2618	61
1058	16
968	15
783	16
548	51
111	78
291	30
53	3
1349	26
82	178
2581	29
179	49
72	68
976	141
123	60
1209	39
96	75
180	78
1739	72
985	117
755	94
2699	6
673	51
680	9
414	207
1465	39
194	65
1362	45
1409	15
1910	70
646	48
645	104
1148	15
1307	34
546	561
277	212
745	44
3152	325
780	101
1150	270
4465	102
695	60
765	1
2259	21
179	10
4473	138
809	48
1904	31
939	170
843	106
218	3
866	38
251	21
248	61
602	54
242	108
226	49
1505	1
149	178
208	69
1994	119
1222	98
2099	32
3303	16
543	59
1243	72
1281	62
590	14
215	142
733	440
1267	181
1639	195
2224	54
2659	18
410	24
339	65
864	181
142	43
241	49
147	202
824	81
664	106
114	37
365	142
264	197
362	49
2374	189
253	77
2910	62
1407	209
186	4
491	67
625	30
1163	42
1542	8
667	62
3058	195
2131	118
258	336
1196	120
653	9
195	167
1084	14
1371	107
803	87
913	51
986	5
1269	53
2460	41
842	22
1077	32
574	154
857	123
978	11
340	59
1047	5
511	174
74	321
956	156
1151	13
272	80
1901	69
78	31
1452	53
1651	26
903	50
1298	216
1252	15
1111	325
1812	268
359	58
3458	169
2074	21
394	52
300	81
890	293
652	188
2435	214
646	22
2330	88
365	216
1409	55
398	109
2010	293
671	87
1690	52
1982	56
355	34
134	119
946	192
1397	11
96	7
826	143
2399	75
4916	31
221	799
869	98
1212	52
2693	49
462	167
2675	32
42	23
90	10
381	75
1628	254
1503	6
655	5
2404	19
3471	17
97	86
696	17
380	20
300	25
253	13
1116	194
1535	52
326	52
309	17
3368	45
364	42
552	91
98	40
431	44
1138	89
473	197
186	94
204	36
2021	123
1533	198
219	2
2798	54
251	12
221	53
134	332
481	8
900	48
550	58
359	3
116	201
739	95
733	187
136	52
310	64
381	41
606	38
189	328
2753	25
841	190
2820	104
206	150
343	22
286	140
672	23
374	69
383	70
1107	1
524	410
162	98
82	199
758	128
1234	179
246	15
1730	85
233	90
911	249
405	53
791	6
362	113
1331	191
69	16
4415	91
389	115
1001	179
487	15
575	251
401	224
118	68
1201	11
444	40
569	35
1030	135
2741	103
443	1
221	81
580	52
1202	68
1109	64
555	24
572	105
2133	1
612	85
327	9
597	22
196	81
81	119
1228	163
600	291
1257	214
209	92
2399	55
85	6
1082	97
363	87
369	9
2244	8
115	16
622	22
4640	43
445	12
615	101
551	42
1092	21
465	197
461	19
1135	125
837	108
543	177
2396	173
1223	178
616	80
1248	80
314	3
1106	31
953	44
1461	332
840	34
900	64
87	6
251	4
2781	26
1189	36
898	29
983	63
3533	179
1814	11
133	191
220	12
162	60
460	10
280	53
523	7
374	28
431	170
1147	103
2000	12
199	9
590	109
1388	45
283	26
767	68
838	28
144	34
1048	73
921	62
1324	83
107	38
2097	61
1273	79
831	10
1582	372
475	14
1557	153
218	11
1893	22
124	38
992	168
1033	5
1457	41
837	51
1081	81
289	16
333	36
310	4
929	35
1319	21
940	42
1585	21
424	129
627	138
620	2
2353	372
274	44
481	22
630	30
153	181
1520	20
1568	58
453	90
410	36
2539	4
451	8
771	44
552	29
988	262
265	1
981	392
1672	49
1204	142
1850	71
559	50
213	39
497	63
2352	59
1681	145
548	63
401	57
228	127
885	695
1012	60
1199	107
840	97
1880	84
1130	676
537	40
838	121
1902	47
441	48
1611	71
615	23
566	166
565	43
1121	136
627	83
160	10
2535	1
1259	12
99	43
127	60
656	153
3062	59
1288	116
3083	38
2505	286
137	246
50	108
154	27
293	81
3633	177
1103	72
788	49
926	74
451	77
1037	24
823	8
620	37
204	33
381	154
629	33
997	13
1741	69
1123	13
1541	230
508	45
1960	51
413	24
188	110
421	385
1109	308
242	70
66	10
98	35
418	103
687	157
951	50
172	42
559	96
1163	189
923	196
1663	9
2124	156
1072	62
232	65
541	93
78	156
344	30
7474	13
249	24
943	31
1825	311
911	86
5253	50
563	105
117	84
2595	21
1047	161
2422	46
65	49
1831	151
2499	117
405	105
397	74
1285	20
1708	19
1586	180
822	98
573	208
1624	44
210	40
2804	18
1139	9
1854	117
210	67
185	75
569	13
646	194
297	240
110	33
730	91
238	37
2556	217
714	243
355	2
1927	10
310	36
386	71
352	94
2301	4
2476	28
562	190
412	6
84	27
711	31
2294	7
600	7
1127	159
150	12
910	91
1080	154
1620	347
1881	74
70	156
157	80
281	79
237	21
1811	28
4195	311
2008	263
140	17
1025	2
1772	93
1353	173
315	242
1530	69
205	26
89	22
1079	47
996	63
896	118
1224	88
197	60
496	432
61	115
1154	124
2017	2
477	40
337	45
1405	79
1134	52
417	72
319	292
741	128
82	129
466	27
208	177
992	131
713	43
457	206
1049	72
168	166
1328	25
741	65
1030	125
849	17
1662	88
1918	112
1553	53
771	38
2346	15
271	14
494	176
312	87
1026	209
940	145
2278	216
133	234
135	58
920	129
721	1
4176	168
940	466
428	19
1072	24
418	100
120	12
3298	16
1926	12
168	82
560	652
420	399
2192	14
393	14
1096	63
72	33
304	187
651	120
1867	35
2321	68
712	36
1464	92
1340	27
195	57
2263	3
960	232
8472	243
1735	165
245	55
868	89
2008	161
190	47
298	232
1112	115
1987	385
688	50
1063	80
583	211
2203	244
2637	102
467	382
2261	44
1286	130
393	49
235	66
1056	129
1651	112
2961	88
1574	221
862	93
1071	199
3996	6
301	14
2099	27
1688	141
2114	45
204	142
1551	180
803	30
1025	101
414	11
1666	124
399	159
383	178
565	38
497	35
2705	17
2040	25
794	108
521	58
390	350
1087	54
1014	202
2458	2
607	55
982	211
1194	106
268	42
2917	107
568	9
1161	70
265	9
121	138
584	4
970	44
663	161
1926	110
222	134
1976	177
2995	71
1163	216
157	20
1171	13
1384	12
1013	7
92	161
115	182
4761	163
155	15
806	115
2421	131
1228	72
735	23
1213	119
207	169
848	74
197	32
1797	2
3080	27
852	26
509	79
2704	88
1429	182
1870	17
1803	49
786	120
394	6
679	71
692	10
158	42
427	56
1518	148
1260	243
1345	162
1175	315
1066	160
630	129
957	42
1716	72
180	105
955	42
1410	26
1718	97
608	192
2057	124
998	41
270	168
501	15
108	7
518	26
507	11
219	20
176	83
405	25
880	30
163	192
968	92
601	3
117	234
1682	15
1291	10
1313	61
255	122
260	46
305	109
335	115
776	74
1016	21
72	30
319	35
1958	12
2983	71
282	178
1028	115
4818	2
1963	61
397	39
582	43
571	4
1077	83
1324	13
1284	43
87	11
578	724
1927	87
733	96
506	3
92	1
464	221
3340	83
681	6
511	378
229	68
328	72
2271	67
422	80
351	46
988	124
607	74
160	57
1593	34
2996	49
1284	81
181	79
2333	13
1031	27
412	5
375	111
762	54
113	37
163	99
679	119
406	79
1774	179
693	51
1148	188
3010	15
580	22
648	46
517	49
1425	19
63	21
1982	293
209	29
1038	279
763	12
96	31
1774	74
4441	34
1299	91
626	166
271	54
739	530
1892	163
105	31
271	46
1344	121
324	107
1963	96
639	451
441	9
359	36
387	388
273	172
2263	94
881	9
475	61
1564	243
374	1
1051	116
2006	68
1012	64
1423	68
566	353
1407	26
112	1
670	17
968	115
1871	194
1555	262
714	84
536	50
275	23
388	53
401	72
547	15
394	4
217	296
437	190
500	111
673	16
2302	38
1860	39
632	41
1085	68
1640	291
1108	46
1127	328
94	47
118	74
150	230
1293	52
2994	98
1261	6
605	172
365	12
1544	7
118	4
502	218
582	127
453	28
561	349
1265	88
538	112
1597	135
673	2
435	34
219	11
2452	48
1337	13
2391	76
1225	11
1247	46
924	174
351	121
2101	59
587	42
288	7
1218	18
95	101
360	8
571	21
423	46
1674	350
335	116
1156	353
2513	268
177	13
90	34
1123	141
118	36
686	319
2400	193
637	35
180	364
4688	130
1127	73
804	48
294	64
4092	43
550	68
1089	17
554	23
336	211
1232	23
895	274
540	59
930	111
101	47
66	46
370	12
2035	137
1192	27
1350	32
2971	244
156	149
2351	129
593	62
864	51
1069	153
1542	32
1598	63
662	179
346	191
299	252
313	200
3192	76
1638	78
72	62
679	59
1339	38
223	49
415	116
1228	132
1534	42
163	61
2516	226
1598	17
431	2
706	16
1700	40
214	66
887	76
58	195
1018	2
3976	17
492	62
670	63
661	160
174	120
1486	29
5212	31
168	62
257	76
811	303
2215	33
1230	164
716	212
3266	234
203	106
692	64
1119	6
802	157
110	109
1006	197
462	55
1113	128
160	24
720	75
1505	4
1029	14
1364	31
117	157
806	44
200	160
667	120
82	48
692	23
864	10
851	39
522	158
582	17
1534	86
85	75
3854	189
1082	46
3743	39
1411	134
1389	141
1142	15
955	17
89	51
500	66
244	171
1137	7
1088	39
801	99
2658	6
600	261
226	139
6588	86
639	127
1408	117
1656	477
401	13
1018	201
269	11
241	4
612	3
266	59
167	8
146	450
74	41
177	12
1862	54
527	60
70	165
192	17
181	18
705	238
996	13
725	15
169	55
443	54
628	13
463	60
358	66
202	31
660	51
1373	104
86	39
257	71
3429	106
113	149
5705	10
177	11
533	240
3437	6
2260	36
2797	13
1554	466
2740	20
1928	145
1011	303
1906	6
706	85
1569	68
160	366
2712	153
849	150
1192	179
206	132
738	112
919	4
1269	68
723	112
289	88
95	101
1472	34
96	3
864	21
935	162
819	77
246	158
1555	77
1013	208
770	6
1079	101
237	42
246	143
385	11
736	20
84	1
1110	114
655	129
267	371
531	93
2183	427
756	103
2121	8
1418	266
1164	35
2466	81
1267	160
688	93
1800	63
1015	43
816	244
1402	253
137	59
230	108
644	84
799	3
1648	36
121	348
214	80
2696	156
787	215
3103	190
269	90
797	15
444	143
317	204
1550	237
320	44
180	117
890	176
1079	184
577	29
977	2
607	17
740	203
404	219
843	90
1411	210
323	29
1751	76
459	195
362	45
1332	134
697	13
581	56
177	33
212	23
833	5
970	328
597	9
585	188
348	151
526	69
834	24
983	139
3664	101
2682	57
104	81
502	204
1557	181
215	224
3104	51
2917	246
1841	67
397	21
1026	3
1866	38
1560	122
342	2
1362	178
1342	84
377	76
260	98
744	18
271	225
224	27
391	153
774	114
508	9
1229	92
1019	116
642	65
1003	48
898	54
5833	49
197	121
1106	49
2532	46
356	19
1206	71
137	11
533	35
610	11
108	11
1740	56
695	21
227	53
1694	296
311	58
1012	134
1085	401
607	142
514	50
332	26
1132	154
176	164
505	167
423	95
729	30
592	178
1410	7
775	90
321	56
1015	80
157	218
1551	11
3248	29
980	95
1468	119
253	11
1807	32
591	68
1349	173
252	39
599	48
618	37
800	25
391	32
1552	19
1323	125
1050	58
2249	50
906	16
379	6
311	23
530	358
78	108
1184	12
273	178
5285	194
159	85
212	118
1499	220
3266	18
2983	94
311	459
1249	45
76	148
1294	35
623	107
2138	93
924	61
1780	65
879	63
836	124
215	92
77	56
1977	353
936	204
848	10
465	188
122	11
1001	84
1090	155
97	246
1087	93
996	288
3037	3
101	80
2564	19
1963	71
1436	124
2903	206
904	55
561	196
2407	78
2404	6
1542	263
2887	95
346	176
254	63
352	54
1353	258
67	76
731	207
1507	27
1718	2
400	160
1701	18
323	48
726	195
210	166
2013	83
1030	1
1025	159
733	394
161	129
3857	196
235	86
800	388
180	150
1696	36
600	64
443	103
2653	145
807	140
879	26
1574	123
2377	13
91	231
1677	1
412	68
306	24
733	14
67	76
797	76
1379	102
159	20
1061	48
206	582
361	312
948	50
799	3
111	46
1301	115
2710	39
228	119
359	73
2393	60
1741	106
95	114
200	44
780	41
233	4
1947	11
210	10
522	121
502	14
359	44
749	50
1491	10
2192	62
735	39
771	96
159	55
1450	148
1152	20
2496	1
605	85
823	25
2988	244
503	171
2671	102
310	93
116	6
1255	29
747	20
160	12
825	11
223	27
602	99
1870	313
1676	73
3453	23
1995	34
407	30
324	5
789	32
1337	16
148	45
526	93
268	27
523	94
447	72
1901	125
1145	135
432	232
612	16
118	46
1539	198
68	81
435	118
116	7
1106	83
751	10
817	65
531	9
220	414
1422	286
864	123
272	20
5671	135
2560	85
1412	117
1238	181
358	58
3688	33
166	178
316	4
2386	64
393	27
1088	639
1705	93
824	79
1265	26
372	20
2593	47
2957	105
1953	142
246	91
1428	147
1348	152
2338	229
398	75
346	76
494	128
82	123
238	305
2852	13
747	28
481	15
598	253
606	36
1182	24
292	54
2834	18
1457	14
1011	7
406	106
154	17
746	177
474	164
802	34
273	175
640	157
3091	116
644	1
557	12
1631	133
1656	59
96	9
967	60
213	46
167	5
1139	36
715	19
43	132
2844	14
576	78
1593	276
547	10
462	37
698	13
185	37
500	219
3113	9
328	249
452	97
247	199
95	22
1018	81
227	30
590	103
2872	164
488	72
620	49
822	21
2088	26
1604	42
700	39
892	131
1359	53
90	36
3513	18
496	34
1670	15
84	148
516	51
724	4
723	35
749	41
1193	15
1182	11
525	43
600	158
3367	121
40	61
632	109
2114	130
205	18
533	3
288	112
193	3
227	234
2604	12
744	86
2826	11
591	230
615	30
1684	20
2042	46
2800	10
1159	14
262	196
2887	305
993	73
787	144
1452	56
70	69
981	108
64	234
1177	50
2843	73
2646	356
177	123
337	5
1879	78
480	4
256	57
214	6
277	25
1146	90
162	9
1686	321
1229	203
477	237
1197	6
1409	151
2152	29
1734	38
2133	53
453	49
493	18
679	117
564	17
1176	224
209	43
156	38
2283	230
1451	28
3157	15
116	109
212	49
1170	115
79	13
600	61
549	152
75	204
250	132
2069	207
558	245
527	43
1257	80
1211	2
1693	136
1968	15
74	210
750	288
1026	107
152	31
168	263
370	160
1291	573
110	36
131	72
1674	64
97	40
1494	199
2189	42
1524	104
4609	253
700	26
237	18
214	234
255	28
1103	79
1040	132
1096	70
2583	160
277	59
528	301
4014	22
534	105
1652	36
313	121
784	32
3254	192
125	198
479	348
390	94
1604	1
1580	157
422	135
2866	182
387	143
2201	30
526	306
1326	69
3042	58
364	6
2487	68
326	31
279	199
502	38
1757	9
457	281
357	35
891	41
132	238
538	86
507	18
604	158
239	94
438	120
1377	353
3664	2
787	108
423	52
187	89
375	70
459	49
247	228
514	206
1382	161
107	44
699	56
263	126
766	27
1096	49
382	138
314	75
711	130
571	67
6095	48
791	125
281	355
153	87
545	36
431	177
2244	55
43	86
952	111
153	11
916	6
168	78
1314	171
402	485
2227	142
2930	90
2225	10
1802	231
282	282
353	136
242	54
378	21
461	153
1614	10
1069	39
507	13
553	131
2728	53
584	117
282	324
122	64
188	111
1911	5
169	18
883	64
103	9
684	75
337	42
375	377
548	51
1009	116
869	12
222	79
529	51
657	52
823	24
246	75
155	53
302	32
218	19
954	266
1143	51
1383	12
665	25
1308	31
94	167
748	19
665	141
189	41
545	32
424	17
863	19
384	126
525	80
630	215
1072	4
445	26
233	21
7280	15
1976	47
2064	97
623	72
1221	304
233	89
63	35
1134	26
565	74
552	120
975	144
1933	33
2301	175
735	119
1285	176
1061	1
359	12
874	99
289	30
104	11
1387	55
2652	304
870	38
425	14
377	38
2988	78
54	118
877	18
85	212
1603	25
2053	12
1425	13
1058	107
778	97
4784	446
223	104
484	218
422	315
412	1
1407	8
517	17
598	41
741	10
205	43
1899	325
805	5
910	187
817	40
703	342
983	83
2714	27
641	170
444	67
484	101
771	6
232	47
5442	223
803	306
3712	129
604	178
1481	37
1284	83
953	81
350	211
2927	29
1531	32
1576	156
2240	11
1894	71
1092	165
1188	80
578	170
233	167
2330	148
2750	42
171	234
456	141
1572	188
441	13
1744	77
1368	14
4406	72
1181	62
695	219
197	147
2674	54
2553	124
1429	125
1739	47
165	21
2564	56
1528	23
2302	193
301	252
745	60
739	66
1831	38
262	111
1154	131
769	187
1938	53
107	166
1139	27
473	33
537	358
1552	194
1645	204
1573	54
1781	42
2372	30
443	190
175	387
3044	54
442	30
2465	114
1130	48
853	148
2937	82
431	193
2251	13
1094	66
534	72
524	94
960	331
1069	4
1665	107
191	200
1773	36
507	28
162	47
1197	117
2339	31
1812	137
767	151
81	13
2319	118
766	16
150	156
1954	150
2173	41
3149	105
269	145
2323	17
752	123
2127	148
266	26
655	260
328	35
610	75
617	31
138	195
678	70
737	5
675	41
670	24
1701	72
286	41
2361	13
534	49
815	79
2877	161
726	387
183	23
859	60
2030	42
1020	6
570	26
1459	191
241	109
3396	8
407	204
940	143
92	198
931	30
1457	225
143	133
1380	28
773	36
298	105
1168	121
1516	4
2149	264
1186	35
303	9
876	44
351	113
550	54
245	200
1314	5
515	22
947	67
2000	39
71	6
162	117
1307	44
649	172
1053	68
4565	73
940	1
2153	52
2618	3
522	18
119	158
438	4
1999	91
701	46
91	138
618	37
1675	46
136	29
609	233
433	159
1206	6
436	18
151	226
972	37
926	48
1233	83
130	4
172	42
89	23
1928	575
186	35
1241	130
811	88
969	266
347	165
777	23
644	10
170	226
48	36
730	51
412	3
2009	4
740	127
2150	95
447	23
374	353
380	17
220	99
3514	191
788	327
479	294
1355	624
1286	176
1034	176
1221	108
969	5
632	18
339	240
367	39
85	36
125	402
1559	35
1920	201
1166	280
97	237
337	126
263	59
500	121
1461	382
1038	34
608	73
402	197
5190	481
1468	19
1984	52
990	26
597	226
3214	192
932	27
1886	228
73	69
2300	122
2726	116
2002	75
2081	18
103	177
114	454
168	8
340	204
781	511
436	45
851	19
926	30
887	98
1041	335
204	95
124	188
758	50
351	27
295	6
1429	121
356	215
190	54
339	50
1070	125
2262	35
955	26
403	138
182	21
444	48
300	33
926	6
395	141
3501	283
207	397
1677	12
976	134
1515	64
153	37
258	18
1713	73
911	120
297	148
287	28
412	188
1217	206
2173	195
334	109
87	92
252	23
2376	303
2074	107
2861	69
2196	66
3671	35
2216	12
458	4
72	50
343	114
1293	71
341	89
657	5
203	139
550	44
219	15
1178	15
296	25
410	21
882	201
154	8
473	110
528	350
1192	276
210	37
154	32
5608	31
1524	351
1479	17
917	33
58	40
913	35
435	64
571	44
439	95
294	91
1679	77
195	35
907	74
821	171
1307	74
293	19
3839	51
3844	257
1753	58
256	7
1024	245
2420	18
1490	8
2481	52
449	168
1034	74
829	98
482	48
238	12
454	14
370	94
180	230
169	91
1356	185
1207	101
1013	100
4447	15
1224	438
432	8
1843	22
457	67
735	127
1001	58
132	233
121	90
2008	117
42	84
1945	157
374	10
2326	259
572	236
771	85
2689	117
1757	13
179	13
2222	156
2817	51
1528	14
275	84
1631	46
394	68
318	18
1554	45
1260	66
378	73
900	170
755	93
1118	105
332	24
538	203
179	118
1779	78
1151	134
4563	141
3037	22
799	41
455	153
164	305
1560	49
1106	325
1378	27
3651	72
238	231
1694	34
1784	70
785	8
294	16
333	323
4864	6
235	160
252	125
717	51
4953	110
898	263
1829	14
465	244
1411	165
644	19
655	115
1255	26
415	74
549	22
964	42
640	23
1388	90
1581	150
74	52
2695	76
1017	47
5359	32
1224	4
2663	164
306	120
43	37
410	97
536	49
50	197
1109	12
1466	32
2384	21
717	38
121	25
797	8
141	402
384	41
3036	12
1560	45
163	28
3075	35
97	79
1568	106
277	76
677	68
2969	142
257	211
982	167
205	73
730	7
2430	41
1364	204
1451	41
1069	49
1233	76
1154	108
865	44
372	158
219	143
972	90
1587	69
314	132
767	24
773	91
1230	230
1597	245
1431	29
861	66
1048	172
622	12
698	18
727	12
2669	71
584	105
757	108
1261	338
746	195
2344	16
439	23
172	57
2551	115
841	117
976	128
1054	141
1394	192
2314	178
175	345
1735	66
2523	5
139	13
224	96
242	29
706	158
2215	4
2062	67
59	49
593	75
857	4
255	120
2543	215
1082	84
197	63
1113	160
124	18
748	34
1914	61
1460	45
725	50
1711	8
352	228
344	242
241	53
1309	217
1204	34
2724	8
267	247
2642	49
556	11
180	11
718	107
3315	78
643	114
585	145
1267	19
82	17
1023	75
222	4
801	4
1351	207
1382	79
259	269
497	4
116	12
785	44
2519	38
2175	9
2262	99
176	145
3004	45
1484	23
2973	49
907	32
2819	385
337	372
786	55
190	13
1016	280
3352	149
1295	471
2572	70
477	974
1183	160
411	77
1200	220
470	169
904	54
4099	118
364	20
1408	110
1919	7
1958	97
593	101
466	109
1778	32
491	80
1053	86
1127	56
1182	189
228	55
419	53
143	106
638	35
211	94
285	116
92	267
551	15
86	86
329	90
2244	74
570	39
1073	9
2300	2
1053	99
387	80
558	49
2760	170
1240	71
157	71
79	2
748	182
456	62
4266	116
2408	194
214	458
271	121
2341	63
428	3
925	39
649	3
3230	490
1965	124
1391	349
2644	56
970	200
368	10
563	43
2118	9
175	259
628	88
2145	138
120	140
853	97
5457	140
323	32
840	77
465	86
121	5
165	250
2552	478
328	8
2011	128
1898	151
105	72
1174	70
97	113
1283	336
1114	138
571	254
1341	130
616	108
212	1
107	85
278	35
2713	70
3246	137
1366	293
256	49
295	9
2869	391
254	46
731	33
1579	18
2118	123
1357	60
59	23
250	37
1339	96
940	59
843	28
73	70
571	66
176	21
1665	29
406	17
187	152
427	136
3550	106
1719	39
1425	188
148	7
829	28
384	325
1417	7
988	2
558	52
375	82
2787	126
1039	95
763	87
2912	3
1435	71
3494	92
1348	111
1187	4
84	3
3015	227
724	96
774	32
1746	1
1677	13
369	14
852	112
922	265
270	213
1384	75
143	120
1525	20
760	162
1505	124
770	135
470	40
1061	45
805	88
1010	306
97	31
2042	33
2745	1
228	40
1596	119
1024	4
255	24
238	21
156	4
129	77
993	29
2419	121
309	397
1442	18
223	119
796	2
2095	92
852	127
3212	91
175	33
431	63
1304	15
557	166
1939	76
1832	120
4505	80
880	79
244	184
184	52
1169	21
1208	97
831	139
1029	32
264	27
154	24
768	12
472	278
498	29
1204	299
313	163
742	13
439	189
2371	23
2076	44
2192	112
424	63
1276	31
735	68
2278	168
2273	30
2144	26
345	27
207	10
1498	28
339	87
1312	186
696	50
2192	400
564	39
330	153
196	158
1591	222
508	21
1618	16
445	69
751	43
407	167
104	207
962	101
166	117
58	36
108	16
4633	58
205	165
1960	12
2626	50
450	315
353	177
771	192
105	4
1646	10
1101	238
1261	28
4605	148
93	3
1819	37
1411	45
618	91
157	12
3249	100
360	77
206	28
1047	33
209	50
281	72
279	30
530	206
969	51
1396	38
533	54
474	31
350	126
203	28
2721	12
151	55
375	6
625	22
438	65
172	159
171	361
904	50
487	144
403	161
145	7
2684	208
1219	58
555	62
3890	110
80	234
2028	43
290	192
2016	36
703	205
566	58
1781	4
1143	44
208	118
180	224
479	196
1351	17
217	89
81	185
2635	127
1924	57
3076	150
2513	53
1548	103
5768	9
395	153
868	16
2376	60
1901	85
1067	60
437	30
2326	140
1414	23
123	182
1556	27
3550	31
1167	1
1108	92
2210	123
47	149
705	221
142	88
1532	127
367	82
1110	148
770	37
1686	243
138	75
1058	97
1833	88
124	6
477	87
104	21
1658	56
2634	40
911	546
4268	12
826	112
2368	38
563	15
87	163
173	45
520	10
1363	12
975	4
1792	146
801	15
368	3
1095	121
3056	14
1203	112
1934	40
1257	188
72	30
2814	27
3236	131
1841	143
1517	85
146	198
1808	530
1717	11
504	143
537	135
1643	32
227	42
199	35
459	42
534	206
2178	106
837	78
2218	86
228	137
2596	35
471	17
4678	40
133	50
629	50
1219	100
1200	179
811	322
1060	4
1011	1
2730	18
531	142
152	179
2381	65
634	6
1002	36
170	13
1065	13
1946	75
1408	170
506	20
166	355
463	49
748	43
231	29
147	143
273	191
980	70
1252	355
1053	90
524	6
1411	86
1633	21
826	53
1092	36
1090	83
1896	8
449	123
1466	18
1215	181
1393	102
706	39
2380	31
890	19
213	14
1488	28
3676	71
352	19
1119	33
894	60
848	683
385	88
1955	106
537	33
214	85
4399	28
1515	110
601	55
310	141
188	473
3076	203
2785	253
2802	19
613	120
940	48
529	37
1090	115
276	213
529	6
703	54
1291	40
749	122
419	3
3324	6
1729	253
1306	104
113	195
1460	44
864	49
633	6
333	156
124	68
995	38
132	42
2043	20
931	7
596	224
1818	93
397	212
2470	49
454	86
1631	15
1659	33
923	108
797	10
2293	235
252	26
2227	560
671	30
1140	65
170	93
748	9
1261	6
1235	45
2736	253
1948	139
286	251
1793	14
401	102
431	523
3408	48
2156	16
766	14
2083	44
1940	1
1194	14
305	172
1203	47
280	150
3756	149
898	263
839	234
335	34
421	1
1189	42
100	37
238	231
537	150
1550	89
2747	2
988	16
541	146
1545	52
800	57
123	37
215	105
189	51
1224	67
396	133
2194	81
566	61
603	108
3364	496
342	64
528	57
426	14
313	35
1318	97
862	18
964	163
668	129
352	29
893	34
2185	144
1054	16
510	18
460	18
1533	170
410	12
1290	29
336	36
417	194
1833	8
1864	34
785	25
270	68
960	2
336	306
186	78
2308	159
220	4
559	12
1239	354
3060	76
285	58
120	66
1191	36
544	115
408	25
1010	89
520	102
346	80
5091	30
3862	154
1579	1
803	8
1095	51
216	142
292	112
982	24
948	83
569	52
2337	114
845	39
2317	8
929	2
2201	31
959	213
87	17
383	176
504	330
53	59
577	95
1954	535
293	64
89	51
170	43
236	40
1029	86
924	222
652	67
1224	116
1042	74
1266	217
517	189
999	32
1847	133
1319	45
3159	64
432	247
1626	50
1062	199
1425	28
1481	1
352	208
550	187
2807	311
138	107
411	71
347	193
488	37
2347	192
982	67
212	64
417	80
99	206
1096	193
704	7
179	19
393	153
1406	100
1816	11
1284	71
719	1
1478	175
461	65
2867	161
129	51
580	9
1113	19
194	174
39	30
177	149
3525	3
80	53
899	167
863	222
275	1
309	213
2485	1
1284	72
609	71
252	31
850	20
416	4
1288	212
585	29
2671	18
999	188
1063	143
2058	95
69	3
514	49
698	180
888	135
843	13
1254	45
495	4
1576	2
1140	4
1858	139
108	202
716	148
90	54
402	95
348	289
2039	84
1489	73
673	117
710	48
649	2
403	153
563	158
243	94
181	98
891	17
1361	264
454	52
1998	49
486	35
3488	147
377	28
1172	153
2064	88
1121	174
139	15
986	2
2926	96
213	36
123	108
510	14
461	126
1049	206
1204	107
1661	20
780	65
860	85
724	27
710	103
2327	235
487	88
733	179
845	132
1250	171
574	19
1618	26
653	166
1189	26
469	54
1146	58
417	61
247	9
863	55
1328	17
856	292
624	107
1895	403
1144	64
668	12
2939	29
1012	191
1543	66
1617	4
1313	6
1040	284
482	125
1426	39
310	15
1393	29
2786	13
531	53
1748	354
1038	131
140	34
338	176
393	307
3783	60
3955	85
1465	254
762	207
678	174
208	61
299	89
290	629
278	80
123	26
155	39
2893	36
149	21
505	87
3958	135
139	262
1181	70
1104	28
1110	124
114	192
395	51
1239	127
598	61
349	52
1764	53
2564	255
939	82
331	17
1484	38
3682	5
722	180
219	68
3137	326
790	33
192	34
612	96
1403	253
1172	139
955	11
1728	13
1381	70
5595	226
720	213
1344	310
315	95
3275	12
3359	136
2126	17
2626	40
533	43
511	42
513	50
1386	112
137	2
526	57
1654	74
578	51
2165	133
896	10
2412	32
159	21
1401	257
533	26
502	27
238	50
2959	296
500	24
164	209
589	45
1104	74
767	90
645	192
452	168
1600	29
46	234
464	62
3753	150
1124	220
138	67
1390	18
2343	154
1120	25
480	305
478	78
296	23
626	236
1084	31
366	262
466	239
266	114
1044	3
373	48
4060	228
1115	152
2996	23
799	56
1400	125
120	39
168	112
83	4
1371	78
287	132
588	23
82	4
626	325
190	89
608	183
1027	88
3666	31
3126	45
2370	6
1385	231
207	136
1002	13
3097	19
255	25
3156	63
1118	33
6412	147
1494	137
776	98
508	40
570	126
2542	65
391	55
724	137
1781	18
821	148
2420	75
654	59
1113	84
188	115
2734	55
1355	71
920	424
3081	30
588	169
780	120
200	4
232	40
708	36
574	65
451	27
722	49
640	89
1327	204
2062	19
1219	43
204	70
487	295
434	145
205	431
2631	150
797	15
958	60
792	188
864	56
440	55
433	73
989	3
909	142
1706	412
392	90
2011	36
103	63
153	64
606	29
276	93
183	228
1199	32
2560	16
396	159
341	18
93	77
1669	10
1048	177
115	12
2215	67
461	22
304	124
1069	80
3725	71
572	34
1492	123
491	160
935	46
584	152
2655	344
226	3
452	102
255	22
2572	5
383	78
970	38
37	161
1318	175
494	189
945	323
1333	314
1847	248
762	96
1318	45
2649	66
2062	3
1102	2
264	59
217	55
2167	12
354	40
48	138
2383	8
1830	52
1424	108
934	115
626	26
1164	275
249	134
1858	1
658	93
508	125
1342	252
230	172
224	4
1431	69
2769	89
1529	103
229	35
253	36
470	6
2325	165
594	12
1497	18
245	206
142	207
866	2
232	51
1366	215
2469	24
603	62
1458	140
2062	93
2396	77
1205	19
1815	152
835	106
1943	12
634	112
202	55
919	23
650	177
1841	405
2737	51
138	14
1726	44
600	42
401	107
1309	198
1272	166
752	26
549	39
615	24
2269	108
1379	261
93	27
153	76
1307	237
1134	54
1030	1
1413	51
2112	13
613	17
140	114
963	29
782	193
340	128
1374	3
1026	158
1804	211
1429	68
1371	353
2614	69
1063	41
469	170
1882	192
445	13
139	92
517	55
177	290
1192	13
322	57
320	183
1156	67
189	62
494	153
403	169
121	115
118	377
1556	14
789	128
1417	149
54	65
271	44
652	84
2856	9
1054	38
442	71
1253	176
263	30
1711	161
1828	24
1797	107
1286	44
999	154
2711	46
4498	70
253	11
92	12
327	173
223	3
1960	31
2105	256
307	113
1509	20
461	44
1640	128
111	57
445	181
126	155
200	285
1805	56
712	15
366	213
250	35
1294	143
1161	189
214	123
3228	11
491	73
1088	51
828	261
833	339
1603	112
705	155
1429	121
308	47
1377	30
1686	81
902	204
707	127
1308	3
184	155
1623	60
451	80
1256	158
2065	349
699	130
324	23
236	8
910	203
176	77
1723	186
155	89
2706	48
1657	259
1462	173
2707	60
225	9
1178	114
429	68
175	90
480	45
622	47
541	1
491	374
654	3
191	2
162	36
921	118
260	189
517	49
1633	112
450	116
1486	4
1587	5
7387	68
1276	41
5145	197
1280	8
388	164
1150	24
176	218
1046	41
2185	62
446	121
65	145
264	97
1869	2
991	34
2352	87
179	20
4842	207
215	19
361	100
501	297
419	117
3062	173
886	87
392	253
495	254
826	84
770	97
416	220
457	138
683	19
253	16
733	53
1978	15
265	160
355	58
1211	117
2661	30
994	141
1598	39
1452	35
2749	78
224	102
88	5
556	16
204	25
723	27
1350	9
738	41
4413	88
4872	23
507	29
350	73
447	61
111	53
758	68
1088	109
224	155
2580	5
1109	44
651	181
1059	97
3164	352
2026	28
444	50
1172	2
493	379
499	156
1591	63
1366	11
2099	240
198	83
1617	155
512	10
554	72
869	46
217	106
764	33
238	196
1495	16
871	23
366	50
261	74
811	36
1021	3
297	19
858	79
454	82
2256	291
1377	21
326	53
495	20
640	114
2639	61
3951	170
2731	222
3540	241
198	104
274	181
1043	155
2011	7
736	2
1318	201
4181	31
497	101
2142	12
697	92
97	159
836	172
411	259
1281	180
1789	204
996	30
1376	194
136	3
286	9
1930	44
51	5
1793	10
735	62
960	87
199	42
1452	304
2043	224
170	95
289	370
1802	13
579	330
545	414
1509	68
1698	2
1895	133
2308	37
76	122
496	38
50	13
6313	73
1114	18
3266	111
980	222
1594	22
1345	259
1717	85
638	16
66	4
555	13
662	358
1012	35
1447	122
1614	13
638	178
776	25
1432	12
1795	35
81	120
913	5
1484	29
179	33
646	20
876	44
1113	451
545	54
1714	82
807	88
2492	36
1523	177
1711	189
2612	393
702	1
1362	40
193	57
71	90
304	265
148	5
106	66
1234	53
351	193
1868	65
488	42
164	175
365	176
125	112
1239	26
1201	105
2651	256
1549	91
952	58
171	55
2006	117
2242	65
3539	120
220	173
1301	215
248	314
1493	65
96	36
67	117
1147	50
203	91
1617	65
1067	84
1392	49
684	117
91	352
2195	208
321	137
300	35
693	25
5009	192
4462	1
1629	16
2537	69
2505	314
478	160
200	56
718	13
2094	76
496	170
2046	90
849	75
988	155
307	199
330	201
1236	198
329	96
2308	37
195	59
2775	113
145	43
1533	23
240	95
995	102
1103	59
375	14
759	29
1100	44
100	124
85	2
626	141
229	85
3318	104
1037	147
2378	70
1845	61
433	71
394	189
2574	177
274	7
436	70
1087	5
1832	451
897	28
110	54
39	84
3288	186
873	95
826	66
1493	16
684	26
1001	175
2996	38
487	228
177	349
348	79
3176	13
2157	157
2666	27
1686	29
3945	106
2118	140
472	211
544	4
1209	47
675	24
2186	207
543	267
624	34
116	154
525	40
1018	121
777	470
3213	68
1426	21
165	156
3751	4
213	45
280	622
527	75
2042	51
381	168
2273	22
814	56
1523	10
274	212
2667	13
511	17
567	6
3502	31
165	201
1127	18
131	30
663	44
1046	106
932	559
1102	43
2010	276
391	109
1863	31
552	8
255	214
1851	229
949	16
96	41
2145	31
749	215
1233	137
1318	104
2651	1
208	21
3614	31
734	83
540	89
332	76
1338	100
164	34
998	28
1151	114
737	77
803	58
210	171
2616	59
504	72
399	85
320	6
540	11
713	5
1822	14
2029	14
415	71
294	49
1512	18
6055	218
653	81
1181	19
121	33
2022	112
1053	14
744	78
716	68
674	100
254	181
598	18
550	58
317	16
2140	39
2404	111
148	15
2601	20
724	122
143	22
301	24
4568	63
2480	100
443	15
814	157
144	134
937	114
590	14
696	73
1284	105
1652	30
1118	161
309	131
610	249
1032	238
5569	182
363	68
2373	231
120	41
993	59
1723	9
1567	32
2454	142
1100	51
197	15
129	1
245	149
2071	119
98	173
3799	55
3289	16
94	4
400	85
656	124
2532	13
79	160
1597	77
303	151
879	29
518	673
985	223
617	34
3323	58
398	62
1023	110
2667	48
628	1
982	23
603	22
119	8
562	97
5922	94
246	105
5636	120
325	119
108	45
1185	53
2737	42
1951	53
213	227
1661	130
980	122
1353	164
449	20
376	145
82	22
1066	124
1453	62
300	3
2936	18
1014	258
759	34
1751	27
150	35
401	66
365	120
1225	156
130	199
907	39
232	152
187	134
1626	50
512	128
404	185
2895	192
926	36
1368	12
39	43
5220	9
157	416
748	15
316	285
2724	49
175	78
1784	8
1530	169
3157	182
1702	27
628	15
923	40
922	3
586	128
578	17
898	22
2190	38
525	112
1465	33
893	11
380	5
645	135
168	39
1025	57
460	31
1386	6
1810	10
1168	270
106	68
374	88
638	8
2052	18
3050	146
1324	18
378	85
1142	63
149	242
368	267
733	13
611	186
2419	80
948	60
1113	37
3500	10
91	54
738	1
960	67
1413	287
1508	8
637	122
891	236
55	195
720	30
1514	29
4669	16
860	166
130	115
836	98
1579	65
1063	23
723	29
2781	468
2730	119
2055	222
2885	85
1075	528
2820	30
823	38
1425	14
533	43
2100	20
332	141
568	41
705	97
255	91
303	39
930	43
3059	68
1534	70
717	105
1971	6
603	4
79	55
1248	50
329	58
92	90
1803	12
3811	10
1770	28
44	105
2255	110
417	35
69	1
696	136
878	41
2869	138
224	1
754	84
843	112
1743	6
546	62
1499	401
1152	26
891	32
742	50
171	11
239	21
169	54
598	340
622	51
2984	98
526	334
661	70
2146	91
1159	173
3076	23
732	80
434	24
829	13
2098	263
96	35
2448	62
227	59
2294	255
470	26
97	155
2714	57
266	111
810	157
1233	64
5871	3
598	122
2466	3
2060	335
2398	201
692	475
3255	129
340	27
1122	132
531	29
1688	25
124	19
207	53
384	267
254	446
652	129
136	143
387	132
558	38
622	20
1308	109
192	282
1170	42
738	84
824	90
236	49
1288	325
115	23
855	20
200	2
668	47
132	10
538	80
585	20
452	1
1163	30
265	72
1069	183
1055	188
3846	11
607	28
1792	2
524	108
183	107
250	275
720	5
252	54
1900	134
437	115
314	7
1030	21
594	128
3314	15
158	41
320	35
874	11
1605	118
1573	117
1266	73
793	4
2785	8
1889	14
475	154
118	25
306	20
257	77
248	8
524	239
185	13
114	492
617	4
778	66
1586	38
1461	49
97	47
63	78
600	411
1222	70
1940	60
441	83
732	102
354	87
1636	257
1523	83
533	92
3898	30
1552	24
518	38
115	142
827	189
1237	22
2319	8
1136	239
5081	81
1201	18
931	126
1006	93
462	48
410	371
405	31
1108	83
68	79
302	82
971	17
2709	54
260	58
1430	19
1030	264
235	192
905	51
81	40
180	130
1046	41
1035	49
664	1
247	32
259	22
766	32
1403	29
3090	548
732	55
2286	19
1465	144
1212	7
718	276
1256	32
999	34
959	190
2449	256
314	25
2147	167
188	130
150	158
267	18
550	139
70	45
815	90
572	67
236	123
1570	104
175	22
473	13
873	24
1628	9
1044	166
1938	256
492	163
2211	3
1929	57
307	23
1388	55
812	133
1226	239
245	28
3177	79
1655	39
811	34
2983	68
679	4
785	20
677	15
485	76
513	49
3254	8
326	159
662	61
211	231
790	270
849	45
327	92
203	287
2414	24
1349	64
355	124
399	53
240	291
3058	47
702	546
512	37
306	553
193	17
170	65
860	117
560	15
864	10
2228	7
1924	375
1527	158
1273	238
510	81
871	30
1722	43
100	118
155	42
1563	100
1828	254
253	118
780	128
2544	71
621	46
786	32
1335	111
616	1
1986	188
834	72
2705	43
1350	91
876	82
1408	23
4034	220
1368	42
1425	10
1002	78
1918	81
727	42
349	263
1439	347
297	62
1889	44
1001	59
282	15
699	19
2156	137
796	127
580	53
1485	680
125	154
804	104
111	45
309	305
653	102
1891	22
424	381
324	110
581	253
1905	31
221	23
48	91
97	92
1811	277
516	157
1358	104
1937	190
288	3
171	221
997	17
1412	196
674	53
592	67
479	238
2826	291
1473	94
169	161
166	73
255	30
542	744
4719	376
1171	23
1646	28
2892	40
965	85
257	423
564	71
565	25
750	6
195	33
1366	7
1549	41
303	7
1000	89
1210	18
1677	27
233	40
192	41
852	28
738	15
2506	37
552	50
357	9
84	4
1826	106
543	101
624	12
1527	8
528	24
1388	137
1823	54
1026	251
792	48
133	16
857	15
492	235
1951	89
1168	67
1163	210
955	393
1302	35
416	74
2408	239
1374	31
455	53
292	69
672	83
113	65
1317	38
932	243
302	88
1323	13
286	409
1023	119
141	95
509	47
1338	84
924	172
2037	80
795	314
943	242
3021	245
65	147
1760	142
866	79
292	77
1455	116
278	179
805	22
982	211
230	28
293	131
684	221
373	13
796	27
341	8
239	81
2114	410
1718	20
3291	211
2307	14
905	37
258	220
1179	269
179	10
794	76
519	2
1897	4
269	164
2318	54
94	47
311	5
1762	183
315	105
1072	37
565	211
1031	36
202	24
3067	162
867	120
1167	122
298	143
824	1
358	19
2904	172
260	69
979	42
344	21
645	332
412	109
154	147
526	7
499	296
2374	64
4803	89
359	95
719	88
208	54
378	218
535	133
1569	18
1352	26
737	418
739	44
1131	88
4180	79
216	279
144	53
2549	186
1362	30
464	28
411	71
918	88
1718	14
186	120
357	14
170	47
1114	170
57	108
109	64
441	29
1343	41
49	175
543	62
87	119
107	44
954	17
1158	37
3405	133
153	166
1299	36
1323	113
169	73
697	87
2505	95
624	25
987	109
95	25
577	8
401	53
120	46
43	19
223	5
206	132
713	164
760	22
1170	124
564	10
183	31
1500	35
278	38
2217	138
847	208
1277	12
991	66
682	324
2858	46
513	129
271	519
62	52
1631	122
2341	89
1339	157
511	266
1023	175
155	249
1222	70
170	136
402	177
4978	91
2759	1
3176	130
1816	106
667	316
572	183
555	131
1746	70
500	73
1818	43
166	264
1144	115
493	139
1633	106
270	5
724	291
494	332
323	51
123	24
1501	31
1265	225
781	1
1087	65
203	76
920	259
1968	192
1290	124
705	13
410	2
724	149
931	36
784	21
265	47
236	82
2301	58
2538	304
1475	120
107	216
3186	678
678	76
1498	348
279	14
216	45
361	9
574	102
513	75
102	49
358	34
726	27
1001	171
867	43
771	139
1687	34
717	107
1283	31
1798	94
421	170
1270	21
766	2
3394	493
4082	258
2077	55
873	39
1459	27
47	3
296	138
469	29
173	129
642	47
1370	180
683	5
1219	51
1899	56
1612	20
296	12
189	71
1118	23
1618	33
791	95
530	87
1827	87
4242	194
1292	43
116	92
615	4
251	199
847	57
311	116
2511	48
574	61
2789	41
558	7
113	250
948	26
257	137
494	16
1881	4
2870	83
1992	278
1296	35
89	2
1263	226
1153	148
282	227
1144	60
402	209
1892	32
481	2
2306	115
197	57
410	13
221	8
1725	18
487	79
330	3
252	259
943	20
417	47
2073	87
708	71
477	8
481	197
377	57
302	80
2892	96
356	138
1039	232
314	209
501	19
1114	106
1162	151
332	5
263	56
404	170
1053	168
129	61
145	29
2152	6
590	156
115	92
2935	187
866	16
561	163
2087	140
721	159
328	58
1143	61
76	286
508	25
1257	559
68	6
934	54
789	44
3182	126
1957	341
1953	63
948	8
2682	15
101	37
118	136
2524	9
3430	30
1618	417
511	1
3355	158
1063	128
264	5
1857	121
615	194
1550	16
186	51
2402	140
277	17
622	149
851	37
2166	88
754	175
711	79
1025	23
226	20
732	38
3147	72
1382	40
243	113
1250	36
222	81
1458	51
4249	64
149	82
1361	77
1118	63
226	134
948	7
881	41
1452	111
706	164
1933	133
750	24
926	80
494	171
135	148
438	88
748	49
2537	137
500	255
2530	15
1381	59
571	106
1479	756
185	266
702	343
2327	172
3011	12
953	59
953	62
913	32
407	17
556	37
609	134
905	6
768	119
433	15
2946	66
713	24
424	9
3851	138
377	69
1435	12
438	72
1402	87
1280	330
1197	15
120	99
1084	339
1043	24
69	31
195	51
1043	115
153	39
1336	288
1945	91
2426	78
4191	235
709	48
2813	114
71	1
232	24
462	133
2500	61
1305	82
757	53
375	148
1929	216
1440	60
300	93
1067	62
420	325
1212	22
181	279
1573	293
418	26
265	18
3244	176
518	136
198	48
493	197
2079	110
2273	143
142	20
1167	45
593	223
2360	62
429	140
306	306
1854	40
127	51
69	75
604	117
509	239
489	266
1784	58
548	113
1089	107
776	50
180	18
1392	561
4185	38
2386	4
101	90
293	203
544	8
302	130
259	3
289	4
1991	84
218	248
1615	41
210	62
233	371
1668	120
296	135
617	105
572	235
810	331
574	195
479	19
879	188
212	88
886	20
41	97
1385	122
365	28
1326	109
489	43
457	69
285	58
604	228
1709	70
1019	44
3986	21
227	23
1141	162
250	103
1196	41
878	11
511	12
685	185
662	240
1818	21
850	168
4897	46
1002	35
5769	64
2257	214
733	285
280	115
137	287
1084	97
6819	136
1029	47
656	58
465	24
960	205
908	113
621	16
321	92
426	76
2766	11
1288	42
210	4
526	138
3637	180
707	113
160	48
246	153
1897	62
1290	107
64	91
272	29
2456	68
1374	14
691	43
623	268
1611	213
87	35
638	163
1733	73
437	57
555	33
1451	88
2101	95
937	142
444	92
105	7
492	27
709	98
392	283
919	66
1920	105
112	20
711	224
635	143
658	26
237	54
601	40
1793	65
1113	16
878	23
1664	140
376	33
3115	203
1552	38
3677	24
1071	6
1271	47
330	94
732	12
302	124
2076	19
664	218
1043	11
1997	167
1077	26
947	24
307	357
1508	73
228	201
586	199
380	50
3753	2
934	57
180	259
1964	63
181	79
3339	71
1818	92
414	102
1967	256
825	30
121	95
275	64
265	217
1175	115
1980	112
1767	126
88	24
890	74
563	11
480	156
660	146
268	286
2025	76
1012	8
1936	60
770	214
1089	59
1488	86
1596	254
76	167
320	181
435	43
207	69
73	58
931	289
1767	101
388	101
340	36
387	61
1086	121
202	56
927	14
1236	26
1032	295
819	90
325	39
111	11
1002	79
3329	103
969	115
1057	94
828	85
1331	4
2314	59
1471	122
3524	33
665	103
1583	8
330	223
496	29
926	30
527	76
1510	41
900	191
518	17
1265	232
274	4
1517	147
1134	82
532	19
1282	209
2120	254
675	44
1016	96
84	35
761	31
1448	52
345	46
1204	107
107	86
956	90
374	114
789	165
1082	9
947	123
465	133
1314	6
302	165
1061	95
271	59
3019	76
2155	33
2265	70
389	24
1548	4
165	120
1006	1
3046	72
2660	36
803	191
1503	45
109	99
253	37
58	16
2443	3
719	324
1229	126
1162	31
742	248
339	234
83	268
1553	25
494	6
275	109
465	91
774	59
1318	6
1420	69
2435	18
918	113
650	64
1410	140
227	67
143	177
506	194
1243	53
1159	148
1552	3
84	92
296	207
1100	36
1253	33
954	31
2522	12
1085	19
608	267
419	222
314	105
1726	108
715	73
306	5
279	3
2875	77
133	141
137	31
104	9
744	138
679	21
496	61
584	15
199	152
55	214
915	138
304	66
198	104
1389	25
1915	24
463	14
122	31
1363	381
177	84
1096	40
488	275
6015	557
349	13
781	224
1242	256
1223	157
1988	54
389	96
357	71
649	167
81	49
1460	72
186	27
839	304
537	163
154	39
957	37
713	48
384	116
91	60
1236	78
1370	27
561	13
146	58
1142	64
624	49
445	123
1497	14
1031	46
1790	301
1735	182
1212	15
487	98
1967	36
871	128
661	71
482	74
1320	141
2284	147
1118	162
245	22
1462	4
1480	106
538	4
189	118
594	84
197	123
333	49
811	4
1109	119
834	89
497	16
2626	187
701	82
3455	48
673	374
618	92
1245	191
1237	75
115	96
1603	229
669	60
1371	179
1923	77
55	29
129	84
124	133
334	234
683	36
1475	42
269	7
399	343
167	23
2189	19
252	130
250	50
1227	15
1392	34
215	34
1213	11
186	298
1575	128
98	84
3434	34
2214	117
45	208
3552	45
590	101
746	24
245	45
225	117
199	41
820	48
721	28
1178	70
97	236
548	17
792	4
1825	12
204	65
1707	158
2729	72
210	1
1489	76
2401	55
589	152
343	96
445	251
720	94
941	252
1984	161
466	86
900	239
2899	21
1447	138
624	35
1084	252
1677	66
2114	72
1388	125
2762	75
4873	44
200	310
97	63
1821	6
100	15
1151	29
697	114
1682	10
1160	28
185	234
1479	8
1226	195
1831	136
515	25
1205	88
229	126
492	31
148	127
3304	136
1659	167
346	84
2567	93
63	83
1694	134
2390	66
657	5
1705	514
101	6
73	24
216	7
355	22
1092	97
1145	21
520	369
476	68
656	69
1467	43
1321	256
232	45
308	84
299	6
1336	113
3675	83
368	50
329	104
690	15
458	55
2880	214
3929	189
823	42
136	84
118	63
1368	31
1769	72
2106	44
263	191
2294	12
361	19
1873	163
527	109
1128	165
226	322
745	28
1153	14
740	6
1970	129
99	127
265	3
162	87
209	78
1388	16
217	459
441	26
2181	5
86	29
1167	45
1121	236
50	48
103	9
360	36
416	58
1158	67
283	118
697	120
1490	4
731	135
1536	105
3172	71
538	301
699	409
814	2
271	50
844	24
64	113
88	21
4065	405
57	70
1325	3
1296	87
1674	14
158	26
3086	154
743	137
1587	49
86	18
2821	10
1720	85
1226	329
2200	12
282	133
523	225
454	64
701	126
439	10
403	274
105	16
367	101
549	4
141	40
1889	6
1783	92
3419	39
49	239
1415	126
1009	129
276	75
340	94
763	32
260	89
153	167
1230	24
1409	351
1758	2
678	74
1933	339
1516	53
44	302
228	202
620	133
1734	2
3613	21
462	263
535	98
1320	8
115	84
1336	2
4684	135
3113	158
119	123
983	223
1144	14
271	166
1199	129
4105	65
726	77
1155	192
206	176
2781	57
570	102
440	95
275	158
1968	274
1629	192
783	157
163	247
1752	82
663	23
1082	59
2316	232
1191	111
1250	23
786	26
719	121
2465	3
1565	327
286	49
804	27
348	106
712	4
631	89
2485	79
826	50
397	57
247	6
902	12
863	213
1414	26
2204	19
2178	17
1030	189
167	101
820	126
522	361
331	248
1156	345
1364	7
3899	167
1499	151
329	58
108	178
4254	77
1097	146
443	34
2808	96
1807	58
156	11
837	9
1110	83
91	139
982	110
1354	283
1042	67
702	141
403	123
114	231
135	136
609	82
694	158
2360	134
837	118
4235	145
159	117
3686	72
1145	100
1354	9
123	32
2574	29
660	188
917	174
541	53
4044	14
966	9
866	1
1396	67
273	242
382	18
121	40
614	5
737	91
982	292
301	47
2383	133
3206	114
386	139
1217	87
1270	102
1734	70
274	14
426	223
561	175
1481	395
2239	290
381	165
4247	129
2444	103
2369	188
1047	4
901	57
720	224
1328	235
46	105
290	279
1332	394
2122	25
159	10
986	266
329	151
318	127
1018	62
803	214
1473	32
347	30
1591	66
495	86
77	136
1676	104
1061	13
1688	234
277	195
2396	134
1089	254
982	51
785	7
1053	3
133	100
487	155
1702	150
689	223
169	132
484	307
1230	25
1841	42
702	36
579	53
629	175
2545	166
1314	208
1673	92
1652	54
233	112
528	191
1566	29
1208	138
231	220
143	10
3672	106
218	54
567	144
1517	129
102	39
493	64
709	59
828	632
3256	46
392	142
2084	9
576	58
366	19
181	106
431	186
409	14
1575	62
560	64
798	12
3254	28
721	235
2062	5
972	134
717	209
756	131
654	184
3844	123
58	116
413	18
68	110
1806	115
1802	1
2699	84
1107	56
3380	75
430	137
598	152
397	57
2278	106
615	6
3684	38
2316	140
70	21
774	24
1038	6
2487	181
472	3
304	91
625	84
905	329
836	119
259	115
1864	125
2907	9
104	298
1111	38
113	133
89	6
218	72
161	358
1950	73
1166	57
261	10
4002	194
635	10
479	29
81	119
1117	84
616	222
963	80
437	89
743	156
2256	88
988	56
214	99
1225	24
873	23
241	77
1475	41
1715	47
758	207
1110	158
931	88
26	29
2069	110
1091	70
1720	125
841	83
2194	79
665	134
874	65
755	17
230	26
1000	57
2208	249
1659	6
250	202
1303	373
727	191
1702	163
206	8
316	18
372	8
1639	313
658	119
1798	229
651	170
553	7
1411	52
635	43
2082	75
2888	29
797	205
486	128
792	93
5961	16
2933	15
440	105
1092	113
1611	239
744	408
419	25
5923	3
1426	13
5107	161
601	148
1751	335
2110	193
2366	26
2028	10
1060	146
947	40
668	12
647	80
1478	61
2766	61
3731	32
395	4
2026	88
376	60
1116	22
338	120
913	84
1924	33
638	88
605	347
2557	16
1185	87
1505	217
214	120
137	41
450	53
823	88
1206	72
2090	111
1955	1
304	50
1918	63
688	22
558	36
1695	2
931	90
475	114
189	220
312	113
784	454
375	118
287	136
643	75
642	110
192	407
2295	213
725	18
1318	4
985	20
1292	430
432	243
176	171
447	1
782	154
851	212
431	11
1177	319
114	136
781	67
499	66
289	168
1306	190
708	5
275	19
1939	23
729	28
2337	215
802	26
662	1
381	69
1152	4
473	21
916	222
602	72
1616	348
541	233
223	12
585	19
242	17
892	62
1333	88
1427	39
125	39
920	18
477	8
1570	99
132	102
2236	40
1384	136
1574	270
159	7
1627	200
123	8
1234	12
838	156
660	322
3135	6
583	63
130	44
85	9
270	10
756	275
320	31
1085	3
157	35
149	47
2903	109
1289	18
437	221
4443	250
830	147
675	375
658	84
1704	58
505	48
110	166
193	8
2367	60
196	179
162	186
1055	90
425	46
116	260
100	181
451	43
1351	21
1498	261
2953	123
761	52
1634	214
149	21
687	131
252	53
845	31
1694	80
1520	219
108	53
3432	30
1409	211
1185	1
72	36
1302	180
567	132
234	1
792	15
752	95
890	182
428	13
1231	57
1295	9
909	65
1331	150
1332	14
1687	398
670	282
2583	188
1397	27
2380	24
178	7
3415	150
232	23
1581	88
2127	16
127	45
1792	174
202	59
11697	178
1008	115
1815	95
779	38
616	38
893	68
1054	76
359	159
1073	152
1963	56
507	84
953	467
499	236
2353	108
2248	137
622	1
176	48
366	329
2081	70
1944	1
997	58
1438	458
417	410
1120	167
1647	63
470	170
1535	124
108	72
1801	91
267	36
393	31
1140	20
6038	96
2236	15
192	15
712	656
323	62
1811	55
727	132
156	81
2802	293
547	165
463	83
283	416
3306	78
255	37
113	197
1138	285
43	25
308	59
1037	76
423	20
1613	63
538	27
1558	7
37	10
1212	16
1763	419
1794	3
912	11
57	562
185	501
710	103
163	166
2920	37
307	119
1852	41
47	24
482	75
1238	25
1422	102
1140	112
374	315
919	20
1539	154
1821	23
1088	185
971	247
1258	49
1168	65
2323	43
1905	1
136	1
3628	13
1306	291
2055	114
517	10
511	58
225	154
662	60
341	64
780	28
1119	121
3674	3
1492	91
962	199
1695	76
507	36
673	190
313	1
1318	88
99	69
1310	244
549	43
272	181
375	34
258	37
1035	63
662	39
1536	67
923	80
1018	25
1655	191
659	222
140	99
1137	75
1903	103
2274	168
870	32
4139	123
457	24
3146	9
2369	99
830	156
1449	91
1767	4
87	44
89	51
294	44
249	270
163	142
2210	210
903	14
878	229
215	13
1084	22
1574	72
582	95
1322	171
326	50
393	38
448	61
827	48
95	42
1658	67
410	75
165	128
869	28
2229	32
478	163
2315	16
477	76
250	65
1881	60
1199	1
1410	470
250	34
1468	227
137	116
2810	29
206	29
355	114
161	101
1189	42
2225	104
452	6
51	217
938	132
146	51
521	203
487	37
367	160
3645	106
2244	304
1359	60
1379	224
419	142
220	21
4942	57
661	10
961	25
68	131
1123	46
888	20
683	85
1365	33
1015	41
949	134
654	8
756	58
191	68
1420	154
161	154
4435	153
3486	152
129	28
363	203
172	208
1346	81
1332	16
740	21
296	13
1030	1
399	323
649	90
4926	118
1056	69
1327	4
1400	25
1033	49
1677	24
369	93
1865	44
1014	148
89	77
1070	84
97	65
1322	5
417	132
595	65
848	35
913	83
1295	184
489	114
905	19
201	32
645	6
565	15
877	37
7394	224
3663	131
2792	123
828	274
392	68
331	87
1680	4
2330	310
176	26
672	301
475	22
2971	67
2472	6
514	398
1578	4
3215	110
184	72
113	3
522	69
97	1
767	32
1429	6
2141	31
1302	2
722	144
212	74
93	54
2975	74
368	274
303	26
1191	63
2743	58
954	105
2384	153
3479	51
134	254
545	168
943	42
98	254
449	64
2909	216
259	281
904	100
1184	142
312	106
1139	173
1580	73
1094	87
1202	61
903	62
303	198
935	135
2990	17
253	112
798	153
339	217
264	8
129	77
2539	24
168	211
1808	124
2080	3
4836	271
739	162
105	288
729	189
1378	23
1072	488
1908	8
334	13
282	104
918	43
264	177
2967	105
75	38
1130	63
1198	111
2157	220
416	181
1266	124
1240	125
1091	27
835	76
636	46
414	23
251	13
187	2
1548	117
1667	18
2175	18
1668	263
184	167
87	166
2306	131
578	98
963	396
1547	69
1878	122
204	39
760	163
2799	226
977	86
226	114
1450	20
609	186
1729	302
990	288
378	19
439	57
420	354
319	149
1109	131
2495	120
343	69
403	180
809	79
713	147
2223	43
597	12
1842	91
322	59
2585	53
1200	149
2431	2
311	20
3474	33
1175	34
839	71
1595	4
937	26
2631	16
302	164
275	12
163	17
1415	61
984	41
3355	28
2068	134
720	15
1796	380
259	84
615	125
157	64
4301	28
871	65
1921	6
1799	128
505	176
478	201
631	107
180	33
1525	211
144	35
1060	98
559	126
325	287
2378	779
1590	61
288	196
2111	46
1956	42
1368	28
700	300
2046	164
1267	84
714	13
1038	139
979	60
1104	1
1061	98
121	150
191	218
656	40
2979	72
693	66
1144	281
155	16
742	339
1631	166
510	657
544	180
143	252
411	169
677	270
157	2
1088	96
61	142
1765	6
998	145
1961	63
601	64
1043	36
848	146
208	34
861	72
2085	12
898	118
178	230
1445	317
1807	44
783	63
1936	158
177	62
399	19
559	164
739	33
340	137
779	111
1268	124
2112	61
46	65
1255	142
184	8
1246	427
265	104
922	53
788	205
830	37
1162	31
3653	166
346	137
668	52
1183	132
1798	2
1540	131
2739	32
1213	75
367	48
1280	320
120	29
349	51
779	36
1058	8
3067	231
2670	16
336	102
3811	62
1343	287
73	104
357	208
497	394
1840	68
1451	89
343	18
3176	482
116	136
2233	66
539	20
843	628
757	12
382	20
257	56
223	304
191	165
801	9
306	19
1436	239
1970	76
298	32
859	224
1030	34
99	54
503	183
638	195
1377	454
233	11
241	91
610	2
1628	92
103	211
273	262
1020	228
1397	56
532	10
1544	111
876	153
227	87
890	111
96	1
437	5
823	178
1042	104
2414	85
198	367
1285	307
154	3
631	169
1643	120
692	26
857	185
3092	88
1072	27
1423	153
464	287
983	52
731	54
796	27
2039	27
285	266
691	6
1489	62
1526	58
707	146
743	137
3272	47
3170	87
885	21
791	86
3687	80
2197	12
355	322
1194	59
1921	6
746	33
1026	32
5455	16
211	10
257	19
2534	135
2286	193
2082	107
592	3
516	84
160	55
245	8
87	47
91	228
42	69
1449	37
1123	23
819	308
3901	78
1851	226
1841	70
1124	288
37	88
95	93
893	8
819	132
517	50
2460	10
658	59
888	72
878	3
1563	152
1933	10
1159	69
655	3
1970	34
1077	97
815	11
624	9
798	240
2072	39
1423	15
507	278
361	91
79	9
2132	62
574	33
539	44
2619	169
1455	97
169	85
448	95
312	99
175	20
636	142
151	44
190	219
219	49
775	40
359	279
152	107
759	90
93	63
728	257
1414	63
116	5
1150	173
253	26
1992	139
4514	20
370	107
46	19
133	63
1582	18
459	103
800	24
336	29
2492	84
1373	7
313	125
245	2
1054	53
207	63
1092	92
519	19
534	2
481	72
353	33
953	170
1392	114
363	5
1160	66
381	43
560	117
2529	28
3154	520
143	163
2242	38
2208	53
2515	3
1618	6
734	146
1274	48
802	44
1407	173
971	39
1428	58
472	116
780	18
929	22
161	108
966	7
1362	44
288	42
355	141
1449	4
3093	55
738	341
102	49
550	13
386	216
1253	471
676	118
666	10
750	225
360	320
670	103
180	193
940	18
717	104
900	9
1080	17
1162	98
2982	111
1485	43
1972	234
295	193
103	8
1108	58
106	27
487	2
3154	175
1386	159
874	53
2257	96
952	23
1075	167
163	380
115	141
5633	83
403	17
1886	71
1641	12
1346	13
853	31
2784	156
1879	305
132	3
113	51
2701	35
249	50
220	131
1201	23
969	98
908	289
101	331
475	91
1311	131
1604	39
643	82
1438	44
3769	74
879	149
1283	159
501	34
614	208
1361	30
945	305
132	3
1991	38
370	154
943	108
2259	35
216	184
1035	44
519	69
574	170
3990	73
238	116
662	143
1746	66
470	19
282	173
312	232
553	128
631	116
423	147
1101	50
507	26
737	91
1900	155
123	112
83	61
797	59
187	169
3081	266
456	54
274	210
125	27
1677	7
3069	3
892	5
1111	17
4779	274
549	219
443	131
425	51
630	109
305	278
404	48
3999	9
2024	38
772	98
1000	38
2010	410
1855	150
261	62
378	131
4614	7
1835	4
386	157
2598	12
590	111
600	39
459	82
310	430
561	212
1534	105
695	56
1496	12
542	20
572	13
219	60
922	48
1722	211
380	13
3074	106
728	100
214	103
86	288
927	137
1640	48
153	123
624	475
2323	122
1622	195
3233	84
2627	28
362	36
420	30
1465	58
711	52
1392	105
1482	101
194	4
441	211
720	59
1485	21
264	1
875	48
464	63
398	1
326	15
346	93
528	49
1017	23
322	27
569	54
111	123
1339	114
743	127
1008	50
813	28
69	27
850	500
253	59
432	60
904	70
2492	194
1930	72
644	21
413	115
389	138
820	66
1963	42
3391	153
2887	293
1482	41
1163	1
223	6
1707	30
106	3
2749	47
44	53
1433	58
475	77
259	28
1470	56
572	21
553	131
238	95
1056	43
937	423
213	3
65	88
358	87
401	180
3083	80
234	165
1034	150
1303	58
378	15
171	168
1153	47
2549	379
747	10
723	50
1215	34
1442	46
243	18
2576	21
2943	16
579	67
701	54
199	57
349	177
1336	36
950	26
764	15
1748	63
726	68
1802	161
732	74
2298	99
710	352
543	61
1122	76
1417	99
714	227
202	70
1405	89
3097	42
318	67
1584	113
79	53
59	4
180	97
677	203
945	11
1253	4
446	182
2377	15
423	208
561	11
1681	83
532	51
77	372
421	232
1357	159
933	35
1911	96
661	46
737	115
249	20
608	6
1728	55
1268	296
1538	158
686	93
1650	153
932	36
441	145
388	14
2721	80
136	143
885	5
1656	60
752	9
890	147
846	201
453	136
4305	8
530	101
556	160
128	103
121	145
1124	75
1479	106
1066	242
159	111
427	2
420	132
191	70
440	32
199	417
2529	67
530	165
1293	132
261	143
216	45
1087	43
403	162
1327	34
826	26
814	32
2537	19
958	23
1795	116
215	78
536	141
2296	26
267	90
729	37
968	14
2252	8
2997	78
151	37
784	12
184	74
839	20
2391	28
3533	243
4290	177
1553	264
1308	170
1346	22
1294	40
617	14
453	70
1691	21
1486	67
2281	30
439	141
341	103
202	5
173	13
332	317
1753	59
254	82
2556	199
772	10
2139	73
1479	115
1062	74
168	110
1247	54
1312	158
1371	64
304	46
2007	42
368	107
137	9
1302	69
389	83
864	58
1128	20
1057	107
264	382
1406	94
744	32
509	17
1030	63
4376	4
1686	35
2115	121
63	21
832	42
622	122
1056	171
540	21
586	182
490	6
542	34
482	95
311	19
295	419
341	18
885	14
1183	15
1149	96
415	46
1127	21
199	152
1021	150
315	56
168	377
1532	68
352	81
662	386
877	2
947	45
1682	242
196	13
2037	112
715	30
3578	345
789	165
419	40
1415	94
1814	15
627	44
499	158
117	17
2075	138
976	165
124	69
1426	4
923	79
1035	108
1608	46
617	251
716	16
465	35
307	127
587	81
222	86
413	203
1172	160
1116	8
1273	22
1881	53
947	10
527	375
675	1
1749	38
1759	209
430	18
2498	51
1568	372
380	14
2910	197
2318	76
261	181
67	275
688	33
763	70
5832	406
1298	386
1049	53
1542	173
545	65
565	97
1238	58
2862	88
1808	286
636	68
2194	341
1830	117
444	86
883	496
238	155
481	11
821	23
434	66
1197	335
401	152
220	65
367	79
427	67
238	73
503	108
308	81
1627	12
81	13
1855	32
114	26
1728	14
1225	38
626	188
1511	26
116	131
1100	180
2881	57
609	113
310	115
1112	179
285	66
2085	13
1512	101
397	507
5162	22
495	93
387	244
63	23
337	87
738	57
961	597
294	31
3986	154
4417	51
1750	45
231	71
1004	15
221	33
160	6
710	97
1278	8
77	120
5411	17
335	152
1047	11
3505	28
326	41
219	28
1597	156
126	78
122	46
269	63
835	76
156	97
1541	284
2253	34
210	149
97	56
1916	38
435	11
2119	127
785	69
1808	332
626	489
160	8
2532	17
816	20
644	5
143	38
344	50
166	106
497	9
1553	41
1009	145
903	256
875	7
2561	103
1690	156
1005	60
865	92
2878	9
1028	57
711	29
156	32
1390	258
1706	61
1346	105
1874	103
613	3
2703	168
383	36
652	67
247	62
2339	131
213	64
5938	9
376	120
114	193
629	59
612	20
969	63
412	234
513	1
513	231
415	1
626	46
1144	179
479	151
944	72
682	59
737	24
947	61
1521	143
1052	11
527	78
217	194
118	78
407	58
107	21
547	74
835	147
1947	51
39	70
560	115
348	16
420	213
113	14
952	61
513	78
77	385
892	54
1694	31
330	11
562	36
3238	168
1651	42
461	207
606	249
1051	222
858	92
1231	29
875	15
910	129
169	78
2325	16
399	219
2554	58
613	34
817	145
240	16
321	67
611	65
306	19
298	10
4383	37
214	21
1807	20
407	1
226	227
2125	208
271	49
364	58
1144	40
3357	83
1596	79
839	49
105	110
986	137
143	250
2652	188
1633	28
2279	81
443	76
391	50
721	56
514	359
96	11
102	227
585	9
561	61
1080	162
2572	125
761	29
601	26
991	65
472	67
944	18
322	62
81	44
946	99
485	65
748	189
403	117
953	231
2856	7
179	69
1607	36
1402	17
829	86
550	218
1311	372
693	120
979	15
293	31
1734	86
1372	191
1214	70
474	89
2076	159
619	276
1024	17
1392	154
538	87
929	56
245	326
3536	16
133	23
226	4
402	15
196	308
185	259
372	88
802	43
1787	13
674	135
2468	150
552	60
226	12
1852	11
1624	271
670	261
1197	3
982	24
788	21
786	73
2936	85
1068	174
212	19
1001	56
179	100
318	417
1053	301
642	71
1328	6
550	141
59	42
1983	109
1519	73
1055	63
1422	35
2045	172
277	268
245	37
461	181
879	63
970	86
93	221
396	41
319	15
2772	71
269	172
801	96
1571	59
1324	5
3540	191
1813	94
1381	104
838	161
1991	338
572	86
2012	5
1084	174
873	77
2078	1
365	125
437	211
145	64
672	71
95	197
508	75
909	30
1190	30
429	24
196	179
366	1
1322	87
175	334
3606	48
331	158
721	32
817	119
243	188
1725	89
4451	115
336	80
436	266
1412	74
1771	41
1008	12
393	70
846	193
515	243
1016	207
476	48
781	167
1080	313
539	35
3631	168
61	7
1888	309
156	63
106	54
166	48
1756	369
1022	118
1422	79
1046	22
2590	57
1602	52
276	37
276	53
281	56
1121	65
1247	106
508	100
246	201
360	26
639	178
626	33
296	13
1061	328
396	96
212	96
331	63
1073	81
895	53
1323	174
384	13
3431	170
3081	111
1377	46
844	190
1927	6
2553	68
609	53
297	140
1059	13
1073	209
379	81
1411	44
228	39
1421	274
258	127
210	91
1544	105
649	160
295	162
2534	219
154	84
335	32
121	17
1943	64
1515	169
292	9
539	54
679	168
1524	20
1595	12
1216	57
80	51
379	82
1032	4
895	92
151	28
250	249
1725	136
1074	39
3215	118
444	54
1017	194
556	3
126	154
862	127
707	33
960	110
77	24
467	102
1010	38
967	94
676	101
430	17
890	103
675	122
626	198
2387	44
778	23
845	16
250	330
404	38
215	122
68	64
4657	195
509	46
272	24
230	68
130	127
60	111
132	141
150	68
239	12
246	64
712	182
746	299
2796	58
991	23
555	143
322	7
222	106
2110	482
187	2
2114	84
127	238
296	338
953	85
320	17
240	146
999	163
1802	48
153	113
838	65
1695	74
1642	26
902	298
297	19
98	47
699	34
673	140
614	89
119	34
745	12
357	27
99	189
1293	111
1719	294
255	4
360	10
71	146
781	22
1030	226
654	130
648	81
439	18
1229	99
1252	55
1095	37
2089	21
1474	34
433	186
549	107
2719	58
1318	94
2869	86
284	16
101	81
216	23
137	41
716	179
853	47
1431	43
2327	32
218	92
328	16
520	12
1952	124
236	445
1285	137
459	2
386	132
387	45
448	43
321	15
748	178
417	34
982	54
2204	83
812	43
1127	25
2981	36
278	216
372	1
2144	200
1608	27
775	53
521	2
1508	49
414	169
2128	42
124	18
82	25
817	128
92	19
1315	35
516	12
1064	20
942	102
3648	120
981	98
2297	72
1146	34
1499	5
519	39
917	27
1638	13
701	133
437	21
545	51
1175	116
199	180
3318	45
403	11
1428	53
293	59
652	21
1877	145
258	119
2719	68
1066	40
1484	53
4231	49
1825	94
260	11
749	201
1033	140
96	30
358	139
197	68
888	51
848	26
348	11
4793	269
2949	174
742	108
334	173
425	12
825	411
236	31
726	26
107	271
714	1
440	72
313	15
1001	40
491	129
1383	35
608	142
372	191
1605	57
4417	21
1450	139
1144	15
184	199
819	156
592	18
641	334
1115	40
1179	5
786	288
422	407
55	138
1489	20
1115	57
275	54
1238	127
366	40
1376	6
797	105
505	237
753	92
2754	117
387	28
1063	119
497	54
450	30
632	162
1233	46
1506	169
2440	60
1141	191
1901	16
442	84
2734	78
1244	223
1446	95
1517	13
134	20
138	26
1868	21
624	121
1078	372
4235	6
361	90
1820	61
374	38
277	14
484	158
1552	145
338	65
1120	111
1412	73
1734	5
129	13
365	174
747	148
3128	23
992	9
227	213
1486	26
3468	58
278	8
1107	39
1718	57
1399	124
200	23
1226	73
218	37
471	23
1014	315
79	46
195	202
1398	37
106	6
318	25
150	41
820	79
806	17
2156	229
1155	30
2595	60
306	11
285	36
209	1
3413	435
681	22
1366	565
145	2
140	102
3951	52
640	129
2777	16
902	2
1484	109
3171	18
1665	4
522	65
1055	294
1269	64
344	59
3865	26
754	43
196	28
213	89
2786	202
2745	103
530	18
2782	149
2867	163
313	82
1008	183
669	21
511	52
4686	5
417	69
248	28
4257	25
1714	22
1415	107
452	92
360	6
136	12
994	169
381	54
1043	13
495	188
1280	2
310	83
532	29
1825	103
312	372
513	207
256	123
2169	58
1655	52
578	9
627	103
2277	65
252	405
2399	44
131	41
1016	72
206	189
193	29
287	118
57	106
1127	64
183	172
1899	34
110	21
3803	290
151	19
7001	17
727	75
3672	21
2899	215
1358	226
630	84
752	82
285	61
1978	217
453	34
732	145
696	55
643	68
2876	111
238	76
474	107
1687	45
3835	220
2393	2
908	100
980	36
1672	163
426	316
584	55
2210	7
4344	136
1233	75
756	17
1212	101
94	159
4485	5
236	120
387	109
912	42
506	164
150	8
833	148
695	233
883	34
437	100
812	609
3063	51
1124	224
531	29
428	71
1304	85
1342	27
1540	227
1250	27
1466	295
315	54
167	113
1530	13
577	89
47	192
879	120
639	181
1390	9
1299	134
237	34
432	58
444	54
2208	230
2824	182
322	68
1171	97
1027	7
1754	118
835	89
267	21
489	56
3060	86
344	68
1142	467
663	43
143	73
1495	7
235	100
94	69
34	5
207	254
566	2
808	26
130	160
931	30
540	15
1413	135
171	91
475	32
406	95
480	91
932	57
891	9
874	46
2025	197
3116	53
290	434
1633	3
1919	43
3507	19
1189	15
118	88
2632	264
3533	90
470	207
528	258
971	55
1387	51
538	97
134	109
276	39
59	25
270	184
1161	153
1162	39
830	47
1623	1
60	23
37	66
476	17
319	43
472	373
272	237
764	40
804	117
1473	144
934	186
588	39
246	88
461	67
687	111
1996	12
290	52
936	86
1004	101
3071	86
32	222
444	75
378	135
1303	6
1181	122
871	7
340	53
154	13
930	291
1077	63
956	83
173	38
72	266
521	74
408	104
4121	71
2665	254
2377	8
305	16
1217	28
490	71
375	75
2220	35
166	37
920	5
108	38
529	384
1418	79
105	10
1012	73
781	26
2664	74
1388	30
3454	37
1987	6
1426	32
4634	307
885	91
1662	116
72	199
423	135
598	15
1198	1
507	144
1464	229
932	294
615	117
272	123
1213	45
1399	59
554	3
1550	71
305	15
1843	56
349	106
1061	132
154	2
3260	235
569	385
855	22
1187	4
2818	8
1115	41
1736	116
380	82
419	102
2104	216
131	30
2210	294
204	21
392	31
2076	35
653	25
1356	110
216	77
650	51
871	29
1398	31
4145	5
674	73
681	151
516	98
981	80
1439	1
251	58
301	120
1189	42
1227	1
1930	31
84	152
103	155
1521	549
3992	16
570	156
625	31
1294	15
1563	177
103	69
1812	381
967	68
91	105
847	24
1634	106
261	104
518	558
231	67
354	78
1451	74
1757	54
152	162
161	107
730	175
1042	21
368	73
184	50
540	89
653	42
505	83
187	197
2002	5
984	58
326	2
81	68
783	8
957	116
214	109
1236	9
98	254
786	36
148	459
179	8
551	11
261	153
1936	78
1309	184
1452	309
178	145
388	2
66	96
365	167
918	27
198	79
102	97
215	58
410	11
211	265
2777	43
306	130
3641	42
1885	100
939	75
3571	4
155	79
313	43
2950	106
1271	9
355	16
2594	204
202	280
1506	237
572	181
262	187
2055	103
3007	61
588	76
340	75
211	152
3743	166
437	121
1840	30
444	136
234	119
2734	272
494	48
1086	210
3742	27
139	506
370	237
93	86
1307	11
1305	118
1663	131
1477	63
747	60
264	14
1786	90
2144	3
1725	22
685	48
1425	37
1230	18
1199	117
1459	14
189	79
1950	84
709	93
569	282
1383	205
185	13
1604	21
1574	74
3744	31
1163	27
239	76
733	3
1563	12
520	111
1492	27
586	60
1725	9
1939	380
1293	29
3718	18
174	23
1573	206
98	44
1212	167
100	45
833	459
287	7
572	109
3731	123
469	44
991	57
533	38
1162	274
2335	90
95	115
800	109
789	275
166	19
2462	67
710	133
2128	2
945	22
235	167
1195	423
1654	220
458	52
295	53
757	52
2643	9
229	64
67	7
132	32
510	53
836	294
2202	15
1372	1
212	100
1283	56
2338	59
1509	27
3982	119
1560	37
2178	136
739	136
287	96
983	223
1000	105
1881	69
1265	101
407	21
228	22
3798	23
2324	27
803	226
706	21
384	98
2942	70
668	108
1057	27
722	420
193	98
1210	372
1018	157
1422	167
583	57
1234	146
188	21
165	404
707	12
1264	386
113	127
174	12
806	72
3467	51
1089	79
449	10
2620	62
426	76
1363	75
1096	81
955	8
68	74
1796	17
379	138
620	13
66	63
146	75
3346	125
370	20
1615	86
1487	264
453	139
264	103
2143	5
279	9
315	16
980	7
351	112
2014	61
864	149
718	146
527	21
1690	85
170	13
990	558
140	90
911	48
1156	1
702	79
463	37
297	160
188	181
3107	131
1778	49
1713	37
4528	44
2117	26
351	147
1218	154
835	40
242	3
722	19
257	47
3150	98
940	38
781	232
148	4
1054	111
1060	26
1075	3
233	54
737	10
629	53
544	156
266	47
1142	28
531	109
1327	20
1962	117
1495	68
1917	275
1645	277
175	310
199	37
915	131
2547	297
1532	248
56	236
331	113
876	121
1820	228
4176	240
1531	399
912	106
1444	37
1219	457
399	102
786	80
1304	1
485	48
1032	102
626	10
106	143
888	20
510	274
1120	55
2876	4
1653	40
506	77
900	133
164	69
346	189
884	134
109	67
2857	283
997	106
1367	65
2552	60
2424	16
368	45
924	10
3790	2
1560	55
532	27
3455	8
1202	184
2061	73
683	34
1057	25
950	52
476	11
4050	29
648	23
455	26
2504	5
562	96
54	75
270	84
1417	157
251	26
119	129
1972	25
160	66
585	391
422	256
105	145
1866	53
306	5
761	7
444	11
394	113
460	29
979	204
2334	144
525	48
2066	311
656	73
4362	72
1600	143
571	26
368	35
1361	39
80	67
675	131
161	8
432	59
611	47
1024	46
1438	4
1051	21
125	199
511	132
488	41
1760	9
3375	105
1456	21
1549	447
672	6
870	409
472	17
977	93
83	190
963	202
1264	219
295	125
4436	19
1229	52
709	36
362	170
2999	1
1116	15
3297	11
416	118
536	74
1571	107
120	127
869	56
1304	84
1514	109
239	220
115	134
6093	201
2600	32
575	41
542	54
1409	94
1071	3
762	65
1235	129
457	78
1986	105
5816	13
242	66
506	107
1252	153
3097	1
288	108
688	29
1426	21
582	136
81	149
713	61
1291	26
477	224
1621	149
1056	358
558	205
1115	139
574	260
292	1
654	67
58	27
2800	51
1009	241
338	45
1860	26
2142	35
2837	65
523	98
210	13
1594	31
1451	99
977	192
2684	177
2389	78
2226	200
535	81
177	86
1027	379
193	61
293	137
773	16
282	61
550	195
4284	13
906	254
1507	19
241	78
479	12
658	23
393	50
2761	356
710	49
90	26
523	34
1856	59
2056	48
1543	118
473	192
1898	252
247	61
461	176
133	22
1675	33
2316	151
1284	24
324	317
1433	135
912	94
983	8
380	68
2845	136
117	1
1364	9
2358	71
1860	25
1255	34
1306	38
514	353
618	1
724	29
216	38
456	186
467	91
869	189
132	77
668	163
1060	267
137	123
99	207
107	104
1304	81
1158	63
259	18
1193	37
619	165
2123	29
420	130
260	59
354	18
370	36
225	40
1375	20
297	32
524	315
523	32
427	179
533	16
335	8
670	193
248	118
960	84
1662	111
694	22
2590	35
3916	122
1791	37
4248	178
1016	58
1087	69
2577	89
1062	94
1084	178
1968	6
398	238
628	51
1507	247
941	108
1144	170
364	81
1205	378
884	42
868	43
1122	145
1048	14
811	11
634	53
2536	86
4483	3
1841	27
447	9
1490	38
1433	35
1614	9
1311	55
472	82
2489	13
937	39
812	52
682	237
134	239
38	6
581	15
2458	53
2693	70
310	10
513	280
243	90
118	24
5015	7
3407	83
1015	5
1500	89
96	18
298	67
2495	11
81	127
481	227
964	175
2256	16
286	381
715	100
2210	210
1439	43
3394	18
937	97
309	63
1364	16
842	15
2088	241
1706	94
4740	161
366	97
705	107
584	6
314	385
3187	2
1211	25
448	27
186	67
715	9
1038	85
1484	28
2670	7
467	184
261	232
1351	233
2932	579
1292	10
1528	44
1934	243
630	61
1319	104
304	40
224	41
148	145
354	200
924	65
1004	33
1446	41
762	140
494	220
349	304
219	61
3397	78
2585	14
1525	244
1678	135
1505	49
1845	235
1151	218
916	87
456	186
1767	562
331	288
1016	80
266	10
686	7
776	111
303	155
134	39
932	89
619	43
280	102
135	19
83	214
1030	73
331	187
1601	24
1895	12
429	99
662	19
1266	176
2447	87
916	116
778	34
963	77
924	520
111	69
611	249
373	63
141	43
806	63
2271	277
64	111
363	7
1142	74
1872	54
2118	233
408	338
708	30
1066	7
1836	101
1746	85
532	44
401	41
616	37
3700	16
787	9
557	91
2186	6
276	35
818	407
576	211
149	79
1220	98
99	90
250	41
3176	245
368	2
1076	111
5714	56
1393	8
1594	117
2222	100
68	312
652	91
1095	59
1138	67
399	42
154	22
1566	72
1475	45
1050	140
992	247
712	31
978	307
182	175
1739	6
4339	24
1017	39
3164	144
85	92
718	24
868	40
958	253
502	187
1103	138
1006	258
1053	109
660	106
396	76
437	3
782	60
916	54
1197	34
173	99
670	126
413	53
4027	132
248	56
151	124
2815	7
1464	111
2005	5
2466	370
1038	65
170	225
545	141
712	51
316	27
244	80
59	46
1631	217
148	127
2227	173
435	194
1696	18
844	97
2692	93
961	115
239	80
300	226
142	429
3038	29
299	118
351	168
2834	107
695	11
2287	33
556	32
813	59
846	102
1302	33
410	32
1849	64
2292	4
229	91
2081	51
630	90
163	63
892	120
313	28
3349	20
2607	1
585	104
276	69
657	132
214	117
538	165
1401	27
208	45
3195	99
742	150
221	92
2689	46
4352	36
3728	126
419	63
957	367
1791	58
3606	85
1783	10
711	214
807	189
71	78
1585	412
1210	237
276	43
1903	28
417	148
1486	205
1461	121
1755	54
1465	22
130	67
1151	36
786	19
77	164
1076	38
412	110
47	187
384	115
1172	144
1018	386
1206	28
109	37
227	27
1247	17
1510	62
1731	247
573	79
1394	26
997	141
980	123
614	64
2812	94
1392	15
79	83
848	26
1724	353
327	190
1006	126
290	52
288	154
579	36
1899	57
47	145
435	139
91	259
1605	241
3198	17
50	106
207	31
167	107
1995	16
490	77
344	56
870	113
550	97
1486	222
2319	41
1300	30
450	161
549	21
1135	101
895	12
250	59
2449	179
1227	82
663	55
258	235
1727	204
184	17
1124	74
949	50
3887	20
2801	76
1638	160
536	69
1040	107
119	213
585	65
102	46
486	131
162	61
231	223
1956	1
160	9
362	35
1734	393
788	13
2303	61
896	73
331	44
343	94
1292	3
236	402
1488	18
86	67
2460	4
1661	57
412	263
1486	89
298	50
2022	234
338	175
1010	210
203	56
2535	91
1171	90
4282	84
555	83
1140	120
195	90
920	76
1014	12
573	210
1053	149
825	226
1185	114
944	87
249	3
167	78
53	90
1704	104
446	25
1315	110
3596	84
1561	39
556	40
1024	108
1814	73
287	126
2070	63
304	61
533	6
413	228
234	79
439	312
502	30
148	25
575	10
2243	69
1603	156
1506	262
265	1
1120	137
1849	87
858	70
1478	6
2416	17
1129	77
240	18
1692	85
2521	105
452	104
1090	221
909	167
1544	43
105	142
1488	29
459	163
455	9
291	101
569	32
1103	75
822	58
1393	5
628	90
1134	135
2165	61
910	261
1440	24
2035	18
1255	111
2025	284
151	59
1910	101
3516	143
347	23
543	154
1669	235
2078	108
2634	40
12	44
6	297
246	145
2418	63
2025	71
668	10
784	6
8	159
1471	55
37	39
74	49
1019	76
208	172
452	87
1361	367
10	54
3143	114
825	119
1076	39
225	74
332	91
291	88
789	331
228	87
1214	143
549	11
1978	318
205	47
1954	111
157	186
1990	202
431	209
1876	36
1329	20
1058	8
500	133
375	27
2799	123
837	6
2010	10
1325	294
1251	153
829	50
557	18
489	70
4928	28
1094	108
195	38
334	193
1958	140
274	89
25	6
558	334
1369	232
167	34
146	143
67	112
570	44
146	75
11	225
6	19
398	128
1777	14
954	12
922	55
542	23
1407	26
683	193
885	147
1192	24
648	65
384	33
666	67
843	15
246	24
1294	1
1328	4
246	70
803	155
549	196
1655	331
14	80
953	15
122	84
307	105
445	2
494	52
309	262
207	194
1169	108
1760	94
1088	110
492	39
1335	40
2811	71
996	232
1078	74
729	12
1670	75
958	170
2446	89
100	87
420	34
628	69
2628	154
232	91
1184	180
2598	282
182	623
533	116
1220	266
119	31
1257	4
135	123
170	81
920	5
265	34
239	504
7567	14
1383	9
1455	84
864	33
1777	16
1173	8
844	22
48	151
1118	172
1122	99
505	128
4711	102
5590	277
724	101
776	165
2530	1
1597	29
405	9
349	103
2484	248
126	75
2874	3
1577	12
1347	233
667	6
75	97
506	178
2189	13
469	122
528	334
983	100
409	211
1391	35
67	7
232	20
8	46
1927	70
417	359
209	60
2286	40
897	266
1900	62
1110	10
354	150
290	147
681	143
1451	50
965	62
1906	67
1213	273
707	27
219	169
669	32
175	10
1695	14
7	39
4064	155
810	3
396	62
633	42
411	29
112	82
1648	30
764	53
1422	4
405	62
5310	273
59	3
561	79
1589	29
279	87
1231	41
367	17
1102	48
2104	194
1707	108
620	45
1503	175
1438	29
708	45
1338	1
2856	273
92	2
1513	96
1005	15
337	361
802	85
199	128
2115	176
4497	76
2552	25
2011	94
1110	69
2780	19
884	311
148	55
2413	500
9	4
97	53
258	18
431	22
547	92
139	40
1470	45
396	7
688	259
161	218
1472	148
97	6
4276	24
858	126
334	56
429	53
232	47
833	191
2885	54
299	204
337	152
577	45
180	77
308	45
27	3
99	9
524	67
3688	379
676	215
846	34
1206	10
1980	43
621	42
1092	6
6	43
1324	42
475	52
372	94
228	6
4733	244
1148	15
352	351
1425	74
274	37
1894	101
1139	101
501	11
106	39
2160	329
220	432
448	63
765	151
957	151
1396	99
1072	138
353	33
234	7
2187	21
595	70
1595	1
182	234
330	133
1475	45
23	135
547	31
685	7
1285	196
122	180
638	1
14	157
2113	7
3077	18
976	44
2844	12
367	104
1020	132
126	15
1516	26
684	68
1515	296
367	81
1316	46
774	37
801	14
766	155
1283	159
949	100
229	89
556	83
288	401
930	18
1121	154
663	26
2448	10
728	39
608	40
420	37
2985	125
1005	39
1644	54
346	7
894	57
2327	154
85	88
304	62
1944	7
806	23
262	11
2329	45
487	83
512	186
98	103
556	134
233	79
122	20
70	63
157	9
368	150
524	70
1199	45
327	166
2786	24
875	162
1102	40
486	225
75	108
1402	89
119	89
986	38
537	334
829	243
637	93
588	101
541	352
816	11
1109	25
461	42
252	72
1021	38
5823	1
952	54
1497	251
202	173
44	13
312	212
322	17
1895	64
1243	99
423	46
993	248
230	105
925	26
422	101
581	26
1751	60
251	37
1435	326
1539	83
956	147
647	195
1457	67
653	90
595	39
426	228
101	352
1234	10
1983	188
1834	388
2629	41
860	182
862	17
365	292
528	119
233	63
1625	206
11	205
583	66
755	137
556	111
847	6
821	124
2255	70
463	67
1209	30
1305	24
1973	41
120	282
454	118
168	126
480	10
1449	79
13	12
312	85
601	150
312	64
1850	431
2246	28
9	216
703	503
3043	422
1368	48
529	60
208	208
349	23
892	23
3069	38
878	239
616	60
728	92
13	87
204	418
228	275
156	49
2404	21
104	6
2919	109
162	151
368	106
10	113
2550	91
2402	145
2538	73
708	549
284	95
1564	15
1946	32
636	5
84	31
715	68
1077	165
297	39
7	74
3633	119
570	94
813	131
85	247
1366	135
66	3
1967	67
691	27
480	408
1232	124
600	71
1842	205
718	10
93	40
1304	21
8	29
1126	365
1685	16
281	106
139	187
768	125
1385	35
198	41
1476	64
588	18
3001	107
221	67
871	36
143	61
565	125
454	197
870	28
2456	17
1223	23
4887	63
631	26
330	94
1755	290
922	41
1670	60
508	53
1068	102
1313	146
334	14
661	132
145	1
747	105
694	321
1560	14
1816	69
1595	41
1973	25
466	118
8	47
598	25
1005	321
1156	190
526	113
3597	65
553	233
75	53
2049	33
400	80
309	13
1178	78
2279	430
244	37
142	119
235	44
820	123
2245	34
389	4
749	238
587	83
448	126
754	3
1784	51
3479	410
57	286
1523	363
1276	105
1083	19
267	58
129	124
229	18
235	62
344	75
1469	237
212	14
983	15
652	75
216	6
2783	80
633	68
2209	22
639	64
1009	117
426	27
3022	1
1684	17
3156	128
617	189
511	52
203	52
3043	73
2950	51
157	9
924	149
183	41
101	42
1191	155
259	88
1658	17
576	31
1528	101
171	152
695	16
2217	149
1600	30
1721	32
1066	33
148	148
337	7
926	476
1267	58
606	130
343	2
84	14
269	9
105	11
1256	6
1599	8
1176	167
123	9
51	81
1008	78
1483	346
960	256
688	168
1060	314
528	56
957	244
608	8
741	43
1491	334
10	32
1164	3
390	88
298	10
823	80
2652	151
2950	147
1875	107
1279	47
1783	537
443	156
378	102
813	3
2652	231
130	199
129	185
370	268
319	17
192	264
166	97
2325	100
390	4
93	114
801	120
489	150
1422	76
1341	159
288	75
378	79
616	120
355	73
1080	53
250	116
11	4
341	293
157	20
1116	165
209	182
717	12
12	124
245	97
856	150
866	342
1381	25
1994	74
2509	9
353	15
500	110
543	113
522	29
1331	86
2558	126
1473	324
2328	280
1377	25
163	96
1802	191
2379	73
1392	6
782	237
290	70
3113	36
710	10
152	375
471	62
1220	135
15	140
1507	40
151	26
165	100
477	178
203	39
194	28
1897	14
278	201
2161	5
327	168
1706	311
257	15
3042	52
487	18
1075	29
1681	33
806	111
537	137
430	349
2910	331
2313	131
547	42
369	58
660	17
916	7
1040	48
101	48
5408	22
259	16
3306	263
16	13
1324	82
1679	93
11	14
967	130
576	238
361	65
2317	50
669	52
346	172
278	52
497	92
174	463
3226	61
1010	7
589	50
58	108
211	20
343	208
272	21
141	20
773	201
1363	381
2237	49
428	339
349	101
1084	48
2294	5
1117	1
130	72
1470	7
292	43
307	24
328	102
1459	12
2008	152
462	34
355	38
732	113
161	61
1745	50
1796	125
1429	68
571	157
1559	14
597	185
692	66
1166	90
3001	27
1141	35
533	17
4381	17
699	86
401	64
1262	159
53	105
364	117
543	22
1614	63
1173	58
1765	134
234	136
811	87
1412	47
289	39
893	270
223	47
728	35
894	34
2206	5
1989	9
1857	336
849	341
2770	12
134	48
968	267
801	41
556	69
294	40
158	242
1430	90
581	116
734	77
667	8
554	89
704	1
251	293
1791	40
493	121
585	166
908	333
196	1
2656	202
203	57
1966	3
1001	32
1058	7
680	162
1216	60
307	45
1105	130
614	74
331	2
1078	12
1090	32
2529	395
201	28
709	111
257	135
2789	13
716	125
1726	99
127	15
2244	89
215	243
137	34
203	78
363	24
147	227
634	119
328	59
625	36
1093	128
431	33
475	120
721	113
335	109
931	151
1643	166
534	289
1421	209
944	1
205	106
819	108
152	448
2499	164
605	33
3463	11
218	19
513	32
2945	1
668	66
1195	84
447	175
3246	7
617	197
140	1
1010	3
2733	11
727	131
646	115
530	211
802	3
142	32
221	164
302	19
899	105
1247	309
937	161
187	181
57	85
4311	72
575	283
1688	106
2052	41
758	42
2295	48
881	310
875	20
1674	44
452	482
225	38
2927	122
1869	24
908	128
2525	54
230	194
266	25
2009	126
1709	122
1005	62
1514	108
2753	309
1555	143
228	119
762	43
170	256
1061	99
72	24
731	71
172	290
374	52
2289	512
2013	60
221	55
486	39
803	24
2064	1
879	107
902	63
1054	37
924	169
423	95
948	29
519	126
2869	70
795	47
1004	17
2156	142
2218	31
1200	164
231	29
207	121
1363	381
607	302
278	66
500	577
2887	108
803	11
2077	29
2944	95
1145	38
695	109
1027	227
2415	3
137	30
1954	261
2010	6
1145	5
1654	567
1817	168
452	125
3989	270
3409	11
855	128
2697	24
798	120
439	88
435	72
601	73
5121	49
192	1
1082	134
56	77
201	17
635	147
1562	58
4144	72
571	4
2325	272
2092	78
1316	54
3378	187
908	62
1755	60
991	62
99	66
1428	34
351	227
5239	71
537	12
122	13
2099	134
106	126
1082	45
407	19
574	215
1007	52
2569	10
5043	17
120	30
3046	54
1347	37
666	316
2608	340
13	30
962	52
991	97
926	77
1457	50
801	4
303	613
1928	222
1085	14
91	9
1991	61
2469	29
1801	18
777	345
337	14
998	237
3010	51
631	136
1367	22
558	76
1664	29
94	170
911	139
3219	181
17	188
7	61
943	29
986	1
307	190
3099	254
52	71
2374	56
168	212
4588	173
1205	154
639	76
4254	57
33	292
1072	24
962	66
1329	240
530	99
1038	81
1723	323
230	57
54	175
268	42
393	121
1862	75
2054	16
776	49
1332	93
145	273
1865	6
4459	12
993	8
583	57
275	58
1207	396
320	104
1666	113
688	4
862	138
1021	14
615	256
440	6
196	185
2650	32
819	72
1420	73
1802	64
1684	11
1032	336
1765	51
21	315
1549	107
672	102
133	3
2093	20
600	9
1947	57
1466	47
249	263
1314	6
405	102
530	26
54	16
2579	155
400	8
3621	131
590	17
491	66
1100	197
504	123
66	100
2214	69
799	24
315	25
10	168
720	184
224	277
2884	109
1068	70
2235	93
470	98
800	8
2447	6
548	26
381	80
366	16
778	116
3900	33
82	108
2736	47
766	259
884	126
95	165
75	25
978	617
1068	73
997	23
2604	74
900	40
466	25
1438	48
1026	125
612	34
382	100
503	4
838	49
1200	29
8	15
254	146
480	39
799	152
226	23
983	215
596	17
693	326
208	52
185	94
190	13
207	167
212	13
2588	141
366	22
661	23
1143	1
814	21
1314	196
6971	288
93	142
888	237
1685	60
1464	45
487	3
433	30
812	7
1461	47
529	65
922	217
4294	586
1581	107
1501	242
10	201
927	20
1360	54
1776	74
335	3
1080	12
178	66
1011	97
18	80
3735	79
621	17
606	111
3013	354
1037	9
292	65
99	86
502	148
2412	9
578	241
405	18
108	128
160	15
2119	61
706	107
3278	362
1395	159
939	10
862	172
854	47
298	454
330	26
454	412
1255	27
113	39
140	49
1310	10
3407	36
1417	63
418	154
940	143
447	48
2632	113
443	75
256	23
1533	23
2259	13
2836	56
180	16
1303	211
1697	5
1168	24
1479	233
540	13
8	26
942	149
1182	98
929	9
745	53
1122	69
354	6
730	81
1195	212
429	236
2028	76
1123	170
4517	64
2169	241
733	76
1186	110
167	96
170	44
1205	207
931	25
1064	56
108	54
126	121
858	57
311	5
437	511
316	8
207	15
1196	147
2489	99
2692	19
18	372
394	66
816	9
1531	53
617	79
99	42
281	4
1578	124
12	16
800	246
401	271
723	200
1584	40
1147	88
163	130
18	320
920	22
223	8
630	193
462	59
126	94
1055	252
664	96
1803	34
688	139
871	1
588	41
187	348
1281	69
530	94
526	113
2032	31
3278	1
194	74
613	12
524	34
1142	100
74	57
5229	67
177	116
492	14
379	378
2988	109
105	40
1780	36
350	108
81	364
330	97
284	148
69	190
171	310
548	273
449	16
11	178
768	111
1174	36
385	129
297	15
571	93
531	124
1727	49
552	193
1870	124
310	26
603	251
386	17
239	59
993	163
2537	136
308	20
264	27
1211	22
1346	79
2786	167
965	177
137	56
1487	52
7970	136
14	44
148	86
833	207
450	121
471	43
188	229
326	23
893	32
11	17
1073	6
897	8
51	320
2781	57
10	128
1104	2
238	41
1709	62
125	65
380	10
1105	313
1362	168
114	126
1008	85
1053	45
1511	104
84	91
1201	126
999	5
1273	200
995	94
381	99
11	143
466	317
1062	19
281	7
373	208
3609	88
1077	34
713	99
1882	753
12	25
493	23
606	12
730	37
430	87
89	176
1124	47
1545	341
1920	10
3791	100
1267	75
123	36
569	38
1040	104
254	54
892	110
395	6
607	19
56	88
475	534
594	50
2439	34
690	164
138	97
382	31
389	191
1514	39
143	73
726	170
735	31
240	8
451	52
774	36
172	441
769	208
11	60
316	79
1348	27
422	159
718	18
1236	63
1299	59
801	48
114	52
2922	327
3079	38
1848	147
530	7
849	3
444	57
3661	55
828	415
496	7
207	67
70	176
1628	64
2284	162
1272	23
289	89
382	461
583	19
472	112
582	142
91	50
1890	29
1548	62
662	123
95	63
85	122
158	273
620	10
144	9
41	167
614	90
261	23
1122	36
268	105
1586	31
1997	134
1347	254
644	102
1134	12
760	146
571	1
295	29
1806	15
9	88
1071	64
87	25
188	5
1352	63
2876	184
819	26
639	111
420	139
361	74
361	89
720	269
1918	69
449	6
84	11
530	202
2163	155
735	15
728	50
347	389
802	106
2781	370
1086	28
2205	13
832	30
2536	215
154	65
3252	8
301	115
683	26
678	180
1640	144
887	283
1230	117
319	219
983	3
667	74
1086	27
3105	67
593	167
41	2
5137	72
741	562
2375	2
331	141
60	63
467	269
1944	139
1363	75
2191	228
56	3
942	112
517	3
1416	24
82	90
930	31
427	171
1760	91
133	39
438	101
5716	62
392	22
1369	163
99	312
1246	586
1298	11
57	173
1094	55
575	61
735	82
398	43
2652	261
2985	123
661	6
989	32
660	68
891	22
1302	184
746	1
661	90
245	164
12	538
2332	107
2278	37
618	219
703	13
876	21
227	53
251	32
54	288
327	43
1527	123
1526	189
570	40
227	122
1483	191
131	35
765	9
1165	128
1108	118
2767	251
245	153
622	359
746	132
76	233
1836	17
397	312
434	290
218	25
1665	57
1294	75
526	181
1288	152
1495	49
811	122
1946	120
161	394
81	168
46	26
1388	46
1372	62
464	163
2135	131
2381	114
425	72
13	130
4712	31
2430	108
1952	19
625	165
232	123
549	28
1739	423
414	144
662	200
2307	39
251	11
1006	35
1263	62
199	259
2969	222
1872	9
583	66
244	16
81	1
503	25
2025	131
571	14
2470	126
1416	40
1095	102
4940	36
1127	24
1820	46
724	6
356	5
533	22
4940	146
1009	1
393	30
978	155
653	80
1859	4
1145	233
346	438
297	247
441	32
189	8
76	16
1201	76
198	377
5249	12
418	46
508	33
1081	169
766	36
413	88
1172	26
712	24
1166	45
1249	43
696	66
319	166
2068	168
159	8
839	156
693	72
322	80
220	255
839	23
1297	40
930	32
538	47
3160	144
1530	127
1014	114
939	103
181	191
290	13
1666	1
1841	143
525	56
2516	289
611	126
1838	352
923	92
12	73
4624	55
719	54
21	424
492	37
148	243
492	254
254	87
812	30
474	71
179	216
322	57
926	97
868	18
1132	103
398	27
1078	182
1413	28
3352	18
133	13
1782	287
9	234
1684	127
515	70
158	423
2359	23
1555	479
4057	158
721	59
451	167
2195	37
1822	237
97	28
165	331
1086	33
24	65
239	5
1990	49
1539	70
699	58
231	23
1387	12
1743	101
403	20
1169	201
472	174
1008	129
1137	64
151	46
3524	114
726	43
2546	23
152	174
2319	42
2093	416
35	177
294	47
657	188
1915	118
565	40
258	72
401	77
544	19
468	211
185	38
315	3
418	114
48	108
1649	211
675	14
1065	88
296	61
732	129
817	489
799	19
161	64
268	192
156	37
892	50
558	201
2438	102
1019	67
546	264
3205	58
3513	150
1762	6
13	45
142	280
379	60
837	206
13	110
2560	60
1429	60
445	42
2010	3
555	23
850	146
760	121
2401	5
2384	10
1342	35
1274	48
1601	51
280	113
220	33
759	200
1090	27
317	85
88	144
3472	112
3515	241
2213	26
2010	319
72	69
2142	24
212	37
353	38
530	18
908	2
165	33
4298	25
516	13
1530	119
305	98
1443	15
6	62
1671	182
800	37
169	228
1338	55
310	43
676	8
6	105
1323	33
330	15
371	167
1348	96
39	35
2282	14
2419	25
463	74
2916	324
2474	55
628	140
3434	7
2396	24
81	168
415	35
1182	15
990	85
1186	154
19	164
1454	45
236	19
345	27
1094	200
271	41
879	84
2254	104
1604	116
2240	6
371	121
361	338
804	31
634	11
550	77
231	164
6	10
253	16
1810	2
2384	581
2555	51
481	300
640	108
383	98
302	389
1522	33
1138	188
258	5
1295	171
610	7
1306	15
703	58
1002	536
460	62
487	299
129	244
738	217
1336	150
132	229
639	223
134	175
740	111
190	127
1695	246
561	100
288	252
107	342
267	82
478	322
1242	48
576	19
292	224
1283	67
444	145
255	85
384	15
132	51
1520	120
3041	154
690	117
1742	100
665	38
1560	25
470	20
2752	102
328	203
2027	135
1777	47
253	99
378	343
349	272
555	314
518	95
597	64
37	169
70	12
475	85
81	97
207	117
644	207
1088	412
71	52
3232	170
104	121
832	45
325	36
819	44
1038	45
4349	126
9	13
4050	137
604	59
139	28
739	159
292	115
268	141
669	48
29	10
583	48
261	191
1901	60
2451	20
783	72
4061	67
309	131
2797	30
2137	96
721	189
3081	168
308	132
248	113
1070	125
1755	40
334	4
228	41
4074	163
3733	21
2254	67
1043	86
1875	76
1288	7
2179	61
427	152
825	11
2044	126
2172	145
2037	62
526	50
664	6
161	92
825	60
721	46
1506	1
176	44
1672	67
734	105
1216	62
1649	69
472	98
188	4
1571	10
135	45
734	41
369	161
2174	156
1097	160
728	9
2914	78
1710	321
1118	62
766	23
458	136
2382	25
17	2
476	158
200	93
1007	28
3251	72
904	36
764	3
749	99
1960	31
2131	117
1926	105
211	66
260	47
514	28
824	91
1013	155
527	27
502	29
193	86
405	72
1366	279
2213	36
3356	122
419	20
10	37
1097	155
1068	16
167	89
2291	108
787	123
1124	46
64	42
689	220
920	73
257	5
927	166
1416	19
3743	68
1054	66
476	37
1113	68
194	475
3373	137
1686	99
4339	112
875	17
92	3
2271	225
1147	8
415	86
728	24
2003	7
3497	57
83	119
1414	2
3464	11
74	417
3659	121
1640	63
1587	31
4492	41
1870	42
965	16
415	256
3215	67
1205	93
690	91
408	264
146	28
238	195
2550	92
1774	26
163	46
1955	48
1027	57
527	79
3287	99
840	67
666	26
178	133
1705	4
257	146
3032	102
1044	17
294	155
311	148
1588	43
1000	69
613	38
211	50
521	131
618	39
61	162
99	18
934	183
195	42
286	299
589	53
2686	308
119	150
537	29
616	174
956	140
454	142
975	3
1097	128
424	61
869	1
650	14
76	62
219	93
1060	21
230	31
1116	3
496	81
437	139
171	7
1172	41
253	78
841	4
2271	231
211	107
2251	64
242	20
530	32
2142	86
490	84
1469	127
660	63
2031	26
1157	191
5028	262
630	16
254	4
71	67
167	60
269	160
836	65
1004	79
806	1
418	196
1032	198
278	50
1151	163
874	292
63	79
1513	182
334	64
1124	37
1199	224
252	93
181	30
616	58
851	16
1043	7
878	18
1448	114
234	147
1769	192
2883	239
1305	149
273	241
57	109
482	27
4041	28
424	63
842	33
369	139
101	73
46	126
485	5
325	271
529	70
773	47
157	98
771	24
141	31
1480	240
1572	139
1228	28
173	134
278	14
2278	109
910	10
3007	30
759	11
486	129
534	36
302	59
365	12
992	58
1334	53
571	9
592	14
1212	13
1007	126
2522	159
289	27
2976	106
955	38
1002	67
2160	140
436	28
273	169
1760	48
802	42
2164	103
241	69
147	85
883	108
389	16
1288	98
1770	63
771	34
4458	21
801	23
904	187
412	225
226	112
1324	6
663	51
648	87
1843	115
1759	157
179	194
1406	24
227	13
1765	22
821	63
3792	106
1556	175
1666	349
488	41
415	182
821	1
253	11
1697	54
147	61
1014	42
6912	328
149	261
4578	58
203	134
529	27
57	36
5004	17
90	20
512	214
1201	159
812	42
2421	86
790	5
255	37
877	34
1407	48
451	9
494	133
198	22
53	36
2961	258
922	324
1541	374
819	60
1571	176
566	8
2874	167
1183	88
440	49
219	13
886	240
3561	12
1102	192
939	112
2148	115
151	11
526	236
942	306
764	15
516	12
722	71
1513	219
603	27
941	14
642	14
207	25
845	47
306	28
1074	406
831	411
265	236
677	90
2595	26
1507	9
673	227
74	362
1457	36
1215	14
699	16
834	139
2496	7
1975	37
363	125
299	146
88	13
1640	168
353	1
110	44
151	28
1135	261
197	219
515	37
1281	23
445	47
5736	68
1322	176
1871	62
452	335
117	148
737	429
208	27
311	375
211	293
955	14
2136	91
417	441
638	28
1188	113
3525	2
100	27
2602	5
1215	128
1181	39
688	118
2683	133
949	17
491	196
725	60
2224	287
472	28
1732	383
213	27
309	27
3697	37
577	8
114	148
2077	135
485	18
1702	149
491	47
424	96
561	160
97	558
1509	677
915	76
209	10
447	177
289	198
123	46
1351	30
864	46
481	40
2188	44
317	298
119	240
1945	10
463	17
336	4
399	4
2988	84
463	189
202	140
1302	114
605	139
1468	9
159	16
2195	140
256	67
38	22
2924	36
820	46
164	182
102	117
371	50
250	179
399	158
1525	219
1889	177
1127	62
1001	16
1923	115
2019	4
1824	34
2263	91
1666	26
591	99
997	60
730	43
74	14
462	13
470	121
95	31
472	16
3077	72
643	225
2424	30
3504	43
1459	50
433	24
233	3
495	49
1039	53
1997	82
474	38
630	107
542	67
798	111
296	73
567	205
1659	220
76	258
243	21
429	5
405	50
742	135
1970	59
205	14
180	100
1315	108
1803	66
249	61
381	514
193	156
174	15
1180	56
2384	89
362	25
875	11
1044	50
436	304
882	3
609	10
2436	58
1527	33
484	49
104	6
1699	17
1355	80
1718	3
941	147
867	69
3209	67
1258	3
494	287
1152	11
2802	173
121	19
267	459
245	14
394	219
133	19
84	159
1406	55
1753	51
557	252
140	198
159	58
745	4
504	71
375	217
1228	209
3330	90
5167	178
570	125
3745	91
164	282
238	53
2410	155
77	60
1135	15
131	96
261	37
1502	16
1314	106
2852	146
2474	23
2041	142
1412	216
185	43
137	61
1370	13
1113	12
1371	204
493	360
265	121
480	16
1055	222
135	116
1474	2
1059	64
3095	79
119	84
1053	46
401	58
2037	50
772	183
1091	50
290	20
87	4
179	56
276	18
1334	66
390	32
934	166
3372	7
90	18
441	97
113	134
3847	197
1628	138
178	13
610	145
1646	64
112	29
1978	117
1334	81
563	40
422	44
270	6
585	67
761	6
4628	50
152	80
553	13
264	14
2204	29
311	51
273	17
546	164
214	17
1257	19
428	4
811	26
1273	167
89	18
145	109
858	82
1393	128
643	97
777	146
145	10
425	25
2723	72
418	236
473	424
754	122
165	132
1863	52
877	2
752	253
652	4
149	74
260	42
1532	50
85	1
912	57
1152	179
1151	9
1464	87
282	192
597	43
1780	200
1249	44
1133	20
899	160
162	87
2179	92
246	74
136	21
1526	142
1106	103
1308	161
1979	98
1889	35
2902	1
427	9
269	245
79	73
224	153
111	54
994	1
708	28
1673	82
95	402
669	60
461	83
954	64
649	208
913	35
1363	26
1398	125
134	89
425	79
61	390
169	145
516	129
162	5
1064	149
290	106
334	34
2636	211
957	261
983	84
4318	102
3625	4
4664	37
348	27
979	36
402	212
1239	40
840	74
255	253
899	25
3413	5
1074	141
343	117
252	516
676	101
6500	162
112	116
1056	288
85	44
1102	62
3244	18
2292	80
2882	240
553	77
886	128
834	28
1173	209
73	9
561	39
2219	152
398	222
115	155
1308	126
806	69
711	10
739	188
1001	17
1644	118
560	27
1510	65
107	43
498	45
557	21
942	33
3541	93
427	156
1376	62
574	62
2543	192
1579	124
1752	60
1805	178
118	2
2063	21
4547	285
433	92
366	164
43	247
745	122
1275	163
250	89
885	23
1192	73
1674	41
1005	149
1522	15
303	52
100	59
2059	136
282	169
2268	62
2576	45
122	152
43	54
445	2
2327	94
1954	8
1645	196
1329	73
2408	165
214	27
751	250
660	85
799	33
220	224
1098	120
1248	5
394	444
671	158
641	19
2250	58
483	227
474	8
932	38
744	82
796	171
227	20
2008	42
1648	4
3321	25
173	91
2588	18
2357	107
535	148
1369	59
359	85
391	191
1417	32
309	44
224	7
344	153
816	22
1077	58
550	97
782	120
571	380
729	60
707	20
305	152
59	5
1176	183
514	278
1362	30
238	54
1528	14
961	26
1296	47
61	50
827	506
765	177
1153	12
34	5
823	23
1169	35
295	89
3487	41
1193	108
454	74
5784	64
1523	60
404	7
1300	52
693	37
635	35
160	135
525	5
89	12
418	2
826	120
825	86
1904	213
1559	69
961	216
106	86
243	158
1385	39
576	168
1636	11
1033	22
989	63
2370	110
1250	251
1976	197
86	119
131	17
625	6
807	166
208	175
1307	155
240	12
405	329
417	112
171	48
1233	126
59	31
898	172
876	192
440	133
2181	92
1974	196
420	35
25	7
2565	171
2898	142
978	48
228	126
1476	68
1274	26
2948	167
1058	161
823	44
1145	104
690	190
1100	52
988	52
638	61
622	18
831	107
809	31
347	154
45	44
336	44
2345	28
3317	137
2779	10
2964	88
1444	43
3086	151
1619	2
995	141
2084	79
1515	124
111	55
575	44
645	10
615	221
661	110
120	136
653	71
1396	300
448	81
723	163
365	109
73	38
1432	106
948	78
2826	69
1391	153
202	9
666	15
376	530
2159	108
280	5
1071	4
97	191
1396	19
2611	228
1537	14
388	99
610	41
765	67
300	32
747	15
36	50
2414	1
370	189
1548	226
745	2
847	33
106	27
1875	1
2466	114
188	29
457	40
1300	12
156	314
269	58
466	185
276	64
39	64
516	131
2444	112
273	50
1946	85
1487	37
275	30
129	299
81	237
554	50
2384	87
848	24
399	222
1557	204
595	106
1018	72
738	123
514	231
225	52
709	46
918	91
1743	16
262	12
471	23
2621	80
1350	10
415	6
748	21
501	19
304	34
58	448
115	89
378	53
2133	73
302	66
739	66
1172	124
1722	2
257	61
411	1
736	64
76	81
116	20
487	387
1033	52
177	73
2451	26
1367	92
1697	74
766	59
450	22
778	78
69	10
638	11
363	59
835	396
199	520
69	126
202	29
1071	9
119	205
434	122
1208	11
352	50
1262	128
1767	169
307	147
83	186
2093	7
1966	32
94	5
2235	23
797	52
171	96
638	35
1081	116
599	97
1831	80
2336	32
1128	193
915	59
886	14
2810	134
1256	69
347	125
2655	35
916	11
1048	94
2938	256
464	33
414	46
445	2
1591	56
867	39
2197	87
1008	77
1167	14
892	100
1531	463
93	10
837	25
2743	54
1600	133
2377	131
1026	190
1523	1
131	211
514	72
1704	68
1868	69
691	269
1505	80
878	64
52	448
528	148
7880	98
3229	32
654	28
189	78
726	12
457	236
737	63
432	21
607	26
2592	118
245	645
361	17
516	36
133	9
301	136
750	9
53	74
672	98
1589	100
693	89
350	3
675	23
399	16
1335	121
1079	27
1965	22
785	269
126	51
516	69
260	68
1615	179
427	9
579	26
223	46
1623	146
658	56
1161	82
428	25
368	133
2446	4
753	62
801	82
344	150
4361	110
1491	75
358	28
132	50
360	1
1030	9
163	8
920	171
192	180
514	103
438	158
3866	68
1420	67
355	69
943	105
563	4
4885	11
1408	56
76	1
544	36
279	50
695	15
579	34
395	61
941	37
1077	55
290	168
109	125
567	123
759	90
2837	3
482	51
2122	16
2579	42
1677	51
2667	90
201	122
491	116
816	51
1131	27
3322	10
366	31
1463	180
619	294
308	256
1137	158
1292	235
366	12
215	53
1934	38
753	20
98	1
552	10
254	39
793	47
1605	64
747	30
1041	174
423	143
1517	21
506	307
3866	63
127	44
2537	77
547	4
925	262
107	248
1942	141
1491	35
3827	213
238	168
239	21
1329	45
197	34
6357	45
1764	63
98	146
489	249
385	123
1370	165
975	127
303	135
1462	133
556	59
1747	26
1612	37
246	147
1018	81
793	150
956	11
97	42
67	94
156	146
232	100
1846	88
988	4
1939	89
952	81
4446	70
563	40
2305	73
1478	8
486	103
561	70
2630	250
817	462
748	270
3675	26
769	269
2872	29
1528	9
71	238
27	9
695	53
1156	5
48	228
68	2
321	203
2135	63
1561	139
7531	50
334	10
509	42
346	9
1177	162
406	151
1204	141
43	45
161	7
2573	40
69	199
4699	83
1182	13
2915	4
182	303
253	12
751	137
1194	37
536	205
168	263
356	183
597	7
260	197
1692	45
482	3
561	301
220	17
715	41
137	16
575	1
2238	35
912	35
1436	286
1229	14
111	77
561	247
649	66
1033	63
599	158
641	31
783	23
468	24
1729	279
14538	14
400	68
95	104
318	192
370	19
78	52
730	5
1105	88
628	189
39	22
1831	149
783	90
1205	352
979	40
471	55
794	77
938	5
775	85
1724	119
399	99
986	80
1179	267
486	48
366	87
527	306
187	19
763	18
880	11
1097	100
138	38
1319	233
2245	85
44	92
877	108
2122	1
593	142
1244	156
864	45
75	20
384	18
2187	24
4353	31
2129	14
667	69
1247	308
1220	240
768	127
792	5
223	284
199	6
1989	247
696	31
34	22
700	262
493	24
1840	156
141	198
260	460
2273	23
154	102
1383	62
178	78
1232	18
112	11
1890	19
70	17
3358	181
2233	21
83	161
250	86
223	70
1996	105
1759	51
863	431
3189	245
225	118
1265	214
868	114
1797	22
513	48
1638	258
266	126
800	197
1030	77
1270	64
2709	196
1149	5
1565	5
516	17
2900	34
535	2
985	38
753	2
309	173
1896	31
978	314
60	149
240	65
1468	199
6218	127
285	25
4677	133
92	129
528	1
250	298
156	1
211	44
890	63
569	22
824	69
384	55
417	40
1048	32
159	18
482	6
2769	4
249	97
1865	30
888	37
225	116
116	27
2632	64
1331	12
2021	34
280	34
1226	14
180	141
257	214
109	368
1466	166
997	171
627	123
1065	228
1631	218
2145	59
1171	8
115	99
525	12
4271	73
1946	120
1004	170
568	31
1373	188
596	24
1864	107
1847	154
928	8
1127	363
740	125
1893	28
437	65
1734	73
253	36
677	109
605	264
177	33
507	84
639	21
209	178
1836	53
3109	135
2292	6
929	61
409	167
2035	39
706	6
631	34
265	55
1264	8
1332	70
32	141
681	94
614	201
516	81
2683	5
2578	41
44	328
162	118
1417	161
91	150
279	134
458	11
251	92
2708	177
1628	152
2118	178
213	321
685	73
203	208
1195	78
165	281
487	89
614	114
3244	57
1658	68
625	83
400	131
1244	24
5270	37
2258	73
2392	1
1422	77
572	155
694	129
101	276
228	14
1105	72
2525	187
2468	2
1381	59
246	104
531	209
291	27
1489	71
220	11
458	331
546	1
67	32
402	141
1071	50
3666	26
1229	41
1400	50
2116	21
1390	63
2279	36
336	86
179	186
1051	91
1495	83
1375	16
1186	11
1227	158
3857	101
2028	58
2165	15
357	190
774	119
486	105
164	82
1759	235
559	69
850	21
402	5
915	2
1767	112
161	372
3067	13
1196	90
3049	95
182	36
755	2
163	133
2057	140
61	7
1649	112
272	147
2838	100
21	87
215	47
1084	59
496	27
1308	25
833	87
59	327
598	33
155	77
221	106
2053	3
110	24
538	82
924	349
1660	11
49	14
963	223
2860	51
419	2
3727	13
463	39
4785	43
4670	114
1632	16
401	435
805	29
3143	153
952	162
284	94
395	268
106	243
78	28
2592	83
1253	34
810	65
1172	17
99	17
1725	171
1140	33
1367	25
853	102
277	122
496	21
1991	34
194	74
403	163
1334	1
202	42
578	21
1855	61
1580	17
71	31
125	25
91	206
926	93
1228	116
1790	93
51	233
707	40
252	27
793	9
551	304
311	221
86	325
490	84
1221	6
2399	37
1767	28
689	50
2498	33
489	53
93	71
80	54
1324	136
1943	167
276	81
1145	56
2533	4
329	9
1328	75
5462	18
71	158
1270	18
1108	390
8	103
1254	12
325	49
1154	12
274	53
1565	22
131	68
129	15
174	259
290	29
1463	51
55	147
341	12
125	53
522	147
177	408
848	115
2910	3
435	9
2127	150
19	127
468	35
211	81
281	1
1493	69
718	224
52	176
412	45
2571	3
871	476
814	12
1061	44
1212	62
1892	69
1934	73
2814	89
262	164
1434	126
76	408
697	20
805	163
240	36
539	38
332	75
1106	172
1075	153
2576	163
1127	237
12	10
1074	197
3938	75
328	15
2753	159
349	65
541	129
201	89
27	236
695	165
708	39
2273	85
323	16
2458	21
89	324
170	52
580	38
2811	21
2809	53
1353	194
964	102
1110	114
474	84
489	86
1283	21
3925	11
288	36
1862	305
438	92
2223	345
854	40
1350	339
1158	22
885	59
507	17
3438	145
1271	14
1225	214
805	11
338	211
810	25
2703	38
528	39
841	113
1529	97
1341	86
1405	14
585	5
231	82
424	25
521	94
1411	87
690	33
268	585
1195	18
151	33
1888	186
324	11
411	11
945	470
385	73
3346	48
161	276
2744	27
3138	60
1586	77
127	15
817	153
3946	181
712	10
78	142
1721	13
935	182
101	88
27	119
1834	80
1136	287
297	165
962	31
127	144
967	150
55	23
79	134
5633	28
1267	46
697	41
1221	108
568	10
1710	250
2320	390
1102	47
385	71
2066	60
2119	16
734	153
428	108
1649	27
1622	22
1318	12
2030	69
13	21
1244	13
2196	57
159	88
1348	66
328	135
756	30
748	314
2003	312
1386	157
1141	286
525	177
492	19
481	79
592	3
899	151
1195	8
1290	11
87	20
800	81
2474	303
2288	355
1387	34
63	106
220	88
207	66
1119	38
147	119
2249	29
1999	289
2517	103
586	19
814	16
295	159
474	17
1105	122
3173	126
1093	29
193	9
2913	37
1385	73
1189	109
358	261
448	5
106	14
423	1
1131	91
1204	77
583	100
2935	291
2413	96
735	314
311	56
3436	121
101	26
1129	213
693	8
397	109
1198	70
303	18
1257	201
1133	122
523	31
699	68
1080	2
1039	5
251	209
1240	21
927	22
2496	171
566	43
3199	3
651	33
2905	10
1268	44
626	53
2043	25
1356	119
883	442
305	1
909	214
2087	37
1021	64
1195	7
314	136
547	482
1008	32
2706	84
902	82
313	3
189	159
762	244
143	72
1370	3
2142	172
495	142
423	285
592	158
1410	121
353	20
138	41
2473	29
1602	57
1985	126
169	10
2956	42
894	183
627	167
1297	114
836	111
1704	72
347	2
1926	61
385	1
2250	86
920	56
2179	77
1290	80
66	226
128	18
1389	48
1208	206
1869	141
875	98
1269	101
1895	28
1069	15
1136	184
2981	115
2817	2
636	15
1496	446
2502	95
2886	280
870	252
24	209
704	341
422	207
460	47
1978	17
828	18
3388	137
1139	375
2997	12
236	4
2581	22
262	165
384	145
959	19
119	60
1454	16
163	224
1042	42
284	47
2927	18
474	82
227	101
855	143
1055	171
167	19
1144	49
1336	3
1131	113
207	329
1218	60
3712	26
37	109
582	1
479	169
97	250
1147	48
204	41
1340	15
133	43
1289	186
1170	201
144	46
368	165
3370	156
830	54
2358	73
330	147
754	203
801	32
198	48
1531	109
159	81
2312	85
1979	11
221	13
2359	172
684	173
3194	18
160	68
256	82
646	71
2895	17
215	35
599	99
269	17
755	111
1973	44
254	23
1362	77
1752	100
555	46
92	48
578	475
1516	97
1706	65
530	3
124	68
1017	24
1478	127
308	133
995	49
11	15
441	93
384	112
185	74
1420	129
1236	192
110	135
66	81
398	300
44	24
385	35
52	97
1364	240
1723	68
1606	69
740	27
1283	20
124	26
1025	104
911	287
1405	112
480	233
2350	35
892	93
2184	63
333	321
426	100
144	198
846	207
5856	147
250	364
2058	63
1420	96
100	46
1388	88
490	102
58	15
50	201
1704	266
1195	184
1648	26
152	130
59	201
127	18
774	67
421	106
20	77
2118	16
37	27
89	93
494	40
1746	122
82	13
199	12
111	6
977	48
1063	23
334	94
254	14
2985	45
525	261
1231	48
1521	94
280	77
85	115
233	33
1094	6
1464	21
499	149
1691	161
100	3
213	25
3372	28
619	30
66	30
3643	32
2276	17
169	265
1014	76
661	126
87	109
831	109
1877	163
2183	73
1409	120
72	13
91	216
815	78
104	65
92	33
148	217
183	11
2134	82
369	58
186	178
797	215
1559	128
1301	209
1327	198
858	45
1962	111
244	405
530	4
84	5
1573	104
499	247
1256	64
324	33
20	17
1790	16
1568	37
363	206
1783	92
377	68
1571	229
5205	13
141	2
3388	540
1166	38
623	76
450	90
1838	67
158	18
317	54
89	101
1143	20
267	76
502	45
651	10
1326	117
421	358
848	149
1712	78
709	53
2248	9
633	503
518	42
1027	23
218	150
155	247
113	37
2042	96
435	250
646	8
1178	132
322	22
604	14
2861	69
366	9
538	27
1885	96
661	16
1365	28
960	17
506	24
3103	22
280	10
416	22
1814	92
196	150
437	67
726	36
1995	77
645	223
1430	197
1135	47
820	128
2492	198
1236	22
2895	1
903	20
241	28
1970	217
242	88
2397	63
1450	111
49	206
1049	108
395	55
209	75
2378	24
2052	89
903	64
99	13
1157	181
580	381
2074	107
65	136
1701	206
2202	148
127	23
1385	185
182	68
177	10
1963	59
962	78
1286	83
1408	201
460	66
1070	149
1128	6
3963	1
609	75
142	42
865	130
1493	430
633	127
1142	10
2189	149
1590	155
379	11
3176	56
322	40
64	358
4024	268
976	57
1088	151
955	75
2046	75
62	456
1250	115
231	122
1441	157
348	32
2393	42
1771	110
623	35
1624	7
1238	28
638	26
924	107
1947	12
2854	122
957	35
35	139
405	88
454	119
495	42
546	63
557	169
747	16
377	49
72	32
646	94
557	319
1565	1
1702	77
1002	68
265	222
1126	92
203	73
281	24
2031	99
1719	353
81	29
437	27
143	144
522	161
117	45
1874	30
256	176
469	249
2039	19
198	232
616	23
491	176
2078	67
1978	42
1569	92
665	42
4582	125
690	21
1342	35
1256	59
669	432
480	21
1433	145
538	6
492	359
604	35
2800	105
90	65
893	29
553	97
638	103
555	36
414	104
1795	41
1478	167
699	44
69	27
1187	14
793	247
336	205
2161	9
1110	215
574	49
8	33
2742	8
639	80
4176	131
321	68
1738	41
2044	10
435	153
2124	158
740	157
1105	52
383	48
1783	62
350	83
886	219
630	19
3699	84
122	270
186	11
2405	86
819	107
115	145
210	46
2363	7
522	323
2267	137
1292	108
23	26
572	50
2208	8
383	226
1003	104
2243	88
445	109
1807	51
637	135
269	34
312	21
230	111
47	188
1167	211
392	55
1935	70
1191	50
2071	160
1759	52
2290	152
245	149
82	8
105	12
843	69
147	243
1240	69
1117	104
2105	63
1406	129
3161	107
1059	17
222	50
9	12
663	184
297	202
222	81
1781	181
227	161
83	37
1115	112
2573	84
1173	42
4298	167
2214	19
1118	15
607	84
441	2
729	170
277	6
447	76
720	217
1415	123
199	65
68	138
1474	48
117	82
1453	131
1354	52
502	165
981	126
330	102
250	158
346	39
2121	261
1784	91
979	74
122	266
653	177
2183	37
560	102
396	121
105	36
369	296
942	160
279	65
502	33
131	438
3917	97
272	63
129	35
2245	190
227	10
243	7
79	98
446	48
784	316
849	189
448	196
737	9
1371	37
852	29
69	160
726	6
175	11
1596	18
1126	42
628	128
73	28
1095	39
267	199
1514	61
286	283
13	256
1820	142
580	72
1403	51
1549	215
956	24
2216	10
450	33
373	118
1035	5
149	8
2071	4
343	29
218	81
1179	16
126	138
1434	61
64	46
956	58
50	163
902	44
110	91
3560	13
653	139
373	68
1036	10
288	66
2293	182
1833	57
736	88
4584	304
667	313
4737	24
924	47
1689	24
502	24
408	193
304	144
392	54
927	71
517	89
986	10
2408	52
2713	246
1077	194
1686	13
1237	15
685	118
3434	50
79	71
18	44
1394	16
1541	63
1113	49
679	28
200	105
568	23
1431	34
654	13
4351	79
325	313
702	129
3122	16
144	81
1274	62
214	6
688	92
815	6
1025	156
2914	308
377	64
3482	73
1091	157
3070	98
163	107
154	40
690	96
117	93
777	12
1463	305
156	77
3117	118
3523	77
811	73
1099	83
2096	64
2452	22
1592	55
883	34
335	121
1193	105
98	112
390	88
1321	205
670	32
2384	105
836	94
1028	34
2433	17
639	125
1912	37
1499	218
48	68
265	154
2725	349
4017	128
465	20
807	381
1562	29
802	37
558	165
898	21
2580	15
1591	148
1376	116
117	204
954	18
292	218
239	232
862	6
308	19
815	34
87	63
1781	36
685	28
2952	59
73	64
1390	12
3286	104
448	136
2874	21
1582	56
249	118
672	119
1682	34
3191	7
347	115
1318	76
1932	43
898	59
667	204
246	339
790	47
283	203
1198	182
266	108
339	187
1891	288
2572	131
569	123
525	101
1108	11
168	7
125	251
4101	218
679	64
1303	24
34	80
589	78
1080	18
1329	17
172	16
356	3
262	6
1156	130
98	157
47	71
218	16
398	12
965	22
380	137
4162	99
1313	2
539	74
298	115
159	144
378	23
320	54
1697	83
1803	11
478	20
1215	33
278	68
270	15
198	174
2312	32
1146	23
318	192
3027	136
399	86
1021	51
177	132
1171	24
210	92
116	370
94	4
1731	5
752	34
1068	133
1996	1
1220	297
1875	9
293	21
417	79
362	28
1198	584
477	149
151	50
312	13
192	213
469	5
688	72
954	217
191	146
4319	129
140	38
484	122
2222	206
5128	10
318	150
2155	9
468	234
475	192
1118	20
66	137
1034	69
457	3
395	3
1254	53
412	19
3632	88
2941	110
194	37
2071	28
2939	133
269	639
1203	78
302	212
1717	105
950	57
672	96
65	130
2410	117
817	55
408	72
2088	320
1218	186
393	110
945	159
305	12
138	72
1193	121
1908	11
689	59
332	133
2703	75
2384	13
1439	1
933	10
4433	1
996	101
440	43
390	102
1604	210
780	12
1079	162
1669	5
484	46
353	73
2849	105
156	2
885	36
1577	91
1078	78
1122	1
244	7
482	54
89	49
309	155
850	90
570	26
227	7
296	50
936	212
5460	43
207	36
1165	675
831	13
487	17
262	149
19	233
600	49
1124	11
1417	204
795	3
362	2
284	101
143	27
119	74
1338	174
1078	8
767	154
132	207
1165	75
367	63
261	329
2900	144
633	247
1136	2
5186	179
19	149
781	21
43	68
2048	185
1002	69
1081	127
119	1
2535	1
1590	80
1233	39
2329	130
93	4
232	133
1155	158
592	185
1046	1
2969	66
165	66
744	93
1111	12
204	274
198	50
1328	83
478	128
537	97
589	49
170	35
536	48
216	388
1179	16
922	306
334	25
1351	14
652	104
1212	71
1130	359
866	33
237	189
2417	122
2438	110
998	40
562	50
611	246
231	79
809	52
1779	7
2886	9
257	29
543	20
814	1
243	14
1490	444
1227	100
183	31
2078	113
1728	80
1704	27
633	28
2610	57
2498	203
2171	27
4849	10
2361	7
131	195
222	223
455	30
2265	6
516	50
732	154
744	20
1853	112
661	155
249	10
202	31
67	17
295	111
1302	151
1168	35
357	39
993	160
609	143
109	135
111	23
1170	119
3129	10
85	141
608	9
485	51
920	10
1795	19
1437	19
665	161
233	48
687	98
1534	131
149	214
1730	345
224	57
104	42
644	55
1387	16
667	57
1334	135
727	68
252	21
481	39
322	209
944	39
926	41
164	358
277	101
453	59
1190	10
330	153
468	5
131	115
1441	32
918	40
921	32
275	123
303	226
152	50
376	184
97	3
363	40
3276	1
313	144
290	17
532	60
2827	81
63	50
2827	111
1529	19
230	46
1725	114
1523	110
6543	2
64	81
128	178
1748	47
221	6
355	92
6229	14
55	61
8	6
1213	33
463	280
1328	163
1179	41
608	158
1925	80
931	193
433	220
738	95
1091	226
651	31
35	89
767	59
729	65
2150	11
525	75
335	10
525	237
1152	26
2064	45
3082	329
1879	192
3227	17
1899	530
1362	23
128	305
1255	17
1336	32
2659	36
429	22
566	53
1425	48
489	26
260	20
985	7
760	24
3249	58
2250	98
249	133
262	210
752	178
132	189
1947	254
413	62
85	34
1276	83
3647	270
1471	24
223	31
3214	70
743	117
188	231
1010	155
1695	101
653	107
811	24
842	54
773	26
539	15
1402	3
2812	26
15	49
1595	2
270	169
1410	54
199	35
150	87
3360	30
669	26
2705	7
1988	42
1189	124
308	158
594	10
86	295
645	13
908	162
1867	89
1626	153
199	41
586	151
1316	114
14	32
2507	13
1109	77
3232	145
332	336
595	30
346	86
2369	35
21	31
1533	9
479	114
1346	203
611	263
1150	277
1313	72
163	89
1667	70
429	49
561	32
1618	5
277	123
348	32
328	34
1583	440
2404	74
659	11
3827	36
2145	1
1840	251
730	76
437	58
803	11
772	10
904	105
370	229
106	234
452	11
488	42
133	2
766	88
177	32
2263	45
117	139
1115	13
838	34
84	46
793	136
707	70
180	9
1143	68
967	6
777	2
679	261
2780	67
23	14
2663	57
4011	68
62	6
428	19
803	142
860	89
544	22
240	8
1426	77
3495	14
378	280
827	81
858	57
59	46
3629	33
511	22
270	94
132	21
1230	97
2001	26
751	65
340	38
1596	195
2793	78
1018	62
760	53
1536	31
708	53
237	54
104	24
721	52
655	45
2395	171
784	222
851	29
162	10
1075	96
1038	5
561	24
1772	13
569	50
103	144
428	9
500	86
950	75
825	39
933	60
2657	146
670	3
3363	33
248	82
129	350
1601	260
127	182
926	262
2256	13
1041	83
298	185
342	68
332	236
709	101
73	298
192	55
367	16
47	93
427	87
1564	158
1844	52
96	142
2288	118
450	126
459	15
995	28
2098	87
308	138
528	193
172	49
1089	11
828	188
3969	14
363	285
181	202
1212	6
1674	71
1366	132
749	29
588	78
1343	7
1347	18
851	135
157	97
1897	76
2233	25
12	20
1224	63
82	176
1036	158
2189	89
886	24
14	456
3464	151
1433	30
10	108
1286	23
475	55
894	4
1214	205
402	212
122	55
234	5
2683	140
445	20
1458	122
924	62
944	25
3097	254
1206	71
265	108
1529	9
363	4
371	431
780	52
709	62
729	89
889	161
1811	339
915	36
279	20
2750	135
199	56
723	608
530	4
482	117
659	4
115	54
356	118
432	129
2584	8
65	209
377	72
326	41
857	99
421	1
1128	2
2188	26
109	65
1246	100
288	85
1114	68
368	50
950	9
845	76
1034	20
314	41
553	18
1859	142
1654	226
557	35
134	16
1521	222
181	27
459	771
625	80
531	14
1045	44
3091	64
1750	36
720	122
100	45
1888	213
1164	4
1546	229
333	45
1631	11
283	248
2871	160
143	29
146	38
211	70
1722	49
4040	190
790	275
813	18
445	422
291	2
785	276
863	297
162	179
1434	55
271	100
1088	24
430	53
4338	30
1649	18
140	175
196	167
423	58
563	177
1130	46
229	92
3094	72
1237	157
1253	89
1586	16
1027	39
1742	137
1432	8
284	227
1581	21
691	53
1056	31
2590	96
559	193
182	170
764	152
705	15
873	2
188	32
305	68
734	72
306	99
290	89
1136	10
268	107
262	357
785	206
170	54
369	32
1571	71
824	121
1050	15
255	8
241	414
69	4
896	40
1315	2
3266	81
3883	165
405	94
2028	104
913	109
728	155
936	63
2777	1
555	88
282	140
54	165
1322	129
3206	162
448	45
1003	287
304	116
190	212
506	97
383	192
275	14
363	33
158	87
4931	42
399	115
103	132
2421	48
395	74
349	33
520	15
689	62
1047	31
139	71
682	5
4986	2
324	21
235	292
766	158
457	62
395	269
863	10
1322	129
754	19
125	13
559	183
1118	127
882	71
179	167
2764	249
2599	25
195	491
406	47
548	84
1578	138
895	104
954	5
670	94
573	72
2904	26
975	62
2425	81
2597	174
58	82
1927	38
1336	252
759	61
218	93
279	8
413	5
1275	43
1517	604
691	17
149	252
251	60
199	170
2003	10
2007	130
1458	8
5357	30
580	24
1278	129
338	173
351	114
265	135
1733	5
41	109
1665	156
3027	177
2462	373
702	99
325	38
629	24
361	44
161	31
3034	84
3361	51
372	150
1333	95
698	70
1217	313
992	185
94	80
152	129
1020	112
667	29
641	193
2272	14
137	344
601	499
810	26
690	6
2270	114
144	2
378	142
53	219
948	94
2587	107
1786	110
880	213
195	87
441	182
651	41
490	100
1409	150
983	24
2410	12
738	231
466	183
1656	411
251	237
9778	29
1811	37
340	41
1441	1
1302	89
867	158
331	18
2117	2
2019	18
1588	89
624	10
77	30
279	72
4154	199
758	10
145	24
918	322
1078	4
1104	33
930	146
269	51
380	29
1422	161
319	26
551	94
396	212
1611	85
95	53
1280	5
849	314
1827	361
3227	25
166	138
47	74
814	7
1069	183
191	464
1268	159
1881	89
1577	15
1222	129
115	125
1248	91
709	55
1190	112
761	94
533	82
467	48
142	178
636	380
143	5
95	154
1074	117
829	60
889	96
775	106
102	83
1409	118
237	104
549	144
641	16
637	45
2908	114
38	147
1462	248
2066	5
1904	4
2655	6
1086	12
4617	273
822	68
160	20
1263	51
280	75
1306	10
1979	8
1048	306
740	12
629	10
470	35
3982	64
374	43
3718	70
438	76
1605	158
235	50
397	56
1032	304
145	15
115	73
643	99
974	73
91	92
1377	295
415	61
1132	136
1614	145
1132	197
246	273
164	74
988	112
2296	66
161	75
4061	124
1921	19
133	30
737	30
1158	130
76	78
1096	58
2214	15
136	83
296	90
477	54
1521	116
1757	6
278	213
2696	154
5673	79
782	31
2157	130
1096	87
322	117
1192	236
897	105
714	40
1404	39
561	49
631	31
51	60
176	40
1315	88
1163	35
265	137
1331	168
191	40
1648	105
109	13
455	8
3071	201
2956	4
1136	89
359	341
448	85
1329	41
605	18
130	153
286	88
630	177
109	133
781	102
181	64
797	2
715	64
4274	133
4315	19
273	42
407	53
310	31
871	38
2393	45
1286	120
1002	37
890	8
653	227
1980	154
687	139
150	318
1286	93
2887	16
2729	62
3962	306
1729	18
855	272
124	190
921	86
561	24
53	18
1090	196
595	294
208	21
2943	100
2210	11
901	145
1047	214
1051	165
1179	17
901	12
232	101
806	245
4023	50
495	61
809	53
2398	79
2311	9
461	31
834	73
269	62
1203	112
2927	28
2258	75
365	34
109	75
459	71
1069	40
551	261
286	32
1013	173
1441	28
481	35
2757	197
296	115
852	266
1030	99
1054	26
804	2
4847	27
446	88
181	36
296	36
2214	2
578	159
1210	99
763	141
16	127
2900	68
863	153
2005	2
949	68
2263	146
80	123
740	50
1061	75
7665	43
365	143
2292	125
361	79
181	18
727	40
347	98
620	77
224	110
177	28
163	152
296	43
1232	27
149	84
3033	15
942	76
401	70
1529	27
1143	216
294	42
919	231
961	39
908	127
222	27
764	94
1327	7
319	75
1396	40
531	153
6343	185
2350	61
265	5
118	70
1053	91
819	44
120	82
721	59
160	134
277	46
1473	456
304	69
201	127
566	133
1879	77
248	57
1950	89
319	118
995	93
346	54
427	250
979	51
146	1
1324	179
904	7
664	113
780	162
619	8
640	10
187	35
454	385
2083	41
1920	117
470	81
73	58
493	7
993	165
1562	78
700	112
511	73
290	46
224	146
304	78
2839	141
250	23
2396	30
2612	69
146	4
548	111
732	16
2119	199
1080	79
196	303
2029	484
991	10
927	75
910	94
725	23
345	101
483	90
1371	186
132	234
457	84
195	89
821	24
330	30
113	138
760	44
1333	188
80	54
641	229
2972	27
1245	200
367	104
638	1
3659	26
736	44
861	42
980	50
383	3
1652	189
971	22
310	33
2660	158
336	167
600	248
1531	153
762	12
4515	21
41	173
850	56
1031	195
449	2
115	12
1101	51
497	300
1742	29
3615	54
2181	26
1359	6
1127	74
632	42
918	66
1365	79
1310	31
1601	48
143	362
1362	2
361	7
1207	171
5275	78
1296	130
1143	113
262	73
87	146
975	27
157	21
335	45
854	67
159	132
1239	351
1327	91
907	126
1906	19
982	83
797	45
636	58
1989	101
200	88
1077	267
207	111
560	81
1583	84
614	129
357	66
1958	114
98	276
326	192
2689	147
41	147
2615	68
585	25
1332	16
261	37
924	110
921	22
4850	193
74	104
43	55
953	18
81	125
1297	44
212	172
2424	138
1848	241
3150	90
78	96
994	174
865	57
138	6
1808	106
1384	192
120	273
1064	19
315	307
4888	248
1340	12
37	127
787	118
1545	28
484	165
1983	134
381	40
1285	302
568	8
1150	211
307	95
2572	16
2200	312
1131	150
1736	372
62	38
666	26
1968	234
1199	17
558	85
1578	2
977	23
1672	254
1478	23
31	188
48	236
1871	49
324	58
50	18
168	12
1835	51
789	274
1988	36
810	2
71	293
1006	37
1635	166
717	33
1780	195
822	7
2133	138
696	9
1394	205
415	180
4988	94
557	99
617	53
1704	27
223	79
533	30
473	3
451	71
177	136
985	54
360	9
1995	27
1875	18
449	28
1041	42
401	91
1978	123
1646	65
1057	68
628	122
35	138
1966	2
914	43
3024	118
14	177
593	137
297	102
232	54
4768	8
814	16
1822	36
16	56
123	14
978	536
95	96
1361	323
1111	77
108	7
1030	28
482	456
3031	79
2354	108
1555	26
394	9
44	220
1698	199
2540	182
366	18
2807	3
152	16
796	73
2420	21
769	6
1193	61
1038	5
21	9
1640	150
4158	119
759	88
5139	1
305	68
4406	79
711	96
430	41
1035	145
2322	40
641	9
216	83
1864	59
320	38
59	34
1602	39
1144	16
231	117
1772	12
473	58
622	166
263	39
729	23
1429	106
690	139
341	70
2362	200
1919	74
727	194
105	26
1469	330
2471	70
495	40
114	167
272	79
55	204
146	164
403	308
259	42
3334	71
124	27
613	146
447	84
349	105
521	13
210	78
742	5
2687	7
456	43
787	214
976	2
1227	79
2317	56
718	211
552	57
1834	270
931	69
1085	142
263	11
631	155
1405	64
306	4
217	119
599	143
2044	31
1722	176
412	99
263	41
777	97
638	46
1595	110
153	47
536	155
517	27
895	128
310	79
387	1
650	8
1538	186
1003	35
712	106
2259	1
3433	112
967	274
3138	23
2740	174
4338	181
9	68
8	3
8	106
1001	61
4257	131
12	339
7	87
9	10
8	61
801	210
3549	50
16	68
10	24
8	40
8	57
391	14
167	3
217	130
1362	74
