1 0 30
2 667 99
3 2038 27
4 3014 80
5 3629 13
6 3800 138
7 3922 124
8 3924 110
9 4150 97
10 4633 21
11 4844 4
12 5707 88
13 5764 50
14 6521 68
15 6613 325
16 6648 144
17 6834 53
18 6851 19
19 7130 100
20 8124 10
21 8395 6
22 10222 385
23 10307 20
24 10861 135
25 11113 23
26 12923 72
27 13173 23
28 13365 91
29 14794 156
30 15460 379
31 15679 227
32 15710 92
33 15838 132
34 16736 8
35 17917 159
36 18911 57
37 19061 260
38 20354 20
39 21543 127
40 22730 22
41 22908 110
42 23200 61
43 23695 43
44 25576 8
45 26843 127
46 27643 131
47 28017 91
48 28539 132
49 28825 320
50 30272 121
51 30894 15
52 31900 47
53 31951 57
54 33454 157
55 34952 68
56 35056 79
57 35097 98
58 35106 86
59 36789 285
60 37313 27
61 38184 83
62 38267 185
63 39913 358
64 40575 27
65 41348 277
66 41458 43
67 43240 12
68 44856 180
69 46980 87
70 47346 135
71 47527 86
72 48439 24
73 48789 59
74 50930 54
75 50945 35
76 50972 3
77 51562 13
78 51844 360
79 52048 207
80 52473 72
81 52745 219
82 53028 6
83 55594 31
84 55775 109
85 57120 8
86 59943 19
87 61649 2
88 63001 132
89 63737 8
90 64325 68
91 65144 58
92 67230 179
93 67416 190
94 67514 29
95 67652 43
96 68675 628
97 69409 125
98 71320 110
99 71848 278
100 73113 125
101 73973 66
102 74262 114
103 74820 16
104 75168 80
105 76214 258
106 76396 35
107 76966 132
108 77314 60
109 77325 60
110 79618 69
111 81107 5
112 83187 7
113 84553 189
114 85089 51
115 85249 22
116 86363 9
117 88203 254
118 89079 35
119 90424 145
120 90498 35
121 91909 3
122 93286 28
123 93718 36
124 93911 97
125 95031 17
126 95543 83
127 96118 177
128 97615 57
129 98225 6
130 98279 147
131 98875 34
132 100839 18
133 101414 110
134 101583 98
135 102945 35
136 104248 16
137 105603 148
138 105629 57
139 106803 102
140 107218 2
141 107319 111
142 109364 35
143 111833 279
144 115164 3
145 118879 120
146 119127 124
147 119501 333
148 119667 40
149 119852 94
150 120285 313
151 121055 31
152 121529 402
153 121535 7
154 121694 102
155 122050 152
156 122598 33
157 123458 98
158 124656 118
159 125699 131
160 125946 14
161 127741 22
162 128063 164
163 129052 340
164 129053 49
165 130011 260
166 130121 231
167 130192 139
168 130255 91
169 131487 20
170 132826 122
171 133744 5
172 134173 168
173 135140 10
174 136456 191
175 137429 254
176 137526 111
177 138353 324
178 139533 186
179 140654 103
180 140782 55
181 141429 166
182 142162 155
183 142686 147
184 144160 57
185 145311 196
186 145844 15
187 146349 14
188 146490 1
189 146530 68
190 146869 277
191 147035 12
192 147143 89
193 147219 179
194 147893 33
195 150159 6
196 150670 170
197 150932 54
198 152000 33
199 153527 78
200 154695 34
201 155263 1
202 155650 473
203 161307 241
204 162595 93
205 162615 43
206 164314 91
207 165510 87
208 165730 632
209 165814 43
210 166658 67
211 166797 88
212 166907 19
213 167030 12
214 167044 99
215 168097 8
216 168246 40
217 168452 68
218 169126 6
219 169382 12
220 169529 47
221 170270 39
222 170882 39
223 170961 150
224 174387 30
225 175455 298
226 175951 142
227 176635 5
228 177291 24
229 180257 69
230 181190 26
231 181783 130
232 184085 56
233 184655 86
234 185870 69
235 186599 193
236 187683 81
237 188068 83
238 188131 22
239 189004 31
240 189194 420
241 191785 90
242 195504 163
243 195625 7
244 196519 320
245 196832 100
246 197207 5
247 197299 116
248 197482 55
249 197803 67
250 197981 126
251 198891 39
252 199756 37
253 201273 187
254 201350 50
255 201993 14
256 203015 196
257 204055 59
258 205325 122
259 205353 128
260 205661 75
261 206227 443
262 206373 149
263 206867 98
264 207439 33
265 208150 56
266 208814 30
267 208839 55
268 209414 10
269 210256 93
270 211130 82
271 211940 79
272 212376 340
273 212517 112
274 212569 53
275 216126 60
276 216307 308
277 217088 217
278 218567 325
279 220033 24
280 222404 29
281 222454 14
282 223934 49
283 224034 114
284 224632 74
285 224640 357
286 226584 79
287 227241 130
288 228167 393
289 228262 24
290 229251 28
291 229772 113
292 229857 241
293 231277 31
294 231331 18
295 231515 125
296 231640 226
297 233008 31
298 233121 17
299 233275 175
300 233732 69
301 235539 220
302 236327 59
303 236363 74
304 237030 20
305 237308 45
306 238076 54
307 238311 56
308 239352 125
309 242470 44
310 242759 4
311 244349 5
312 244683 3
313 244798 17
314 244850 51
315 245572 173
316 246224 211
317 246779 263
318 246839 26
319 247125 19
320 248574 66
321 249226 151
322 250959 190
323 252156 24
324 252315 172
325 253461 36
326 254562 24
327 255111 39
328 255996 20
329 256715 245
330 256815 115
331 257204 22
332 258791 41
333 259117 112
334 260159 99
335 260381 93
336 260900 187
337 261530 204
338 263260 40
339 265700 48
340 266591 137
341 267168 76
342 267894 379
343 269152 6
344 269204 52
345 269789 21
346 269836 26
347 270266 10
348 271425 268
349 272107 56
350 272376 204
351 273203 15
352 274473 89
353 275800 36
354 276568 93
355 277092 28
356 278699 9
357 279473 107
358 279726 26
359 280375 59
360 281150 46
361 281414 11
362 284748 69
363 285154 110
364 285285 90
365 287240 324
366 287921 69
367 288001 116
368 288438 142
369 290547 98
370 291084 154
371 291113 201
372 291136 656
373 291745 39
374 292439 162
375 293443 112
376 293853 115
377 295010 20
378 298089 44
379 298706 523
380 298736 94
381 298768 29
382 298900 113
383 299304 13
384 299827 19
385 300811 319
386 301107 115
387 302378 32
388 302704 28
389 303953 15
390 304791 44
391 304911 35
392 305622 93
393 306420 118
394 307058 29
395 307255 119
396 307864 278
397 308002 48
398 309840 162
399 311369 4
400 312371 36
401 312373 39
402 312487 151
403 312631 91
404 313537 108
405 314405 113
406 314857 17
407 315824 55
408 315831 299
409 315838 77
410 316892 43
411 317104 277
412 319573 24
413 319765 86
414 320268 65
415 321457 63
416 322953 96
417 322958 13
418 323910 200
419 324334 33
420 325347 58
421 325656 92
422 325816 84
423 326648 333
424 327679 43
425 328092 159
426 328811 344
427 329369 24
428 330450 11
429 332337 36
430 333408 48
431 333844 330
432 335307 74
433 335507 101
434 337098 88
435 337261 23
436 337458 112
437 338052 30
438 338281 10
439 338608 376
440 339384 105
441 339758 44
442 341313 164
443 341914 18
444 342786 59
445 345085 97
446 345951 11
447 349169 101
448 352485 49
449 352917 185
450 353779 29
451 354342 164
452 354709 265
453 356365 12
454 357405 84
455 358689 41
456 360328 267
457 360749 123
458 361031 21
459 361437 1
460 361566 134
461 361694 46
462 361773 56
463 362046 18
464 363695 52
465 364281 37
466 364705 73
467 364963 63
468 365414 153
469 366476 127
470 367595 76
471 367606 154
472 368373 153
473 369112 16
474 369282 34
475 369348 49
476 370421 83
477 372229 29
478 372964 170
479 374563 86
480 375123 73
481 375658 18
482 377544 16
483 378311 209
484 378461 64
485 378560 69
486 381052 52
487 381675 98
488 381941 7
489 383124 703
490 383898 82
491 386335 30
492 389573 118
493 390448 67
494 391202 594
495 391272 56
496 392126 38
497 392972 96
498 393333 24
499 393450 200
500 394888 357
501 395788 114
502 395848 22
503 396043 55
504 396271 21
505 396460 115
506 398568 3
507 399198 66
508 399369 10
509 400398 50
510 402189 67
511 402196 94
512 402486 85
513 403062 99
514 403832 73
515 405205 56
516 405542 86
517 406385 3
518 408872 30
519 410039 243
520 410600 219
521 412540 24
522 413614 9
523 413715 12
524 415933 20
525 416425 60
526 417372 181
527 417611 39
528 418657 158
529 418691 192
530 420083 381
531 421143 9
532 421885 16
533 422022 108
534 423958 209
535 428514 123
536 428611 523
537 428612 123
538 429705 66
539 430786 22
540 432247 35
541 433307 10
542 436094 178
543 436223 244
544 436253 65
545 436553 22
546 436894 41
547 437405 140
548 437608 151
549 438182 69
550 438251 49
551 439013 43
552 439713 43
553 440043 40
554 441794 77
555 443968 10
556 445948 23
557 446278 49
558 446521 103
559 447364 98
560 447757 44
561 449377 50
562 449496 57
563 449674 62
564 449947 29
565 450951 15
566 451445 6
567 451499 153
568 451578 63
569 451979 1
570 455885 168
571 455934 30
572 456472 242
573 457173 11
574 458315 4
575 460081 36
576 461110 245
577 462154 22
578 463745 62
579 463901 151
580 464106 78
581 464160 185
582 464340 92
583 464952 21
584 465103 74
585 465219 183
586 465563 298
587 465736 19
588 467214 35
589 467443 329
590 468443 177
591 468791 40
592 470339 18
593 470608 11
594 471011 171
595 471529 451
596 472118 17
597 472356 16
598 473280 123
599 473392 27
600 473491 2
601 474355 13
602 475284 4
603 475959 122
604 475979 16
605 476410 45
606 477460 22
607 479618 31
608 479935 46
609 480159 2
610 480633 51
611 480721 169
612 482442 49
613 482470 102
614 482981 31
615 485010 51
616 486604 68
617 487311 130
618 487680 107
619 488153 432
620 488612 263
621 489074 8
622 492041 121
623 492428 123
624 493040 6
625 494094 282
626 497242 126
627 498893 34
628 498936 75
629 499030 20
630 500566 69
631 502688 150
632 502770 1
633 502840 63
634 502914 63
635 502961 60
636 503830 266
637 504890 18
638 506367 158
639 507633 202
640 508377 36
641 510621 29
642 513048 14
643 513056 139
644 513098 196
645 515792 114
646 517844 47
647 520757 4
648 521437 7
649 522494 291
650 522940 37
651 523122 76
652 524820 6
653 527254 77
654 527264 16
655 530071 13
656 530256 10
657 530359 100
658 530484 14
659 533408 389
660 533754 10
661 533982 174
662 534332 195
663 535153 106
664 535455 181
665 535690 88
666 535830 39
667 535883 268
668 536115 18
669 536484 134
670 538632 95
671 539478 19
672 539697 12
673 540372 125
674 540664 60
675 540875 1
676 542182 177
677 543516 122
678 543675 98
679 544196 90
680 544357 71
681 544707 29
682 547397 80
683 547463 206
684 551770 158
685 552356 2
686 552723 2
687 556916 58
688 557472 16
689 558239 102
690 559005 235
691 559226 265
692 559319 151
693 560140 34
694 561057 133
695 561368 78
696 562497 20
697 563188 132
698 564010 20
699 565256 181
700 566485 23
701 566644 34
702 566727 80
703 566857 62
704 566941 6
705 567948 80
706 568267 525
707 570165 66
708 571785 155
709 572587 50
710 572709 10
711 574184 223
712 574613 47
713 574964 335
714 575123 20
715 576339 44
716 577523 45
717 577640 141
718 577848 4
719 578454 7
720 578645 82
721 578945 135
722 580343 146
723 580541 124
724 581306 17
725 581985 86
726 582612 84
727 586424 128
728 586473 17
729 587265 32
730 587758 507
731 587764 351
732 588428 148
733 590120 99
734 593439 170
735 593441 191
736 595119 38
737 595905 31
738 596520 170
739 597197 119
740 597513 30
741 597650 123
742 597797 222
743 598313 33
744 598329 35
745 599199 10
746 599217 101
747 599689 15
748 600817 109
749 602491 6
750 603473 30
751 603774 7
752 604439 55
753 605368 273
754 605377 41
755 605541 6
756 606723 222
757 607535 45
758 610404 90
759 611102 35
760 613753 24
761 615195 102
762 615618 68
763 615949 428
764 621790 8
765 625214 61
766 625653 147
767 626390 49
768 627114 18
769 627385 90
770 628175 24
771 628456 29
772 628694 103
773 629573 310
774 630041 67
775 630365 10
776 630915 161
777 631270 212
778 631293 130
779 631347 125
780 632603 29
781 632719 35
782 633336 141
783 633645 4
784 634251 64
785 635302 54
786 635897 161
787 636018 45
788 636340 15
789 639200 60
790 639712 109
791 639843 91
792 641153 21
793 641871 37
794 643300 118
795 645250 41
796 645337 92
797 645543 57
798 645755 29
799 646027 79
800 648483 24
801 649755 25
802 650901 5
803 652630 71
804 653219 65
805 653608 249
806 654304 223
807 654314 136
808 655934 11
809 656637 61
810 658645 17
811 659729 29
812 660084 291
813 660215 14
814 660671 21
815 660932 85
816 661802 232
817 662300 17
818 663124 15
819 663335 31
820 663893 5
821 664552 148
822 668011 30
823 668142 108
824 668157 185
825 669972 314
826 670376 70
827 670513 39
828 671883 83
829 671970 29
830 672966 75
831 673563 683
832 674997 31
833 675532 170
834 678162 19
835 678891 26
836 680417 11
837 680815 146
838 681444 66
839 681613 21
840 682233 54
841 683846 297
842 683886 23
843 684010 33
844 685090 156
845 685714 37
846 686923 239
847 687268 58
848 687333 102
849 687574 202
850 687757 159
851 688817 73
852 689873 53
853 690859 27
854 691442 206
855 691839 26
856 692157 157
857 694198 156
858 694310 245
859 695057 266
860 695102 159
861 695447 138
862 696022 95
863 698214 38
864 698946 10
865 700339 27
866 700937 84
867 702479 6
868 702699 197
869 703263 96
870 703579 187
871 703971 20
872 704454 20
873 704825 134
874 704858 74
875 706381 56
876 706660 63
877 707233 57
878 709281 51
879 709603 2
880 711649 16
881 714446 277
882 715007 13
883 716067 42
884 716691 137
885 716846 95
886 717488 191
887 718454 71
888 718546 260
889 719881 82
890 719953 239
891 720569 88
892 720994 60
893 721249 65
894 722526 12
895 722640 35
896 723788 144
897 723937 263
898 724929 107
899 725208 40
900 725378 19
901 726246 288
902 726290 60
903 726315 19
904 727019 19
905 727193 65
906 728235 3
907 728668 467
908 729823 234
909 730170 83
910 731652 44
911 732518 124
912 734249 101
913 734477 54
914 734500 275
915 736111 65
916 736682 24
917 737125 56
918 738277 11
919 738405 110
920 739199 108
921 740224 48
922 740691 322
923 741984 244
924 742622 95
925 743435 112
926 743767 111
927 745347 48
928 745646 7
929 745822 218
930 746910 22
931 748415 112
932 748862 55
933 749081 38
934 749406 328
935 752534 13
936 752547 5
937 753440 23
938 754493 226
939 756133 98
940 756418 23
941 757315 15
942 758649 84
943 758662 9
944 759377 143
945 759496 17
946 760216 64
947 760410 64
948 761081 129
949 761337 10
950 762116 290
951 762145 35
952 763112 131
953 764183 59
954 764692 102
955 768465 194
956 768596 239
957 769209 30
958 771557 176
959 772058 55
960 772376 47
961 772904 50
962 773582 312
963 775290 14
964 776821 138
965 777181 117
966 777213 291
967 779908 95
968 780496 148
969 781958 46
970 783303 118
971 783863 2
972 784284 286
973 784622 186
974 784723 5
975 784804 65
976 785588 23
977 785792 122
978 785905 217
979 785983 188
980 786440 48
981 787872 315
982 789953 160
983 790157 74
984 790849 188
985 791750 64
986 793747 13
987 795048 19
988 795193 28
989 795879 134
990 796046 229
991 796616 46
992 796638 256
993 797384 40
994 799484 32
995 799861 90
996 801034 48
997 801880 99
998 802081 155
999 802710 2
1000 804605 57
1001 804674 13
1002 805970 13
1003 806095 194
1004 807890 39
1005 808840 13
1006 809427 51
1007 809857 45
1008 809926 53
1009 811164 158
1010 811648 22
1011 814779 122
1012 815146 63
1013 815885 231
1014 817977 14
1015 819143 85
1016 819614 91
1017 819746 7
1018 821365 23
1019 825037 12
1020 825126 40
1021 826338 85
1022 827002 102
1023 827314 52
1024 828048 97
1025 828176 22
1026 828319 203
1027 830346 21
1028 831162 103
1029 831927 86
1030 832972 27
1031 833013 41
1032 834720 29
1033 834848 37
1034 835277 65
1035 835727 235
1036 838335 229
1037 838577 144
1038 839099 12
1039 839673 25
1040 839754 107
1041 841156 88
1042 843089 94
1043 845224 45
1044 845242 35
1045 845246 254
1046 845288 272
1047 845894 98
1048 846044 60
1049 847451 23
1050 847529 434
1051 848688 38
1052 849871 138
1053 850528 191
1054 854115 1
1055 854268 123
1056 855364 35
1057 856680 104
1058 856924 194
1059 857930 6
1060 859464 42
1061 859546 314
1062 859674 18
1063 861115 21
1064 861348 243
1065 861440 128
1066 861907 14
1067 862452 268
1068 864499 90
1069 865961 157
1070 866112 113
1071 866216 30
1072 866459 8
1073 866588 23
1074 866664 134
1075 867257 444
1076 868161 111
1077 868432 85
1078 869068 6
1079 869400 25
1080 869516 149
1081 871673 51
1082 871867 224
1083 871935 293
1084 872791 211
1085 874186 62
1086 875406 39
1087 877365 136
1088 877402 101
1089 881545 91
1090 882111 132
1091 884064 20
1092 884162 27
1093 884675 397
1094 884745 393
1095 885555 19
1096 886288 26
1097 886609 88
1098 887545 24
1099 888541 7
1100 888574 86
1101 889253 325
1102 889329 80
1103 889831 125
1104 890126 92
1105 891581 209
1106 892616 108
1107 893160 8
1108 894733 91
1109 894873 158
1110 895399 39
1111 895455 21
1112 895690 56
1113 896774 119
1114 896799 61
1115 897061 37
1116 897241 4
1117 897643 39
1118 898885 16
1119 899028 46
1120 899510 127
1121 899527 167
1122 900121 182
1123 900572 56
1124 903002 128
1125 903056 119
1126 903325 179
1127 904480 15
1128 905155 4
1129 905213 91
1130 905839 71
1131 908230 130
1132 909176 191
1133 910216 39
1134 910313 49
1135 911425 7
1136 912156 347
1137 912315 80
1138 912419 114
1139 912531 512
1140 914474 62
1141 917988 75
1142 918696 115
1143 920135 78
1144 920187 48
1145 920982 142
1146 921533 36
1147 921958 113
1148 922017 34
1149 922035 155
1150 922409 39
1151 922581 23
1152 924053 142
1153 924767 207
1154 926031 12
1155 926364 58
1156 926605 152
1157 926790 24
1158 927206 76
1159 928554 339
1160 929894 57
1161 930100 6
1162 930530 377
1163 931964 20
1164 933132 3
1165 933270 32
1166 933657 5
1167 933854 222
1168 934302 37
1169 934628 81
1170 934774 55
1171 934827 66
1172 935172 51
1173 936594 4
1174 936827 24
1175 937052 48
1176 937584 55
1177 937724 116
1178 939860 275
1179 940705 46
1180 942339 17
1181 942925 17
1182 943145 79
1183 946592 138
1184 946891 66
1185 947738 165
1186 947790 19
1187 948761 365
1188 948944 50
1189 949645 150
1190 950166 90
1191 951442 186
1192 952591 12
1193 952889 49
1194 954311 130
1195 954884 53
1196 955805 95
1197 956205 197
1198 956515 151
1199 957321 101
1200 957410 105
1201 958283 137
1202 959251 76
1203 959920 22
1204 960535 130
1205 960692 15
1206 960959 94
1207 962316 227
1208 963735 49
1209 965344 38
1210 965607 25
1211 965730 64
1212 966964 242
1213 967222 37
1214 969330 134
1215 969767 5
1216 969842 99
1217 970178 98
1218 970532 177
1219 970911 116
1220 971157 152
1221 974247 22
1222 974289 246
1223 976507 213
1224 977310 7
1225 977695 67
1226 977770 298
1227 978003 86
1228 978050 48
1229 979443 1
1230 980981 4
1231 980981 29
1232 981303 113
1233 982695 162
1234 983497 354
1235 983641 127
1236 986099 310
1237 986505 53
1238 988078 34
1239 988156 163
1240 988699 58
1241 992336 107
1242 992405 56
1243 992580 29
1244 993362 187
1245 993374 46
1246 994015 6
1247 995028 157
1248 997783 103
1249 998739 21
1250 1001448 135
1251 1002365 122
1252 1002417 77
1253 1003209 98
1254 1003431 60
1255 1004570 39
1256 1005186 97
1257 1006123 73
1258 1006135 51
1259 1007048 42
1260 1007329 98
1261 1010837 25
1262 1012782 244
1263 1014389 75
1264 1014618 88
1265 1015771 12
1266 1016417 74
1267 1016584 34
1268 1017330 50
1269 1017758 76
1270 1018186 205
1271 1020098 139
1272 1021288 97
1273 1021505 226
1274 1021621 19
1275 1022766 31
1276 1023540 51
1277 1024987 41
1278 1025024 341
1279 1025159 114
1280 1025585 135
1281 1025613 16
1282 1025925 81
1283 1026101 142
1284 1026186 18
1285 1026194 137
1286 1027496 110
1287 1028314 32
1288 1029115 56
1289 1031049 95
1290 1031396 14
1291 1031608 345
1292 1031979 45
1293 1032060 131
1294 1032810 54
1295 1033208 105
1296 1035263 19
1297 1035288 364
1298 1036448 8
1299 1037772 184
1300 1038315 3
1301 1039256 83
1302 1039522 61
1303 1040140 105
1304 1040854 296
1305 1041014 128
1306 1041173 252
1307 1041469 10
1308 1042706 51
1309 1044349 5
1310 1045415 45
1311 1045983 188
1312 1046122 79
1313 1047478 271
1314 1048617 87
1315 1048876 44
1316 1049888 2
1317 1050346 52
1318 1050710 243
1319 1050929 203
1320 1050936 125
1321 1051182 59
1322 1051356 127
1323 1052103 52
1324 1052648 104
1325 1054646 184
1326 1055118 154
1327 1056455 24
1328 1059739 168
1329 1060508 8
1330 1061983 59
1331 1062714 144
1332 1063272 31
1333 1063973 28
1334 1066088 50
1335 1068080 35
1336 1068451 37
1337 1068462 71
1338 1068989 459
1339 1069550 40
1340 1070003 150
1341 1071661 101
1342 1073264 19
1343 1075968 1
1344 1076121 143
1345 1076332 52
1346 1077756 73
1347 1078055 26
1348 1078254 11
1349 1078741 399
1350 1079356 103
1351 1080027 266
1352 1080070 33
1353 1081073 157
1354 1083421 394
1355 1086637 75
1356 1087006 101
1357 1087760 160
1358 1087873 124
1359 1088164 45
1360 1088341 23
1361 1088523 128
1362 1089286 79
1363 1089692 81
1364 1092677 56
1365 1092716 147
1366 1093177 7
1367 1094402 258
1368 1095106 437
1369 1096703 145
1370 1096883 23
1371 1096981 17
1372 1097308 237
1373 1097324 5
1374 1097340 17
1375 1097510 69
1376 1099451 92
1377 1100979 17
1378 1102276 106
1379 1103349 252
1380 1107068 2
1381 1108245 152
1382 1108629 80
1383 1109421 116
1384 1110524 17
1385 1112234 16
1386 1112464 4
1387 1113401 18
1388 1114687 225
1389 1114745 1
1390 1115745 247
1391 1116598 39
1392 1117335 1
1393 1118186 49
1394 1118963 127
1395 1121052 87
1396 1122044 16
1397 1123162 4
1398 1125977 50
1399 1126721 84
1400 1127462 192
1401 1128228 12
1402 1128550 13
1403 1129485 269
1404 1130651 18
1405 1131993 112
1406 1132210 90
1407 1133963 73
1408 1135428 41
1409 1135605 80
1410 1135630 44
1411 1135983 23
1412 1137050 15
1413 1138081 156
1414 1139329 65
1415 1141428 425
1416 1142715 73
1417 1142834 202
1418 1142887 7
1419 1143233 5
1420 1143245 5
1421 1143392 322
1422 1143595 129
1423 1143722 32
1424 1143803 9
1425 1144605 107
1426 1144852 76
1427 1145335 32
1428 1145410 103
1429 1145988 8
1430 1147122 31
1431 1147329 11
1432 1148305 56
1433 1148495 23
1434 1149044 27
1435 1149368 82
1436 1153517 187
1437 1153900 69
1438 1154256 38
1439 1155421 74
1440 1156320 161
1441 1157580 21
1442 1159857 16
1443 1160517 49
1444 1160865 72
1445 1162580 229
1446 1163064 579
1447 1163113 108
1448 1163751 259
1449 1165044 94
1450 1166874 246
1451 1167630 15
1452 1167846 44
1453 1168465 171
1454 1169263 40
1455 1169935 237
1456 1170731 59
1457 1171117 41
1458 1171752 209
1459 1172691 14
1460 1173196 116
1461 1173415 41
1462 1173792 26
1463 1174848 16
1464 1175977 180
1465 1176354 128
1466 1177872 129
1467 1180084 41
1468 1181433 34
1469 1181481 459
1470 1183754 37
1471 1184111 2
1472 1184122 175
1473 1184240 7
1474 1184331 75
1475 1184430 45
1476 1186533 55
1477 1186583 159
1478 1186733 39
1479 1188855 18
1480 1189231 69
1481 1189905 112
1482 1190185 72
1483 1191208 14
1484 1191638 60
1485 1192432 64
1486 1193035 121
1487 1195824 116
1488 1196507 159
1489 1198549 133
1490 1198777 343
1491 1198828 24
1492 1200854 112
1493 1202260 27
1494 1202628 11
1495 1203986 64
1496 1204492 50
1497 1205500 47
1498 1205894 21
1499 1206569 245
1500 1206617 51
1501 1207577 168
1502 1208036 12
1503 1208466 1
1504 1209561 159
1505 1210990 175
1506 1211842 36
1507 1212603 119
1508 1213316 84
1509 1213715 37
1510 1215853 4
1511 1216141 73
1512 1217209 325
1513 1218949 14
1514 1219281 85
1515 1219915 24
1516 1220879 5
1517 1221880 177
1518 1222178 59
1519 1222864 36
1520 1224377 128
1521 1224952 292
1522 1225106 17
1523 1225476 45
1524 1225665 328
1525 1225810 31
1526 1226393 162
1527 1226887 185
1528 1230211 16
1529 1230515 12
1530 1230553 54
1531 1231093 31
1532 1237300 183
1533 1237847 57
1534 1237951 37
1535 1238517 74
1536 1239987 90
1537 1240681 420
1538 1240885 55
1539 1242250 211
1540 1242529 12
1541 1242996 108
1542 1243502 256
1543 1244172 245
1544 1244541 367
1545 1245280 59
1546 1246232 20
1547 1247427 287
1548 1247634 117
1549 1247922 225
1550 1251705 45
1551 1253047 211
1552 1253997 52
1553 1255221 194
1554 1255590 32
1555 1256423 46
1556 1256764 71
1557 1257365 29
1558 1258412 64
1559 1259951 6
1560 1261296 15
1561 1261350 117
1562 1261469 72
1563 1264503 6
1564 1264904 12
1565 1265874 100
1566 1266247 65
1567 1267129 26
1568 1268510 9
1569 1268519 23
1570 1271528 63
1571 1271730 1
1572 1271753 242
1573 1272301 9
1574 1273105 133
1575 1275656 198
1576 1276692 3
1577 1277331 92
1578 1277936 34
1579 1279750 3
1580 1282904 15
1581 1286015 41
1582 1286082 182
1583 1286316 114
1584 1287212 190
1585 1288048 26
1586 1289575 33
1587 1289695 87
1588 1290765 76
1589 1290856 577
1590 1291600 154
1591 1292945 207
1592 1293051 151
1593 1293721 162
1594 1294891 139
1595 1295839 11
1596 1296690 175
1597 1297651 267
1598 1297656 5
1599 1300873 160
1600 1301405 18
1601 1302378 15
1602 1303020 15
1603 1303373 86
1604 1304999 19
1605 1305558 79
1606 1307358 81
1607 1308121 7
1608 1308834 77
1609 1308843 44
1610 1308870 100
1611 1308909 250
1612 1309855 6
1613 1311176 61
1614 1312040 37
1615 1312554 200
1616 1313173 53
1617 1313917 137
1618 1314437 189
1619 1314579 41
1620 1316222 233
1621 1317154 14
1622 1317835 22
1623 1319925 32
1624 1323334 22
1625 1323424 223
1626 1324261 116
1627 1324269 40
1628 1326281 199
1629 1327981 76
1630 1331030 37
1631 1331409 55
1632 1332570 31
1633 1333661 196
1634 1334018 18
1635 1334396 21
1636 1335122 65
1637 1335627 38
1638 1335802 78
1639 1335831 14
1640 1336134 72
1641 1336369 4
1642 1336597 51
1643 1337718 211
1644 1338121 112
1645 1339139 332
1646 1339397 136
1647 1339548 97
1648 1339838 240
1649 1339866 67
1650 1340422 57
1651 1340721 86
1652 1342235 147
1653 1343702 151
1654 1343793 614
1655 1345865 45
1656 1346073 231
1657 1347019 72
1658 1347840 25
1659 1348480 57
1660 1348500 39
1661 1349050 417
1662 1351217 298
1663 1352610 33
1664 1353222 99
1665 1354315 61
1666 1354436 369
1667 1355705 13
1668 1355954 112
1669 1355969 65
1670 1357111 82
1671 1357510 120
1672 1359532 62
1673 1359999 53
1674 1360420 13
1675 1361148 56
1676 1361339 92
1677 1361666 239
1678 1362773 24
1679 1363314 127
1680 1363689 77
1681 1364301 36
1682 1365453 37
1683 1365627 193
1684 1366129 121
1685 1367037 155
1686 1367791 68
1687 1367926 50
1688 1369940 121
1689 1370154 318
1690 1371639 47
1691 1371736 13
1692 1372766 1
1693 1373848 11
1694 1374004 52
1695 1374155 47
1696 1374627 10
1697 1375885 3
1698 1376082 56
1699 1376083 245
1700 1376941 46
1701 1377469 86
1702 1377722 268
1703 1378168 49
1704 1378265 82
1705 1382101 327
1706 1382416 23
1707 1384343 111
1708 1385384 173
1709 1385617 243
1710 1385741 73
1711 1388456 4
1712 1388629 1
1713 1388947 20
1714 1391610 119
1715 1392088 285
1716 1393290 112
1717 1393399 141
1718 1393969 17
1719 1394470 14
1720 1394604 38
1721 1397093 168
1722 1399747 33
1723 1400625 57
1724 1400660 15
1725 1400958 37
1726 1401622 167
1727 1402291 114
1728 1403022 349
1729 1404738 216
1730 1405129 278
1731 1405245 116
1732 1405583 74
1733 1407627 47
1734 1407632 335
1735 1411469 4
1736 1411999 4
1737 1412062 29
1738 1413129 2
1739 1413792 37
1740 1413997 115
1741 1417807 64
1742 1418266 254
1743 1418642 32
1744 1421375 83
1745 1421517 68
1746 1422976 141
1747 1424974 349
1748 1425009 35
1749 1425308 164
1750 1425371 16
1751 1425782 10
1752 1425816 82
1753 1426041 29
1754 1426653 25
1755 1427309 18
1756 1427385 188
1757 1428852 17
1758 1429435 56
1759 1430806 32
1760 1431045 152
1761 1431382 166
1762 1431448 89
1763 1431908 52
1764 1432162 42
1765 1433212 290
1766 1435676 201
1767 1435951 97
1768 1436163 77
1769 1437056 36
1770 1437161 34
1771 1439365 121
1772 1441340 102
1773 1441813 17
1774 1442344 126
1775 1442791 528
1776 1443209 4
1777 1444110 166
1778 1444810 11
1779 1447084 26
1780 1448019 42
1781 1448028 64
1782 1450100 252
1783 1451848 182
1784 1452316 94
1785 1453077 268
1786 1453448 28
1787 1455190 8
1788 1458440 105
1789 1459281 26
1790 1459286 37
1791 1460819 274
1792 1463416 22
1793 1463855 1
1794 1464731 12
1795 1466819 41
1796 1467231 45
1797 1467365 162
1798 1467544 34
1799 1469844 6
1800 1470819 28
1801 1471579 100
1802 1471954 56
1803 1473418 101
1804 1473553 77
1805 1474287 353
1806 1475381 21
1807 1475905 123
1808 1476226 56
1809 1476327 292
1810 1476593 122
1811 1478401 212
1812 1478450 72
1813 1478754 3
1814 1479091 258
1815 1480499 337
1816 1481358 66
1817 1481458 221
1818 1483821 6
1819 1483827 57
1820 1484268 214
1821 1485109 113
1822 1485727 27
1823 1486671 84
1824 1489110 83
1825 1489142 151
1826 1489350 21
1827 1489496 28
1828 1491622 189
1829 1491776 187
1830 1491941 165
1831 1492132 120
1832 1492471 261
1833 1493611 65
1834 1493896 123
1835 1494136 6
1836 1494967 155
1837 1495899 1
1838 1495946 127
1839 1496167 209
1840 1497048 92
1841 1497243 247
1842 1497564 201
1843 1497760 38
1844 1499459 14
1845 1500769 19
1846 1500861 25
1847 1501139 105
1848 1501691 64
1849 1502016 109
1850 1503619 57
1851 1503975 33
1852 1504430 122
1853 1506587 46
1854 1507050 12
1855 1508125 96
1856 1508848 20
1857 1509491 12
1858 1513718 99
1859 1518193 99
1860 1518661 71
1861 1521004 283
1862 1521326 87
1863 1521418 56
1864 1522245 111
1865 1523354 160
1866 1523481 9
1867 1523788 365
1868 1524011 31
1869 1524146 47
1870 1525147 37
1871 1525498 79
1872 1526114 76
1873 1527800 129
1874 1528067 49
1875 1528274 19
1876 1528383 168
1877 1529096 170
1878 1529294 37
1879 1530204 22
1880 1530993 234
1881 1533262 3
1882 1535887 195
1883 1536586 32
1884 1538111 22
1885 1540857 196
1886 1540862 99
1887 1542195 113
1888 1542403 183
1889 1542476 59
1890 1544614 95
1891 1547119 131
1892 1549439 24
1893 1550012 97
1894 1551702 199
1895 1551917 57
1896 1552567 204
1897 1552852 77
1898 1552990 333
1899 1553209 46
1900 1554209 23
1901 1554626 26
1902 1555222 9
1903 1556238 223
1904 1556458 12
1905 1556551 28
1906 1556804 107
1907 1557681 28
1908 1558573 168
1909 1558683 151
1910 1558979 95
1911 1559231 98
1912 1560243 26
1913 1562528 50
1914 1564351 72
1915 1564356 11
1916 1567223 61
1917 1568051 170
1918 1568152 148
1919 1569056 4
1920 1571352 42
1921 1571963 315
1922 1572061 70
1923 1573873 168
1924 1574299 247
1925 1576456 107
1926 1577502 117
1927 1578350 200
1928 1579490 4
1929 1580633 39
1930 1582087 227
1931 1582363 128
1932 1583408 81
1933 1583731 34
1934 1584297 10
1935 1584300 13
1936 1584890 20
1937 1585139 455
1938 1585357 268
1939 1587959 35
1940 1589640 95
1941 1591551 99
1942 1592377 188
1943 1592419 1
1944 1592445 156
1945 1593814 136
1946 1593920 36
1947 1594320 455
1948 1594559 19
1949 1595028 65
1950 1595144 21
1951 1596680 33
1952 1599953 23
1953 1600483 26
1954 1600507 11
1955 1601458 46
1956 1601660 31
1957 1602155 93
1958 1603246 106
1959 1604573 25
1960 1607369 179
1961 1607453 54
1962 1608829 352
1963 1608871 62
1964 1609738 20
1965 1609855 2
1966 1610069 88
1967 1610674 102
1968 1610920 90
1969 1611273 252
1970 1611616 51
1971 1612873 6
1972 1613362 65
1973 1613733 104
1974 1614440 483
1975 1616617 369
1976 1616678 87
1977 1616896 41
1978 1617346 38
1979 1618114 38
1980 1619963 71
1981 1620491 145
1982 1621326 65
1983 1622425 49
1984 1622736 135
1985 1623686 325
1986 1624684 97
1987 1628095 7
1988 1628463 110
1989 1628671 50
1990 1628963 1
1991 1629313 1
1992 1630071 31
1993 1631454 34
1994 1633267 4
1995 1633504 54
1996 1634132 77
1997 1634718 94
1998 1636504 6
1999 1638503 174
2000 1639274 306
2001 1640018 61
2002 1640328 28
2003 1641349 71
2004 1642012 27
2005 1642042 208
2006 1642395 46
2007 1642876 94
2008 1643615 203
2009 1643683 76
2010 1643814 2
2011 1645804 69
2012 1648761 452
2013 1648924 9
2014 1649182 15
2015 1650106 326
2016 1650332 17
2017 1654704 139
2018 1655055 144
2019 1655893 40
2020 1656546 75
2021 1656595 63
2022 1659322 77
2023 1659387 106
2024 1659513 8
2025 1659568 24
2026 1660316 18
2027 1662331 672
2028 1663298 33
2029 1663904 75
2030 1663930 16
2031 1664140 194
2032 1664599 207
2033 1667111 23
2034 1668229 20
2035 1668837 165
2036 1669385 105
2037 1671133 68
2038 1672144 152
2039 1674859 9
2040 1675747 146
2041 1676053 126
2042 1676925 64
2043 1678235 52
2044 1678341 13
2045 1680834 2
2046 1681988 196
2047 1684049 48
2048 1684492 13
2049 1686499 89
2050 1686871 11
2051 1687747 84
2052 1688116 66
2053 1688952 15
2054 1690030 2
2055 1690489 5
2056 1691681 101
2057 1692711 34
2058 1693810 50
2059 1694676 60
2060 1694985 17
2061 1695282 45
2062 1696407 123
2063 1696673 10
2064 1697348 1
2065 1699237 38
2066 1700275 32
2067 1701322 67
2068 1702245 2
2069 1702687 160
2070 1705107 139
2071 1705656 42
2072 1705963 1
2073 1706777 107
2074 1708240 17
2075 1710020 89
2076 1710984 107
2077 1711427 56
2078 1711597 136
2079 1711686 63
2080 1711875 191
2081 1712292 113
2082 1713684 51
2083 1713790 51
2084 1714776 235
2085 1715991 125
2086 1715993 64
2087 1716917 37
2088 1717055 42
2089 1717696 91
2090 1718022 93
2091 1718300 154
2092 1718746 36
2093 1719339 6
2094 1719713 233
2095 1720423 27
2096 1721205 46
2097 1723331 11
2098 1723422 50
2099 1723474 58
2100 1724052 138
2101 1725197 65
2102 1725303 32
2103 1726786 11
2104 1728018 54
2105 1728225 76
2106 1728715 166
2107 1728921 2
2108 1729309 19
2109 1729323 106
2110 1729939 82
2111 1730927 60
2112 1732437 286
2113 1733026 16
2114 1733068 269
2115 1733927 341
2116 1734471 40
2117 1734491 3
2118 1735613 57
2119 1736114 70
2120 1736792 11
2121 1738378 163
2122 1740948 5
2123 1744138 52
2124 1746116 312
2125 1746297 60
2126 1746481 141
2127 1747644 4
2128 1747908 40
2129 1748181 446
2130 1752231 146
2131 1752583 64
2132 1752886 131
2133 1752924 227
2134 1753440 289
2135 1754473 77
2136 1755958 46
2137 1757460 36
2138 1758371 134
2139 1758796 54
2140 1760018 308
2141 1761187 48
2142 1761463 220
2143 1762012 95
2144 1764769 37
2145 1765711 207
2146 1765880 142
2147 1769204 83
2148 1769318 88
2149 1771063 282
2150 1772008 55
2151 1772386 2
2152 1772609 244
2153 1773470 2
2154 1774044 130
2155 1775464 132
2156 1776372 21
2157 1777099 19
2158 1777392 102
2159 1778416 352
2160 1779109 84
2161 1779177 386
2162 1781356 92
2163 1781838 17
2164 1782254 138
2165 1782338 177
2166 1783247 18
2167 1785573 86
2168 1787760 2
2169 1788040 38
2170 1789759 18
2171 1790669 79
2172 1792488 141
2173 1792844 35
2174 1794760 24
2175 1794803 138
2176 1795386 78
2177 1795552 7
2178 1795983 74
2179 1796794 105
2180 1797105 4
2181 1797681 125
2182 1797960 105
2183 1798369 36
2184 1798561 193
2185 1798969 11
2186 1799093 37
2187 1799746 399
2188 1799969 71
2189 1800601 322
2190 1801064 46
2191 1801385 37
2192 1801550 63
2193 1801932 107
2194 1801980 273
2195 1802325 87
2196 1802819 123
2197 1802933 43
2198 1803715 122
2199 1804762 20
2200 1804994 23
2201 1805910 327
2202 1806378 170
2203 1807052 95
2204 1808474 275
2205 1809186 219
2206 1809944 18
2207 1811633 14
2208 1811785 357
2209 1813629 201
2210 1814146 59
2211 1814404 9
2212 1814421 65
2213 1814945 247
2214 1815104 181
2215 1815460 245
2216 1815659 217
2217 1816197 38
2218 1816446 7
2219 1817403 25
2220 1817419 47
2221 1818414 222
2222 1818879 217
2223 1819012 165
2224 1819356 91
2225 1821166 2
2226 1822733 105
2227 1823258 22
2228 1824016 308
2229 1824230 134
2230 1825625 124
2231 1827363 55
2232 1828381 124
2233 1828525 78
2234 1828634 16
2235 1828885 176
2236 1829380 143
2237 1829887 210
2238 1830435 37
2239 1830773 66
2240 1830982 26
2241 1833432 158
2242 1833887 104
2243 1834959 18
2244 1835129 34
2245 1836155 95
2246 1836768 26
2247 1837944 3
2248 1838048 252
2249 1838112 63
2250 1838632 18
2251 1839008 155
2252 1839249 126
2253 1839659 51
2254 1839700 2
2255 1839825 51
2256 1840739 33
2257 1842666 291
2258 1844254 64
2259 1844258 199
2260 1844492 38
2261 1845814 112
2262 1846108 71
2263 1846325 289
2264 1847509 134
2265 1848069 213
2266 1849933 184
2267 1850359 28
2268 1851264 96
2269 1852044 15
2270 1852350 258
2271 1852832 142
2272 1853662 115
2273 1853814 3
2274 1853933 58
2275 1854522 64
2276 1855428 136
2277 1856193 87
2278 1856889 4
2279 1858244 94
2280 1859362 130
2281 1859672 24
2282 1861560 94
2283 1862321 61
2284 1863259 150
2285 1863379 15
2286 1865101 12
2287 1865142 162
2288 1866653 64
2289 1867396 685
2290 1867963 22
2291 1868468 336
2292 1869712 116
2293 1870732 22
2294 1872309 45
2295 1873499 89
2296 1873730 98
2297 1873781 63
2298 1874836 9
2299 1877377 51
2300 1878691 223
2301 1878860 210
2302 1880117 13
2303 1880255 58
2304 1880805 2
2305 1882142 5
2306 1882698 123
2307 1882726 45
2308 1883762 98
2309 1883991 35
2310 1884409 26
2311 1884535 50
2312 1885397 276
2313 1885511 129
2314 1885548 32
2315 1886471 25
2316 1887091 1
2317 1887540 48
2318 1890344 177
2319 1890403 13
2320 1890643 24
2321 1890666 6
2322 1891126 33
2323 1891437 131
2324 1891610 176
2325 1892364 34
2326 1892417 23
2327 1893502 28
2328 1893932 31
2329 1894200 11
2330 1894864 77
2331 1895263 7
2332 1895820 37
2333 1896259 34
2334 1896585 21
2335 1897516 68
2336 1897837 32
2337 1897899 20
2338 1898065 260
2339 1898335 61
2340 1899503 114
2341 1901463 191
2342 1901518 28
2343 1902249 5
2344 1902326 534
2345 1902869 102
2346 1903499 306
2347 1903961 257
2348 1904587 58
2349 1905136 108
2350 1906283 22
2351 1907612 107
2352 1907707 22
2353 1907980 85
2354 1908407 67
2355 1908499 316
2356 1909954 238
2357 1911892 506
2358 1912067 109
2359 1912435 152
2360 1912675 319
2361 1913213 4
2362 1913223 479
2363 1914083 3
2364 1915134 3
2365 1915227 137
2366 1915376 182
2367 1915633 10
2368 1917620 13
2369 1918765 81
2370 1921474 24
2371 1922970 159
2372 1924155 29
2373 1924305 42
2374 1926060 38
2375 1926399 214
2376 1926458 213
2377 1926469 5
2378 1926945 37
2379 1927444 263
2380 1927475 128
2381 1927687 6
2382 1928307 6
2383 1928368 213
2384 1930129 60
2385 1931365 136
2386 1932823 31
2387 1934129 345
2388 1934372 116
2389 1934555 10
2390 1935489 6
2391 1936803 54
2392 1936914 187
2393 1937191 76
2394 1937358 50
2395 1937769 147
2396 1938220 163
2397 1939969 55
2398 1940466 41
2399 1940485 82
2400 1940566 95
2401 1940766 29
2402 1941649 1
2403 1941715 86
2404 1942347 22
2405 1944156 44
2406 1945397 19
2407 1946406 16
2408 1947219 22
2409 1947283 92
2410 1947299 81
2411 1947755 44
2412 1947903 356
2413 1948043 7
2414 1949717 50
2415 1951632 165
2416 1951761 217
2417 1952070 40
2418 1955403 113
2419 1956094 10
2420 1956160 150
2421 1956289 96
2422 1958322 192
2423 1958862 1
2424 1959330 150
2425 1959386 118
2426 1960097 97
2427 1961292 55
2428 1961731 83
2429 1962545 69
2430 1963336 27
2431 1966654 439
2432 1966750 1
2433 1966871 37
2434 1967067 117
2435 1967854 230
2436 1968234 42
2437 1968640 32
2438 1968884 105
2439 1969798 67
2440 1970871 5
2441 1972097 143
2442 1972994 3
2443 1974074 21
2444 1974485 29
2445 1974526 80
2446 1975588 7
2447 1975991 29
2448 1976212 78
2449 1976848 2
2450 1977041 9
2451 1977115 68
2452 1977336 85
2453 1977851 16
2454 1979274 11
2455 1979867 70
2456 1980055 59
2457 1981161 71
2458 1981839 36
2459 1982292 93
2460 1983675 30
2461 1983681 274
2462 1984720 25
2463 1984756 36
2464 1985348 46
2465 1985937 72
2466 1986170 72
2467 1987930 21
2468 1988737 27
2469 1990757 44
2470 1990855 5
2471 1991050 49
2472 1991967 15
2473 1992537 140
2474 1993069 14
2475 1993095 142
2476 1993502 377
2477 1993588 28
2478 1995307 66
2479 1996551 139
2480 1996654 47
2481 1997161 61
2482 1997791 88
2483 1998621 63
2484 2001000 273
2485 2002266 95
2486 2002738 123
2487 2002933 110
2488 2004404 49
2489 2005127 158
2490 2005903 190
2491 2005978 58
2492 2007492 202
2493 2009048 98
2494 2010108 63
2495 2010430 70
2496 2010440 95
2497 2011466 89
2498 2011728 36
2499 2012898 53
2500 2012972 41
2501 2013055 65
2502 2013178 37
2503 2015185 27
2504 2015275 101
2505 2016976 26
2506 2018708 134
2507 2019326 29
2508 2019412 27
2509 2019690 685
2510 2020684 16
2511 2022720 8
2512 2023159 116
2513 2023211 194
2514 2023332 50
2515 2023863 2
2516 2025397 150
2517 2025593 23
2518 2026903 6
2519 2028144 39
2520 2028214 151
2521 2028326 92
2522 2029316 113
2523 2030496 130
2524 2031597 17
2525 2032728 23
2526 2032748 402
2527 2034033 199
2528 2034551 65
2529 2036318 33
2530 2038013 18
2531 2038485 72
2532 2038817 109
2533 2039832 33
2534 2042627 22
2535 2043873 10
2536 2044609 58
2537 2044929 783
2538 2045288 104
2539 2045457 24
2540 2045646 108
2541 2047776 23
2542 2048932 8
2543 2049678 224
2544 2049865 43
2545 2050927 101
2546 2050953 17
2547 2051567 62
2548 2051876 22
2549 2052966 17
2550 2053318 177
2551 2054031 357
2552 2054872 19
2553 2055769 67
2554 2056110 34
2555 2056269 74
2556 2056498 72
2557 2057698 68
2558 2058473 29
2559 2058900 222
2560 2060011 35
2561 2060905 175
2562 2061473 131
2563 2061990 162
2564 2062951 21
2565 2063197 91
2566 2064109 36
2567 2064694 279
2568 2065041 45
2569 2067578 9
2570 2069955 65
2571 2070061 216
2572 2071818 212
2573 2072870 114
2574 2073337 13
2575 2073377 44
2576 2076086 458
2577 2078134 207
2578 2078445 40
2579 2078954 115
2580 2079800 10
2581 2081155 46
2582 2082412 224
2583 2082555 1
2584 2082915 118
2585 2085019 22
2586 2086575 19
2587 2086714 167
2588 2087027 65
2589 2087168 6
2590 2089044 49
2591 2090093 70
2592 2090222 20
2593 2090681 50
2594 2090760 311
2595 2092634 13
2596 2093183 12
2597 2095276 238
2598 2095873 27
2599 2096543 307
2600 2097757 62
2601 2097861 36
2602 2099612 285
2603 2100262 6
2604 2100330 129
2605 2100442 29
2606 2100599 19
2607 2101034 302
2608 2101186 8
2609 2101607 35
2610 2102152 191
2611 2102261 52
2612 2104704 49
2613 2104988 34
2614 2105377 43
2615 2105610 1
2616 2108087 66
2617 2108097 249
2618 2108856 239
2619 2109087 78
2620 2109595 188
2621 2109638 36
2622 2110576 160
2623 2110613 65
2624 2110770 67
2625 2111835 178
2626 2113886 49
2627 2113893 185
2628 2115027 15
2629 2115059 247
2630 2117533 12
2631 2117880 159
2632 2118290 102
2633 2118297 200
2634 2118543 146
2635 2118633 61
2636 2120630 67
2637 2120884 273
2638 2120917 126
2639 2121046 131
2640 2121898 46
2641 2123433 199
2642 2124082 31
2643 2124539 16
2644 2126475 173
2645 2126711 142
2646 2128004 37
2647 2129411 10
2648 2131035 14
2649 2131691 34
2650 2132214 82
2651 2132661 127
2652 2134085 5
2653 2136023 106
2654 2136368 20
2655 2136549 12
2656 2137330 223
2657 2138326 21
2658 2139535 4
2659 2140908 70
2660 2142535 39
2661 2143491 36
2662 2143583 62
2663 2144365 36
2664 2145062 17
2665 2145156 214
2666 2146417 155
2667 2147778 59
2668 2149938 4
2669 2151265 2
2670 2151843 40
2671 2153378 140
2672 2153835 24
2673 2155424 216
2674 2155615 224
2675 2156446 22
2676 2157931 19
2677 2158467 15
2678 2158897 39
2679 2162906 119
2680 2163464 12
2681 2163801 129
2682 2163814 186
2683 2163945 236
2684 2165141 57
2685 2167460 5
2686 2167649 4
2687 2169376 215
2688 2169626 60
2689 2170095 50
2690 2171886 302
2691 2171909 20
2692 2172506 120
2693 2173135 148
2694 2173756 114
2695 2174084 181
2696 2176775 485
2697 2177017 45
2698 2177791 22
2699 2178437 21
2700 2178713 43
2701 2178806 28
2702 2179287 90
2703 2179962 349
2704 2180430 27
2705 2180616 120
2706 2181496 335
2707 2181707 32
2708 2182057 10
2709 2183222 76
2710 2183688 136
2711 2185332 14
2712 2185638 75
2713 2186549 272
2714 2186792 141
2715 2187672 248
2716 2187971 25
2717 2188205 73
2718 2188344 77
2719 2189072 168
2720 2190498 18
2721 2190715 317
2722 2191158 201
2723 2192968 66
2724 2192982 49
2725 2193196 37
2726 2194011 13
2727 2194276 101
2728 2197992 243
2729 2198500 268
2730 2198803 84
2731 2198870 99
2732 2199799 214
2733 2200594 3
2734 2201947 53
2735 2202260 320
2736 2202670 108
2737 2203235 237
2738 2204013 17
2739 2204901 535
2740 2205410 323
2741 2209278 62
2742 2212442 167
2743 2212616 52
2744 2212997 7
2745 2213371 59
2746 2213440 83
2747 2214181 19
2748 2214473 185
2749 2215177 58
2750 2216484 220
2751 2216624 103
2752 2216665 10
2753 2216992 89
2754 2218893 7
2755 2218906 134
2756 2219158 42
2757 2220380 107
2758 2221267 56
2759 2221502 123
2760 2222753 150
2761 2223579 146
2762 2223669 378
2763 2226247 231
2764 2227432 124
2765 2228083 7
2766 2228524 17
2767 2228907 74
2768 2229386 49
2769 2230792 154
2770 2230915 89
2771 2231953 18
2772 2232183 3
2773 2232830 40
2774 2234185 73
2775 2235199 2
2776 2235432 30
2777 2236887 8
2778 2238672 1
2779 2239373 37
2780 2239962 164
2781 2242287 192
2782 2243619 25
2783 2244218 194
2784 2245045 157
2785 2246657 543
2786 2248146 335
2787 2250017 2
2788 2250784 98
2789 2250978 97
2790 2252698 35
2791 2254152 75
2792 2259770 8
2793 2260607 104
2794 2261582 21
2795 2262666 8
2796 2263561 341
2797 2264277 60
2798 2264687 82
2799 2265562 303
2800 2265676 87
2801 2266700 12
2802 2266988 1
2803 2267713 32
2804 2267733 158
2805 2268903 28
2806 2269440 29
2807 2270633 70
2808 2272119 28
2809 2273427 23
2810 2273725 211
2811 2275684 7
2812 2276144 85
2813 2279261 45
2814 2279284 300
2815 2279802 98
2816 2280809 68
2817 2282881 150
2818 2283128 85
2819 2284710 51
2820 2284971 35
2821 2285321 42
2822 2286964 22
2823 2287190 59
2824 2287880 6
2825 2290593 24
2826 2291900 358
2827 2291992 56
2828 2293824 52
2829 2294746 40
2830 2295328 14
2831 2295968 40
2832 2296017 61
2833 2296317 154
2834 2298674 179
2835 2298751 19
2836 2299629 200
2837 2300220 61
2838 2301657 162
2839 2302788 97
2840 2305075 3
2841 2305446 98
2842 2306432 116
2843 2306976 2
2844 2307345 61
2845 2308522 20
2846 2308769 3
2847 2308871 72
2848 2309509 168
2849 2310905 301
2850 2311578 99
2851 2311820 30
2852 2316004 269
2853 2316695 120
2854 2317500 88
2855 2318011 144
2856 2318737 159
2857 2318777 189
2858 2319098 287
2859 2319360 107
2860 2319405 357
2861 2321060 52
2862 2321243 62
2863 2322361 83
2864 2322841 57
2865 2323535 203
2866 2324182 67
2867 2324275 73
2868 2324481 52
2869 2325196 17
2870 2325404 171
2871 2325986 67
2872 2326836 167
2873 2327454 183
2874 2330087 148
2875 2330176 176
2876 2331290 72
2877 2331600 8
2878 2331710 96
2879 2331931 101
2880 2333034 79
2881 2333045 3
2882 2333252 399
2883 2333442 46
2884 2333659 326
2885 2333847 166
2886 2336009 57
2887 2336982 217
2888 2338411 52
2889 2339247 80
2890 2340094 20
2891 2341278 57
2892 2343584 304
2893 2343664 63
2894 2345178 5
2895 2346570 40
2896 2347562 274
2897 2347739 723
2898 2348218 41
2899 2348752 70
2900 2348937 90
2901 2350097 271
2902 2350774 69
2903 2351134 87
2904 2353012 189
2905 2353322 73
2906 2353601 160
2907 2353955 44
2908 2354456 32
2909 2354775 47
2910 2355195 128
2911 2356779 66
2912 2357447 174
2913 2359319 123
2914 2361054 49
2915 2361183 10
2916 2361435 33
2917 2361537 94
2918 2362478 87
2919 2362845 60
2920 2363079 37
2921 2363209 79
2922 2363484 13
2923 2363666 44
2924 2364101 164
2925 2365318 73
2926 2366604 22
2927 2366972 123
2928 2367013 16
2929 2367811 44
2930 2368298 21
2931 2368560 137
2932 2368582 53
2933 2370371 179
2934 2370601 308
2935 2371398 199
2936 2371713 181
2937 2372821 27
2938 2375696 9
2939 2376649 148
2940 2376757 1
2941 2378240 10
2942 2378765 198
2943 2378911 83
2944 2379981 206
2945 2380281 10
2946 2382618 11
2947 2383407 106
2948 2385174 56
2949 2385587 90
2950 2386724 147
2951 2386757 3
2952 2387674 156
2953 2387702 253
2954 2389990 9
2955 2390729 130
2956 2393093 12
2957 2394399 18
2958 2395047 129
2959 2395812 51
2960 2399787 42
2961 2399845 197
2962 2399858 49
2963 2400705 52
2964 2401092 131
2965 2401316 192
2966 2401640 37
2967 2402040 35
2968 2402201 34
2969 2403019 68
2970 2404096 3
2971 2408037 105
2972 2409143 45
2973 2409162 19
2974 2409260 26
2975 2410652 4
2976 2411268 295
2977 2411536 318
2978 2411656 60
2979 2411904 6
2980 2412100 3
2981 2412911 66
2982 2414875 30
2983 2415384 1
2984 2417737 205
2985 2418682 98
2986 2419247 38
2987 2420587 172
2988 2420716 52
2989 2421019 239
2990 2422022 377
2991 2422579 159
2992 2424549 100
2993 2424598 63
2994 2425695 15
2995 2428260 237
2996 2428669 44
2997 2429082 122
2998 2430003 10
2999 2430322 151
3000 2432334 236
3001 2434423 92
3002 2436352 254
3003 2438350 158
3004 2439193 127
3005 2440361 206
3006 2440515 199
3007 2442910 116
3008 2443816 224
3009 2444234 5
3010 2444865 54
3011 2445022 492
3012 2445037 28
3013 2445411 108
3014 2445414 46
3015 2446343 117
3016 2446779 132
3017 2447242 272
3018 2448538 443
3019 2448606 428
3020 2448661 190
3021 2448792 264
3022 2449704 9
3023 2451009 95
3024 2451471 181
3025 2452052 49
3026 2455960 48
3027 2456598 96
3028 2456677 29
3029 2456714 2
3030 2458356 30
3031 2458393 35
3032 2459045 244
3033 2459427 2
3034 2460256 271
3035 2460365 142
3036 2460798 118
3037 2462534 121
3038 2463752 46
3039 2463780 6
3040 2464270 110
3041 2464284 340
3042 2464430 49
3043 2464645 108
3044 2464889 41
3045 2464937 16
3046 2465512 234
3047 2466183 510
3048 2466933 174
3049 2467172 3
3050 2467245 88
3051 2467576 134
3052 2468389 14
3053 2468882 80
3054 2469690 145
3055 2470283 78
3056 2470654 12
3057 2471742 32
3058 2472139 131
3059 2472409 68
3060 2472838 122
3061 2473541 53
3062 2475831 174
3063 2475834 168
3064 2476968 91
3065 2477017 63
3066 2477397 58
3067 2477962 384
3068 2479271 51
3069 2479622 71
3070 2479864 233
3071 2481274 37
3072 2483813 105
3073 2485020 83
3074 2485115 155
3075 2486164 303
3076 2487045 44
3077 2487064 163
3078 2488284 162
3079 2489672 113
3080 2490635 58
3081 2491954 83
3082 2492360 8
3083 2493858 30
3084 2494145 134
3085 2494717 482
3086 2495060 89
3087 2495496 23
3088 2495951 419
3089 2496113 294
3090 2497028 28
3091 2497213 156
3092 2497512 44
3093 2498909 17
3094 2500454 19
3095 2500886 257
3096 2503942 8
3097 2504588 65
3098 2504963 100
3099 2505321 107
3100 2505336 15
3101 2505354 26
3102 2509534 59
3103 2510147 54
3104 2511337 37
3105 2511353 14
3106 2515058 225
3107 2515239 11
3108 2515562 4
3109 2515858 90
3110 2516113 86
3111 2517454 21
3112 2517849 56
3113 2518155 23
3114 2519361 209
3115 2520258 17
3116 2520579 37
3117 2520969 10
3118 2523178 58
3119 2523549 1
3120 2523719 237
3121 2523865 33
3122 2524057 171
3123 2525342 1
3124 2527543 3
3125 2530361 101
3126 2531329 13
3127 2531622 294
3128 2531659 61
3129 2532005 33
3130 2532386 112
3131 2533018 47
3132 2533299 12
3133 2533819 8
3134 2535365 44
3135 2536411 173
3136 2537305 104
3137 2537965 302
3138 2539236 41
3139 2541068 34
3140 2541310 159
3141 2542244 52
3142 2542910 62
3143 2543278 115
3144 2544667 20
3145 2545036 60
3146 2545167 259
3147 2545290 210
3148 2545294 45
3149 2545426 62
3150 2547117 272
3151 2547532 60
3152 2547852 14
3153 2552158 22
3154 2552704 43
3155 2553512 41
3156 2553845 181
3157 2553953 107
3158 2555669 183
3159 2555984 15
3160 2558604 182
3161 2559214 199
3162 2559429 22
3163 2559466 1
3164 2560490 9
3165 2560821 25
3166 2560996 244
3167 2561303 77
3168 2562447 33
3169 2562622 9
3170 2564620 33
3171 2565111 30
3172 2565359 26
3173 2565456 214
3174 2566584 24
3175 2571956 28
3176 2572109 27
3177 2572261 22
3178 2572714 163
3179 2573029 61
3180 2574680 46
3181 2574905 52
3182 2575354 154
3183 2577446 76
3184 2577462 137
3185 2577526 60
3186 2578211 76
3187 2578741 27
3188 2579488 59
3189 2579684 58
3190 2579942 13
3191 2580727 25
3192 2581375 12
3193 2582276 56
3194 2583395 34
3195 2583714 29
3196 2584924 32
3197 2585152 195
3198 2585401 8
3199 2586123 222
3200 2587146 23
3201 2587209 440
3202 2587242 55
3203 2587330 48
3204 2587535 146
3205 2587736 39
3206 2588342 248
3207 2588641 48
3208 2589809 20
3209 2590018 48
3210 2590155 96
3211 2590628 28
3212 2590784 4
3213 2591420 28
3214 2594715 214
3215 2595712 140
3216 2595873 82
3217 2595908 37
3218 2596066 163
3219 2597612 343
3220 2597801 261
3221 2597839 150
3222 2598031 39
3223 2598429 271
3224 2598657 13
3225 2598676 12
3226 2598947 40
3227 2600735 57
3228 2601918 89
3229 2601951 147
3230 2602955 112
3231 2603681 3
3232 2604258 5
3233 2604916 243
3234 2605361 30
3235 2606333 202
3236 2606387 3
3237 2608339 23
3238 2608466 197
3239 2608817 27
3240 2609247 43
3241 2609425 213
3242 2609711 287
3243 2609986 63
3244 2610037 20
3245 2611065 26
3246 2611080 11
3247 2611936 155
3248 2614384 77
3249 2615421 31
3250 2616232 334
3251 2616300 89
3252 2616882 66
3253 2618895 148
3254 2619238 71
3255 2619856 117
3256 2620210 93
3257 2621863 49
3258 2622847 20
3259 2625067 38
3260 2625079 131
3261 2626117 317
3262 2628823 22
3263 2629278 32
3264 2630300 254
3265 2631551 490
3266 2632792 29
3267 2633714 18
3268 2634920 98
3269 2636014 15
3270 2636486 162
3271 2636926 235
3272 2637491 113
3273 2637681 136
3274 2637682 8
3275 2637829 109
3276 2637864 103
3277 2637976 24
3278 2638898 170
3279 2642155 180
3280 2644464 243
3281 2644910 265
3282 2646035 15
3283 2646177 4
3284 2647684 1
3285 2648475 3
3286 2648800 558
3287 2650219 182
3288 2650937 185
3289 2651350 153
3290 2651724 113
3291 2652085 250
3292 2652597 234
3293 2653160 20
3294 2653199 237
3295 2653705 99
3296 2653944 125
3297 2654224 74
3298 2654452 61
3299 2654508 12
3300 2654527 29
3301 2656359 118
3302 2656701 8
3303 2657061 19
3304 2658598 160
3305 2659060 130
3306 2659084 57
3307 2660023 132
3308 2661644 113
3309 2661881 125
3310 2662532 194
3311 2663066 54
3312 2663954 72
3313 2664351 87
3314 2664760 3
3315 2665594 49
3316 2666552 398
3317 2667143 268
3318 2669061 15
3319 2669186 151
3320 2669698 22
3321 2670067 76
3322 2670311 2
3323 2670670 15
3324 2671505 329
3325 2671969 12
3326 2672240 16
3327 2672255 51
3328 2673186 11
3329 2673705 137
3330 2674777 413
3331 2675886 238
3332 2676066 85
3333 2676265 74
3334 2677042 87
3335 2677114 80
3336 2677156 15
3337 2677984 126
3338 2678537 53
3339 2679325 103
3340 2679505 210
3341 2679778 44
3342 2679946 108
3343 2682354 344
3344 2682355 92
3345 2682684 22
3346 2683140 208
3347 2683233 20
3348 2684830 72
3349 2685528 17
3350 2687774 103
3351 2688085 95
3352 2690580 94
3353 2691596 9
3354 2692607 68
3355 2692687 13
3356 2694536 398
3357 2694776 37
3358 2695571 217
3359 2695777 197
3360 2696561 69
3361 2698070 151
3362 2698684 192
3363 2698968 41
3364 2699088 170
3365 2699961 65
3366 2700038 105
3367 2702276 122
3368 2704506 111
3369 2705022 194
3370 2705812 382
3371 2706769 14
3372 2707490 89
3373 2708097 215
3374 2708752 49
3375 2708921 70
3376 2710337 77
3377 2711546 76
3378 2713436 19
3379 2715971 33
3380 2716286 6
3381 2716991 126
3382 2717197 56
3383 2718472 34
3384 2718797 45
3385 2719212 23
3386 2720260 9
3387 2721161 45
3388 2723042 81
3389 2723309 83
3390 2724666 76
3391 2725390 9
3392 2725788 35
3393 2726684 165
3394 2727268 259
3395 2728969 26
3396 2729531 41
3397 2729871 11
3398 2731544 44
3399 2734808 159
3400 2734886 202
3401 2735622 39
3402 2736443 19
3403 2738846 74
3404 2739705 193
3405 2740328 151
3406 2741005 188
3407 2741893 461
3408 2742381 158
3409 2742755 115
3410 2742911 35
3411 2744656 107
3412 2745102 187
3413 2745279 258
3414 2747756 106
3415 2747781 227
3416 2748603 68
3417 2750102 5
3418 2751695 132
3419 2752043 112
3420 2752729 348
3421 2753687 119
3422 2754172 130
3423 2754568 38
3424 2755579 149
3425 2755780 105
3426 2758750 223
3427 2759920 3
3428 2759937 105
3429 2760170 2
3430 2762389 3
3431 2763345 163
3432 2765514 20
3433 2768849 168
3434 2769135 141
3435 2769445 63
3436 2770031 48
3437 2770085 60
3438 2770362 41
3439 2771113 22
3440 2774630 158
3441 2775031 12
3442 2776298 20
3443 2776508 87
3444 2776577 515
3445 2776792 56
3446 2776946 67
3447 2777488 11
3448 2777684 78
3449 2780403 87
3450 2783303 38
3451 2785034 43
3452 2786404 54
3453 2786805 54
3454 2786854 375
3455 2786886 697
3456 2787782 337
3457 2787882 34
3458 2788835 12
3459 2789516 42
3460 2789887 206
3461 2790139 183
3462 2792429 149
3463 2792501 44
3464 2793286 7
3465 2793348 38
3466 2793477 119
3467 2793604 35
3468 2793687 97
3469 2793707 25
3470 2793924 129
3471 2794146 25
3472 2794487 131
3473 2794601 84
3474 2795161 15
3475 2795695 127
3476 2796708 35
3477 2797181 9
3478 2797358 63
3479 2797586 199
3480 2801096 21
3481 2801409 56
3482 2801782 121
3483 2802393 51
3484 2804166 111
3485 2805215 58
3486 2805502 52
3487 2806961 172
3488 2807033 80
3489 2807092 48
3490 2807595 302
3491 2808306 142
3492 2809064 236
3493 2810879 45
3494 2811341 23
3495 2811440 115
3496 2812145 77
3497 2812147 92
3498 2812933 253
3499 2813919 66
3500 2815901 19
3501 2817374 144
3502 2817558 9
3503 2819448 19
3504 2819525 253
3505 2819687 32
3506 2819730 89
3507 2820104 72
3508 2820382 98
3509 2822012 19
3510 2823852 119
3511 2825434 21
3512 2825780 72
3513 2827274 124
3514 2827328 5
3515 2827893 73
3516 2828344 130
3517 2828568 23
3518 2828958 80
3519 2829765 120
3520 2830201 6
3521 2830839 78
3522 2831464 211
3523 2831666 169
3524 2833951 57
3525 2834216 74
3526 2834892 37
3527 2836159 100
3528 2836247 264
3529 2836257 151
3530 2836855 61
3531 2836899 167
3532 2838248 3
3533 2838702 39
3534 2838880 32
3535 2839032 55
3536 2839318 383
3537 2839876 23
3538 2841421 185
3539 2842249 268
3540 2842972 49
3541 2843774 16
3542 2845405 121
3543 2845558 20
3544 2846220 55
3545 2846230 46
3546 2846796 79
3547 2848185 296
3548 2849276 6
3549 2849876 12
3550 2850274 215
3551 2851353 265
3552 2851367 82
3553 2855625 31
3554 2856119 37
3555 2857513 2
3556 2858333 31
3557 2859304 260
3558 2859542 84
3559 2861590 113
3560 2861654 28
3561 2861855 320
3562 2862199 115
3563 2863037 220
3564 2863039 11
3565 2863268 63
3566 2864258 45
3567 2864787 388
3568 2867618 72
3569 2868452 32
3570 2868523 101
3571 2868772 108
3572 2868782 35
3573 2870851 24
3574 2871856 152
3575 2874474 128
3576 2874736 30
3577 2875458 11
3578 2877256 8
3579 2877410 40
3580 2881230 99
3581 2882186 19
3582 2882307 66
3583 2883244 90
3584 2884150 19
3585 2884370 168
3586 2885214 21
3587 2886505 21
3588 2887703 60
3589 2888024 90
3590 2888136 48
3591 2888316 499
3592 2889977 56
3593 2890284 33
3594 2890456 55
3595 2891076 175
3596 2892677 251
3597 2892877 55
3598 2893238 68
3599 2894587 56
3600 2896546 160
3601 2898219 372
3602 2898375 140
3603 2899189 199
3604 2899545 172
3605 2899590 183
3606 2899637 262
3607 2900281 4
3608 2900377 134
3609 2901012 171
3610 2901587 190
3611 2901997 322
3612 2902029 7
3613 2902419 310
3614 2903161 100
3615 2904893 63
3616 2905548 22
3617 2907186 102
3618 2907339 223
3619 2909256 293
3620 2909445 88
3621 2910465 97
3622 2913354 28
3623 2913733 2
3624 2914179 193
3625 2915435 87
3626 2917101 136
3627 2917226 135
3628 2918869 37
3629 2919233 74
3630 2919288 28
3631 2920985 21
3632 2921315 126
3633 2922069 95
3634 2922446 140
3635 2922868 28
3636 2923528 511
3637 2923703 172
3638 2924391 85
3639 2925368 133
3640 2926255 62
3641 2927534 2
3642 2927910 122
3643 2928343 11
3644 2928367 66
3645 2929433 96
3646 2929942 243
3647 2932377 208
3648 2934167 10
3649 2934371 154
3650 2934809 99
3651 2935128 126
3652 2936580 42
3653 2940103 127
3654 2940559 38
3655 2940883 284
3656 2942443 4
3657 2942560 44
3658 2942613 145
3659 2944649 9
3660 2945013 272
3661 2946713 257
3662 2949488 26
3663 2950188 124
3664 2950768 89
3665 2951034 244
3666 2952280 71
3667 2953573 155
3668 2953957 47
3669 2955482 183
3670 2955580 71
3671 2956292 213
3672 2957749 27
3673 2958358 65
3674 2958760 7
3675 2959948 3
3676 2960482 220
3677 2961010 70
3678 2961578 167
3679 2964867 4
3680 2964955 162
3681 2964982 80
3682 2966637 86
3683 2968241 73
3684 2969166 178
3685 2969281 10
3686 2969705 55
3687 2970698 37
3688 2970855 391
3689 2971176 27
3690 2972620 18
3691 2972772 95
3692 2973484 141
3693 2974071 35
3694 2974472 257
3695 2975169 21
3696 2976699 604
3697 2978406 105
3698 2978698 33
3699 2979513 2
3700 2981549 408
3701 2982003 157
3702 2984468 277
3703 2986695 151
3704 2986825 67
3705 2987163 5
3706 2987476 101
3707 2988091 4
3708 2988152 10
3709 2988239 165
3710 2989061 162
3711 2989493 55
3712 2990842 97
3713 2991048 124
3714 2991267 77
3715 2991362 206
3716 2993153 8
3717 2993622 1
3718 2994432 251
3719 3001148 71
3720 3002320 44
3721 3002615 235
3722 3004750 81
3723 3004827 57
3724 3006583 43
3725 3008203 15
3726 3009481 24
3727 3010352 200
3728 3011234 31
3729 3011642 40
3730 3012941 22
3731 3013540 8
3732 3014957 79
3733 3015138 7
3734 3015670 32
3735 3017033 45
3736 3018156 27
3737 3018377 46
3738 3019357 68
3739 3020481 44
3740 3020842 147
3741 3022487 167
3742 3022723 65
3743 3024060 83
3744 3025144 40
3745 3025470 68
3746 3025585 152
3747 3027952 255
3748 3028767 81
3749 3029180 157
3750 3029690 171
3751 3030855 200
3752 3031944 112
3753 3032141 34
3754 3033804 90
3755 3034028 24
3756 3034335 2
3757 3035115 4
3758 3036082 164
3759 3036385 38
3760 3037338 29
3761 3039185 42
3762 3040189 179
3763 3040744 29
3764 3041153 43
3765 3041433 52
3766 3041613 50
3767 3043634 14
3768 3044273 37
3769 3044787 143
3770 3046178 16
3771 3047014 172
3772 3047526 196
3773 3048506 119
3774 3049398 177
3775 3049498 308
3776 3049907 24
3777 3051478 1
3778 3051500 95
3779 3051737 144
3780 3052588 191
3781 3052694 18
3782 3053378 184
3783 3053525 110
3784 3055500 109
3785 3055512 306
3786 3056086 127
3787 3056793 135
3788 3057157 261
3789 3057258 120
3790 3057351 21
3791 3057424 121
3792 3057525 57
3793 3057933 142
3794 3058975 20
3795 3059594 113
3796 3060562 161
3797 3060893 232
3798 3061034 162
3799 3061572 261
3800 3062296 48
3801 3062915 233
3802 3064047 36
3803 3066052 3
3804 3066064 378
3805 3066199 42
3806 3066571 87
3807 3066646 143
3808 3066728 93
3809 3067425 21
3810 3068555 47
3811 3068707 65
3812 3069491 14
3813 3072441 64
3814 3072725 24
3815 3073692 53
3816 3073698 34
3817 3074208 366
3818 3074459 272
3819 3077560 55
3820 3079764 160
3821 3082127 179
3822 3082578 76
3823 3083573 47
3824 3084115 41
3825 3086885 40
3826 3087228 98
3827 3087317 48
3828 3087898 5
3829 3087942 179
3830 3088121 103
3831 3088830 64
3832 3089684 98
3833 3090384 53
3834 3092654 107
3835 3092910 171
3836 3094032 4
3837 3094110 54
3838 3095647 49
3839 3095651 164
3840 3096549 58
3841 3096996 34
3842 3097891 38
3843 3098461 5
3844 3099174 109
3845 3099895 17
3846 3103429 57
3847 3103537 234
3848 3104730 29
3849 3105065 185
3850 3105152 449
3851 3107545 107
3852 3108134 98
3853 3111180 137
3854 3111851 1
3855 3115032 191
3856 3115265 288
3857 3115706 75
3858 3115885 282
3859 3116535 24
3860 3116813 339
3861 3116827 29
3862 3117156 36
3863 3117333 3
3864 3117839 54
3865 3118145 1
3866 3118329 24
3867 3118678 111
3868 3119210 89
3869 3119785 61
3870 3120945 166
3871 3121168 14
3872 3121918 131
3873 3122405 152
3874 3122997 30
3875 3123532 30
3876 3124043 113
3877 3125459 50
3878 3125698 202
3879 3127288 5
3880 3127547 167
3881 3129912 1
3882 3131032 17
3883 3132331 83
3884 3132537 167
3885 3133208 181
3886 3135009 10
3887 3135337 44
3888 3135415 39
3889 3136603 42
3890 3136859 45
3891 3136975 91
3892 3137364 34
3893 3138248 90
3894 3138254 40
3895 3139342 318
3896 3140420 7
3897 3142791 476
3898 3143362 116
3899 3143925 111
3900 3144168 104
3901 3144341 259
3902 3145489 58
3903 3146848 21
3904 3147262 4
3905 3147567 153
3906 3148182 55
3907 3148313 7
3908 3149556 17
3909 3150014 221
3910 3151964 32
3911 3152382 234
3912 3153297 186
3913 3153462 192
3914 3154446 292
3915 3154519 98
3916 3154722 272
3917 3155087 59
3918 3155587 110
3919 3156029 134
3920 3156074 150
3921 3156993 98
3922 3157067 42
3923 3158125 42
3924 3158794 149
3925 3159454 26
3926 3162566 44
3927 3162944 45
3928 3163000 512
3929 3163613 43
3930 3164611 83
3931 3166291 62
3932 3166864 27
3933 3167263 5
3934 3170281 3
3935 3170993 56
3936 3171149 234
3937 3171868 12
3938 3172704 9
3939 3173378 33
3940 3175169 13
3941 3176888 68
3942 3177402 205
3943 3177747 108
3944 3177961 87
3945 3178683 60
3946 3180080 70
3947 3180728 14
3948 3181341 58
3949 3181521 45
3950 3181945 144
3951 3183730 8
3952 3184051 254
3953 3185783 248
3954 3186005 179
3955 3186360 79
3956 3187531 84
3957 3187568 233
3958 3189230 260
3959 3189547 68
3960 3190230 36
3961 3190368 13
3962 3190773 179
3963 3191030 26
3964 3191681 75
3965 3191749 81
3966 3192114 132
3967 3192525 25
3968 3194256 67
3969 3198320 40
3970 3198407 7
3971 3199099 88
3972 3201477 142
3973 3202365 158
3974 3203060 124
3975 3203657 36
3976 3204066 34
3977 3204504 163
3978 3205092 16
3979 3205461 124
3980 3208872 52
3981 3211870 68
3982 3212407 108
3983 3214774 315
3984 3216356 269
3985 3218016 151
3986 3218746 60
3987 3219026 176
3988 3220248 61
3989 3221249 424
3990 3221319 166
3991 3221450 229
3992 3222595 158
3993 3222966 78
3994 3224801 43
3995 3225169 106
3996 3226731 163
3997 3227186 17
3998 3229181 187
3999 3229420 66
4000 3229950 90
4001 3231159 9
4002 3231252 161
4003 3231357 20
4004 3232171 44
4005 3234366 10
4006 3236211 105
4007 3236212 47
4008 3237699 81
4009 3237945 174
4010 3242206 142
4011 3242269 38
4012 3242418 93
4013 3242591 53
4014 3243118 382
4015 3243472 66
4016 3243589 17
4017 3244659 79
4018 3245290 185
4019 3245376 32
4020 3245566 399
4021 3245838 17
4022 3248278 51
4023 3248779 15
4024 3248983 34
4025 3249127 19
4026 3249315 339
4027 3249856 128
4028 3249871 118
4029 3250175 178
4030 3250506 32
4031 3251097 2
4032 3251572 83
4033 3251743 128
4034 3253744 43
4035 3254570 111
4036 3257953 21
4037 3258039 131
4038 3258464 139
4039 3259818 419
4040 3260113 56
4041 3261651 144
4042 3264345 6
4043 3264377 54
4044 3265997 336
4045 3266731 234
4046 3267382 289
4047 3267594 78
4048 3268910 549
4049 3268947 64
4050 3269728 85
4051 3270379 200
4052 3271552 2
4053 3272265 264
4054 3272882 5
4055 3273308 42
4056 3273977 62
4057 3274298 103
4058 3274825 171
4059 3276355 27
4060 3277329 8
4061 3277625 9
4062 3280151 165
4063 3280843 5
4064 3281479 107
4065 3281651 34
4066 3284145 37
4067 3284619 222
4068 3285622 12
4069 3285727 7
4070 3286345 168
4071 3291240 34
4072 3292719 17
4073 3294110 42
4074 3294766 25
4075 3296626 23
4076 3296818 48
4077 3298663 98
4078 3299212 70
4079 3299766 171
4080 3299908 22
4081 3300875 573
4082 3301387 64
4083 3301495 8
4084 3301562 151
4085 3302249 31
4086 3303990 50
4087 3304130 49
4088 3305660 55
4089 3308975 125
4090 3310070 46
4091 3311571 4
4092 3312371 25
4093 3313808 107
4094 3314168 90
4095 3315342 206
4096 3317999 2
4097 3318334 22
4098 3320270 142
4099 3320296 121
4100 3320767 30
4101 3321218 4
4102 3321806 2
4103 3322811 176
4104 3324226 188
4105 3325069 157
4106 3327182 150
4107 3328181 6
4108 3328384 27
4109 3329101 350
4110 3329610 106
4111 3329807 224
4112 3330075 341
4113 3330482 13
4114 3330969 334
4115 3332328 132
4116 3333710 2
4117 3334021 76
4118 3334461 103
4119 3335724 56
4120 3336004 168
4121 3336278 58
4122 3337003 190
4123 3337462 119
4124 3337580 106
4125 3337774 104
4126 3338935 39
4127 3340507 18
4128 3341179 89
4129 3341301 14
4130 3341409 185
4131 3341682 8
4132 3343246 327
4133 3343726 104
4134 3343950 27
4135 3345077 19
4136 3345707 100
4137 3348909 362
4138 3350142 10
4139 3350397 8
4140 3350767 38
4141 3351066 85
4142 3352089 32
4143 3352455 15
4144 3353691 30
4145 3353694 232
4146 3353717 11
4147 3353899 28
4148 3353993 5
4149 3354412 15
4150 3355845 202
4151 3355954 171
4152 3356676 81
4153 3357146 7
4154 3358434 355
4155 3358997 114
4156 3359388 295
4157 3360551 1
4158 3360763 242
4159 3361669 35
4160 3365517 136
4161 3365616 109
4162 3368461 83
4163 3368616 4
4164 3370139 103
4165 3370603 242
4166 3370711 123
4167 3371330 66
4168 3371684 5
4169 3372113 97
4170 3373914 88
4171 3374913 48
4172 3375950 95
4173 3378699 26
4174 3379285 24
4175 3379571 7
4176 3379861 4
4177 3380695 55
4178 3380726 80
4179 3382350 144
4180 3384810 43
4181 3385194 147
4182 3385607 28
4183 3385812 40
4184 3387020 81
4185 3388397 90
4186 3388611 92
4187 3388720 119
4188 3388955 73
4189 3389559 106
4190 3390282 38
4191 3390305 9
4192 3390917 54
4193 3391206 57
4194 3392054 141
4195 3392325 114
4196 3393329 225
4197 3395546 143
4198 3395557 78
4199 3396009 157
4200 3396073 45
4201 3396187 109
4202 3397186 4
4203 3397971 159
4204 3399689 62
4205 3401013 39
4206 3401849 20
4207 3402308 83
4208 3402737 4
4209 3404144 88
4210 3406137 56
4211 3406751 35
4212 3407237 113
4213 3407649 246
4214 3407829 71
4215 3408218 45
4216 3408586 51
4217 3408619 46
4218 3409414 132
4219 3410170 13
4220 3410496 293
4221 3410810 169
4222 3412404 95
4223 3414795 60
4224 3415542 194
4225 3416658 49
4226 3416768 166
4227 3417225 142
4228 3417634 296
4229 3417659 202
4230 3418170 172
4231 3418781 10
4232 3419174 96
4233 3419318 199
4234 3420151 69
4235 3420839 56
4236 3422009 30
4237 3423422 422
4238 3423876 112
4239 3424502 35
4240 3424757 36
4241 3427582 11
4242 3428697 134
4243 3428915 189
4244 3429290 4
4245 3430439 35
4246 3432622 206
4247 3433370 60
4248 3434177 1
4249 3434454 19
4250 3435200 16
4251 3435309 22
4252 3435656 92
4253 3437387 59
4254 3438291 210
4255 3438299 159
4256 3439946 86
4257 3441222 4
4258 3441463 128
4259 3441710 123
4260 3441749 133
4261 3442002 36
4262 3443348 35
4263 3443739 18
4264 3444320 74
4265 3444531 202
4266 3444965 148
4267 3444970 149
4268 3446924 11
4269 3447244 3
4270 3448285 110
4271 3449687 36
4272 3450240 29
4273 3451312 16
4274 3451329 298
4275 3452044 100
4276 3452668 20
4277 3454868 85
4278 3454992 19
4279 3455892 17
4280 3458903 50
4281 3459163 73
4282 3459488 235
4283 3462052 114
4284 3462068 3
4285 3462409 303
4286 3462739 27
4287 3463347 7
4288 3463583 5
4289 3464138 22
4290 3465388 42
4291 3468182 2
4292 3469045 49
4293 3469492 179
4294 3470003 7
4295 3470156 17
4296 3470317 184
4297 3471765 67
4298 3471853 38
4299 3472363 124
4300 3473124 83
4301 3474624 52
4302 3475058 128
4303 3475389 4
4304 3476146 110
4305 3476330 9
4306 3476898 5
4307 3476919 19
4308 3479473 7
4309 3479829 24
4310 3480001 42
4311 3481329 38
4312 3481363 113
4313 3482231 37
4314 3482894 94
4315 3483052 322
4316 3483269 21
4317 3483440 278
4318 3484277 84
4319 3485299 243
4320 3485953 28
4321 3486246 47
4322 3486596 8
4323 3486853 93
4324 3486944 74
4325 3487430 58
4326 3487681 157
4327 3488473 22
4328 3489319 323
4329 3489580 27
4330 3489993 33
4331 3492356 36
4332 3492888 274
4333 3493239 13
4334 3493753 26
4335 3494821 93
4336 3496808 44
4337 3500299 82
4338 3500443 58
4339 3501301 81
4340 3502754 207
4341 3503537 101
4342 3503833 46
4343 3504625 183
4344 3506832 237
4345 3507540 88
4346 3508329 17
4347 3510123 7
4348 3512028 780
4349 3512590 27
4350 3515284 71
4351 3515790 39
4352 3516014 195
4353 3516091 211
4354 3516281 2
4355 3518273 222
4356 3519291 116
4357 3519429 26
4358 3520221 19
4359 3521148 3
4360 3522021 204
4361 3522050 49
4362 3522454 24
4363 3522636 154
4364 3523078 39
4365 3526928 28
4366 3528012 84
4367 3528095 6
4368 3528126 254
4369 3528338 78
4370 3528530 19
4371 3529592 29
4372 3529655 58
4373 3530753 191
4374 3530834 371
4375 3531477 176
4376 3533040 464
4377 3533191 131
4378 3533214 97
4379 3534071 69
4380 3534810 577
4381 3535721 44
4382 3535977 24
4383 3536486 192
4384 3538067 9
4385 3538477 157
4386 3540174 127
4387 3540355 30
4388 3540513 215
4389 3541594 106
4390 3542750 140
4391 3542890 27
4392 3543457 75
4393 3546007 164
4394 3546017 67
4395 3546366 188
4396 3547580 47
4397 3549198 79
4398 3549293 11
4399 3549293 144
4400 3549966 17
4401 3550195 110
4402 3550216 308
4403 3550611 4
4404 3551718 148
4405 3552506 56
4406 3553539 227
4407 3553657 174
4408 3553894 259
4409 3554545 27
4410 3555058 61
4411 3555389 194
4412 3556132 21
4413 3556298 243
4414 3556739 229
4415 3558163 65
4416 3560909 4
4417 3562988 33
4418 3563743 197
4419 3565024 58
4420 3565330 30
4421 3565459 3
4422 3565623 72
4423 3566171 11
4424 3567610 93
4425 3567906 94
4426 3568334 26
4427 3568360 51
4428 3569862 96
4429 3570825 8
4430 3571310 144
4431 3571659 92
4432 3572776 29
4433 3573436 5
4434 3574046 110
4435 3574506 62
4436 3574553 32
4437 3576330 27
4438 3579019 38
4439 3579547 165
4440 3580606 164
4441 3581223 32
4442 3582205 95
4443 3582741 7
4444 3583536 125
4445 3586417 19
4446 3587649 32
4447 3588085 7
4448 3591972 7
4449 3593455 76
4450 3594029 216
4451 3594601 25
4452 3595576 32
4453 3595702 37
4454 3596196 99
4455 3596705 95
4456 3598408 46
4457 3599249 81
4458 3600248 78
4459 3601051 29
4460 3601203 166
4461 3601393 287
4462 3601403 7
4463 3601721 372
4464 3602435 204
4465 3602523 7
4466 3602665 78
4467 3604212 254
4468 3604591 251
4469 3607392 649
4470 3607634 57
4471 3609529 129
4472 3609585 57
4473 3610095 110
4474 3610214 38
4475 3610562 244
4476 3611807 24
4477 3613349 35
4478 3613616 50
4479 3613957 175
4480 3615815 112
4481 3615901 51
4482 3617562 99
4483 3620487 1
4484 3621943 148
4485 3624094 144
4486 3625439 259
4487 3629085 19
4488 3629956 12
4489 3630837 85
4490 3635491 33
4491 3636274 313
4492 3636538 85
4493 3637006 146
4494 3639272 189
4495 3640322 32
4496 3641808 185
4497 3642420 89
4498 3644709 9
4499 3645425 82
4500 3645973 139
4501 3646112 74
4502 3646854 86
4503 3648497 170
4504 3649515 35
4505 3649919 9
4506 3651018 69
4507 3651758 107
4508 3651855 32
4509 3654067 144
4510 3657135 3
4511 3657858 152
4512 3658228 95
4513 3658262 132
4514 3659058 98
4515 3659609 87
4516 3659610 160
4517 3659701 318
4518 3659879 2
4519 3660228 17
4520 3662452 102
4521 3666749 18
4522 3666973 283
4523 3668252 33
4524 3668271 58
4525 3668488 3
4526 3668499 212
4527 3668576 221
4528 3670469 27
4529 3670890 22
4530 3670938 3
4531 3671845 96
4532 3673126 39
4533 3673490 69
4534 3674459 45
4535 3674470 88
4536 3675419 10
4537 3675566 1
4538 3675736 68
4539 3677489 36
4540 3678457 137
4541 3680013 169
4542 3680030 163
4543 3680753 215
4544 3682422 42
4545 3682640 218
4546 3682935 30
4547 3683678 53
4548 3684305 69
4549 3684329 35
4550 3684456 19
4551 3684813 303
4552 3685251 40
4553 3686516 291
4554 3688325 184
4555 3689273 126
4556 3689376 197
4557 3691319 96
4558 3692111 18
4559 3693141 38
4560 3693377 32
4561 3693737 239
4562 3696675 21
4563 3698444 104
4564 3699505 8
4565 3699964 228
4566 3700375 92
4567 3700528 39
4568 3700986 228
4569 3702667 227
4570 3702686 81
4571 3704838 215
4572 3705323 3
4573 3705400 100
4574 3705446 4
4575 3705616 13
4576 3706712 63
4577 3706897 150
4578 3707898 82
4579 3708290 156
4580 3709201 322
4581 3711489 3
4582 3712025 326
4583 3712666 68
4584 3712914 187
4585 3713105 33
4586 3714517 1
4587 3714593 78
4588 3714858 66
4589 3714949 30
4590 3715565 8
4591 3715764 82
4592 3715786 53
4593 3718580 25
4594 3718941 157
4595 3719030 26
4596 3719102 336
4597 3719406 115
4598 3720661 39
4599 3720759 27
4600 3722576 18
4601 3723622 37
4602 3723746 55
4603 3725897 73
4604 3726004 8
4605 3726411 98
4606 3726860 14
4607 3727421 24
4608 3727849 236
4609 3729353 130
4610 3729509 48
4611 3732029 38
4612 3732654 52
4613 3734099 11
4614 3734387 11
4615 3735744 18
4616 3736281 167
4617 3736976 98
4618 3738228 36
4619 3738522 62
4620 3738766 23
4621 3739314 160
4622 3741682 146
4623 3742923 18
4624 3743270 106
4625 3743409 23
4626 3743666 33
4627 3746175 22
4628 3746255 25
4629 3746764 26
4630 3748874 155
4631 3748921 311
4632 3750448 157
4633 3750506 189
4634 3750587 75
4635 3751435 52
4636 3752316 186
4637 3753893 405
4638 3754370 153
4639 3754544 271
4640 3755104 53
4641 3755560 42
4642 3756105 35
4643 3756211 54
4644 3756724 20
4645 3756947 6
4646 3758997 40
4647 3759306 5
4648 3759525 33
4649 3761502 49
4650 3762047 12
4651 3762228 65
4652 3762904 25
4653 3765119 214
4654 3765240 35
4655 3768022 88
4656 3769660 91
4657 3770346 71
4658 3771023 43
4659 3771075 34
4660 3772248 43
4661 3773146 84
4662 3776374 334
4663 3777130 138
4664 3777780 7
4665 3778727 14
4666 3779636 5
4667 3779871 65
4668 3780608 118
4669 3781214 4
4670 3781236 13
4671 3781305 22
4672 3781343 256
4673 3782190 22
4674 3782947 212
4675 3783784 131
4676 3785396 20
4677 3785503 83
4678 3786292 319
4679 3788199 22
4680 3789107 144
4681 3789412 333
4682 3789610 12
4683 3789943 5
4684 3790638 11
4685 3790653 142
4686 3790882 74
4687 3792271 15
4688 3792452 74
4689 3792652 97
4690 3794972 2
4691 3795360 158
4692 3795465 73
4693 3796926 106
4694 3798217 2
4695 3799631 106
4696 3800125 15
4697 3801909 79
4698 3801998 133
4699 3802695 36
4700 3803758 4
4701 3804064 84
4702 3804299 242
4703 3804526 114
4704 3805805 31
4705 3806267 139
4706 3808220 258
4707 3808417 216
4708 3808989 37
4709 3809763 44
4710 3810800 22
4711 3812442 18
4712 3813168 21
4713 3813531 21
4714 3814537 107
4715 3814703 66
4716 3815734 43
4717 3815802 15
4718 3816571 5
4719 3816915 24
4720 3819862 123
4721 3821311 63
4722 3822567 72
4723 3823492 250
4724 3824485 164
4725 3826838 11
4726 3829654 59
4727 3830678 219
4728 3831109 121
4729 3833304 59
4730 3833345 19
4731 3833562 3
4732 3835114 409
4733 3836968 11
4734 3837705 96
4735 3839120 80
4736 3840874 197
4737 3841369 28
4738 3841874 33
4739 3842109 11
4740 3842637 104
4741 3842874 95
4742 3845764 24
4743 3846854 181
4744 3847643 200
4745 3847926 48
4746 3848622 58
4747 3850776 23
4748 3850885 78
4749 3851407 76
4750 3852161 56
4751 3852848 73
4752 3853372 21
4753 3853723 34
4754 3853972 51
4755 3854194 11
4756 3855180 75
4757 3855192 204
4758 3855749 34
4759 3855989 41
4760 3856421 88
4761 3857100 320
4762 3857853 88
4763 3858677 190
4764 3859886 332
4765 3860308 6
4766 3860677 143
4767 3860710 85
4768 3860799 181
4769 3861138 89
4770 3862656 41
4771 3863699 59
4772 3865142 2
4773 3865408 135
4774 3866627 13
4775 3867356 38
4776 3867410 47
4777 3868123 512
4778 3868696 18
4779 3868892 53
4780 3870236 23
4781 3871026 38
4782 3871175 41
4783 3874025 145
4784 3875155 91
4785 3875804 58
4786 3876665 13
4787 3877416 111
4788 3877985 19
4789 3881460 49
4790 3881512 77
4791 3881705 10
4792 3882818 50
4793 3882931 76
4794 3883040 150
4795 3884111 450
4796 3885582 510
4797 3887009 142
4798 3887072 726
4799 3888028 42
4800 3888761 175
4801 3888869 365
4802 3889223 59
4803 3889445 17
4804 3891243 1
4805 3892399 43
4806 3894142 11
4807 3895989 109
4808 3896046 106
4809 3896254 7
4810 3896691 28
4811 3897871 59
4812 3901806 72
4813 3902015 94
4814 3904061 209
4815 3904330 128
4816 3906187 130
4817 3907835 153
4818 3908915 294
4819 3909094 25
4820 3909826 436
4821 3910308 85
4822 3910430 64
4823 3913765 41
4824 3914095 143
4825 3914169 107
4826 3914324 167
4827 3915270 192
4828 3915926 155
4829 3915939 5
4830 3916657 187
4831 3916687 26
4832 3917967 87
4833 3918259 31
4834 3918445 99
4835 3919907 143
4836 3921893 30
4837 3922339 4
4838 3922359 60
4839 3923453 35
4840 3923499 33
4841 3923740 55
4842 3923973 28
4843 3924595 6
4844 3924595 283
4845 3925484 50
4846 3925769 47
4847 3925804 259
4848 3927347 177
4849 3929826 58
4850 3929835 215
4851 3930265 9
4852 3931656 100
4853 3931893 73
4854 3932296 26
4855 3933714 95
4856 3934895 121
4857 3935440 8
4858 3936145 439
4859 3936529 20
4860 3937519 106
4861 3938321 107
4862 3939106 63
4863 3940151 37
4864 3940614 49
4865 3941557 48
4866 3942753 223
4867 3943577 87
4868 3943910 59
4869 3945943 6
4870 3946385 104
4871 3946518 62
4872 3948393 134
4873 3948698 47
4874 3949021 32
4875 3950341 59
4876 3951382 100
4877 3951394 52
4878 3951723 46
4879 3953280 56
4880 3953428 93
4881 3953701 23
4882 3954142 198
4883 3954945 126
4884 3956404 66
4885 3956989 102
4886 3957180 384
4887 3957346 22
4888 3957584 5
4889 3958642 8
4890 3960217 26
4891 3960649 59
4892 3961047 1
4893 3961829 1
4894 3962670 68
4895 3962869 9
4896 3963997 186
4897 3964929 422
4898 3966245 81
4899 3966474 284
4900 3967074 130
4901 3967486 49
4902 3967497 3
4903 3969010 13
4904 3969163 310
4905 3969417 84
4906 3971460 12
4907 3971960 141
4908 3972439 92
4909 3972567 32
4910 3972738 50
4911 3973560 155
4912 3975375 42
4913 3975524 49
4914 3977091 169
4915 3978628 1
4916 3979283 120
4917 3980119 45
4918 3980966 43
4919 3981536 74
4920 3982285 105
4921 3983356 344
4922 3983754 80
4923 3984553 38
4924 3984624 34
4925 3984696 61
4926 3985392 206
4927 3985479 112
4928 3985701 9
4929 3986407 17
4930 3987535 266
4931 3987939 125
4932 3988427 144
4933 3989209 195
4934 3989570 149
4935 3989865 22
4936 3989965 229
4937 3990355 30
4938 3990716 311
4939 3990972 73
4940 3991396 38
4941 3991992 39
4942 3992217 102
4943 3992909 452
4944 3994415 77
4945 3994733 120
4946 3995667 49
4947 3996267 142
4948 3996977 276
4949 3999033 117
4950 3999266 343
4951 4002722 138
4952 4004539 171
4953 4005060 2
4954 4006260 68
4955 4006695 83
4956 4006728 15
4957 4007141 81
4958 4007309 124
4959 4007790 473
4960 4009547 9
4961 4010915 253
4962 4011014 110
4963 4013730 77
4964 4015527 43
4965 4015605 76
4966 4016278 54
4967 4016523 57
4968 4017284 44
4969 4017392 369
4970 4017658 127
4971 4018142 49
4972 4020287 138
4973 4020660 112
4974 4021342 139
4975 4021426 153
4976 4024344 182
4977 4025878 123
4978 4026780 194
4979 4026988 58
4980 4027508 127
4981 4027867 391
4982 4028405 50
4983 4032478 333
4984 4033447 319
4985 4033610 67
4986 4034081 175
4987 4035035 120
4988 4035360 145
4989 4036189 309
4990 4037071 8
4991 4037335 211
4992 4037865 26
4993 4038991 132
4994 4039258 213
4995 4039606 183
4996 4039648 291
4997 4040369 52
4998 4040445 54
4999 4041456 353
5000 4043168 4
5001 4043271 6
5002 4043345 12
5003 4043564 29
5004 4043731 103
5005 4044194 165
5006 4046299 137
5007 4046484 33
5008 4046518 360
5009 4047063 9
5010 4047324 5
5011 4049689 39
5012 4051250 59
5013 4052029 39
5014 4052855 206
5015 4053185 15
5016 4054457 84
5017 4055206 94
5018 4056216 97
5019 4058210 152
5020 4058466 16
5021 4058566 125
5022 4059251 72
5023 4059502 58
5024 4059693 129
5025 4059896 154
5026 4060352 162
5027 4060782 70
5028 4062163 121
5029 4062929 17
5030 4063049 40
5031 4063341 35
5032 4065458 91
5033 4065656 380
5034 4066276 74
5035 4066630 19
5036 4068075 60
5037 4068271 53
5038 4068509 169
5039 4068630 39
5040 4068815 47
5041 4070732 121
5042 4071259 47
5043 4072258 138
5044 4072452 156
5045 4073982 18
5046 4074622 162
5047 4074954 114
5048 4075073 106
5049 4075118 116
5050 4075694 87
5051 4075864 120
5052 4077359 34
5053 4079354 174
5054 4079646 22
5055 4081550 670
5056 4082139 71
5057 4082331 140
5058 4082711 105
5059 4083250 59
5060 4083572 115
5061 4085027 16
5062 4085200 83
5063 4085702 21
5064 4086332 6
5065 4087452 42
5066 4088875 285
5067 4089840 82
5068 4090909 339
5069 4091399 116
5070 4092114 47
5071 4092277 46
5072 4092479 16
5073 4092613 32
5074 4094932 174
5075 4095999 100
5076 4096076 22
5077 4096610 63
5078 4098045 49
5079 4099814 28
5080 4101068 69
5081 4102318 86
5082 4102904 61
5083 4103794 165
5084 4105510 51
5085 4106695 135
5086 4107492 79
5087 4108260 23
5088 4108536 3
5089 4108913 164
5090 4109681 56
5091 4110117 25
5092 4112596 68
5093 4113012 86
5094 4115671 20
5095 4116990 208
5096 4119056 150
5097 4119354 105
5098 4120031 49
5099 4120242 166
5100 4120629 24
5101 4120878 26
5102 4123128 11
5103 4123414 88
5104 4124104 167
5105 4124467 68
5106 4124585 29
5107 4124820 122
5108 4125111 45
5109 4125707 124
5110 4125732 102
5111 4125913 6
5112 4126669 117
5113 4127740 61
5114 4127769 33
5115 4128444 26
5116 4129030 527
5117 4129837 63
5118 4131292 47
5119 4131719 31
5120 4135692 85
5121 4136534 20
5122 4136817 100
5123 4137479 130
5124 4137728 70
5125 4140210 41
5126 4142342 21
5127 4142346 68
5128 4142359 466
5129 4143391 284
5130 4144235 94
5131 4144302 111
5132 4145432 59
5133 4146260 37
5134 4146606 27
5135 4146884 21
5136 4148192 5
5137 4149983 125
5138 4150323 18
5139 4151158 38
5140 4152382 70
5141 4152437 171
5142 4152589 41
5143 4153813 95
5144 4154136 36
5145 4154791 149
5146 4154807 104
5147 4155146 217
5148 4155544 40
5149 4156247 230
5150 4158108 99
5151 4158467 27
5152 4160160 58
5153 4160320 40
5154 4163654 2
5155 4164231 82
5156 4164690 10
5157 4168165 7
5158 4169403 216
5159 4170012 123
5160 4170577 7
5161 4170745 149
5162 4170843 35
5163 4171087 253
5164 4175552 248
5165 4175858 14
5166 4175907 227
5167 4176827 6
5168 4177138 13
5169 4178452 5
5170 4180193 1
5171 4181012 96
5172 4181345 69
5173 4181349 11
5174 4183167 10
5175 4183233 125
5176 4183322 38
5177 4183717 87
5178 4184072 128
5179 4185710 111
5180 4186460 53
5181 4187834 180
5182 4188004 81
5183 4188180 15
5184 4188454 45
5185 4188900 17
5186 4188966 120
5187 4188975 57
5188 4191203 6
5189 4192507 22
5190 4193127 124
5191 4194520 105
5192 4195455 158
5193 4195672 269
5194 4196789 36
5195 4199791 54
5196 4200169 401
5197 4200836 14
5198 4201822 7
5199 4202307 226
5200 4203407 332
5201 4205594 60
5202 4206014 15
5203 4206114 108
5204 4206328 45
5205 4206510 21
5206 4208733 245
5207 4209153 20
5208 4209330 27
5209 4209427 48
5210 4209735 110
5211 4210059 140
5212 4210128 134
5213 4211470 31
5214 4211588 127
5215 4212661 60
5216 4213654 117
5217 4214409 140
5218 4214636 35
5219 4215932 2
5220 4217792 62
5221 4217883 417
5222 4217896 79
5223 4217906 273
5224 4218474 115
5225 4218598 15
5226 4219502 174
5227 4222202 22
5228 4222904 130
5229 4222978 76
5230 4223721 108
5231 4224254 42
5232 4225033 239
5233 4225743 38
5234 4226208 109
5235 4227852 90
5236 4227999 21
5237 4229294 109
5238 4229321 341
5239 4230764 149
5240 4232253 6
5241 4232808 29
5242 4233302 22
5243 4234501 32
5244 4235625 17
5245 4235916 191
5246 4236150 36
5247 4237952 4
5248 4240057 46
5249 4240086 45
5250 4240628 9
5251 4240646 52
5252 4241572 138
5253 4242503 21
5254 4242700 105
5255 4243018 254
5256 4243770 53
5257 4245043 46
5258 4246774 3
5259 4246905 93
5260 4247108 1
5261 4247124 21
5262 4247605 48
5263 4249304 31
5264 4250832 22
5265 4251190 20
5266 4251318 154
5267 4251446 229
5268 4251491 12
5269 4252920 25
5270 4253104 184
5271 4253855 53
5272 4255023 20
5273 4256917 1
5274 4257251 298
5275 4257524 336
5276 4257955 63
5277 4258074 38
5278 4258509 125
5279 4259133 5
5280 4260412 11
5281 4261138 96
5282 4263723 146
5283 4264264 17
5284 4268238 229
5285 4271933 436
5286 4273407 14
5287 4274298 221
5288 4274481 121
5289 4274581 208
5290 4274681 38
5291 4275893 38
5292 4276840 155
5293 4277388 148
5294 4278415 361
5295 4279239 110
5296 4279239 75
5297 4280777 39
5298 4281033 324
5299 4282750 101
5300 4282959 50
5301 4284581 152
5302 4284687 126
5303 4284833 4
5304 4284897 89
5305 4285028 6
5306 4288639 163
5307 4290197 78
5308 4290892 60
5309 4292756 55
5310 4292904 234
5311 4295141 140
5312 4295594 59
5313 4297352 3
5314 4297519 74
5315 4297593 32
5316 4297849 141
5317 4298366 87
5318 4298686 100
5319 4298972 96
5320 4299458 46
5321 4299755 9
5322 4300469 23
5323 4301424 3
5324 4301690 10
5325 4302591 116
5326 4303480 285
5327 4305577 311
5328 4305781 42
5329 4309346 62
5330 4310412 97
5331 4312961 2
5332 4314801 20
5333 4315031 79
5334 4316557 131
5335 4316761 357
5336 4316946 146
5337 4317198 89
5338 4318157 41
5339 4318751 61
5340 4319839 120
5341 4320928 77
5342 4321585 5
5343 4322548 25
5344 4324012 54
5345 4324472 224
5346 4325286 188
5347 4326428 108
5348 4326477 8
5349 4327554 43
5350 4327958 61
5351 4328044 57
5352 4328379 3
5353 4330838 126
5354 4331863 41
5355 4332010 16
5356 4333260 46
5357 4333396 10
5358 4334367 202
5359 4337115 22
5360 4339590 150
5361 4341203 143
5362 4343684 21
5363 4344262 47
5364 4344834 22
5365 4344868 67
5366 4345198 268
5367 4346282 107
5368 4346604 121
5369 4348064 234
5370 4348611 89
5371 4348763 317
5372 4350306 336
5373 4350803 348
5374 4350840 29
5375 4351255 220
5376 4353297 498
5377 4353655 7
5378 4355009 73
5379 4355645 128
5380 4355710 41
5381 4355819 74
5382 4357078 102
5383 4357186 93
5384 4357640 175
5385 4358734 6
5386 4359058 2
5387 4360043 11
5388 4360261 53
5389 4360309 21
5390 4360586 11
5391 4363770 53
5392 4367347 100
5393 4367842 87
5394 4367900 244
5395 4368075 2
5396 4368729 276
5397 4368837 20
5398 4370541 41
5399 4371738 55
5400 4373156 20
5401 4373388 235
5402 4374416 63
5403 4374541 30
5404 4375319 31
5405 4375761 362
5406 4376496 39
5407 4379229 233
5408 4379640 34
5409 4380423 387
5410 4380890 5
5411 4381064 61
5412 4381330 57
5413 4381624 141
5414 4381844 37
5415 4381944 430
5416 4382038 194
5417 4382088 125
5418 4382707 46
5419 4385230 35
5420 4385686 78
5421 4386468 66
5422 4386506 58
5423 4387813 30
5424 4389312 119
5425 4389533 107
5426 4389836 6
5427 4389983 187
5428 4390220 214
5429 4391064 67
5430 4391856 13
5431 4392007 14
5432 4392909 206
5433 4395650 105
5434 4395996 106
5435 4396893 30
5436 4397011 86
5437 4397972 28
5438 4400574 215
5439 4402942 183
5440 4403366 24
5441 4404030 436
5442 4404420 45
5443 4405875 51
5444 4405952 14
5445 4405969 124
5446 4406241 23
5447 4406461 31
5448 4407422 60
5449 4407725 251
5450 4408171 19
5451 4408617 24
5452 4411856 49
5453 4411922 205
5454 4412150 23
5455 4412926 61
5456 4413672 78
5457 4415262 47
5458 4415552 29
5459 4416934 90
5460 4417878 195
5461 4418418 57
5462 4419260 33
5463 4419275 131
5464 4419433 40
5465 4419874 163
5466 4420107 35
5467 4420337 53
5468 4420858 161
5469 4420938 66
5470 4421278 164
5471 4421326 135
5472 4421478 24
5473 4422800 7
5474 4423036 60
5475 4423117 22
5476 4424296 42
5477 4424636 14
5478 4424920 67
5479 4425431 28
5480 4426128 4
5481 4426431 61
5482 4428002 12
5483 4429034 170
5484 4429466 102
5485 4430173 52
5486 4430478 86
5487 4431621 3
5488 4432447 140
5489 4433120 242
5490 4433495 104
5491 4433599 50
5492 4433636 33
5493 4434996 111
5494 4435021 15
5495 4435588 30
5496 4436138 60
5497 4436495 45
5498 4438493 380
5499 4439363 57
5500 4440737 123
5501 4441410 161
5502 4442418 68
5503 4442658 265
5504 4442987 158
5505 4443688 26
5506 4443759 318
5507 4446853 34
5508 4448779 12
5509 4449360 270
5510 4449380 31
5511 4449905 8
5512 4450040 121
5513 4450186 19
5514 4451473 462
5515 4452273 63
5516 4452552 287
5517 4453163 160
5518 4455089 267
5519 4456115 153
5520 4456457 80
5521 4456491 154
5522 4456664 15
5523 4456782 63
5524 4457484 2
5525 4457599 64
5526 4457619 190
5527 4459641 71
5528 4461283 18
5529 4463155 13
5530 4463923 44
5531 4464641 432
5532 4464735 17
5533 4464819 212
5534 4465011 48
5535 4465347 213
5536 4465827 40
5537 4465874 56
5538 4466272 11
5539 4467501 7
5540 4468166 189
5541 4468232 34
5542 4469551 273
5543 4469671 15
5544 4470327 17
5545 4470416 298
5546 4472044 59
5547 4472286 13
5548 4477844 52
5549 4478689 308
5550 4480457 54
5551 4480995 192
5552 4481436 25
5553 4483254 115
5554 4484969 5
5555 4485189 226
5556 4486552 159
5557 4487319 258
5558 4487533 17
5559 4489519 32
5560 4491212 89
5561 4491607 149
5562 4492262 47
5563 4492299 22
5564 4494718 50
5565 4496143 45
5566 4496490 26
5567 4497921 16
5568 4498568 46
5569 4499903 41
5570 4499950 66
5571 4500477 23
5572 4501390 77
5573 4501603 42
5574 4501670 47
5575 4502059 317
5576 4502193 20
5577 4504666 37
5578 4507197 61
5579 4507929 99
5580 4509553 87
5581 4511442 113
5582 4513285 55
5583 4513653 11
5584 4514068 97
5585 4514195 54
5586 4514236 195
5587 4514333 6
5588 4516575 85
5589 4516705 113
5590 4518860 399
5591 4519588 27
5592 4522139 59
5593 4523587 4
5594 4524089 27
5595 4525087 439
5596 4525137 83
5597 4526639 148
5598 4527198 203
5599 4527494 113
5600 4528091 30
5601 4530162 120
5602 4532341 58
5603 4532612 145
5604 4532799 27
5605 4534691 20
5606 4534761 96
5607 4537144 36
5608 4537593 301
5609 4539304 18
5610 4541337 65
5611 4541392 15
5612 4542294 48
5613 4542507 238
5614 4543743 91
5615 4544309 45
5616 4545004 48
5617 4547584 47
5618 4548594 17
5619 4548970 36
5620 4549141 69
5621 4550663 48
5622 4551102 79
5623 4551386 8
5624 4552292 5
5625 4552698 29
5626 4552753 248
5627 4554727 284
5628 4555907 155
5629 4556019 42
5630 4556402 123
5631 4556480 286
5632 4557141 10
5633 4557455 78
5634 4557522 40
5635 4557717 18
5636 4559298 179
5637 4559340 101
5638 4560545 156
5639 4560824 225
5640 4561166 242
5641 4561247 8
5642 4561831 9
5643 4561894 26
5644 4562559 27
5645 4563367 36
5646 4563382 293
5647 4564227 326
5648 4567211 93
5649 4567576 33
5650 4568187 20
5651 4568880 76
5652 4569332 179
5653 4572541 23
5654 4573879 32
5655 4574433 76
5656 4575224 44
5657 4575242 24
5658 4575348 29
5659 4575453 35
5660 4576270 55
5661 4578091 46
5662 4578679 56
5663 4580210 167
5664 4580504 67
5665 4580888 107
5666 4581029 123
5667 4581247 152
5668 4581299 58
5669 4582020 30
5670 4583953 106
5671 4584315 14
5672 4586901 372
5673 4587478 64
5674 4589784 17
5675 4591876 62
5676 4594966 335
5677 4596079 34
5678 4597231 478
5679 4598251 916
5680 4598646 139
5681 4599894 87
5682 4600387 181
5683 4602368 101
5684 4603174 19
5685 4603393 23
5686 4605412 71
5687 4605871 28
5688 4606427 253
5689 4610557 35
5690 4612530 9
5691 4613238 237
5692 4613373 308
5693 4613449 229
5694 4613976 14
5695 4614690 123
5696 4616692 5
5697 4617333 88
5698 4617453 93
5699 4617842 61
5700 4617968 206
5701 4618203 246
5702 4618531 303
5703 4619285 223
5704 4620148 171
5705 4620852 217
5706 4621462 69
5707 4621637 58
5708 4622069 217
5709 4622596 95
5710 4623289 390
5711 4624664 77
5712 4626580 194
5713 4626960 60
5714 4627795 173
5715 4628668 487
5716 4629686 139
5717 4630873 184
5718 4633197 50
5719 4633441 34
5720 4634546 37
5721 4636145 79
5722 4637428 30
5723 4638668 37
5724 4638686 27
5725 4639720 104
5726 4639723 74
5727 4640092 22
5728 4640756 176
5729 4641750 146
5730 4641828 4
5731 4642608 1
5732 4642742 23
5733 4643102 23
5734 4643209 12
5735 4643812 10
5736 4644154 119
5737 4644214 98
5738 4645030 18
5739 4645340 22
5740 4645437 80
5741 4645484 280
5742 4646115 19
5743 4646210 82
5744 4646289 67
5745 4646692 59
5746 4646928 46
5747 4647080 54
5748 4647333 11
5749 4647361 16
5750 4647981 209
5751 4649850 24
5752 4650505 161
5753 4651342 2
5754 4651375 33
5755 4652259 81
5756 4653267 73
5757 4655317 300
5758 4655641 234
5759 4657963 17
5760 4658159 100
5761 4659786 59
5762 4662135 127
5763 4663217 77
5764 4663778 14
5765 4663824 20
5766 4664072 165
5767 4664265 26
5768 4665141 100
5769 4665675 88
5770 4665878 27
5771 4666858 203
5772 4666914 61
5773 4668002 191
5774 4669699 27
5775 4669724 32
5776 4669883 193
5777 4669908 66
5778 4669992 117
5779 4670542 69
5780 4672131 37
5781 4672952 68
5782 4674547 97
5783 4674950 21
5784 4674982 15
5785 4675311 287
5786 4678367 27
5787 4678687 239
5788 4679080 85
5789 4679377 129
5790 4680440 55
5791 4682522 35
5792 4684104 1
5793 4685198 130
5794 4686003 77
5795 4686786 127
5796 4689706 82
5797 4691043 81
5798 4691236 28
5799 4693176 87
5800 4694175 191
5801 4694510 52
5802 4694597 111
5803 4695360 46
5804 4695627 182
5805 4696177 274
5806 4696347 66
5807 4697390 62
5808 4697654 42
5809 4697732 235
5810 4698114 62
5811 4699192 21
5812 4699560 236
5813 4700124 233
5814 4700168 192
5815 4700523 139
5816 4702544 32
5817 4703472 93
5818 4703842 30
5819 4705667 21
5820 4706480 126
5821 4706770 11
5822 4708382 32
5823 4709131 35
5824 4709983 29
5825 4710384 46
5826 4710905 11
5827 4711474 195
5828 4711755 21
5829 4711849 357
5830 4712461 75
5831 4713134 18
5832 4714037 132
5833 4714589 1
5834 4714740 21
5835 4715000 16
5836 4715720 24
5837 4717470 23
5838 4718490 3
5839 4718751 274
5840 4720535 18
5841 4720620 35
5842 4721051 211
5843 4721829 38
5844 4723411 364
5845 4724313 10
5846 4724427 80
5847 4725906 132
5848 4726127 389
5849 4726468 203
5850 4728632 113
5851 4728724 75
5852 4729536 143
5853 4731174 326
5854 4733059 1
5855 4733427 45
5856 4733975 14
5857 4737456 80
5858 4738162 1
5859 4738173 258
5860 4738238 142
5861 4738625 147
5862 4738644 14
5863 4740340 2
5864 4741853 70
5865 4742260 314
5866 4743650 20
5867 4743699 217
5868 4743747 168
5869 4744540 104
5870 4744725 26
5871 4745222 222
5872 4746261 104
5873 4747651 30
5874 4748466 164
5875 4749359 15
5876 4750126 204
5877 4750584 2
5878 4750635 24
5879 4751103 12
5880 4751720 226
5881 4752280 76
5882 4752571 2
5883 4754433 235
5884 4755501 279
5885 4755555 148
5886 4755592 164
5887 4755604 50
5888 4756275 360
5889 4758460 40
5890 4758832 34
5891 4759921 78
5892 4760200 298
5893 4761634 112
5894 4762872 23
5895 4763573 42
5896 4767873 1
5897 4769778 79
5898 4772627 291
5899 4774308 248
5900 4775876 226
5901 4776025 42
5902 4777188 19
5903 4780124 74
5904 4780153 105
5905 4780166 41
5906 4780214 55
5907 4784009 65
5908 4784432 100
5909 4785557 125
5910 4785614 1
5911 4785703 395
5912 4787325 40
5913 4789165 38
5914 4789170 101
5915 4789218 193
5916 4789366 90
5917 4789607 173
5918 4790711 101
5919 4791643 13
5920 4792600 241
5921 4792695 46
5922 4793474 354
5923 4793639 149
5924 4795831 84
5925 4797814 34
5926 4798731 81
5927 4799266 175
5928 4802556 19
5929 4802816 163
5930 4803718 215
5931 4804750 89
5932 4805132 198
5933 4805820 18
5934 4806449 195
5935 4812611 14
5936 4812679 53
5937 4813827 44
5938 4813963 124
5939 4814933 119
5940 4815103 170
5941 4816110 20
5942 4816445 34
5943 4816904 39
5944 4817000 359
5945 4817452 139
5946 4819541 124
5947 4819941 20
5948 4820417 84
5949 4820663 39
5950 4821899 209
5951 4823116 7
5952 4823201 37
5953 4823305 134
5954 4825355 43
5955 4825806 217
5956 4827500 35
5957 4827792 89
5958 4828008 399
5959 4828111 87
5960 4828653 43
5961 4830268 109
5962 4831542 78
5963 4832261 32
5964 4832511 173
5965 4834538 344
5966 4834690 101
5967 4834802 3
5968 4835286 212
5969 4842573 79
5970 4842705 167
5971 4842917 74
5972 4842946 232
5973 4844293 17
5974 4844522 44
5975 4845359 124
5976 4845364 27
5977 4845895 8
5978 4846449 46
5979 4846717 153
5980 4846807 31
5981 4847009 54
5982 4848511 223
5983 4848528 18
5984 4850509 64
5985 4850830 63
5986 4851331 144
5987 4851572 56
5988 4851896 93
5989 4852071 56
5990 4852920 18
5991 4853887 293
5992 4854028 60
5993 4855771 135
5994 4856881 161
5995 4857349 58
5996 4859439 105
5997 4859609 65
5998 4860245 16
5999 4860554 32
6000 4860732 139
6001 4862114 2
6002 4862471 129
6003 4863336 75
6004 4863418 46
6005 4863903 36
6006 4863984 52
6007 4864072 4
6008 4865614 2
6009 4866657 7
6010 4866674 149
6011 4866882 152
6012 4868820 110
6013 4869992 9
6014 4871015 133
6015 4871437 143
6016 4873182 180
6017 4873882 8
6018 4874742 54
6019 4874778 181
6020 4876088 91
6021 4876100 59
6022 4879856 4
6023 4879865 52
6024 4880492 50
6025 4880678 3
6026 4881367 67
6027 4881616 26
6028 4881785 87
6029 4882421 118
6030 4882939 22
6031 4883014 117
6032 4883113 24
6033 4883822 11
6034 4885232 35
6035 4885841 74
6036 4887593 41
6037 4889076 2
6038 4889088 75
6039 4889199 104
6040 4889603 34
6041 4889856 21
6042 4890806 138
6043 4890882 72
6044 4891943 26
6045 4893798 50
6046 4894661 16
6047 4895368 245
6048 4896551 73
6049 4897897 234
6050 4899710 91
6051 4900280 15
6052 4900400 20
6053 4901301 73
6054 4901463 14
6055 4901614 455
6056 4904040 2
6057 4905543 227
6058 4906124 205
6059 4906338 93
6060 4906376 53
6061 4906524 108
6062 4907081 262
6063 4908745 13
6064 4909059 230
6065 4909099 21
6066 4909569 161
6067 4910375 94
6068 4912261 32
6069 4912294 5
6070 4913231 50
6071 4913973 128
6072 4914449 105
6073 4914582 20
6074 4915527 43
6075 4918872 89
6076 4919756 416
6077 4919902 67
6078 4920845 87
6079 4920848 35
6080 4920981 96
6081 4922269 155
6082 4923268 25
6083 4924501 50
6084 4925017 86
6085 4925594 131
6086 4926042 30
6087 4927407 100
6088 4927986 44
6089 4928186 103
6090 4929490 17
6091 4931778 20
6092 4932005 86
6093 4932597 36
6094 4933921 51
6095 4935409 344
6096 4935425 7
6097 4935610 129
6098 4935965 216
6099 4936481 20
6100 4936891 160
6101 4937359 81
6102 4938894 72
6103 4938935 126
6104 4940588 1
6105 4942895 91
6106 4943004 35
6107 4943096 7
6108 4943349 89
6109 4944009 28
6110 4944842 173
6111 4944845 49
6112 4945354 33
6113 4945458 49
6114 4949373 144
6115 4950499 63
6116 4951503 124
6117 4951563 33
6118 4952598 90
6119 4952837 184
6120 4954873 117
6121 4956195 32
6122 4957925 206
6123 4959295 361
6124 4959401 130
6125 4961026 50
6126 4961226 86
6127 4961837 9
6128 4961855 387
6129 4961876 107
6130 4961984 35
6131 4962220 196
6132 4964309 548
6133 4964830 28
6134 4965036 15
6135 4965039 38
6136 4965927 33
6137 4966140 20
6138 4966671 32
6139 4966965 20
6140 4969794 233
6141 4970043 231
6142 4970574 156
6143 4971193 6
6144 4971774 125
6145 4973634 19
6146 4973980 126
6147 4974808 236
6148 4975770 20
6149 4976001 109
6150 4976670 34
6151 4981701 39
6152 4982237 136
6153 4984132 1
6154 4984733 2
6155 4985119 22
6156 4985326 48
6157 4986088 39
6158 4987610 102
6159 4988706 212
6160 4988774 45
6161 4989379 15
6162 4989616 282
6163 4990079 1
6164 4990112 36
6165 4990194 165
6166 4991165 19
6167 4991653 29
6168 4994010 57
6169 4994060 132
6170 4994441 33
6171 4995612 32
6172 4996025 111
6173 4996397 122
6174 4997196 32
6175 4998602 59
6176 4998878 188
6177 5000203 23
6178 5000781 174
6179 5000970 75
6180 5001286 506
6181 5002262 33
6182 5002906 4
6183 5003368 10
6184 5004031 23
6185 5004643 482
6186 5004786 35
6187 5004815 430
6188 5004915 112
6189 5005889 64
6190 5005935 129
6191 5005938 63
6192 5006937 49
6193 5007225 467
6194 5007692 153
6195 5008393 61
6196 5008481 73
6197 5009496 72
6198 5009967 297
6199 5010055 13
6200 5011743 175
6201 5013805 10
6202 5014196 13
6203 5014217 70
6204 5015685 157
6205 5016454 10
6206 5017704 67
6207 5018246 46
6208 5019481 52
6209 5019487 51
6210 5020348 152
6211 5020674 12
6212 5020991 161
6213 5022333 51
6214 5023614 34
6215 5025097 438
6216 5025314 26
6217 5026017 82
6218 5026890 152
6219 5028146 206
6220 5029821 64
6221 5029892 82
6222 5030196 144
6223 5031381 52
6224 5031960 15
6225 5032862 61
6226 5033997 30
6227 5035949 48
6228 5036399 36
6229 5036412 44
6230 5036524 11
6231 5036551 393
6232 5036566 28
6233 5036621 2
6234 5037405 166
6235 5037645 10
6236 5038449 319
6237 5039732 18
6238 5040564 70
6239 5041125 35
6240 5041357 183
6241 5041889 82
6242 5042756 58
6243 5044166 92
6244 5045100 81
6245 5045718 73
6246 5047574 12
6247 5047812 125
6248 5048338 18
6249 5049072 84
6250 5050025 87
6251 5050288 17
6252 5052188 57
6253 5053008 128
6254 5054570 69
6255 5055305 112
6256 5055516 26
6257 5056043 20
6258 5057685 60
6259 5057900 78
6260 5058117 350
6261 5059798 218
6262 5060840 124
6263 5061793 65
6264 5061978 351
6265 5065308 96
6266 5065396 179
6267 5065673 155
6268 5065911 137
6269 5066832 164
6270 5067025 24
6271 5067374 216
6272 5067567 12
6273 5067747 160
6274 5067911 173
6275 5068139 108
6276 5068376 60
6277 5068530 225
6278 5068582 183
6279 5068585 3
6280 5069661 36
6281 5070889 138
6282 5070895 233
6283 5072326 95
6284 5072388 10
6285 5072752 179
6286 5073182 57
6287 5075912 97
6288 5076373 45
6289 5077223 58
6290 5077272 185
6291 5077711 40
6292 5078406 73
6293 5079144 189
6294 5079273 66
6295 5080034 151
6296 5080752 11
6297 5081255 3
6298 5084689 25
6299 5085140 48
6300 5085544 85
6301 5086090 128
6302 5086442 17
6303 5087915 7
6304 5088002 119
6305 5089030 302
6306 5089537 146
6307 5089680 180
6308 5091104 113
6309 5091766 39
6310 5092017 174
6311 5092102 11
6312 5092564 108
6313 5094763 12
6314 5095161 28
6315 5095442 75
6316 5096095 56
6317 5096107 40
6318 5096558 16
6319 5096584 11
6320 5096979 294
6321 5097521 19
6322 5097569 363
6323 5098372 98
6324 5098513 6
6325 5100488 159
6326 5102201 65
6327 5103404 5
6328 5104002 108
6329 5106189 65
6330 5106591 38
6331 5107016 99
6332 5107397 53
6333 5109481 114
6334 5109988 25
6335 5111123 305
6336 5111655 147
6337 5113014 985
6338 5113890 430
6339 5114488 42
6340 5115249 22
6341 5116251 112
6342 5116411 72
6343 5116510 25
6344 5116623 170
6345 5118064 14
6346 5119279 224
6347 5120439 68
6348 5120496 18
6349 5120740 28
6350 5120869 34
6351 5121191 69
6352 5121772 85
6353 5122346 109
6354 5122584 72
6355 5123966 70
6356 5124235 111
6357 5124601 230
6358 5125750 24
6359 5125986 526
6360 5126327 180
6361 5126751 161
6362 5126993 66
6363 5127113 23
6364 5130152 104
6365 5133919 126
6366 5134990 47
6367 5135316 22
6368 5136285 366
6369 5136381 1
6370 5136507 218
6371 5136583 21
6372 5137495 119
6373 5137612 261
6374 5137749 8
6375 5139180 216
6376 5139752 127
6377 5142812 63
6378 5142958 271
6379 5143273 125
6380 5147713 58
6381 5147842 92
6382 5148510 34
6383 5148890 37
6384 5149352 110
6385 5149825 76
6386 5152696 13
6387 5153449 22
6388 5154545 87
6389 5155730 9
6390 5155967 120
6391 5156081 26
6392 5156214 87
6393 5156625 84
6394 5156654 22
6395 5157420 9
6396 5159570 32
6397 5161443 139
6398 5162211 9
6399 5162314 81
6400 5162846 196
6401 5162952 82
6402 5162998 118
6403 5164371 5
6404 5164523 17
6405 5165046 195
6406 5166959 36
6407 5167560 16
6408 5169418 118
6409 5169824 64
6410 5169992 93
6411 5171240 161
6412 5171276 1
6413 5171614 17
6414 5172938 75
6415 5173117 71
6416 5173404 63
6417 5175501 49
6418 5175632 45
6419 5176411 135
6420 5176974 359
6421 5179253 2
6422 5180901 56
6423 5184128 45
6424 5184679 38
6425 5185965 12
6426 5187546 52
6427 5188424 245
6428 5189685 8
6429 5190525 106
6430 5191088 260
6431 5191659 53
6432 5191742 1
6433 5191892 50
6434 5192035 15
6435 5192397 109
6436 5193899 16
6437 5193918 22
6438 5196576 25
6439 5197218 203
6440 5197736 7
6441 5199078 214
6442 5199221 14
6443 5199335 60
6444 5200227 350
6445 5201243 81
6446 5201856 37
6447 5202803 195
6448 5204592 111
6449 5205563 39
6450 5208360 154
6451 5208640 9
6452 5209706 199
6453 5212048 171
6454 5212741 53
6455 5213649 172
6456 5215556 2
6457 5215670 144
6458 5218985 4
6459 5219010 125
6460 5220303 119
6461 5220498 6
6462 5222452 3
6463 5223028 48
6464 5223482 2
6465 5223768 78
6466 5224031 20
6467 5224200 75
6468 5224495 76
6469 5225239 115
6470 5225909 250
6471 5226528 110
6472 5226813 312
6473 5228604 133
6474 5228682 34
6475 5229428 92
6476 5230118 44
6477 5230436 183
6478 5231399 43
6479 5231401 146
6480 5231791 126
6481 5234036 3
6482 5234467 54
6483 5235400 10
6484 5235587 12
6485 5237715 94
6486 5238148 89
6487 5239582 269
6488 5239720 40
6489 5239745 133
6490 5240076 579
6491 5240301 2
6492 5240827 54
6493 5242156 32
6494 5246132 67
6495 5246737 88
6496 5247569 49
6497 5247703 101
6498 5248532 32
6499 5249256 302
6500 5249797 68
6501 5251132 6
6502 5251733 4
6503 5252748 30
6504 5253012 50
6505 5253200 172
6506 5253874 131
6507 5253899 327
6508 5254863 60
6509 5254927 73
6510 5258580 428
6511 5258782 157
6512 5259183 142
6513 5260040 89
6514 5260933 136
6515 5260957 67
6516 5261182 90
6517 5261363 143
6518 5261619 68
6519 5261924 249
6520 5263264 5
6521 5263452 48
6522 5263468 50
6523 5264070 59
6524 5264169 23
6525 5265935 77
6526 5265964 119
6527 5266302 343
6528 5266463 54
6529 5267075 34
6530 5268668 74
6531 5271373 106
6532 5272041 29
6533 5272733 96
6534 5273020 24
6535 5275476 18
6536 5276613 101
6537 5279030 119
6538 5280739 146
6539 5282383 49
6540 5283406 47
6541 5284570 145
6542 5285064 13
6543 5287256 12
6544 5287891 66
6545 5288050 127
6546 5288091 2
6547 5288237 18
6548 5289216 33
6549 5289511 10
6550 5289762 128
6551 5290324 54
6552 5291161 228
6553 5292174 19
6554 5292528 50
6555 5293448 454
6556 5293551 22
6557 5294301 150
6558 5294698 141
6559 5295206 54
6560 5297295 152
6561 5297490 198
6562 5297677 30
6563 5299382 6
6564 5300405 64
6565 5301147 13
6566 5301724 18
6567 5301872 90
6568 5302192 39
6569 5302304 40
6570 5302390 122
6571 5303865 88
6572 5304900 10
6573 5305056 61
6574 5305388 25
6575 5305833 25
6576 5306297 17
6577 5306349 238
6578 5307982 64
6579 5308358 110
6580 5309075 331
6581 5310468 249
6582 5310619 187
6583 5311504 114
6584 5311871 67
6585 5311983 5
6586 5313341 364
6587 5313446 63
6588 5316848 35
6589 5316931 109
6590 5318837 170
6591 5319544 39
6592 5319597 104
6593 5319707 70
6594 5319737 66
6595 5319951 39
6596 5322939 229
6597 5325223 100
6598 5327521 27
6599 5328712 3
6600 5330264 18
6601 5331659 102
6602 5332664 126
6603 5333091 9
6604 5333669 97
6605 5333746 62
6606 5336692 126
6607 5337254 130
6608 5337796 33
6609 5337988 213
6610 5338204 77
6611 5339502 188
6612 5340179 98
6613 5340224 114
6614 5340755 30
6615 5340979 199
6616 5341617 296
6617 5342525 28
6618 5342995 19
6619 5344093 5
6620 5345542 1
6621 5345830 137
6622 5347215 19
6623 5348832 264
6624 5349665 267
6625 5349746 11
6626 5350224 32
6627 5350997 161
6628 5351759 19
6629 5355690 154
6630 5358077 30
6631 5360244 9
6632 5360444 17
6633 5360548 59
6634 5360619 75
6635 5361626 231
6636 5361692 1
6637 5363643 75
6638 5364299 44
6639 5364421 4
6640 5365085 98
6641 5366306 32
6642 5367178 32
6643 5367384 1
6644 5368535 99
6645 5369989 218
6646 5370680 101
6647 5372141 35
6648 5372451 23
6649 5372976 67
6650 5374047 29
6651 5374162 20
6652 5374215 67
6653 5374866 4
6654 5377562 55
6655 5378461 1
6656 5380042 218
6657 5381402 240
6658 5382437 12
6659 5382733 63
6660 5386107 64
6661 5387429 152
6662 5387666 78
6663 5388050 1
6664 5389146 95
6665 5389195 111
6666 5391884 55
6667 5395383 115
6668 5398201 137
6669 5398275 80
6670 5398385 140
6671 5399255 70
6672 5399570 1
6673 5399701 5
6674 5400088 51
6675 5404029 210
6676 5404849 49
6677 5404916 2
6678 5405509 42
6679 5405929 5
6680 5405996 26
6681 5406081 20
6682 5406869 86
6683 5407792 79
6684 5408119 31
6685 5408308 174
6686 5410127 171
6687 5410485 161
6688 5411393 55
6689 5411699 111
6690 5412662 142
6691 5414483 86
6692 5414506 71
6693 5414663 320
6694 5416295 13
6695 5417414 25
6696 5417503 91
6697 5417687 59
6698 5417875 29
6699 5419497 73
6700 5420253 59
6701 5420723 107
6702 5421722 293
6703 5422179 29
6704 5422622 24
6705 5423728 168
6706 5424008 240
6707 5424504 77
6708 5425665 60
6709 5426007 52
6710 5426997 9
6711 5427399 12
6712 5427587 19
6713 5427673 243
6714 5428544 55
6715 5429296 25
6716 5430405 90
6717 5430441 475
6718 5430533 60
6719 5434605 244
6720 5434988 29
6721 5435794 47
6722 5436934 32
6723 5436981 77
6724 5437072 16
6725 5438197 101
6726 5438895 126
6727 5439187 129
6728 5440073 49
6729 5440727 33
6730 5445184 245
6731 5449390 31
6732 5450081 92
6733 5450130 8
6734 5450311 122
6735 5451300 6
6736 5452847 16
6737 5453099 47
6738 5453418 3
6739 5455465 18
6740 5456242 54
6741 5456596 188
6742 5457031 191
6743 5457136 103
6744 5457316 79
6745 5459667 8
6746 5459727 143
6747 5460213 206
6748 5460523 227
6749 5460916 261
6750 5462561 127
6751 5463978 180
6752 5465129 61
6753 5465586 24
6754 5465924 50
6755 5466521 99
6756 5467763 99
6757 5470164 11
6758 5470802 14
6759 5471870 50
6760 5473949 80
6761 5475297 33
6762 5475604 55
6763 5475939 123
6764 5476782 33
6765 5476935 635
6766 5477054 208
6767 5477547 39
6768 5478130 120
6769 5478908 50
6770 5478945 78
6771 5479097 114
6772 5481473 99
6773 5481922 29
6774 5483170 128
6775 5485127 138
6776 5485165 65
6777 5485267 8
6778 5485875 43
6779 5486105 321
6780 5486328 21
6781 5486381 40
6782 5486995 382
6783 5487289 351
6784 5493109 44
6785 5494594 64
6786 5494832 41
6787 5498124 2
6788 5498328 11
6789 5498476 329
6790 5498741 24
6791 5499970 71
6792 5501839 27
6793 5503520 70
6794 5504499 88
6795 5505447 63
6796 5505522 62
6797 5506209 3
6798 5506652 216
6799 5506766 85
6800 5506950 95
6801 5507501 29
6802 5508255 77
6803 5508968 21
6804 5509481 20
6805 5509756 14
6806 5509973 94
6807 5510910 160
6808 5511110 46
6809 5511112 40
6810 5512287 228
6811 5512777 57
6812 5512782 99
6813 5512886 217
6814 5513743 91
6815 5513937 12
6816 5514094 56
6817 5516551 85
6818 5516814 146
6819 5517748 36
6820 5517863 149
6821 5518719 339
6822 5519140 105
6823 5519805 171
6824 5520482 68
6825 5520674 9
6826 5521785 30
6827 5522182 85
6828 5523185 196
6829 5523463 348
6830 5525350 29
6831 5525416 21
6832 5527063 87
6833 5527161 7
6834 5527576 167
6835 5528449 201
6836 5528912 82
6837 5529463 23
6838 5530304 287
6839 5534493 251
6840 5534507 151
6841 5535688 13
6842 5536970 67
6843 5537520 40
6844 5538921 66
6845 5540876 101
6846 5542222 18
6847 5542312 284
6848 5544673 108
6849 5544754 41
6850 5546935 34
6851 5547234 84
6852 5547656 163
6853 5547930 1
6854 5548911 74
6855 5548985 11
6856 5549063 67
6857 5551640 5
6858 5552210 68
6859 5553241 37
6860 5553953 2
6861 5555389 115
6862 5555522 3
6863 5560755 403
6864 5561002 201
6865 5562029 12
6866 5563008 109
6867 5566348 98
6868 5566987 122
6869 5567205 219
6870 5567436 175
6871 5568188 41
6872 5569018 179
6873 5572008 15
6874 5572381 1
6875 5572575 62
6876 5574508 19
6877 5576161 41
6878 5576531 41
6879 5577169 174
6880 5577709 42
6881 5578385 31
6882 5578759 42
6883 5578894 1
6884 5580431 73
6885 5580861 15
6886 5581689 10
6887 5581762 147
6888 5581866 124
6889 5582097 29
6890 5582394 21
6891 5582768 13
6892 5583671 184
6893 5584036 127
6894 5584085 123
6895 5584922 79
6896 5586037 152
6897 5587725 27
6898 5589127 159
6899 5590034 32
6900 5590486 34
6901 5590674 71
6902 5590699 150
6903 5591714 86
6904 5593278 11
6905 5594590 129
6906 5595233 260
6907 5595375 34
6908 5597787 40
6909 5599009 45
6910 5599299 132
6911 5601110 45
6912 5601822 20
6913 5603008 115
6914 5603680 551
6915 5604049 7
6916 5604054 21
6917 5604791 24
6918 5604808 260
6919 5605543 16
6920 5607933 260
6921 5609178 58
6922 5610412 59
6923 5610534 23
6924 5611881 157
6925 5614755 200
6926 5617288 405
6927 5617323 97
6928 5617844 77
6929 5618516 83
6930 5619218 49
6931 5621287 465
6932 5621417 60
6933 5621533 10
6934 5622050 185
6935 5622111 301
6936 5624947 160
6937 5625884 65
6938 5625909 133
6939 5626878 7
6940 5627263 70
6941 5627424 111
6942 5627488 6
6943 5627802 124
6944 5627876 248
6945 5628406 96
6946 5629375 42
6947 5629773 52
6948 5629890 66
6949 5630608 42
6950 5631217 25
6951 5632432 84
6952 5632942 14
6953 5633132 107
6954 5633921 130
6955 5634343 142
6956 5635161 57
6957 5636139 5
6958 5637751 21
6959 5638091 80
6960 5640425 484
6961 5640520 31
6962 5640665 2
6963 5642170 71
6964 5644187 8
6965 5647473 233
6966 5647830 20
6967 5649727 150
6968 5650728 70
6969 5651692 70
6970 5652236 199
6971 5654629 163
6972 5655586 34
6973 5656662 285
6974 5660022 63
6975 5660754 35
6976 5660800 26
6977 5660818 72
6978 5660882 76
6979 5661953 62
6980 5662943 58
6981 5667554 112
6982 5667716 224
6983 5667725 4
6984 5668100 55
6985 5670268 77
6986 5671080 138
6987 5672042 4
6988 5673224 220
6989 5674759 2
6990 5674789 320
6991 5675443 19
6992 5676117 5
6993 5678956 20
6994 5679226 2
6995 5680271 146
6996 5680459 67
6997 5681545 190
6998 5682109 155
6999 5685269 147
7000 5685304 347
7001 5686938 52
7002 5687729 119
7003 5687762 44
7004 5688107 96
7005 5689494 125
7006 5690197 95
7007 5692451 102
7008 5692721 83
7009 5693616 376
7010 5693950 35
7011 5695860 121
7012 5696411 15
7013 5696885 134
7014 5699338 18
7015 5700315 68
7016 5700949 2
7017 5701046 107
7018 5704996 3
7019 5705033 103
7020 5705214 49
7021 5705231 185
7022 5706376 109
7023 5707375 108
7024 5708244 5
7025 5708698 163
7026 5712438 59
7027 5713381 30
7028 5714079 15
7029 5715535 7
7030 5716617 42
7031 5718335 384
7032 5719247 102
7033 5720777 57
7034 5722685 187
7035 5722846 441
7036 5723312 78
7037 5723831 68
7038 5724169 192
7039 5724581 227
7040 5725346 137
7041 5726604 131
7042 5728131 230
7043 5728529 182
7044 5728552 15
7045 5729755 227
7046 5730387 29
7047 5731678 82
7048 5732314 138
7049 5732658 211
7050 5733514 19
7051 5735142 24
7052 5735313 146
7053 5736763 65
7054 5736995 75
7055 5737599 87
7056 5737694 352
7057 5737915 85
7058 5738985 12
7059 5738994 21
7060 5740303 24
7061 5740629 54
7062 5740910 4
7063 5742292 314
7064 5742472 34
7065 5743922 90
7066 5745621 112
7067 5745983 16
7068 5745990 23
7069 5746127 180
7070 5746296 129
7071 5746306 5
7072 5748778 67
7073 5749510 82
7074 5750252 106
7075 5750533 63
7076 5752524 46
7077 5752765 56
7078 5752844 14
7079 5753190 51
7080 5753882 254
7081 5754123 28
7082 5755789 240
7083 5756679 10
7084 5757772 134
7085 5758197 22
7086 5758213 41
7087 5758605 230
7088 5759390 12
7089 5761778 39
7090 5762176 16
7091 5764830 64
7092 5766092 15
7093 5766590 39
7094 5767347 204
7095 5767362 168
7096 5767580 230
7097 5768157 77
7098 5768535 31
7099 5768764 12
7100 5770587 112
7101 5770712 124
7102 5771037 356
7103 5771065 73
7104 5771683 16
7105 5771976 6
7106 5772552 39
7107 5773589 239
7108 5773761 79
7109 5775829 183
7110 5776577 61
7111 5777735 126
7112 5779234 20
7113 5781509 17
7114 5782661 15
7115 5782985 41
7116 5783870 284
7117 5784654 214
7118 5785447 10
7119 5787080 72
7120 5789174 10
7121 5789676 20
7122 5789727 76
7123 5790693 181
7124 5791111 83
7125 5792132 83
7126 5792519 71
7127 5793352 96
7128 5793442 51
7129 5793991 333
7130 5795055 188
7131 5795074 10
7132 5796336 40
7133 5797238 81
7134 5798567 89
7135 5798860 67
7136 5799301 182
7137 5801843 25
7138 5802822 444
7139 5803454 4
7140 5803511 4
7141 5804121 190
7142 5804645 129
7143 5805212 82
7144 5805611 10
7145 5806943 16
7146 5809285 4
7147 5810072 161
7148 5810214 170
7149 5810826 81
7150 5813941 49
7151 5814852 15
7152 5815876 107
7153 5816093 2
7154 5816899 44
7155 5817109 4
7156 5817764 14
7157 5818265 28
7158 5819005 111
7159 5820540 100
7160 5820734 2
7161 5822181 479
7162 5822313 29
7163 5822595 88
7164 5823186 21
7165 5824104 40
7166 5826990 208
7167 5827035 401
7168 5827173 54
7169 5829404 233
7170 5832980 50
7171 5833627 81
7172 5834725 275
7173 5835989 171
7174 5837164 60
7175 5837350 203
7176 5837746 81
7177 5838871 434
7178 5838947 3
7179 5839524 38
7180 5840702 11
7181 5841080 246
7182 5841838 49
7183 5843400 58
7184 5844166 48
7185 5844576 7
7186 5844804 87
7187 5845896 83
7188 5845978 92
7189 5846213 151
7190 5846661 193
7191 5847943 66
7192 5848272 273
7193 5848406 38
7194 5848587 41
7195 5849994 10
7196 5851098 68
7197 5851110 166
7198 5851251 8
7199 5851649 170
7200 5852619 81
7201 5852717 57
7202 5853194 369
7203 5853891 114
7204 5854104 214
7205 5855419 99
7206 5856760 90
7207 5859947 38
7208 5860140 75
7209 5861011 177
7210 5861890 109
7211 5862872 25
7212 5863272 79
7213 5863386 85
7214 5863828 18
7215 5863873 41
7216 5864409 36
7217 5865085 212
7218 5867190 55
7219 5868964 42
7220 5869479 43
7221 5869587 138
7222 5870951 116
7223 5872777 175
7224 5873286 151
7225 5874588 94
7226 5874800 114
7227 5875835 7
7228 5876477 159
7229 5876994 267
7230 5877275 96
7231 5878053 44
7232 5878074 163
7233 5878819 31
7234 5880847 72
7235 5881634 38
7236 5882312 32
7237 5882360 196
7238 5883797 57
7239 5884228 139
7240 5884451 8
7241 5884915 84
7242 5885069 131
7243 5885914 11
7244 5887104 272
7245 5888156 127
7246 5890516 6
7247 5890671 168
7248 5891131 13
7249 5891337 65
7250 5893999 58
7251 5894023 223
7252 5894056 102
7253 5895667 38
7254 5895825 58
7255 5899000 10
7256 5899256 476
7257 5899792 410
7258 5900107 51
7259 5900341 24
7260 5900987 45
7261 5901297 73
7262 5901787 39
7263 5902694 197
7264 5902883 150
7265 5904682 206
7266 5906510 48
7267 5907194 9
7268 5907609 37
7269 5907691 3
7270 5908916 59
7271 5909100 18
7272 5910531 85
7273 5911086 36
7274 5911393 8
7275 5911501 75
7276 5913654 138
7277 5916024 65
7278 5917219 101
7279 5917776 114
7280 5918106 9
7281 5918185 14
7282 5919343 109
7283 5921008 4
7284 5921268 91
7285 5921728 39
7286 5921878 64
7287 5923928 20
7288 5923979 188
7289 5924634 48
7290 5924817 117
7291 5927154 188
7292 5927947 99
7293 5928260 111
7294 5928491 30
7295 5929203 78
7296 5929541 15
7297 5929777 41
7298 5931241 20
7299 5931274 184
7300 5934940 68
7301 5935465 64
7302 5936138 53
7303 5936185 14
7304 5937068 58
7305 5937398 57
7306 5939388 262
7307 5939406 37
7308 5939629 305
7309 5940463 123
7310 5940570 6
7311 5941141 47
7312 5942466 29
7313 5943010 393
7314 5944230 215
7315 5945269 27
7316 5945396 98
7317 5945844 7
7318 5947637 40
7319 5948755 197
7320 5950169 27
7321 5950519 36
7322 5950889 31
7323 5950943 44
7324 5951476 9
7325 5952206 154
7326 5953698 50
7327 5954398 36
7328 5955057 124
7329 5955653 43
7330 5957578 236
7331 5959275 73
7332 5959700 5
7333 5960644 51
7334 5961006 221
7335 5961230 12
7336 5963048 10
7337 5963336 159
7338 5963522 218
7339 5964418 173
7340 5964575 90
7341 5965249 8
7342 5965435 37
7343 5966694 313
7344 5966961 116
7345 5967782 12
7346 5969023 30
7347 5969921 157
7348 5970204 58
7349 5970416 106
7350 5971608 204
7351 5971807 146
7352 5972957 82
7353 5974688 22
7354 5976276 10
7355 5976402 4
7356 5977223 105
7357 5978472 21
7358 5981199 6
7359 5981532 111
7360 5982924 39
7361 5983917 80
7362 5984046 169
7363 5984491 25
7364 5984664 259
7365 5985416 24
7366 5985587 111
7367 5986194 157
7368 5988833 21
7369 5989328 100
7370 5989662 99
7371 5991569 213
7372 5991801 47
7373 5993691 78
7374 5994880 357
7375 5996273 297
7376 5996665 31
7377 5997892 48
7378 5999195 303
7379 6001207 21
7380 6001516 18
7381 6002077 38
7382 6002420 51
7383 6002457 16
7384 6002546 142
7385 6004610 44
7386 6005892 28
7387 6009310 159
7388 6010402 85
7389 6010692 96
7390 6011488 121
7391 6012158 15
7392 6012550 76
7393 6013529 73
7394 6013597 41
7395 6013629 2
7396 6013902 45
7397 6014745 106
7398 6016440 55
7399 6017842 161
7400 6018607 17
7401 6019355 129
7402 6020141 71
7403 6020276 181
7404 6021157 55
7405 6022202 85
7406 6022884 23
7407 6022913 9
7408 6023391 176
7409 6023979 11
7410 6024889 386
7411 6025003 32
7412 6026367 21
7413 6027151 49
7414 6028066 171
7415 6029154 28
7416 6029356 103
7417 6029751 372
7418 6029783 13
7419 6031841 13
7420 6033414 12
7421 6033705 69
7422 6034230 150
7423 6034309 382
7424 6034364 100
7425 6035521 29
7426 6037752 414
7427 6039045 334
7428 6040066 227
7429 6040331 15
7430 6041827 42
7431 6042135 5
7432 6042515 110
7433 6043137 169
7434 6043337 104
7435 6045420 9
7436 6045973 13
7437 6045983 33
7438 6046676 313
7439 6046980 167
7440 6049096 105
7441 6050221 58
7442 6050338 2
7443 6050875 85
7444 6053599 107
7445 6054702 92
7446 6055075 39
7447 6055277 220
7448 6055621 1
7449 6057111 11
7450 6057339 291
7451 6062728 9
7452 6063055 38
7453 6064780 50
7454 6065045 34
7455 6065469 163
7456 6065700 35
7457 6067184 38
7458 6069330 220
7459 6074151 22
7460 6074859 7
7461 6075803 84
7462 6075910 161
7463 6076864 50
7464 6078186 60
7465 6078506 74
7466 6078923 58
7467 6079943 15
7468 6080685 278
7469 6081538 65
7470 6082906 2
7471 6083109 108
7472 6083198 115
7473 6083404 8
7474 6083913 223
7475 6084021 229
7476 6084101 42
7477 6084597 122
7478 6084751 15
7479 6085600 164
7480 6086933 50
7481 6087026 12
7482 6087409 21
7483 6088002 4
7484 6088168 19
7485 6088200 92
7486 6088343 85
7487 6089326 121
7488 6089583 99
7489 6090302 191
7490 6091379 19
7491 6092034 61
7492 6092075 165
7493 6096665 160
7494 6097342 28
7495 6099992 16
7496 6100987 26
7497 6102056 44
7498 6102204 24
7499 6102532 145
7500 6105333 67
7501 6106156 196
7502 6107136 53
7503 6108134 24
7504 6108266 25
7505 6108855 164
7506 6108873 6
7507 6108935 553
7508 6109182 200
7509 6109547 221
7510 6110409 182
7511 6110607 19
7512 6110641 94
7513 6110879 4
7514 6111071 104
7515 6111184 99
7516 6111889 48
7517 6115350 103
7518 6115451 338
7519 6116355 6
7520 6116609 422
7521 6117715 172
7522 6118819 9
7523 6119056 12
7524 6120355 16
7525 6120586 39
7526 6121598 215
7527 6121630 81
7528 6121941 72
7529 6122111 18
7530 6123280 75
7531 6123595 226
7532 6124408 27
7533 6125475 66
7534 6125790 48
7535 6128336 100
7536 6128569 33
7537 6129515 39
7538 6129669 61
7539 6131276 21
7540 6132931 67
7541 6133236 169
7542 6134121 53
7543 6134810 21
7544 6135433 104
7545 6135761 114
7546 6136695 23
7547 6137153 119
7548 6138143 51
7549 6138556 31
7550 6138837 299
7551 6141168 329
7552 6142020 52
7553 6144113 154
7554 6144250 56
7555 6145217 128
7556 6145243 2
7557 6145365 177
7558 6145475 8
7559 6146684 8
7560 6147077 378
7561 6147659 116
7562 6148087 34
7563 6148911 95
7564 6149316 183
7565 6149623 2
7566 6150198 34
7567 6151095 45
7568 6152747 41
7569 6153707 118
7570 6154706 353
7571 6155053 170
7572 6155092 10
7573 6159158 45
7574 6159797 123
7575 6161406 44
7576 6161475 185
7577 6161673 31
7578 6162368 25
7579 6164418 26
7580 6166157 29
7581 6166493 45
7582 6166669 55
7583 6168037 118
7584 6169754 70
7585 6170446 23
7586 6171688 3
7587 6172310 49
7588 6172332 7
7589 6172594 24
7590 6173038 78
7591 6174199 24
7592 6174776 35
7593 6175521 215
7594 6175559 303
7595 6178111 68
7596 6178276 346
7597 6178341 37
7598 6179853 41
7599 6180709 163
7600 6180815 155
7601 6181802 86
7602 6182019 16
7603 6182900 42
7604 6183086 139
7605 6185098 9
7606 6186172 239
7607 6186711 319
7608 6187090 81
7609 6188864 173
7610 6189091 97
7611 6189708 28
7612 6190900 103
7613 6192520 13
7614 6193529 12
7615 6193811 17
7616 6195672 66
7617 6197333 150
7618 6198419 87
7619 6199245 214
7620 6200195 157
7621 6200425 145
7622 6200802 62
7623 6201197 49
7624 6202120 94
7625 6206092 185
7626 6208206 67
7627 6209480 53
7628 6209567 182
7629 6210158 36
7630 6210544 18
7631 6210668 46
7632 6212307 51
7633 6214302 333
7634 6214653 6
7635 6214952 135
7636 6216299 197
7637 6218571 52
7638 6218707 10
7639 6222064 88
7640 6222303 127
7641 6222399 43
7642 6223542 5
7643 6223589 20
7644 6226083 108
7645 6226374 54
7646 6227416 58
7647 6227550 107
7648 6228043 45
7649 6229330 251
7650 6232148 198
7651 6232654 361
7652 6233048 116
7653 6233361 67
7654 6233782 157
7655 6233950 12
7656 6234063 18
7657 6234518 182
7658 6235064 31
7659 6236100 35
7660 6236243 43
7661 6237476 89
7662 6240022 64
7663 6240934 64
7664 6241880 73
7665 6243769 287
7666 6244084 27
7667 6245615 90
7668 6246028 383
7669 6246263 72
7670 6247143 447
7671 6247854 162
7672 6247981 209
7673 6248147 22
7674 6248795 85
7675 6248931 36
7676 6249916 83
7677 6251647 62
7678 6252690 13
7679 6252868 404
7680 6252974 313
7681 6253234 115
7682 6253656 161
7683 6253663 102
7684 6253888 17
7685 6254191 18
7686 6257192 60
7687 6258657 14
7688 6260251 5
7689 6262692 182
7690 6262743 24
7691 6264357 64
7692 6264420 504
7693 6264867 65
7694 6265829 8
7695 6268238 112
7696 6269812 93
7697 6270165 69
7698 6270291 38
7699 6270865 13
7700 6271539 228
7701 6271645 51
7702 6271973 55
7703 6272245 188
7704 6272384 140
7705 6273332 1
7706 6273441 35
7707 6274616 137
7708 6275008 142
7709 6276870 58
7710 6277110 321
7711 6277531 69
7712 6278157 175
7713 6278626 260
7714 6278752 390
7715 6279093 206
7716 6279643 15
7717 6279833 53
7718 6280545 87
7719 6280758 126
7720 6280943 49
7721 6281322 34
7722 6281420 10
7723 6282521 118
7724 6282963 77
7725 6283360 7
7726 6284657 151
7727 6285418 160
7728 6285566 240
7729 6285566 49
7730 6286363 156
7731 6286707 99
7732 6287091 25
7733 6287673 29
7734 6287924 147
7735 6288214 105
7736 6288216 7
7737 6288740 34
7738 6288842 103
7739 6289002 55
7740 6289699 322
7741 6289964 61
7742 6289993 23
7743 6290709 106
7744 6291215 223
7745 6291613 22
7746 6292784 61
7747 6293041 46
7748 6293309 18
7749 6295999 21
7750 6296875 57
7751 6297385 6
7752 6298142 73
7753 6298677 54
7754 6299416 29
7755 6300387 200
7756 6301585 167
7757 6302582 75
7758 6303419 90
7759 6303985 35
7760 6304523 231
7761 6305324 20
7762 6305551 28
7763 6307119 25
7764 6308035 8
7765 6310235 72
7766 6310306 43
7767 6312906 147
7768 6313542 100
7769 6314059 71
7770 6314072 178
7771 6314747 2
7772 6314902 39
7773 6316179 374
7774 6316652 4
7775 6317217 49
7776 6318285 290
7777 6318797 22
7778 6318822 153
7779 6318929 14
7780 6319186 42
7781 6320586 13
7782 6320804 51
7783 6322279 73
7784 6323038 176
7785 6323463 17
7786 6324089 84
7787 6324632 43
7788 6326727 78
7789 6327521 304
7790 6328149 91
7791 6330068 22
7792 6330678 88
7793 6330913 26
7794 6331515 66
7795 6331520 66
7796 6331612 41
7797 6331614 138
7798 6331763 69
7799 6335436 184
7800 6335966 161
7801 6336230 231
7802 6338717 123
7803 6338766 1
7804 6338988 7
7805 6339413 28
7806 6339948 293
7807 6340729 86
7808 6341515 56
7809 6342428 20
7810 6342446 128
7811 6342529 410
7812 6344927 17
7813 6345542 8
7814 6346454 6
7815 6346934 111
7816 6347498 21
7817 6347699 98
7818 6347796 77
7819 6348073 12
7820 6348356 290
7821 6348423 32
7822 6348565 117
7823 6349988 97
7824 6351878 82
7825 6352836 250
7826 6353810 106
7827 6354070 148
7828 6354239 3
7829 6354679 32
7830 6356802 3
7831 6358288 182
7832 6358722 73
7833 6360819 16
7834 6361399 254
7835 6361665 106
7836 6362099 61
7837 6362253 15
7838 6362758 82
7839 6362943 98
7840 6363828 47
7841 6365176 149
7842 6365410 131
7843 6365576 44
7844 6366739 217
7845 6367311 109
7846 6368112 167
7847 6371400 92
7848 6371806 57
7849 6372007 138
7850 6372569 255
7851 6373339 155
7852 6375500 15
7853 6375993 27
7854 6376438 218
7855 6378505 52
7856 6378693 142
7857 6379310 46
7858 6380748 51
7859 6381376 18
7860 6382189 157
7861 6382570 113
7862 6383055 47
7863 6383257 6
7864 6384133 23
7865 6385180 78
7866 6385775 4
7867 6386316 208
7868 6386922 20
7869 6386974 110
7870 6387662 89
7871 6389671 6
7872 6390965 15
7873 6393081 163
7874 6393588 131
7875 6394327 52
7876 6394507 68
7877 6394577 164
7878 6395089 96
7879 6395744 73
7880 6396756 142
7881 6397258 102
7882 6398267 79
7883 6398331 51
7884 6398673 186
7885 6398692 158
7886 6399692 32
7887 6399710 71
7888 6400188 73
7889 6400950 104
7890 6401436 11
7891 6403834 18
7892 6405747 39
7893 6406563 29
7894 6406846 208
7895 6408034 51
7896 6409740 1
7897 6410357 8
7898 6411958 68
7899 6412094 114
7900 6412154 200
7901 6412510 451
7902 6412576 92
7903 6412811 14
7904 6414391 25
7905 6414419 206
7906 6415949 26
7907 6416246 91
7908 6417074 9
7909 6418437 111
7910 6418611 260
7911 6418677 123
7912 6419157 47
7913 6420049 107
7914 6420388 27
7915 6420680 30
7916 6420731 188
7917 6420887 94
7918 6422522 157
7919 6422539 7
7920 6422604 30
7921 6423255 201
7922 6423318 99
7923 6423758 55
7924 6423873 226
7925 6426265 65
7926 6427096 126
7927 6427114 131
7928 6427735 189
7929 6428072 414
7930 6428354 147
7931 6428990 9
7932 6430140 39
7933 6431630 7
7934 6431712 16
7935 6432658 418
7936 6433678 48
7937 6434288 39
7938 6434544 139
7939 6435094 58
7940 6435130 32
7941 6435423 383
7942 6437315 29
7943 6437948 38
7944 6437960 85
7945 6438462 138
7946 6439036 80
7947 6439358 225
7948 6439682 127
7949 6440208 127
7950 6440322 18
7951 6441711 90
7952 6441877 55
7953 6441918 63
7954 6442652 207
7955 6443821 98
7956 6444075 131
7957 6444824 261
7958 6445053 44
7959 6445657 138
7960 6445978 20
7961 6446335 102
7962 6446568 40
7963 6446823 10
7964 6446992 130
7965 6449353 119
7966 6449763 28
7967 6450954 18
7968 6451164 125
7969 6452462 115
7970 6453082 16
7971 6453517 144
7972 6453806 10
7973 6454223 52
7974 6454334 36
7975 6454799 130
7976 6454997 409
7977 6456688 31
7978 6457470 182
7979 6458599 50
7980 6462177 18
7981 6462180 95
7982 6463202 113
7983 6464271 24
7984 6464289 109
7985 6464428 92
7986 6464439 320
7987 6466527 27
7988 6470011 38
7989 6470035 214
7990 6470554 91
7991 6470702 114
7992 6470829 113
7993 6472753 24
7994 6473932 3
7995 6473978 10
7996 6474759 548
7997 6476621 77
7998 6477163 46
7999 6478519 278
8000 6479604 21
8001 6479946 29
8002 6480089 43
8003 6480644 112
8004 6480659 16
8005 6480691 33
8006 6480706 57
8007 6480973 6
8008 6480996 15
8009 6481407 48
8010 6482385 306
8011 6482793 15
8012 6483260 34
8013 6484988 66
8014 6485152 81
8015 6485240 62
8016 6485987 13
8017 6486087 217
8018 6487546 28
8019 6487830 31
8020 6487864 7
8021 6488084 152
8022 6488172 88
8023 6488948 34
8024 6489368 153
8025 6490001 5
8026 6490594 124
8027 6491488 14
8028 6491802 70
8029 6492478 180
8030 6493113 223
8031 6493257 39
8032 6493455 89
8033 6493689 80
8034 6493811 58
8035 6493942 16
8036 6498054 188
8037 6499671 40
8038 6499985 49
8039 6501038 120
8040 6501364 91
8041 6501791 4
8042 6501794 93
8043 6502032 74
8044 6502426 88
8045 6502508 2
8046 6504067 430
8047 6504822 43
8048 6505403 515
8049 6505865 161
8050 6506853 171
8051 6507229 142
8052 6509004 50
8053 6510212 83
8054 6510869 10
8055 6510962 78
8056 6511402 267
8057 6513251 43
8058 6513979 248
8059 6514917 43
8060 6514959 51
8061 6515026 58
8062 6515691 99
8063 6515774 37
8064 6516273 172
8065 6516673 9
8066 6516717 96
8067 6517816 260
8068 6520125 101
8069 6521056 146
8070 6521543 48
8071 6522599 131
8072 6525087 357
8073 6525351 7
8074 6527026 88
8075 6528341 33
8076 6529043 49
8077 6530240 19
8078 6530861 258
8079 6531988 125
8080 6532015 4
8081 6533907 22
8082 6534420 135
8083 6534972 144
8084 6535308 133
8085 6536040 95
8086 6536208 40
8087 6536730 152
8088 6536840 127
8089 6537223 202
8090 6537375 183
8091 6538391 171
8092 6539249 226
8093 6540776 128
8094 6541800 146
8095 6541849 65
8096 6542749 182
8097 6542793 22
8098 6543584 107
8099 6543936 163
8100 6544251 38
8101 6544707 58
8102 6544905 80
8103 6546827 205
8104 6549408 21
8105 6549607 191
8106 6551085 40
8107 6551437 555
8108 6552527 54
8109 6552648 103
8110 6552988 111
8111 6553084 36
8112 6553554 118
8113 6554053 149
8114 6554394 259
8115 6554713 1
8116 6555418 92
8117 6558698 264
8118 6558932 33
8119 6559026 57
8120 6560491 104
8121 6560928 155
8122 6561223 16
8123 6562771 120
8124 6562783 23
8125 6563659 43
8126 6565090 17
8127 6565326 495
8128 6565866 85
8129 6566890 38
8130 6567238 38
8131 6567740 89
8132 6568682 355
8133 6569397 90
8134 6569720 120
8135 6569864 46
8136 6569969 222
8137 6570035 114
8138 6570443 111
8139 6572020 26
8140 6572115 97
8141 6572415 53
8142 6573903 24
8143 6574995 12
8144 6575748 59
8145 6575828 9
8146 6576764 22
8147 6576918 56
8148 6578239 55
8149 6578278 64
8150 6579249 46
8151 6580050 188
8152 6580503 8
8153 6581180 5
8154 6582223 30
8155 6582283 36
8156 6582667 142
8157 6583090 31
8158 6583629 94
8159 6584755 2
8160 6585082 17
8161 6587092 71
8162 6587892 51
8163 6588273 250
8164 6588652 82
8165 6588967 128
8166 6589933 248
8167 6589973 146
8168 6591057 124
8169 6591446 185
8170 6592056 78
8171 6592456 44
8172 6593825 53
8173 6594113 27
8174 6594466 115
8175 6595374 152
8176 6595781 19
8177 6595874 67
8178 6596309 51
8179 6598918 43
8180 6598984 14
8181 6600005 112
8182 6600143 36
8183 6600295 133
8184 6601591 301
8185 6604349 72
8186 6604782 10
8187 6605296 26
8188 6605717 171
8189 6606974 16
8190 6607899 16
8191 6608955 205
8192 6609315 172
8193 6614104 157
8194 6614953 31
8195 6615058 9
8196 6615632 38
8197 6615986 216
8198 6616235 125
8199 6617175 35
8200 6617650 37
8201 6618272 122
8202 6620868 11
8203 6621164 28
8204 6621875 97
8205 6623891 86
8206 6625168 283
8207 6625368 74
8208 6626988 3
8209 6627321 94
8210 6627614 58
8211 6629201 61
8212 6629745 226
8213 6630294 43
8214 6630406 29
8215 6630523 104
8216 6633380 10
8217 6633436 97
8218 6633465 17
8219 6633499 227
8220 6635037 103
8221 6635959 64
8222 6637008 2
8223 6637341 32
8224 6638510 28
8225 6640151 117
8226 6641532 148
8227 6641600 45
8228 6642043 114
8229 6642351 6
8230 6643224 188
8231 6643261 15
8232 6645879 337
8233 6647502 4
8234 6647706 41
8235 6647949 183
8236 6648603 64
8237 6649670 74
8238 6653787 33
8239 6655090 51
8240 6655146 36
8241 6656578 39
8242 6656762 40
8243 6657667 35
8244 6658550 7
8245 6659500 42
8246 6659812 126
8247 6660677 51
8248 6663339 65
8249 6663730 54
8250 6664512 62
8251 6664558 55
8252 6665210 38
8253 6668096 12
8254 6668555 28
8255 6669104 11
8256 6669615 44
8257 6669964 38
8258 6671008 67
8259 6671725 43
8260 6671817 154
8261 6672502 30
8262 6672595 38
8263 6673467 154
8264 6674989 259
8265 6678040 159
8266 6679050 147
8267 6679935 56
8268 6680701 29
8269 6681646 8
8270 6681851 5
8271 6684484 145
8272 6684594 87
8273 6684719 9
8274 6685770 67
8275 6686424 183
8276 6687588 57
8277 6687712 105
8278 6688181 129
8279 6688480 146
8280 6689206 314
8281 6689457 31
8282 6689633 73
8283 6690452 76
8284 6690651 16
8285 6691258 10
8286 6691453 1
8287 6691795 446
8288 6692208 1
8289 6692215 5
8290 6694126 101
8291 6694231 214
8292 6695230 15
8293 6695838 9
8294 6696549 8
8295 6698477 45
8296 6699334 280
8297 6700427 44
8298 6700512 46
8299 6702979 40
8300 6703792 291
8301 6703793 192
8302 6704031 260
8303 6704114 23
8304 6704531 71
8305 6704594 216
8306 6704890 15
8307 6705062 8
8308 6705568 81
8309 6706016 149
8310 6706713 171
8311 6707370 15
8312 6709871 115
8313 6710210 153
8314 6712273 233
8315 6712721 49
8316 6713094 63
8317 6713476 54
8318 6713878 136
8319 6714508 56
8320 6715530 28
8321 6716797 12
8322 6717773 20
8323 6717918 51
8324 6717954 54
8325 6718485 42
8326 6720835 95
8327 6721436 52
8328 6721543 126
8329 6723856 4
8330 6724488 30
8331 6724701 76
8332 6725210 54
8333 6725303 61
8334 6725801 3
8335 6726596 60
8336 6726628 41
8337 6727211 116
8338 6727558 32
8339 6728423 15
8340 6729408 181
8341 6729626 25
8342 6730118 26
8343 6731343 37
8344 6731801 40
8345 6732350 52
8346 6733129 258
8347 6733287 35
8348 6733474 513
8349 6733628 37
8350 6733776 7
8351 6734106 27
8352 6734291 19
8353 6734358 212
8354 6735297 221
8355 6736890 133
8356 6736971 107
8357 6737341 20
8358 6738296 57
8359 6738914 218
8360 6740808 306
8361 6741886 13
8362 6742525 166
8363 6742535 73
8364 6743204 79
8365 6744337 109
8366 6744799 6
8367 6745263 93
8368 6745371 21
8369 6745814 3
8370 6746589 9
8371 6746990 173
8372 6748552 9
8373 6751040 4
8374 6751733 88
8375 6753196 97
8376 6753779 138
8377 6753855 62
8378 6754885 10
8379 6756005 32
8380 6756255 64
8381 6756767 14
8382 6758182 86
8383 6758193 29
8384 6758377 40
8385 6758405 183
8386 6758468 134
8387 6760413 101
8388 6763216 114
8389 6764731 87
8390 6765351 117
8391 6765395 93
8392 6765689 185
8393 6765867 6
8394 6766447 291
8395 6766918 266
8396 6767200 123
8397 6768866 135
8398 6769440 195
8399 6769539 46
8400 6769996 61
8401 6770449 353
8402 6771265 178
8403 6771350 351
8404 6772632 96
8405 6773731 184
8406 6775103 93
8407 6775275 94
8408 6779336 41
8409 6779678 36
8410 6779756 137
8411 6781045 63
8412 6782162 133
8413 6782575 21
8414 6783927 29
8415 6784240 38
8416 6784354 281
8417 6784362 56
8418 6785915 43
8419 6787635 170
8420 6788572 69
8421 6789079 25
8422 6789606 143
8423 6789634 103
8424 6790868 355
8425 6791544 7
8426 6792662 178
8427 6793006 2
8428 6795135 454
8429 6795356 56
8430 6795827 67
8431 6796088 14
8432 6796394 11
8433 6797395 43
8434 6802113 51
8435 6802453 2
8436 6803479 360
8437 6803728 188
8438 6804938 138
8439 6806579 9
8440 6807839 134
8441 6808858 26
8442 6809400 86
8443 6809581 36
8444 6809701 15
8445 6811661 1
8446 6811866 74
8447 6813101 46
8448 6813188 248
8449 6813246 280
8450 6813715 28
8451 6813953 15
8452 6814472 34
8453 6819736 111
8454 6820830 106
8455 6821029 59
8456 6821992 137
8457 6823105 43
8458 6823354 18
8459 6824161 277
8460 6825195 102
8461 6825411 97
8462 6826764 117
8463 6827005 18
8464 6827411 10
8465 6827885 1
8466 6830107 57
8467 6830480 82
8468 6830747 33
8469 6831502 21
8470 6831657 293
8471 6832630 173
8472 6833231 33
8473 6836879 10
8474 6837015 69
8475 6837142 95
8476 6839873 20
8477 6841691 334
8478 6843280 70
8479 6843320 44
8480 6843490 76
8481 6844875 79
8482 6846764 113
8483 6847024 9
8484 6847526 49
8485 6850155 292
8486 6850340 128
8487 6850581 30
8488 6851852 183
8489 6852112 44
8490 6852971 42
8491 6855533 55
8492 6857238 92
8493 6860309 78
8494 6861226 34
8495 6863435 427
8496 6864171 202
8497 6866401 467
8498 6867094 192
8499 6868663 205
8500 6869793 84
8501 6869919 154
8502 6870803 101
8503 6871256 106
8504 6871579 89
8505 6872037 145
8506 6873008 98
8507 6874488 69
8508 6875665 13
8509 6875683 2
8510 6876274 134
8511 6876895 90
8512 6878641 103
8513 6880027 15
8514 6880450 97
8515 6880638 190
8516 6882609 21
8517 6883441 97
8518 6884425 71
8519 6886369 165
8520 6887757 90
8521 6888241 29
8522 6889346 101
8523 6894030 183
8524 6897376 92
8525 6897691 35
8526 6898173 162
8527 6898454 31
8528 6899797 98
8529 6899875 398
8530 6900910 12
8531 6902675 50
8532 6903474 124
8533 6904608 104
8534 6906018 55
8535 6906069 77
8536 6908701 27
8537 6909522 201
8538 6910343 1
8539 6910645 118
8540 6910679 62
8541 6910928 33
8542 6911076 38
8543 6914505 122
8544 6915044 18
8545 6915558 44
8546 6917601 21
8547 6917849 37
8548 6918465 27
8549 6921405 38
8550 6922414 27
8551 6922480 237
8552 6923752 67
8553 6925277 102
8554 6925287 59
8555 6925621 43
8556 6926039 57
8557 6926897 55
8558 6926900 36
8559 6927849 2
8560 6929008 38
8561 6929176 46
8562 6929240 137
8563 6929625 84
8564 6930031 67
8565 6930584 29
8566 6931796 125
8567 6932004 119
8568 6932157 89
8569 6932416 165
8570 6932773 114
8571 6933300 32
8572 6934257 41
8573 6934606 90
8574 6939984 45
8575 6941217 127
8576 6941354 40
8577 6942253 7
8578 6942457 136
8579 6942481 50
8580 6942708 17
8581 6943935 103
8582 6945798 76
8583 6945901 29
8584 6946027 53
8585 6946232 5
8586 6946378 366
8587 6946458 2
8588 6946761 411
8589 6947081 13
8590 6947609 62
8591 6947989 12
8592 6948061 96
8593 6950243 59
8594 6951363 2
8595 6951811 78
8596 6952338 61
8597 6952616 95
8598 6954123 112
8599 6954320 24
8600 6956118 40
8601 6956345 54
8602 6956549 96
8603 6957879 9
8604 6957927 41
8605 6958103 10
8606 6958968 92
8607 6961039 105
8608 6961352 158
8609 6961828 146
8610 6961831 9
8611 6962056 198
8612 6962725 56
8613 6965431 54
8614 6965720 56
8615 6967379 21
8616 6967577 360
8617 6967633 11
8618 6968385 82
8619 6969656 339
8620 6969938 91
8621 6970079 127
8622 6970105 115
8623 6970200 34
8624 6970872 79
8625 6971247 1
8626 6971818 63
8627 6973020 149
8628 6974869 208
8629 6975063 109
8630 6975944 24
8631 6976102 40
8632 6978687 50
8633 6979889 232
8634 6980417 42
8635 6982239 113
8636 6982512 250
8637 6983307 43
8638 6983457 95
8639 6983637 96
8640 6985913 192
8641 6986404 26
8642 6988408 16
8643 6988599 88
8644 6989167 31
8645 6989598 7
8646 6990233 65
8647 6990700 214
8648 6993054 42
8649 6993160 38
8650 6993216 17
8651 6994230 158
8652 6995471 42
8653 6996214 485
8654 6996757 24
8655 6997066 113
8656 6997151 18
8657 6998234 35
8658 6998624 131
8659 6999245 42
8660 6999454 20
8661 7002545 58
8662 7002766 48
8663 7002817 324
8664 7003187 15
8665 7003411 21
8666 7005486 82
8667 7005887 132
8668 7006314 39
8669 7007290 247
8670 7007451 57
8671 7010263 68
8672 7012063 64
8673 7012486 24
8674 7013059 83
8675 7013392 133
8676 7015558 97
8677 7015621 64
8678 7015959 148
8679 7016296 12
8680 7016908 13
8681 7017631 130
8682 7020240 91
8683 7021140 140
8684 7021643 27
8685 7021747 32
8686 7021856 29
8687 7022210 6
8688 7024493 35
8689 7024969 290
8690 7025481 236
8691 7025490 40
8692 7025609 124
8693 7026178 189
8694 7026835 279
8695 7027374 130
8696 7028063 19
8697 7030262 66
8698 7030318 125
8699 7030570 7
8700 7031667 47
8701 7032333 54
8702 7033596 2
8703 7033625 10
8704 7034034 28
8705 7034460 356
8706 7034625 102
8707 7035820 82
8708 7036068 74
8709 7038871 65
8710 7039123 197
8711 7041137 35
8712 7041548 27
8713 7041673 4
8714 7042642 216
8715 7042764 921
8716 7045288 4
8717 7045542 50
8718 7045749 44
8719 7045870 159
8720 7046569 76
8721 7046894 40
8722 7046999 57
8723 7047382 18
8724 7048423 224
8725 7048962 128
8726 7048989 87
8727 7049700 91
8728 7049801 277
8729 7049952 191
8730 7051902 6
8731 7052239 112
8732 7052522 138
8733 7052642 152
8734 7052799 82
8735 7053256 120
8736 7054164 29
8737 7056195 203
8738 7056920 40
8739 7057240 105
8740 7059046 112
8741 7059816 243
8742 7060530 60
8743 7061088 55
8744 7061358 128
8745 7063072 51
8746 7064877 78
8747 7065515 224
8748 7065770 418
8749 7067846 118
8750 7068240 44
8751 7068966 78
8752 7069648 322
8753 7069671 7
8754 7071818 21
8755 7073871 66
8756 7075150 154
8757 7075632 24
8758 7076518 28
8759 7076826 32
8760 7077303 26
8761 7078299 52
8762 7078708 138
8763 7079096 36
8764 7080002 68
8765 7080113 180
8766 7081004 181
8767 7083324 107
8768 7083440 168
8769 7083453 38
8770 7083950 213
8771 7084116 108
8772 7084534 138
8773 7085654 17
8774 7086217 189
8775 7086873 3
8776 7088286 15
8777 7088626 94
8778 7088705 15
8779 7089223 206
8780 7089633 95
8781 7089880 143
8782 7090079 136
8783 7090529 161
8784 7090922 18
8785 7091187 6
8786 7091398 88
8787 7091490 39
8788 7091546 14
8789 7093314 167
8790 7093515 236
8791 7094200 97
8792 7095329 169
8793 7096628 15
8794 7097108 256
8795 7097193 220
8796 7099558 44
8797 7100956 55
8798 7101020 11
8799 7101213 23
8800 7101367 24
8801 7101553 6
8802 7101901 86
8803 7104569 3
8804 7105540 28
8805 7106120 262
8806 7106127 13
8807 7106740 38
8808 7106751 21
8809 7107304 84
8810 7109376 8
8811 7109994 312
8812 7110131 285
8813 7110924 37
8814 7113711 103
8815 7114979 87
8816 7115989 17
8817 7116864 11
8818 7117021 35
8819 7120363 98
8820 7121186 28
8821 7122423 80
8822 7124368 45
8823 7125938 142
8824 7126030 117
8825 7126476 16
8826 7128673 23
8827 7128787 96
8828 7129369 47
8829 7129459 45
8830 7129470 62
8831 7129531 14
8832 7129681 68
8833 7130985 126
8834 7131392 49
8835 7131535 64
8836 7131767 37
8837 7132875 68
8838 7133385 34
8839 7133540 110
8840 7135095 1
8841 7135343 174
8842 7136451 128
8843 7137035 232
8844 7137190 50
8845 7137438 25
8846 7137565 20
8847 7138177 49
8848 7138575 14
8849 7139322 78
8850 7139423 7
8851 7140088 289
8852 7140619 131
8853 7140980 84
8854 7141278 224
8855 7141607 69
8856 7142046 471
8857 7142421 235
8858 7143768 65
8859 7144378 89
8860 7144405 165
8861 7145105 114
8862 7145271 43
8863 7146199 153
8864 7147142 128
8865 7147296 6
8866 7149029 22
8867 7149546 45
8868 7149602 48
8869 7149789 23
8870 7150161 51
8871 7150341 17
8872 7150357 106
8873 7150415 9
8874 7150459 366
8875 7150809 3
8876 7151311 48
8877 7152576 6
8878 7153088 5
8879 7155815 105
8880 7156561 52
8881 7156675 21
8882 7157007 86
8883 7159747 18
8884 7163392 86
8885 7163966 56
8886 7164719 30
8887 7166667 89
8888 7166975 8
8889 7168191 429
8890 7169013 54
8891 7169221 26
8892 7169440 565
8893 7169543 49
8894 7170939 3
8895 7173541 12
8896 7174139 13
8897 7174218 147
8898 7174915 69
8899 7176692 257
8900 7176704 57
8901 7176970 36
8902 7177154 11
8903 7177484 37
8904 7178350 391
8905 7178377 219
8906 7180115 135
8907 7180517 119
8908 7180987 218
8909 7181512 9
8910 7182606 139
8911 7184521 27
8912 7184797 26
8913 7185451 90
8914 7185656 114
8915 7186223 95
8916 7187868 365
8917 7188702 19
8918 7189432 13
8919 7190857 76
8920 7191490 71
8921 7191544 256
8922 7192288 79
8923 7192459 157
8924 7192939 66
8925 7193339 110
8926 7193698 71
8927 7194399 13
8928 7194406 352
8929 7195007 44
8930 7195010 47
8931 7195327 77
8932 7195769 184
8933 7196633 9
8934 7196888 31
8935 7196976 211
8936 7197764 17
8937 7198390 80
8938 7198428 3
8939 7198428 35
8940 7199787 6
8941 7199954 148
8942 7201373 151
8943 7201405 136
8944 7202559 17
8945 7204502 214
8946 7204568 68
8947 7205154 60
8948 7205426 15
8949 7208868 60
8950 7208968 75
8951 7209037 189
8952 7209732 91
8953 7212016 49
8954 7212441 12
8955 7213980 88
8956 7214026 450
8957 7214359 69
8958 7214805 98
8959 7215326 2
8960 7215994 298
8961 7217036 350
8962 7218403 144
8963 7218821 89
8964 7219307 30
8965 7219942 105
8966 7221843 4
8967 7222379 27
8968 7222494 28
8969 7223458 70
8970 7223815 830
8971 7224101 56
8972 7224696 38
8973 7224933 77
8974 7225168 98
8975 7225171 57
8976 7225438 443
8977 7226297 47
8978 7227214 48
8979 7227447 116
8980 7227642 67
8981 7228676 2
8982 7228772 39
8983 7230963 8
8984 7230997 71
8985 7233184 143
8986 7233486 4
8987 7234497 18
8988 7234654 68
8989 7235998 9
8990 7236276 105
8991 7236788 131
8992 7237841 22
8993 7238659 8
8994 7239045 158
8995 7240991 208
8996 7241695 150
8997 7243362 164
8998 7243396 40
8999 7244559 58
9000 7244882 1
9001 7245495 116
9002 7245507 9
9003 7245882 71
9004 7246435 19
9005 7248733 134
9006 7249793 53
9007 7251292 202
9008 7253693 126
9009 7254525 75
9010 7254735 45
9011 7255548 169
9012 7255899 82
9013 7256142 42
9014 7257252 279
9015 7257497 106
9016 7257535 10
9017 7258295 46
9018 7258440 98
9019 7258655 26
9020 7258695 38
9021 7259353 160
9022 7259831 1
9023 7260178 258
9024 7260264 111
9025 7260517 12
9026 7261446 110
9027 7262575 14
9028 7263228 17
9029 7263349 72
9030 7264695 160
9031 7264710 31
9032 7265047 124
9033 7265421 112
9034 7265862 15
9035 7265891 50
9036 7266874 15
9037 7267077 37
9038 7267423 203
9039 7268514 112
9040 7268888 212
9041 7270959 163
9042 7271985 64
9043 7272149 306
9044 7272723 80
9045 7274678 25
9046 7279894 68
9047 7281238 218
9048 7281785 27
9049 7281924 56
9050 7282297 212
9051 7282813 278
9052 7282895 82
9053 7283116 40
9054 7285182 294
9055 7285729 72
9056 7285991 312
9057 7286141 43
9058 7286883 61
9059 7287555 44
9060 7290807 122
9061 7291557 87
9062 7291664 73
9063 7291762 173
9064 7295323 44
9065 7295383 14
9066 7295893 16
9067 7297876 82
9068 7297950 8
9069 7298325 7
9070 7299362 9
9071 7300921 72
9072 7301298 83
9073 7302005 18
9074 7302310 90
9075 7302675 83
9076 7305068 63
9077 7305360 97
9078 7305538 58
9079 7306575 52
9080 7306742 299
9081 7307504 7
9082 7307802 97
9083 7308878 120
9084 7310863 6
9085 7310969 8
9086 7311559 29
9087 7311924 168
9088 7312338 122
9089 7312687 438
9090 7314691 78
9091 7315442 262
9092 7318163 123
9093 7318181 196
9094 7318416 172
9095 7318922 54
9096 7319325 19
9097 7319668 20
9098 7321088 210
9099 7321586 59
9100 7322121 61
9101 7323254 12
9102 7324146 14
9103 7325591 77
9104 7327490 48
9105 7328644 48
9106 7329235 105
9107 7329417 61
9108 7333760 27
9109 7333779 77
9110 7333971 37
9111 7334107 155
9112 7334226 199
9113 7334738 282
9114 7335098 54
9115 7335777 24
9116 7337500 48
9117 7339995 227
9118 7344034 111
9119 7344586 230
9120 7346112 26
9121 7347595 271
9122 7348283 218
9123 7350308 39
9124 7350617 8
9125 7350869 35
9126 7352712 69
9127 7353063 184
9128 7353388 125
9129 7353608 262
9130 7353610 56
9131 7354555 190
9132 7354941 194
9133 7354996 13
9134 7355117 16
9135 7356900 59
9136 7358351 109
9137 7358862 111
9138 7359657 12
9139 7360259 51
9140 7362357 128
9141 7362395 89
9142 7362985 19
9143 7363662 87
9144 7364215 237
9145 7364448 121
9146 7366517 114
9147 7366753 65
9148 7366756 182
9149 7366877 146
9150 7367492 258
9151 7368518 105
9152 7369095 91
9153 7369120 33
9154 7369996 17
9155 7370662 2
9156 7371404 17
9157 7372721 18
9158 7372829 152
9159 7373044 38
9160 7378397 77
9161 7378686 69
9162 7379808 83
9163 7380946 179
9164 7381355 409
9165 7382016 39
9166 7382281 41
9167 7382892 22
9168 7382935 27
9169 7383114 14
9170 7384698 50
9171 7387007 43
9172 7388995 8
9173 7389432 204
9174 7390869 101
9175 7391976 32
9176 7393838 60
9177 7393865 16
9178 7394068 43
9179 7394089 83
9180 7394552 209
9181 7395255 2
9182 7395648 35
9183 7395678 3
9184 7395997 97
9185 7397248 7
9186 7398380 26
9187 7399271 18
9188 7400205 159
9189 7400518 135
9190 7401129 129
9191 7402192 95
9192 7402967 205
9193 7403729 64
9194 7404590 206
9195 7405721 246
9196 7407573 6
9197 7407657 60
9198 7409214 378
9199 7410815 19
9200 7411457 394
9201 7411879 58
9202 7413573 13
9203 7415155 55
9204 7415550 77
9205 7415954 288
9206 7416526 32
9207 7417279 11
9208 7417314 76
9209 7418701 404
9210 7419225 115
9211 7419872 191
9212 7420951 212
9213 7421975 153
9214 7422354 20
9215 7422723 72
9216 7423029 327
9217 7423720 5
9218 7424874 106
9219 7424920 11
9220 7427157 51
9221 7427275 1
9222 7428029 122
9223 7429362 148
9224 7430091 275
9225 7431399 147
9226 7431851 77
9227 7432482 79
9228 7433774 206
9229 7434405 270
9230 7434570 25
9231 7435431 109
9232 7436935 19
9233 7437574 449
9234 7440748 131
9235 7441238 16
9236 7442714 295
9237 7442962 42
9238 7443550 163
9239 7445606 146
9240 7445945 42
9241 7446237 151
9242 7448612 120
9243 7448834 130
9244 7449089 56
9245 7450460 49
9246 7451758 14
9247 7452526 99
9248 7453109 139
9249 7453843 47
9250 7456032 643
9251 7456303 169
9252 7456403 12
9253 7456684 2
9254 7456869 194
9255 7457882 208
9256 7458454 61
9257 7460021 31
9258 7460484 140
9259 7461730 24
9260 7464166 171
9261 7465293 100
9262 7465912 229
9263 7466942 242
9264 7468656 34
9265 7468799 23
9266 7469023 34
9267 7469095 140
9268 7469176 69
9269 7470326 108
9270 7471502 26
9271 7472163 53
9272 7472721 1
9273 7474484 18
9274 7474544 48
9275 7477002 55
9276 7477382 71
9277 7477476 4
9278 7477607 69
9279 7477990 89
9280 7478312 55
9281 7479423 176
9282 7479788 11
9283 7481804 12
9284 7482211 25
9285 7482888 106
9286 7483335 216
9287 7483413 4
9288 7483869 155
9289 7485769 75
9290 7486632 66
9291 7486636 74
9292 7488245 109
9293 7488588 99
9294 7490819 51
9295 7492104 293
9296 7492356 83
9297 7494196 70
9298 7495047 99
9299 7497275 49
9300 7497313 106
9301 7499055 1
9302 7499790 38
9303 7500011 30
9304 7500506 69
9305 7503024 49
9306 7504379 96
9307 7505491 229
9308 7507959 145
9309 7508823 70
9310 7510257 33
9311 7510940 160
9312 7512471 328
9313 7513386 34
9314 7514023 203
9315 7515013 9
9316 7515173 104
9317 7515386 1
9318 7516095 7
9319 7517345 38
9320 7519525 45
9321 7520502 359
9322 7520549 95
9323 7520771 29
9324 7522494 62
9325 7524415 156
9326 7525451 90
9327 7525975 97
9328 7526615 65
9329 7528274 308
9330 7529336 8
9331 7529503 35
9332 7531566 70
9333 7533395 2
9334 7533823 103
9335 7534004 62
9336 7534041 28
9337 7534332 9
9338 7534743 257
9339 7534877 157
9340 7537086 197
9341 7537357 43
9342 7540131 183
9343 7542518 80
9344 7543301 1
9345 7543706 1
9346 7544303 11
9347 7544366 21
9348 7544955 32
9349 7545232 143
9350 7545289 118
9351 7545321 50
9352 7545432 35
9353 7546202 38
9354 7547683 36
9355 7547688 10
9356 7548720 26
9357 7549289 59
9358 7549579 289
9359 7549611 156
9360 7550405 248
9361 7550970 1
9362 7552624 61
9363 7552846 46
9364 7554576 187
9365 7555074 84
9366 7555437 58
9367 7555458 81
9368 7556241 50
9369 7557519 31
9370 7557584 65
9371 7558805 24
9372 7559162 102
9373 7559354 294
9374 7560055 93
9375 7560973 20
9376 7562384 29
9377 7562500 203
9378 7565051 30
9379 7565525 89
9380 7565725 142
9381 7568287 14
9382 7569486 178
9383 7569616 226
9384 7570613 110
9385 7572006 449
9386 7572375 151
9387 7572871 1
9388 7573154 198
9389 7573813 75
9390 7574815 208
9391 7575439 134
9392 7576273 61
9393 7576558 190
9394 7576669 8
9395 7577379 114
9396 7578629 54
9397 7579319 132
9398 7579417 12
9399 7580307 117
9400 7580458 266
9401 7582271 703
9402 7582517 106
9403 7583324 91
9404 7583605 18
9405 7584276 197
9406 7587456 88
9407 7587547 143
9408 7589220 15
9409 7589911 228
9410 7590128 82
9411 7590557 236
9412 7590675 227
9413 7591763 69
9414 7591834 32
9415 7591848 249
9416 7593121 79
9417 7594457 31
9418 7594803 478
9419 7596281 56
9420 7596282 47
9421 7596596 111
9422 7598881 277
9423 7599426 105
9424 7600659 60
9425 7600832 97
9426 7601131 166
9427 7601567 540
9428 7602862 79
9429 7603531 8
9430 7604966 13
9431 7605688 37
9432 7606942 16
9433 7606960 263
9434 7607161 4
9435 7608073 18
9436 7608073 46
9437 7608954 45
9438 7609282 289
9439 7611072 25
9440 7611222 83
9441 7612004 7
9442 7612462 1
9443 7613661 12
9444 7614056 39
9445 7615872 218
9446 7616483 106
9447 7616807 12
9448 7617644 135
9449 7618523 35
9450 7619225 20
9451 7619543 229
9452 7620000 227
9453 7620213 63
9454 7620632 6
9455 7623285 95
9456 7623562 245
9457 7623731 90
9458 7623841 95
9459 7623855 140
9460 7624225 112
9461 7624635 65
9462 7624852 262
9463 7624964 99
9464 7625103 71
9465 7625384 22
9466 7625392 2
9467 7626444 5
9468 7627103 187
9469 7627802 9
9470 7627931 54
9471 7628151 38
9472 7628299 190
9473 7629032 12
9474 7629435 136
9475 7629459 448
9476 7630570 101
9477 7631332 311
9478 7636014 62
9479 7637077 38
9480 7637311 74
9481 7637955 329
9482 7638346 73
9483 7640469 86
9484 7640563 9
9485 7641161 151
9486 7642416 216
9487 7642490 18
9488 7642659 4
9489 7643108 8
9490 7644235 110
9491 7644308 11
9492 7646843 44
9493 7647771 139
9494 7648624 105
9495 7648892 92
9496 7649974 195
9497 7650422 57
9498 7651209 94
9499 7651837 21
9500 7653489 59
9501 7653668 24
9502 7653748 184
9503 7654064 196
9504 7654616 24
9505 7655227 45
9506 7659577 133
9507 7662491 11
9508 7664624 140
9509 7666859 82
9510 7667462 25
9511 7667667 16
9512 7668037 28
9513 7668991 48
9514 7669308 65
9515 7669554 53
9516 7669610 30
9517 7670254 76
9518 7671507 13
9519 7672030 199
9520 7672169 63
9521 7672444 49
9522 7672623 45
9523 7673948 137
9524 7674191 153
9525 7674265 213
9526 7674868 69
9527 7674916 21
9528 7676055 227
9529 7676611 190
9530 7676830 25
9531 7677391 42
9532 7679195 224
9533 7679666 82
9534 7680104 52
9535 7681708 132
9536 7681760 20
9537 7681969 221
9538 7682523 73
9539 7683799 13
9540 7684196 15
9541 7687122 50
9542 7687505 153
9543 7688454 61
9544 7688536 59
9545 7688748 19
9546 7689161 9
9547 7689194 108
9548 7690613 27
9549 7690622 129
9550 7690781 1
9551 7691531 54
9552 7691646 109
9553 7691744 34
9554 7691988 128
9555 7693658 34
9556 7696324 78
9557 7696776 35
9558 7697633 29
9559 7698730 116
9560 7699381 1
9561 7700453 46
9562 7701543 22
9563 7702537 55
9564 7703925 99
9565 7704370 82
9566 7704647 74
9567 7705431 126
9568 7709009 6
9569 7710157 46
9570 7710435 362
9571 7710438 7
9572 7710719 16
9573 7710842 165
9574 7711255 164
9575 7712131 387
9576 7713468 25
9577 7714588 79
9578 7715541 37
9579 7715890 65
9580 7716661 266
9581 7717265 173
9582 7717582 170
9583 7717682 76
9584 7719679 252
9585 7720275 180
9586 7720336 15
9587 7720769 60
9588 7721317 125
9589 7721653 43
9590 7721943 13
9591 7722796 67
9592 7723332 12
9593 7723345 7
9594 7723917 60
9595 7724092 92
9596 7724494 124
9597 7724957 203
9598 7725071 34
9599 7725078 49
9600 7727150 230
9601 7727683 47
9602 7728092 5
9603 7728933 35
9604 7729449 95
9605 7730221 268
9606 7730494 402
9607 7732044 95
9608 7732222 154
9609 7732544 62
9610 7733454 37
9611 7733734 80
9612 7733966 47
9613 7735257 45
9614 7735724 245
9615 7736466 79
9616 7736725 47
9617 7737142 86
9618 7738929 67
9619 7739572 56
9620 7739666 119
9621 7739739 252
9622 7739802 167
9623 7739851 341
9624 7742582 53
9625 7743535 30
9626 7744040 36
9627 7745094 144
9628 7747551 39
9629 7750747 45
9630 7750762 41
9631 7751166 175
9632 7751822 79
9633 7754518 248
9634 7754597 6
9635 7755363 62
9636 7756915 68
9637 7759174 175
9638 7759399 294
9639 7759436 78
9640 7759578 258
9641 7760473 9
9642 7761119 16
9643 7762298 45
9644 7762345 18
9645 7762575 43
9646 7764265 152
9647 7764403 97
9648 7764634 69
9649 7765400 24
9650 7765788 534
9651 7765901 24
9652 7766620 204
9653 7766634 154
9654 7766653 103
9655 7768223 61
9656 7768304 200
9657 7769958 66
9658 7771766 33
9659 7772923 24
9660 7774032 33
9661 7774578 153
9662 7774969 152
9663 7775046 39
9664 7775693 40
9665 7775851 139
9666 7777063 273
9667 7777768 6
9668 7778344 84
9669 7778476 333
9670 7778551 111
9671 7779330 46
9672 7780196 306
9673 7780591 69
9674 7783633 55
9675 7786696 154
9676 7788893 5
9677 7789382 170
9678 7789864 13
9679 7790153 73
9680 7790197 84
9681 7790451 41
9682 7790589 50
9683 7790679 18
9684 7791534 94
9685 7791801 15
9686 7791901 43
9687 7791945 46
9688 7792538 21
9689 7793221 7
9690 7797290 27
9691 7798383 109
9692 7798592 213
9693 7798697 12
9694 7799431 211
9695 7800648 123
9696 7801689 126
9697 7802019 13
9698 7802970 14
9699 7804869 12
9700 7805351 27
9701 7806852 223
9702 7807385 39
9703 7808213 7
9704 7809915 28
9705 7811799 288
9706 7812020 3
9707 7812249 210
9708 7812304 52
9709 7812571 45
9710 7813099 139
9711 7813203 264
9712 7814428 40
9713 7815160 178
9714 7815800 452
9715 7815973 34
9716 7816236 398
9717 7818426 112
9718 7819705 153
9719 7819816 51
9720 7819922 141
9721 7820805 35
9722 7821074 16
9723 7821952 32
9724 7821958 94
9725 7822376 132
9726 7823034 28
9727 7824255 16
9728 7824401 39
9729 7825904 11
9730 7826139 69
9731 7826359 5
9732 7826437 265
9733 7826621 182
9734 7830637 29
9735 7831036 62
9736 7831528 77
9737 7832707 224
9738 7832886 83
9739 7834850 69
9740 7836445 16
9741 7836453 55
9742 7836677 44
9743 7836945 41
9744 7837097 2
9745 7837723 235
9746 7838371 35
9747 7838824 10
9748 7838937 9
9749 7839342 88
9750 7840544 8
9751 7841195 100
9752 7842634 79
9753 7843577 102
9754 7843616 164
9755 7845460 318
9756 7845948 446
9757 7846074 76
9758 7846442 50
9759 7846621 18
9760 7846844 122
9761 7847208 47
9762 7847384 5
9763 7847939 354
9764 7851566 132
9765 7851707 67
9766 7852248 92
9767 7852717 97
9768 7852744 146
9769 7853077 50
9770 7854250 15
9771 7855869 30
9772 7856485 145
9773 7857536 36
9774 7857630 8
9775 7858891 120
9776 7859469 209
9777 7859507 159
9778 7860685 42
9779 7860859 25
9780 7861948 39
9781 7862043 103
9782 7864726 53
9783 7864727 9
9784 7865134 9
9785 7865705 69
9786 7865846 151
9787 7866517 212
9788 7866596 54
9789 7868552 94
9790 7869123 22
9791 7869483 50
9792 7869853 185
9793 7871359 468
9794 7873515 74
9795 7873819 1
9796 7874707 148
9797 7875952 163
9798 7876159 191
9799 7876602 31
9800 7877221 13
9801 7878262 49
9802 7879036 91
9803 7879708 103
9804 7879792 52
9805 7881613 255
9806 7882357 41
9807 7883215 38
9808 7883644 17
9809 7885166 95
9810 7885571 111
9811 7885701 169
9812 7888040 22
9813 7888331 81
9814 7888856 130
9815 7889150 3
9816 7889252 112
9817 7889298 152
9818 7889848 387
9819 7889943 28
9820 7890820 32
9821 7892642 36
9822 7894811 3
9823 7895277 14
9824 7895527 35
9825 7897695 173
9826 7898985 71
9827 7900180 253
9828 7901106 62
9829 7901715 44
9830 7902566 66
9831 7902791 58
9832 7904199 61
9833 7904212 93
9834 7904216 49
9835 7907525 150
9836 7907623 73
9837 7909264 5
9838 7910013 77
9839 7911146 92
9840 7911174 88
9841 7911817 123
9842 7911893 9
9843 7911928 218
9844 7912264 22
9845 7915944 75
9846 7919391 90
9847 7919661 124
9848 7920281 134
9849 7921749 105
9850 7921829 83
9851 7922884 45
9852 7923081 147
9853 7924758 35
9854 7925419 41
9855 7926009 204
9856 7927554 57
9857 7927630 48
9858 7928652 13
9859 7928782 21
9860 7928915 144
9861 7929530 73
9862 7929595 150
9863 7929762 145
9864 7930047 187
9865 7930193 27
9866 7930854 84
9867 7931532 5
9868 7931872 82
9869 7932260 297
9870 7933002 1
9871 7935241 267
9872 7935796 63
9873 7936903 17
9874 7937028 38
9875 7938026 10
9876 7938783 3
9877 7940100 116
9878 7940181 24
9879 7940276 33
9880 7940462 95
9881 7941130 96
9882 7942832 109
9883 7942871 112
9884 7945015 272
9885 7947125 206
9886 7948179 176
9887 7948487 2
9888 7951103 48
9889 7951818 151
9890 7953162 13
9891 7955914 103
9892 7956208 50
9893 7957401 292
9894 7957800 32
9895 7959953 2
9896 7961103 302
9897 7961193 21
9898 7962011 162
9899 7962021 21
9900 7962040 21
9901 7962218 119
9902 7962386 4
9903 7962517 5
9904 7963627 109
9905 7964834 113
9906 7965162 4
9907 7965274 23
9908 7965637 8
9909 7965720 316
9910 7966676 53
9911 7966881 57
9912 7967422 136
9913 7968598 247
9914 7969498 176
9915 7969564 213
9916 7970009 143
9917 7973416 59
9918 7973955 86
9919 7974502 33
9920 7974733 65
9921 7975128 89
9922 7975797 22
9923 7976067 19
9924 7976420 35
9925 7976796 26
9926 7977239 101
9927 7977446 52
9928 7978383 19
9929 7979940 54
9930 7980925 59
9931 7980929 53
9932 7981767 129
9933 7984057 136
9934 7984121 141
9935 7984446 30
9936 7985523 19
9937 7986354 154
9938 7986556 15
9939 7987430 155
9940 7988740 52
9941 7988776 44
9942 7988897 5
9943 7989359 116
9944 7990426 34
9945 7991555 62
9946 7992010 77
9947 7992940 87
9948 7993510 111
9949 7993706 110
9950 7994324 194
9951 7995294 77
9952 7996056 38
9953 7997163 157
9954 7997675 82
9955 7998747 6
9956 7999982 43
9957 8000225 434
9958 8000817 29
9959 8001101 217
9960 8002648 64
9961 8006439 157
9962 8007533 167
9963 8008869 46
9964 8010037 22
9965 8011100 85
9966 8011174 233
9967 8013565 10
9968 8014473 145
9969 8016784 156
9970 8017030 194
9971 8017146 93
9972 8018919 385
9973 8020606 66
9974 8022073 41
9975 8022342 106
9976 8023093 87
9977 8024474 158
9978 8026650 58
9979 8026844 432
9980 8029015 317
9981 8030460 38
9982 8031346 26
9983 8032059 2
9984 8033164 622
9985 8033280 178
9986 8034119 48
9987 8034550 97
9988 8035481 187
9989 8035752 7
9990 8035773 361
9991 8036373 91
9992 8036543 17
9993 8036629 53
9994 8037512 56
9995 8037684 24
9996 8039081 33
9997 8041129 228
9998 8041150 153
9999 8041338 103
10000 8042754 101
10001 8043329 174
10002 8046742 6
10003 8047185 18
10004 8048042 14
10005 8048782 143
10006 8048866 44
10007 8049008 83
10008 8051084 3
10009 8051487 30
10010 8051822 88
10011 8052859 133
10012 8053825 254
10013 8055446 51
10014 8056139 88
10015 8056188 62
10016 8056735 52
10017 8056816 227
10018 8057633 82
10019 8058804 4
10020 8059146 174
10021 8059962 40
10022 8060017 44
10023 8061719 76
10024 8062614 293
10025 8063624 81
10026 8063793 182
10027 8064480 138
10028 8065076 85
10029 8065212 94
10030 8065789 85
10031 8066142 178
10032 8068253 236
10033 8068403 274
10034 8068688 99
10035 8068787 106
10036 8068879 69
10037 8069054 10
10038 8069755 2
10039 8069779 72
10040 8070447 34
10041 8071904 34
10042 8072316 41
10043 8072597 13
10044 8073001 14
10045 8073698 5
10046 8073885 18
10047 8074584 130
10048 8076816 27
10049 8078126 38
10050 8078731 130
10051 8079109 140
10052 8079316 73
10053 8080278 15
10054 8081278 100
10055 8081710 185
10056 8084463 4
10057 8084698 70
10058 8085137 35
10059 8086042 170
10060 8086736 31
10061 8087478 11
10062 8088181 370
10063 8089889 6
10064 8091290 44
10065 8094877 14
10066 8095941 280
10067 8096760 138
10068 8096879 17
10069 8098444 29
10070 8098724 67
10071 8099099 205
10072 8102069 46
10073 8102375 67
10074 8102720 15
10075 8103203 24
10076 8103462 2
10077 8103562 119
10078 8103741 39
10079 8104314 33
10080 8104884 216
10081 8105081 132
10082 8105781 69
10083 8105827 1
10084 8108333 52
10085 8108681 98
10086 8108771 37
10087 8109307 99
10088 8109379 241
10089 8109982 152
10090 8110055 187
10091 8111519 92
10092 8112163 123
10093 8112395 78
10094 8113737 119
10095 8113860 5
10096 8114060 35
10097 8116516 96
10098 8116894 98
10099 8117365 11
10100 8117783 88
10101 8118427 12
10102 8118632 180
10103 8119982 61
10104 8120538 247
10105 8120919 93
10106 8121031 118
10107 8121641 12
10108 8121699 128
10109 8122173 31
10110 8122652 15
10111 8122760 429
10112 8122961 6
10113 8123034 68
10114 8123269 58
10115 8123772 23
10116 8124881 34
10117 8125760 82
10118 8126159 538
10119 8129310 93
10120 8130556 217
10121 8131321 90
10122 8133627 53
10123 8133711 161
10124 8133855 34
10125 8134868 15
10126 8135736 95
10127 8140553 100
10128 8140984 84
10129 8141226 168
10130 8141926 179
10131 8142605 159
10132 8144199 32
10133 8144359 242
10134 8144814 211
10135 8144876 8
10136 8147765 10
10137 8148644 43
10138 8149090 95
10139 8149703 87
10140 8150002 87
10141 8150152 127
10142 8150231 61
10143 8150410 107
10144 8150736 75
10145 8150981 247
10146 8151098 38
10147 8151628 60
10148 8151822 74
10149 8152603 178
10150 8155382 168
10151 8155664 34
10152 8156017 10
10153 8156484 533
10154 8156611 176
10155 8156910 390
10156 8157253 195
10157 8157290 25
10158 8157986 2
10159 8158674 39
10160 8158783 102
10161 8158795 349
10162 8159928 87
10163 8160096 30
10164 8161122 22
10165 8161229 9
10166 8162101 3
10167 8162137 47
10168 8162457 12
10169 8162675 117
10170 8163314 165
10171 8163502 42
10172 8167529 119
10173 8169489 148
10174 8169974 13
10175 8172739 37
10176 8174150 69
10177 8174603 66
10178 8174715 51
10179 8176109 4
10180 8177451 70
10181 8178608 161
10182 8179536 165
10183 8179956 43
10184 8180769 114
10185 8181041 38
10186 8182389 54
10187 8184498 196
10188 8185223 30
10189 8185247 166
10190 8186541 69
10191 8186579 183
10192 8187530 224
10193 8187611 78
10194 8188077 10
10195 8188554 5
10196 8188610 186
10197 8189177 27
10198 8189400 223
10199 8191607 50
10200 8192595 121
10201 8194619 92
10202 8196812 88
10203 8197059 63
10204 8197689 29
10205 8200572 59
10206 8201647 16
10207 8202175 54
10208 8203188 29
10209 8203731 134
10210 8203878 12
10211 8204191 100
10212 8204609 38
10213 8204687 19
10214 8207779 206
10215 8209307 47
10216 8209370 136
10217 8209444 51
10218 8209899 7
10219 8210504 21
10220 8210594 49
10221 8211515 70
10222 8211568 5
10223 8214348 92
10224 8216162 214
10225 8217176 90
10226 8217277 193
10227 8217383 61
10228 8217729 59
10229 8217826 87
10230 8218070 9
10231 8218173 79
10232 8218576 43
10233 8220731 172
10234 8221456 29
10235 8221479 105
10236 8222650 12
10237 8223183 42
10238 8224265 10
10239 8225217 46
10240 8225493 72
10241 8225927 163
10242 8226154 286
10243 8230541 29
10244 8230810 74
10245 8230990 8
10246 8230995 339
10247 8234658 5
10248 8235154 9
10249 8235216 235
10250 8236200 133
10251 8237595 22
10252 8238452 11
10253 8238832 46
10254 8239365 70
10255 8240380 43
10256 8240692 357
10257 8241059 58
10258 8243165 12
10259 8243978 55
10260 8244308 68
10261 8244911 184
10262 8245465 282
10263 8248069 239
10264 8248468 216
10265 8249148 179
10266 8249155 5
10267 8250166 35
10268 8251484 49
10269 8251502 15
10270 8253213 9
10271 8253250 19
10272 8254507 43
10273 8255212 186
10274 8255355 192
10275 8256003 140
10276 8257515 382
10277 8258975 19
10278 8259937 31
10279 8262536 47
10280 8263191 24
10281 8264887 170
10282 8265127 52
10283 8265329 24
10284 8265395 107
10285 8266428 77
10286 8267302 73
10287 8267525 51
10288 8267857 60
10289 8268665 53
10290 8269268 27
10291 8270573 85
10292 8270881 5
10293 8271133 50
10294 8271995 132
10295 8272196 39
10296 8272405 4
10297 8273820 67
10298 8273983 14
10299 8274560 34
10300 8275352 13
10301 8275559 75
10302 8275752 81
10303 8277971 105
10304 8278415 289
10305 8279746 546
10306 8280515 48
10307 8281242 11
10308 8281482 74
10309 8282208 23
10310 8282395 79
10311 8282710 88
10312 8286176 189
10313 8286456 338
10314 8287485 6
10315 8288470 7
10316 8289064 78
10317 8289074 75
10318 8290871 126
10319 8291589 27
10320 8291920 57
10321 8294760 127
10322 8297530 38
10323 8298385 48
10324 8298576 48
10325 8298925 178
10326 8299002 199
10327 8299549 12
10328 8300188 4
10329 8300362 260
10330 8303681 23
10331 8303882 60
10332 8304215 34
10333 8304341 63
10334 8304753 269
10335 8304773 127
10336 8305560 42
10337 8306423 41
10338 8306471 3
10339 8306912 30
10340 8307253 55
10341 8307684 86
10342 8307844 78
10343 8308122 86
10344 8308401 96
10345 8308725 98
10346 8309850 138
10347 8310278 35
10348 8311133 112
10349 8312810 294
10350 8313135 327
10351 8314324 183
10352 8314801 12
10353 8315066 178
10354 8315371 112
10355 8318082 11
10356 8318469 145
10357 8318546 81
10358 8319610 16
10359 8321451 23
10360 8321526 18
10361 8321551 13
10362 8322053 8
10363 8322256 92
10364 8322537 14
10365 8322713 85
10366 8322715 25
10367 8324117 61
10368 8325294 59
10369 8325720 187
10370 8325982 243
10371 8326918 6
10372 8329088 187
10373 8329766 56
10374 8330110 249
10375 8331055 163
10376 8331931 46
10377 8334193 78
10378 8334333 135
10379 8335487 145
10380 8336227 64
10381 8338300 12
10382 8338537 72
10383 8338733 130
10384 8339178 53
10385 8339428 229
10386 8339735 178
10387 8339790 20
10388 8340100 58
10389 8341232 62
10390 8341270 35
10391 8341458 83
10392 8341557 79
10393 8342403 96
10394 8342781 29
10395 8343618 26
10396 8344080 83
10397 8344251 304
10398 8344512 12
10399 8344871 84
10400 8345426 194
10401 8346715 103
10402 8347392 36
10403 8348563 41
10404 8349072 215
10405 8349613 26
10406 8349677 25
10407 8349848 65
10408 8349856 54
10409 8352372 23
10410 8352377 337
10411 8353885 25
10412 8354119 209
10413 8354996 138
10414 8355060 289
10415 8356202 34
10416 8356412 120
10417 8356498 277
10418 8357018 176
10419 8358760 33
10420 8359858 98
10421 8360811 51
10422 8360924 102
10423 8361654 70
10424 8361830 317
10425 8362090 15
10426 8362302 44
10427 8362375 14
10428 8363024 53
10429 8363979 130
10430 8364334 8
10431 8365248 93
10432 8365611 78
10433 8365847 117
10434 8366287 2
10435 8366326 43
10436 8366405 133
10437 8366772 13
10438 8366865 6
10439 8367373 94
10440 8369878 4
10441 8369945 122
10442 8370231 6
10443 8370382 9
10444 8370635 163
10445 8371159 406
10446 8371516 299
10447 8372459 29
10448 8373220 63
10449 8374295 113
10450 8375757 100
10451 8378479 112
10452 8379057 22
10453 8381282 34
10454 8381681 87
10455 8382653 51
10456 8383346 46
10457 8385191 92
10458 8386344 21
10459 8386745 116
10460 8386992 91
10461 8387247 7
10462 8388326 9
10463 8388989 23
10464 8389922 360
10465 8390810 404
10466 8392817 48
10467 8393563 78
10468 8394341 74
10469 8394699 127
10470 8395459 68
10471 8395538 220
10472 8395697 126
10473 8395998 9
10474 8396026 396
10475 8396126 121
10476 8397743 15
10477 8398520 36
10478 8401032 3
10479 8403101 16
10480 8404189 42
10481 8404708 338
10482 8407080 42
10483 8407827 79
10484 8408256 524
10485 8408385 236
10486 8410099 10
10487 8411342 23
10488 8411431 1
10489 8411629 265
10490 8412064 1
10491 8412472 24
10492 8413018 3
10493 8414043 258
10494 8414057 79
10495 8414148 21
10496 8415662 23
10497 8416629 94
10498 8418206 47
10499 8418834 15
10500 8419064 76
10501 8421617 258
10502 8421950 196
10503 8422126 24
10504 8422268 15
10505 8422908 15
10506 8422991 39
10507 8423104 187
10508 8423328 18
10509 8424518 63
10510 8424943 94
10511 8425357 28
10512 8425606 199
10513 8425762 91
10514 8425846 83
10515 8426246 34
10516 8426312 13
10517 8426389 282
10518 8426665 180
10519 8426876 53
10520 8428085 96
10521 8428189 43
10522 8428509 65
10523 8428854 15
10524 8429262 28
10525 8429679 47
10526 8430951 59
10527 8431881 44
10528 8432438 6
10529 8432589 11
10530 8433353 123
10531 8433477 46
10532 8433623 38
10533 8434110 16
10534 8435095 104
10535 8437587 137
10536 8438149 5
10537 8438704 109
10538 8439816 205
10539 8440645 115
10540 8441086 109
10541 8442868 112
10542 8443526 110
10543 8444985 9
10544 8449019 38
10545 8449021 63
10546 8449101 35
10547 8449341 2
10548 8449511 83
10549 8451569 40
10550 8451703 198
10551 8451954 2
10552 8455059 22
10553 8455201 31
10554 8457378 55
10555 8457994 22
10556 8459229 366
10557 8459286 102
10558 8459742 164
10559 8460901 265
10560 8460997 137
10561 8461343 70
10562 8461675 64
10563 8462300 27
10564 8464234 121
10565 8465100 1
10566 8465507 129
10567 8465943 65
10568 8467651 5
10569 8469577 29
10570 8470071 94
10571 8471408 77
10572 8471492 4
10573 8472991 65
10574 8473521 39
10575 8473635 2
10576 8473895 68
10577 8474132 113
10578 8474418 36
10579 8474500 57
10580 8475849 1
10581 8478667 233
10582 8479871 119
10583 8479931 78
10584 8480530 95
10585 8481381 133
10586 8481873 45
10587 8482073 82
10588 8483203 119
10589 8485015 51
10590 8486416 6
10591 8486515 142
10592 8487062 156
10593 8487687 27
10594 8488796 66
10595 8488892 11
10596 8489977 122
10597 8490334 335
10598 8491407 117
10599 8491881 50
10600 8492232 53
10601 8493318 577
10602 8493669 426
10603 8494125 1
10604 8494652 51
10605 8494855 172
10606 8495277 141
10607 8495302 35
10608 8495870 108
10609 8496226 49
10610 8497293 402
10611 8498138 189
10612 8498373 157
10613 8498811 109
10614 8499327 23
10615 8500090 156
10616 8500555 37
10617 8501351 36
10618 8502784 4
10619 8502833 58
10620 8503361 77
10621 8504872 69
10622 8505730 128
10623 8509582 14
10624 8509957 254
10625 8510889 214
10626 8511747 155
10627 8511783 54
10628 8512054 15
10629 8512173 35
10630 8512379 105
10631 8512680 188
10632 8514076 90
10633 8514761 98
10634 8514928 85
10635 8515309 9
10636 8517512 1
10637 8519399 301
10638 8519666 28
10639 8519768 90
10640 8519956 53
10641 8520487 31
10642 8522355 105
10643 8524319 203
10644 8524546 2
10645 8526085 138
10646 8526403 80
10647 8526928 210
10648 8527035 44
10649 8527158 36
10650 8527437 214
10651 8528746 71
10652 8529764 96
10653 8530310 47
10654 8530655 13
10655 8531616 129
10656 8534403 146
10657 8534567 18
10658 8534666 82
10659 8534836 5
10660 8535609 25
10661 8535748 113
10662 8537052 66
10663 8538987 44
10664 8539715 84
10665 8540110 60
10666 8540146 105
10667 8540243 46
10668 8541637 70
10669 8542178 48
10670 8542446 158
10671 8542459 240
10672 8543220 81
10673 8548242 25
10674 8548809 81
10675 8550021 26
10676 8550387 66
10677 8550828 23
10678 8551504 289
10679 8553683 148
10680 8553818 4
10681 8554191 35
10682 8555154 20
10683 8555479 26
10684 8555606 87
10685 8557106 49
10686 8557611 50
10687 8557834 232
10688 8558021 173
10689 8559053 280
10690 8560133 109
10691 8560628 42
10692 8561808 144
10693 8562378 48
10694 8562380 199
10695 8562826 111
10696 8564650 4
10697 8565409 49
10698 8565787 10
10699 8566854 28
10700 8566906 205
10701 8569201 7
10702 8571735 30
10703 8571907 199
10704 8572389 36
10705 8576213 95
10706 8576546 19
10707 8576677 29
10708 8578547 26
10709 8579094 45
10710 8580969 52
10711 8581463 128
10712 8581759 3
10713 8582456 454
10714 8583056 73
10715 8585670 6
10716 8587167 61
10717 8587260 189
10718 8587711 160
10719 8588089 136
10720 8588117 87
10721 8589415 102
10722 8589539 176
10723 8589718 64
10724 8590296 301
10725 8590570 102
10726 8590617 30
10727 8592441 24
10728 8593850 20
10729 8594317 9
10730 8594704 63
10731 8596287 55
10732 8596469 62
10733 8596561 63
10734 8596680 28
10735 8596806 2
10736 8597740 130
10737 8598442 25
10738 8600632 147
10739 8601480 195
10740 8601749 41
10741 8602601 327
10742 8602691 363
10743 8602929 207
10744 8603256 30
10745 8603724 95
10746 8604013 160
10747 8604162 106
10748 8605001 32
10749 8605501 49
10750 8606146 93
10751 8606551 150
10752 8607301 81
10753 8608131 112
10754 8608344 74
10755 8608575 161
10756 8610241 146
10757 8610472 119
10758 8610670 103
10759 8611473 38
10760 8611778 95
10761 8613048 5
10762 8613081 31
10763 8613894 47
10764 8614172 28
10765 8615226 180
10766 8616064 331
10767 8618520 144
10768 8618845 178
10769 8619348 83
10770 8619570 75
10771 8620369 36
10772 8622128 412
10773 8623133 38
10774 8623289 203
10775 8624463 23
10776 8624752 211
10777 8625160 2
10778 8625297 66
10779 8625473 31
10780 8626279 54
10781 8626543 215
10782 8626569 185
10783 8628187 20
10784 8629161 15
10785 8630217 158
10786 8631125 36
10787 8631736 130
10788 8631769 143
10789 8633331 162
10790 8634734 276
10791 8634848 392
10792 8636007 52
10793 8636571 275
10794 8636648 629
10795 8637270 34
10796 8637406 168
10797 8637479 34
10798 8637626 3
10799 8638594 112
10800 8639627 118
10801 8640407 56
10802 8643020 112
10803 8645196 58
10804 8645768 31
10805 8646297 152
10806 8647738 116
10807 8647838 40
10808 8648006 155
10809 8648262 36
10810 8648445 6
10811 8648649 58
10812 8648882 160
10813 8650568 95
10814 8650623 29
10815 8651182 50
10816 8653018 7
10817 8653205 218
10818 8654518 90
10819 8654793 88
10820 8654809 298
10821 8655326 2
10822 8655998 112
10823 8658319 40
10824 8658929 112
10825 8660713 5
10826 8661974 138
10827 8663566 107
10828 8664107 26
10829 8665007 32
10830 8668028 80
10831 8668728 20
10832 8668956 4
10833 8669131 87
10834 8669243 78
10835 8671378 83
10836 8671787 4
10837 8672364 11
10838 8673303 33
10839 8674821 191
10840 8674916 170
10841 8675313 32
10842 8675524 20
10843 8676259 551
10844 8676943 15
10845 8677856 234
10846 8678284 266
10847 8679033 102
10848 8679176 41
10849 8679320 52
10850 8680299 167
10851 8680299 15
10852 8680909 70
10853 8681066 74
10854 8681793 201
10855 8681820 85
10856 8682009 366
10857 8682776 32
10858 8682968 114
10859 8683171 74
10860 8683808 31
10861 8684638 82
10862 8685687 62
10863 8686537 159
10864 8689328 106
10865 8690437 58
10866 8691737 53
10867 8693261 85
10868 8695614 225
10869 8695715 170
10870 8696877 94
10871 8698437 47
10872 8700783 16
10873 8701803 92
10874 8702097 23
10875 8702868 150
10876 8704010 48
10877 8704546 19
10878 8706144 256
10879 8706240 57
10880 8706945 11
10881 8707775 249
10882 8707944 320
10883 8709424 46
10884 8709619 11
10885 8710174 30
10886 8710856 259
10887 8710958 33
10888 8711071 113
10889 8711318 39
10890 8711626 5
10891 8711669 67
10892 8712911 42
10893 8713480 185
10894 8714328 10
10895 8715631 40
10896 8716097 33
10897 8716533 71
10898 8717658 77
10899 8718018 292
10900 8718122 358
10901 8718429 167
10902 8718497 1
10903 8718757 284
10904 8719949 93
10905 8721153 296
10906 8721603 33
10907 8721739 64
10908 8722341 129
10909 8725290 90
10910 8725708 12
10911 8727234 132
10912 8727518 143
10913 8727519 260
10914 8727737 145
10915 8727871 47
10916 8728305 8
10917 8729410 254
10918 8729609 167
10919 8729610 1
10920 8731361 205
10921 8731447 75
10922 8731988 102
10923 8732884 20
10924 8734055 11
10925 8734680 30
10926 8735083 168
10927 8735747 69
10928 8736302 5
10929 8736376 101
10930 8737971 180
10931 8738870 120
10932 8738897 142
10933 8740169 59
10934 8740263 105
10935 8740669 115
10936 8742065 5
10937 8742857 33
10938 8743092 39
10939 8743551 25
10940 8745270 10
10941 8748157 148
10942 8749273 116
10943 8749472 6
10944 8749525 302
10945 8750187 124
10946 8750915 48
10947 8751264 143
10948 8752226 159
10949 8752430 60
10950 8753040 271
10951 8753878 2
10952 8753919 1
10953 8755093 9
10954 8756243 32
10955 8757774 238
10956 8760768 7
10957 8762336 114
10958 8762615 157
10959 8762814 609
10960 8763437 5
10961 8763983 222
10962 8764241 48
10963 8765370 19
10964 8766513 55
10965 8767335 184
10966 8767687 252
10967 8768914 3
10968 8769242 42
10969 8769281 61
10970 8769326 120
10971 8771849 31
10972 8772122 324
10973 8773168 103
10974 8773509 46
10975 8773572 39
10976 8774280 90
10977 8774544 294
10978 8775421 22
10979 8776500 41
10980 8776611 50
10981 8776909 112
10982 8776949 121
10983 8779341 172
10984 8779510 10
10985 8780307 120
10986 8782033 69
10987 8782147 80
10988 8782316 75
10989 8783340 79
10990 8787602 12
10991 8788543 32
10992 8789526 123
10993 8789708 146
10994 8789888 31
10995 8792258 60
10996 8792778 33
10997 8793582 27
10998 8796046 59
10999 8796271 103
11000 8796930 66
11001 8797626 46
11002 8798811 20
11003 8798847 101
11004 8799842 125
11005 8799922 32
11006 8802053 246
11007 8803546 218
11008 8804610 114
11009 8805151 24
11010 8805297 95
11011 8805570 49
11012 8806085 54
11013 8806883 128
11014 8807113 108
11015 8809656 54
11016 8811940 349
11017 8812468 182
11018 8812666 80
11019 8813022 10
11020 8813636 157
11021 8815074 54
11022 8815540 3
11023 8815666 34
11024 8816539 4
11025 8817231 29
11026 8821337 183
11027 8821363 214
11028 8821378 161
11029 8822215 116
11030 8826034 33
11031 8826831 112
11032 8827037 135
11033 8830449 52
11034 8830482 21
11035 8830592 123
11036 8830888 241
11037 8831868 96
11038 8833641 6
11039 8834008 14
11040 8835427 50
11041 8835586 230
11042 8835605 466
11043 8836211 144
11044 8838022 86
11045 8839234 92
11046 8839511 16
11047 8841481 232
11048 8841647 77
11049 8842534 32
11050 8843932 24
11051 8844561 44
11052 8844715 468
11053 8844767 56
11054 8845593 24
11055 8845755 267
11056 8846234 12
11057 8847361 87
11058 8848356 7
11059 8849393 33
11060 8849576 53
11061 8849834 183
11062 8850172 20
11063 8850186 59
11064 8850829 48
11065 8851226 95
11066 8851541 104
11067 8851815 119
11068 8851927 2
11069 8853091 70
11070 8854964 121
11071 8856276 113
11072 8856851 92
11073 8857049 112
11074 8857132 120
11075 8858336 35
11076 8860699 59
11077 8860777 131
11078 8862091 127
11079 8862257 80
11080 8862503 51
11081 8862539 70
11082 8863663 111
11083 8864092 16
11084 8865579 69
11085 8866379 36
11086 8867297 52
11087 8867824 9
11088 8868679 35
11089 8868806 54
11090 8869834 45
11091 8870423 46
11092 8871880 98
11093 8872491 306
11094 8872599 218
11095 8872971 11
11096 8873113 24
11097 8874629 148
11098 8876473 129
11099 8877083 109
11100 8877281 116
11101 8877913 51
11102 8878644 60
11103 8879364 3
11104 8879366 404
11105 8880151 60
11106 8880379 42
11107 8880445 25
11108 8880596 144
11109 8880919 38
11110 8881003 18
11111 8882600 77
11112 8883248 4
11113 8884383 52
11114 8884742 194
11115 8884775 125
11116 8884923 265
11117 8885125 215
11118 8886050 255
11119 8886527 7
11120 8886915 150
11121 8887908 13
11122 8888223 221
11123 8889594 16
11124 8890879 65
11125 8892496 84
11126 8893170 51
11127 8894003 272
11128 8895423 4
11129 8895460 170
11130 8895578 177
11131 8897415 110
11132 8898482 12
11133 8898564 18
11134 8898608 265
11135 8899805 64
11136 8900964 14
11137 8901300 85
11138 8902478 180
11139 8906129 71
11140 8906539 22
11141 8906863 19
11142 8907157 2
11143 8908128 138
11144 8908765 91
11145 8909366 24
11146 8910691 52
11147 8910700 117
11148 8910760 14
11149 8910899 93
11150 8914480 95
11151 8914820 25
11152 8914894 117
11153 8915002 85
11154 8915253 56
11155 8916228 65
11156 8916683 127
11157 8916945 60
11158 8918152 255
11159 8918755 10
11160 8920645 34
11161 8923454 138
11162 8923608 56
11163 8923855 170
11164 8925333 320
11165 8925960 151
11166 8926427 193
11167 8927203 321
11168 8927292 76
11169 8927611 548
11170 8927717 14
11171 8928057 15
11172 8928382 199
11173 8928684 22
11174 8930004 180
11175 8930175 197
11176 8930799 56
11177 8931380 37
11178 8931898 99
11179 8932287 34
11180 8933234 14
11181 8935942 78
11182 8937001 8
11183 8938807 132
11184 8940967 134
11185 8941220 48
11186 8941322 204
11187 8941738 141
11188 8942720 82
11189 8942786 201
11190 8942820 158
11191 8943457 65
11192 8943722 60
11193 8944515 196
11194 8944748 20
11195 8946341 362
11196 8946934 88
11197 8949445 24
11198 8949642 4
11199 8950717 243
11200 8951668 25
11201 8952295 7
11202 8955282 35
11203 8957445 67
11204 8958401 7
11205 8958861 45
11206 8959881 139
11207 8959901 250
11208 8960553 407
11209 8960725 264
11210 8960810 73
11211 8961974 28
11212 8962162 213
11213 8962416 32
11214 8964057 56
11215 8964497 132
11216 8964516 30
11217 8965074 7
11218 8965228 51
11219 8966998 131
11220 8967177 3
11221 8967639 72
11222 8968181 129
11223 8968576 102
11224 8968652 148
11225 8969109 172
11226 8969277 11
11227 8969984 63
11228 8970632 2
11229 8970801 58
11230 8971326 17
11231 8971577 79
11232 8973580 260
11233 8974099 270
11234 8974135 91
11235 8974895 108
11236 8975177 301
11237 8975512 11
11238 8975610 12
11239 8976014 32
11240 8976279 346
11241 8976556 39
11242 8976649 129
11243 8976676 105
11244 8977359 69
11245 8977416 121
11246 8978351 588
11247 8979139 125
11248 8981261 27
11249 8981855 100
11250 8981977 19
11251 8982357 59
11252 8983937 1
11253 8984070 76
11254 8984241 5
11255 8984968 19
11256 8985904 69
11257 8986149 8
11258 8986253 51
11259 8986908 77
11260 8987170 67
11261 8987282 171
11262 8987285 170
11263 8987336 110
11264 8988291 140
11265 8990653 80
11266 8990842 3
11267 8991567 27
11268 8992014 6
11269 8992074 258
11270 8994388 109
11271 8998933 30
11272 8999477 79
11273 9000348 155
11274 9001400 64
11275 9001450 33
11276 9001933 68
11277 9003629 28
11278 9003630 115
11279 9005300 50
11280 9008051 39
11281 9008858 131
11282 9009236 63
11283 9009306 34
11284 9014415 26
11285 9014789 90
11286 9015099 86
11287 9015954 234
11288 9017191 8
11289 9017778 55
11290 9017789 64
11291 9017864 63
11292 9017912 144
11293 9018022 106
11294 9018887 264
11295 9019113 54
11296 9021898 6
11297 9022041 186
11298 9022047 37
11299 9022797 48
11300 9023002 109
11301 9024140 31
11302 9026168 77
11303 9026430 10
11304 9026629 89
11305 9026930 18
11306 9027608 98
11307 9028101 78
11308 9028338 95
11309 9028444 18
11310 9029387 1
11311 9030061 295
11312 9030644 4
11313 9031926 107
11314 9031957 140
11315 9031989 121
11316 9032628 50
11317 9033046 44
11318 9033996 18
11319 9034333 206
11320 9036687 36
11321 9037674 84
11322 9037778 56
11323 9038886 130
11324 9038908 61
11325 9040092 1
11326 9040858 125
11327 9041126 586
11328 9041765 7
11329 9042354 21
11330 9042361 241
11331 9042675 52
11332 9043649 13
11333 9045743 293
11334 9048708 102
11335 9048888 245
11336 9052910 212
11337 9053159 22
11338 9053263 70
11339 9053322 162
11340 9055182 87
11341 9055245 93
11342 9058311 43
11343 9059114 120
11344 9059538 7
11345 9059765 152
11346 9060582 175
11347 9060607 204
11348 9061160 2
11349 9062871 344
11350 9062905 402
11351 9062905 126
11352 9063124 6
11353 9063739 240
11354 9065214 11
11355 9067791 4
11356 9068424 91
11357 9068541 364
11358 9068936 154
11359 9069819 107
11360 9069954 53
11361 9071786 16
11362 9072211 49
11363 9072415 84
11364 9075635 5
11365 9076251 26
11366 9076399 22
11367 9076529 157
11368 9076647 61
11369 9077146 103
11370 9078797 53
11371 9079363 104
11372 9079488 95
11373 9079828 84
11374 9081360 9
11375 9083447 19
11376 9083628 50
11377 9083885 56
11378 9083908 184
11379 9085859 76
11380 9086807 8
11381 9086833 81
11382 9088219 143
11383 9089952 231
11384 9089963 73
11385 9091114 132
11386 9091562 115
11387 9091699 172
11388 9092206 160
11389 9092559 60
11390 9093745 7
11391 9095479 110
11392 9096731 539
11393 9097263 5
11394 9098759 286
11395 9099634 116
11396 9103276 142
11397 9105030 119
11398 9106111 348
11399 9106272 11
11400 9108455 19
11401 9108537 486
11402 9110515 339
11403 9112124 62
11404 9113237 122
11405 9116450 34
11406 9118685 55
11407 9119166 6
11408 9119757 1
11409 9119835 90
11410 9120595 36
11411 9120752 78
11412 9120931 85
11413 9121148 34
11414 9121312 19
11415 9122397 87
11416 9122576 54
11417 9122950 66
11418 9123224 146
11419 9123690 49
11420 9124508 14
11421 9124618 152
11422 9128674 3
11423 9128733 234
11424 9129017 7
11425 9129805 36
11426 9130115 143
11427 9131652 18
11428 9134973 64
11429 9135501 66
11430 9135809 69
11431 9136869 113
11432 9137857 141
11433 9138314 17
11434 9141668 8
11435 9142490 99
11436 9142774 48
11437 9143250 13
11438 9144534 45
11439 9145172 162
11440 9145736 13
11441 9146945 26
11442 9147008 71
11443 9147437 39
11444 9148065 169
11445 9148104 79
11446 9149622 81
11447 9151737 24
11448 9154196 78
11449 9154654 218
11450 9155544 6
11451 9155757 141
11452 9155932 121
11453 9156930 22
11454 9157514 44
11455 9157826 151
11456 9157838 122
11457 9157867 20
11458 9158119 67
11459 9158197 116
11460 9159122 10
11461 9159563 168
11462 9161354 4
11463 9161596 7
11464 9163345 48
11465 9164610 38
11466 9164865 110
11467 9165679 171
11468 9165924 90
11469 9166798 34
11470 9168500 105
11471 9169371 209
11472 9169560 113
11473 9169629 59
11474 9172658 388
11475 9172707 187
11476 9174031 21
11477 9174308 37
11478 9175169 174
11479 9175767 19
11480 9176337 53
11481 9178281 19
11482 9179068 277
11483 9179486 59
11484 9180035 19
11485 9180062 9
11486 9181349 14
11487 9182202 130
11488 9183188 115
11489 9183535 155
11490 9184277 13
11491 9185161 475
11492 9186617 239
11493 9188033 107
11494 9190279 10
11495 9190633 189
11496 9191736 319
11497 9191941 23
11498 9192058 17
11499 9192206 4
11500 9192363 43
11501 9192484 197
11502 9192778 20
11503 9193979 79
11504 9194686 115
11505 9194990 207
11506 9195208 178
11507 9195533 89
11508 9196134 140
11509 9196816 14
11510 9197533 8
11511 9199098 127
11512 9199186 61
11513 9200136 48
11514 9201645 167
11515 9202082 52
11516 9202338 252
11517 9203384 4
11518 9204490 148
11519 9204563 83
11520 9205860 9
11521 9206749 13
11522 9207469 16
11523 9207877 193
11524 9208383 39
11525 9209042 281
11526 9209817 78
11527 9210666 92
11528 9211292 5
11529 9211348 280
11530 9213229 34
11531 9214909 9
11532 9215559 127
11533 9215579 98
11534 9215628 164
11535 9216398 215
11536 9217126 74
11537 9217225 153
11538 9218501 214
11539 9218553 7
11540 9221796 131
11541 9221814 2
11542 9222951 63
11543 9224143 64
11544 9224393 30
11545 9225173 147
11546 9226400 33
11547 9227370 106
11548 9228642 30
11549 9228852 9
11550 9229501 55
11551 9229552 32
11552 9229755 74
11553 9230889 127
11554 9231329 49
11555 9231368 31
11556 9232531 31
11557 9233211 120
11558 9234367 6
11559 9236392 23
11560 9236971 37
11561 9237522 51
11562 9237717 3
11563 9239090 101
11564 9239625 261
11565 9240006 70
11566 9241115 36
11567 9241513 32
11568 9241518 303
11569 9242855 103
11570 9243052 370
11571 9244560 408
11572 9245007 105
11573 9245512 61
11574 9246048 120
11575 9247757 96
11576 9249316 139
11577 9249425 42
11578 9249960 254
11579 9251098 100
11580 9251889 18
11581 9253127 43
11582 9254919 216
11583 9257120 164
11584 9257446 179
11585 9258348 57
11586 9258375 107
11587 9258624 50
11588 9259503 12
11589 9259675 39
11590 9260436 61
11591 9260626 173
11592 9261540 162
11593 9261640 318
11594 9262477 78
11595 9263237 222
11596 9264174 31
11597 9264812 43
11598 9265458 106
11599 9265508 119
11600 9265716 153
11601 9270581 110
11602 9271167 98
11603 9271837 1
11604 9272020 65
11605 9273758 23
11606 9275971 187
11607 9278447 43
11608 9279034 34
11609 9280120 66
11610 9281659 118
11611 9283875 153
11612 9284583 75
11613 9285127 69
11614 9285230 69
11615 9285425 47
11616 9286021 459
11617 9286331 195
11618 9286834 57
11619 9287155 74
11620 9287790 2
11621 9290348 109
11622 9290712 185
11623 9290851 112
11624 9291106 57
11625 9292612 121
11626 9292929 84
11627 9294886 34
11628 9295903 26
11629 9296944 22
11630 9297554 310
11631 9297815 39
11632 9298925 36
11633 9299443 231
11634 9299910 42
11635 9300485 10
11636 9300559 68
11637 9302976 307
11638 9303004 304
11639 9303501 133
11640 9303732 10
11641 9303912 246
11642 9304685 217
11643 9305367 12
11644 9305673 13
11645 9306256 152
11646 9308636 111
11647 9309138 40
11648 9309149 40
11649 9309904 8
11650 9310900 27
11651 9311376 46
11652 9311681 2
11653 9312180 31
11654 9313346 133
11655 9313629 70
11656 9314415 42
11657 9316320 152
11658 9316899 34
11659 9317552 2
11660 9317615 1
11661 9317719 143
11662 9317875 993
11663 9320865 24
11664 9320875 27
11665 9321401 9
11666 9322306 166
11667 9324135 60
11668 9324557 38
11669 9324860 375
11670 9326010 159
11671 9326471 235
11672 9327189 79
11673 9327613 41
11674 9329633 78
11675 9330473 330
11676 9331856 10
11677 9332161 169
11678 9332193 111
11679 9332890 72
11680 9333384 266
11681 9333867 13
11682 9335478 80
11683 9336365 267
11684 9337539 173
11685 9338832 714
11686 9338974 120
11687 9339108 138
11688 9339321 23
11689 9339679 160
11690 9339830 34
11691 9339866 66
11692 9341663 84
11693 9342794 106
11694 9344746 132
11695 9344814 158
11696 9345642 202
11697 9347761 14
11698 9348164 74
11699 9348786 156
11700 9349106 34
11701 9349689 38
11702 9350571 12
11703 9350940 192
11704 9351221 309
11705 9351995 18
11706 9352008 292
11707 9352380 177
11708 9352723 59
11709 9352853 139
11710 9353424 77
11711 9354791 28
11712 9355056 6
11713 9355100 108
11714 9355176 127
11715 9357361 65
11716 9357649 2
11717 9357798 140
11718 9357961 176
11719 9358303 22
11720 9358397 335
11721 9358462 371
11722 9358596 306
11723 9358917 37
11724 9359228 28
11725 9359469 219
11726 9361028 171
11727 9362410 6
11728 9362554 61
11729 9364177 115
11730 9366563 393
11731 9367473 24
11732 9368321 233
11733 9369952 14
11734 9370370 33
11735 9370669 208
11736 9370776 1
11737 9370850 31
11738 9373120 179
11739 9373252 161
11740 9373493 98
11741 9373970 192
11742 9374299 121
11743 9375206 68
11744 9375632 6
11745 9375969 2
11746 9376261 436
11747 9376985 160
11748 9377213 84
11749 9378917 61
11750 9379853 83
11751 9379983 75
11752 9380137 121
11753 9380940 282
11754 9381434 120
11755 9381637 259
11756 9382603 112
11757 9383371 35
11758 9383499 160
11759 9385485 230
11760 9385606 102
11761 9386619 42
11762 9387598 169
11763 9388729 12
11764 9390724 113
11765 9391336 29
11766 9392850 144
11767 9395275 11
11768 9395558 149
11769 9396019 73
11770 9397464 196
11771 9398079 205
11772 9399272 62
11773 9399642 53
11774 9400025 227
11775 9400903 114
11776 9403780 39
11777 9405570 124
11778 9406961 69
11779 9407995 97
11780 9408659 204
11781 9408847 40
11782 9409119 222
11783 9412425 41
11784 9412641 1
11785 9413890 55
11786 9414089 418
11787 9414547 62
11788 9415053 25
11789 9415399 195
11790 9415450 187
11791 9416926 36
11792 9418690 88
11793 9418756 44
11794 9419337 126
11795 9420541 8
11796 9421771 2
11797 9421892 21
11798 9422576 10
11799 9422598 272
11800 9422633 26
11801 9422825 323
11802 9423383 4
11803 9424766 185
11804 9424984 21
11805 9425969 18
11806 9427827 184
11807 9428274 120
11808 9428897 23
11809 9429723 83
11810 9430337 52
11811 9430457 155
11812 9430487 152
11813 9432033 409
11814 9432193 239
11815 9432415 117
11816 9434022 32
11817 9434319 29
11818 9434490 126
11819 9434520 279
11820 9434603 3
11821 9437633 2
11822 9439382 82
11823 9439750 49
11824 9439907 48
11825 9440267 170
11826 9441355 15
11827 9441738 33
11828 9443401 39
11829 9443677 59
11830 9444174 168
11831 9444713 221
11832 9445858 253
11833 9446336 4
11834 9447041 28
11835 9447793 306
11836 9449689 153
11837 9450186 104
11838 9450244 62
11839 9451336 122
11840 9454738 18
11841 9458111 49
11842 9462696 37
11843 9462823 196
11844 9463239 38
11845 9467355 23
11846 9467467 8
11847 9467512 156
11848 9469769 190
11849 9469799 20
11850 9470088 161
11851 9470483 42
11852 9471718 49
11853 9472171 40
11854 9474408 163
11855 9475039 125
11856 9475232 34
11857 9475986 83
11858 9476252 15
11859 9476721 238
11860 9477936 130
11861 9479251 50
11862 9479444 277
11863 9479586 38
11864 9480065 89
11865 9482129 1
11866 9482452 36
11867 9483159 23
11868 9483603 170
11869 9484320 46
11870 9484998 60
11871 9485418 51
11872 9486713 43
11873 9486715 23
11874 9487235 5
11875 9487697 75
11876 9492325 121
11877 9493686 57
11878 9493776 416
11879 9494931 223
11880 9497013 32
11881 9498215 116
11882 9503705 163
11883 9505872 20
11884 9506109 127
11885 9506216 163
11886 9507110 14
11887 9507154 163
11888 9507419 113
11889 9507958 72
11890 9509105 126
11891 9509309 33
11892 9509856 14
11893 9510488 56
11894 9510788 28
11895 9511790 7
11896 9512477 3
11897 9513338 32
11898 9514102 156
11899 9514891 91
11900 9516022 79
11901 9516280 24
11902 9516460 13
11903 9517018 123
11904 9517485 173
11905 9518175 1
11906 9518830 98
11907 9519581 9
11908 9520657 127
11909 9521422 71
11910 9522031 122
11911 9522524 299
11912 9523240 107
11913 9523419 3
11914 9526662 10
11915 9526809 8
11916 9529382 6
11917 9530697 207
11918 9531144 24
11919 9532133 255
11920 9532256 57
11921 9532271 29
11922 9532396 32
11923 9534505 132
11924 9536822 11
11925 9539397 54
11926 9539504 111
11927 9539663 131
11928 9541313 160
11929 9541763 110
11930 9543625 70
11931 9544138 9
11932 9545093 94
11933 9546146 73
11934 9546262 22
11935 9546715 30
11936 9547141 111
11937 9547503 194
11938 9549582 101
11939 9550415 288
11940 9550730 103
11941 9551205 6
11942 9552802 77
11943 9553009 183
11944 9554195 239
11945 9555072 8
11946 9556110 8
11947 9556327 169
11948 9556522 23
11949 9556843 97
11950 9560216 66
11951 9560814 90
11952 9560906 11
11953 9561209 180
11954 9562013 363
11955 9562578 401
11956 9563659 35
11957 9564549 128
11958 9564836 27
11959 9565030 13
11960 9565396 85
11961 9567426 109
11962 9568996 10
11963 9569149 41
11964 9569466 57
11965 9569502 36
11966 9571410 16
11967 9571422 1
11968 9571495 91
11969 9572786 22
11970 9573518 34
11971 9574196 22
11972 9575528 6
11973 9576071 36
11974 9576858 15
11975 9577148 77
11976 9578774 199
11977 9579171 703
11978 9579194 7
11979 9579333 64
11980 9579778 262
11981 9580140 56
11982 9580426 24
11983 9583439 47
11984 9583771 92
11985 9588077 10
11986 9588082 11
11987 9590602 517
11988 9592483 6
11989 9593031 324
11990 9594854 40
11991 9594860 116
11992 9595005 152
11993 9595492 37
11994 9596129 463
11995 9597778 29
11996 9597835 110
11997 9598320 168
11998 9599458 20
11999 9599626 75
12000 9600380 59
12001 9601331 70
12002 9602212 10
12003 9602359 147
12004 9605943 161
12005 9606194 118
12006 9606213 197
12007 9607173 70
12008 9609735 86
12009 9610194 18
12010 9611398 60
12011 9611519 230
12012 9612282 222
12013 9612465 111
12014 9613476 3
12015 9613759 80
12016 9614536 273
12017 9614558 138
12018 9614640 23
12019 9615559 106
12020 9616276 88
12021 9617264 6
12022 9617295 107
12023 9618853 57
12024 9618866 22
12025 9619391 84
12026 9619759 168
12027 9620527 133
12028 9620702 18
12029 9621347 15
12030 9621360 53
12031 9622191 77
12032 9622540 141
12033 9622714 101
12034 9622904 49
12035 9624213 120
12036 9624369 122
12037 9625096 89
12038 9625280 282
12039 9627594 99
12040 9629051 81
12041 9629115 94
12042 9630418 189
12043 9631717 202
12044 9632051 49
12045 9633219 24
12046 9635034 113
12047 9635544 3
12048 9636151 63
12049 9636912 146
12050 9637616 124
12051 9637748 26
12052 9638211 3
12053 9638817 152
12054 9639196 8
12055 9640464 123
12056 9640544 3
12057 9641149 28
12058 9641663 18
12059 9643468 5
12060 9643968 111
12061 9644227 85
12062 9645642 49
12063 9646138 196
12064 9647735 103
12065 9647752 148
12066 9647812 78
12067 9649654 351
12068 9649778 103
12069 9651194 48
12070 9652301 27
12071 9653620 12
12072 9654395 4
12073 9654586 142
12074 9655677 287
12075 9656435 80
12076 9656747 168
12077 9657852 8
12078 9658589 64
12079 9658719 259
12080 9660069 198
12081 9660722 306
12082 9661753 88
12083 9661883 267
12084 9662278 64
12085 9663655 81
12086 9664759 89
12087 9665270 64
12088 9665451 15
12089 9666214 628
12090 9666630 66
12091 9667525 19
12092 9668280 8
12093 9668507 28
12094 9670166 83
12095 9671927 23
12096 9672136 175
12097 9672159 26
12098 9674071 116
12099 9674794 33
12100 9678530 14
12101 9678736 41
12102 9679928 74
12103 9680409 80
12104 9680757 327
12105 9681611 47
12106 9681792 160
12107 9682244 88
12108 9683154 160
12109 9684208 194
12110 9684901 109
12111 9685472 2
12112 9685596 83
12113 9686040 15
12114 9686927 60
12115 9687221 41
12116 9687347 323
12117 9687414 104
12118 9688014 30
12119 9688352 15
12120 9688353 105
12121 9689140 30
12122 9689935 32
12123 9689988 46
12124 9691111 68
12125 9692168 253
12126 9694612 15
12127 9694812 238
12128 9694862 246
12129 9695189 397
12130 9695501 310
12131 9696012 98
12132 9696805 74
12133 9696920 52
12134 9698036 187
12135 9698604 80
12136 9698707 56
12137 9699217 11
12138 9699255 19
12139 9699641 23
12140 9700768 6
12141 9701928 99
12142 9702435 74
12143 9703500 95
12144 9704139 295
12145 9705629 180
12146 9705680 35
12147 9705705 296
12148 9706657 28
12149 9706801 350
12150 9706902 257
12151 9707314 354
12152 9707832 114
12153 9709031 66
12154 9711859 121
12155 9712059 123
12156 9712261 388
12157 9712381 192
12158 9712510 150
12159 9713322 33
12160 9713354 65
12161 9715067 8
12162 9715138 13
12163 9716611 83
12164 9716686 40
12165 9717040 364
12166 9719418 61
12167 9720383 49
12168 9720403 39
12169 9720518 38
12170 9720938 7
12171 9721376 33
12172 9721502 12
12173 9722568 229
12174 9722768 19
12175 9722849 59
12176 9723415 22
12177 9723559 68
12178 9724753 130
12179 9725280 74
12180 9725863 50
12181 9725867 125
12182 9728670 111
12183 9728785 59
12184 9731102 44
12185 9732017 9
12186 9732215 466
12187 9732425 41
12188 9733863 3
12189 9735736 78
12190 9737639 349
12191 9737898 33
12192 9738089 38
12193 9738096 28
12194 9738618 18
12195 9739325 38
12196 9740019 7
12197 9740573 281
12198 9740690 102
12199 9741991 749
12200 9742150 12
12201 9743434 26
12202 9744038 146
12203 9744284 16
12204 9745854 33
12205 9746463 77
12206 9746731 75
12207 9750641 152
12208 9750777 119
12209 9751189 43
12210 9751542 65
12211 9753282 110
12212 9753425 6
12213 9754447 12
12214 9754448 116
12215 9755050 324
12216 9757319 20
12217 9758071 109
12218 9760484 38
12219 9761652 93
12220 9764766 19
12221 9768510 18
12222 9768746 370
12223 9769042 73
12224 9770784 29
12225 9771151 158
12226 9771967 107
12227 9773029 101
12228 9773113 23
12229 9773579 162
12230 9773676 44
12231 9776306 32
12232 9776605 415
12233 9778469 53
12234 9779320 10
12235 9781423 8
12236 9781594 105
12237 9781682 158
12238 9782266 264
12239 9782294 85
12240 9782965 191
12241 9783763 68
12242 9784963 34
12243 9785352 255
12244 9786731 21
12245 9789199 58
12246 9790005 135
12247 9791887 130
12248 9792431 129
12249 9793764 139
12250 9793781 8
12251 9794657 93
12252 9794694 412
12253 9794898 72
12254 9795048 133
12255 9796916 176
12256 9797744 101
12257 9797875 16
12258 9799317 26
12259 9799361 87
12260 9799944 17
12261 9799999 126
12262 9801114 35
12263 9801392 154
12264 9802094 68
12265 9802214 151
12266 9802883 157
12267 9803139 386
12268 9803598 3
12269 9804505 170
12270 9805349 25
12271 9806257 30
12272 9807170 191
12273 9807738 48
12274 9808656 77
12275 9809373 7
12276 9810658 34
12277 9811794 38
12278 9811924 21
12279 9812406 23
12280 9812632 72
12281 9813399 67
12282 9814545 94
12283 9817737 100
12284 9817838 160
12285 9819672 160
12286 9819941 13
12287 9820204 24
12288 9821165 101
12289 9821456 45
12290 9821689 38
12291 9822377 141
12292 9823757 209
12293 9828298 14
12294 9828517 77
12295 9829830 56
12296 9830040 17
12297 9830100 45
12298 9830167 260
12299 9830353 24
12300 9832013 75
12301 9832729 70
12302 9833545 43
12303 9834487 1
12304 9836891 41
12305 9838111 51
12306 9838201 118
12307 9838862 62
12308 9840141 193
12309 9840672 289
12310 9841290 11
12311 9841726 107
12312 9844008 208
12313 9844338 95
12314 9845133 149
12315 9845670 93
12316 9846232 5
12317 9847530 76
12318 9848210 125
12319 9850635 27
12320 9852248 54
12321 9853636 64
12322 9854621 66
12323 9855417 123
12324 9856607 15
12325 9857760 128
12326 9857889 67
12327 9858129 2
12328 9858362 116
12329 9858557 38
12330 9861069 69
12331 9861374 3
12332 9863061 2
12333 9864117 187
12334 9865863 200
12335 9868375 105
12336 9868493 36
12337 9868980 48
12338 9871396 93
12339 9871911 28
12340 9873585 33
12341 9874780 115
12342 9875940 99
12343 9876160 239
12344 9876180 275
12345 9876562 21
12346 9879064 29
12347 9879428 60
12348 9880357 31
12349 9881105 26
12350 9881257 5
12351 9881917 150
12352 9885150 15
12353 9885794 2
12354 9886049 86
12355 9886215 34
12356 9888002 12
12357 9888107 171
12358 9889961 8
12359 9890446 167
12360 9892538 13
12361 9893962 65
12362 9894140 2
12363 9894472 37
12364 9895165 58
12365 9896078 118
12366 9896177 26
12367 9896473 36
12368 9896826 156
12369 9897106 6
12370 9897697 62
12371 9898004 163
12372 9899261 27
12373 9900855 149
12374 9901070 51
12375 9901288 27
12376 9903745 32
12377 9903945 32
12378 9904515 100
12379 9905007 277
12380 9905743 110
12381 9907162 81
12382 9907740 17
12383 9907963 45
12384 9908589 35
12385 9910495 78
12386 9911657 13
12387 9912721 37
12388 9912765 405
12389 9913187 228
12390 9913379 4
12391 9914067 175
12392 9916141 452
12393 9916822 59
12394 9917021 79
12395 9919852 71
12396 9919930 3
12397 9920038 27
12398 9921710 124
12399 9922419 27
12400 9922574 66
12401 9922632 75
12402 9925015 181
12403 9925807 96
12404 9926599 115
12405 9926689 164
12406 9928923 151
12407 9929328 46
12408 9930149 64
12409 9931310 38
12410 9932224 10
12411 9932229 81
12412 9932753 78
12413 9933000 55
12414 9933039 108
12415 9933902 80
12416 9934332 88
12417 9935864 110
12418 9935916 12
12419 9936175 37
12420 9937509 28
12421 9938080 24
12422 9938916 138
12423 9939650 91
12424 9939889 54
12425 9940857 120
12426 9941590 111
12427 9941754 98
12428 9941999 40
12429 9943264 134
12430 9943649 68
12431 9946915 75
12432 9947542 51
12433 9948178 83
12434 9948569 55
12435 9948950 2
12436 9949276 39
12437 9951384 61
12438 9952220 29
12439 9953796 510
12440 9956077 397
12441 9956371 296
12442 9958069 167
12443 9959180 140
12444 9960487 127
12445 9960882 97
12446 9961922 9
12447 9962068 10
12448 9963388 80
12449 9963536 192
12450 9967050 43
12451 9967632 98
12452 9967897 28
12453 9969023 52
12454 9969737 5
12455 9969761 122
12456 9970013 32
12457 9970359 12
12458 9971607 129
12459 9972628 267
12460 9972752 314
12461 9973020 16
12462 9975502 8
12463 9975577 124
12464 9976216 10
12465 9976319 42
12466 9978027 32
12467 9978412 123
12468 9979172 36
12469 9979177 14
12470 9979533 303
12471 9980162 2
12472 9980973 2
12473 9981217 27
12474 9982178 34
12475 9982673 239
12476 9982774 1
12477 9982816 120
12478 9983166 81
12479 9983175 35
12480 9984205 152
12481 9984317 5
12482 9984940 29
12483 9985622 7
12484 9986215 14
12485 9987073 9
12486 9987207 33
12487 9987692 258
12488 9987976 265
12489 9988131 98
12490 9988376 1
12491 9988993 42
12492 9989418 74
12493 9990105 413
12494 9990659 119
12495 9990951 42
12496 9991579 118
12497 9991675 103
12498 9991836 465
12499 9992142 86
12500 9993426 136
12501 9994176 71
12502 9994845 53
12503 9995293 126
12504 9995463 217
12505 9995899 44
12506 9995942 18
12507 9996042 13
12508 9996313 59
12509 9996976 60
12510 9997701 188
12511 9999122 97
12512 9999259 35
12513 9999466 3
12514 10000575 42
12515 10000805 150
12516 10003023 13
12517 10003028 33
12518 10003619 1
12519 10005344 126
12520 10005631 52
12521 10005842 119
12522 10006566 71
12523 10006637 21
12524 10008736 129
12525 10008815 48
12526 10009249 80
12527 10009484 37
12528 10009997 146
12529 10010716 24
12530 10011030 129
12531 10011696 198
12532 10011895 234
12533 10011933 1
12534 10012096 17
12535 10012564 169
12536 10012789 19
12537 10012928 85
12538 10012977 427
12539 10013339 223
12540 10014472 30
12541 10016301 41
12542 10016577 225
12543 10017882 3
12544 10019023 109
12545 10019301 142
12546 10019804 111
12547 10021338 33
12548 10022476 113
12549 10024054 185
12550 10024071 255
12551 10024111 11
12552 10025772 6
12553 10027339 5
12554 10029022 153
12555 10029249 131
12556 10029706 9
12557 10029989 44
12558 10030863 337
12559 10031519 119
12560 10032237 50
12561 10032959 61
12562 10034221 62
12563 10036312 227
12564 10036660 79
12565 10036913 29
12566 10038450 210
12567 10039396 17
12568 10039841 41
12569 10041195 46
12570 10043094 120
12571 10044699 1469
12572 10044701 106
12573 10044749 80
12574 10044778 138
12575 10045123 45
12576 10046227 80
12577 10046346 82
12578 10047157 120
12579 10048348 315
12580 10049418 258
12581 10051699 74
12582 10052011 355
12583 10052422 76
12584 10052592 62
12585 10053381 181
12586 10053856 16
12587 10054337 121
12588 10054674 43
12589 10055637 26
12590 10057234 164
12591 10057602 18
12592 10057821 37
12593 10058278 117
12594 10059467 233
12595 10059676 34
12596 10059931 59
12597 10060908 8
12598 10061613 39
12599 10061693 21
12600 10063634 85
12601 10064392 86
12602 10065064 105
12603 10065950 73
12604 10066748 307
12605 10067087 318
12606 10067187 223
12607 10067391 64
12608 10067803 128
12609 10068202 5
12610 10068653 12
12611 10068789 130
12612 10069027 192
12613 10069095 73
12614 10069344 187
12615 10070212 54
12616 10070388 105
12617 10071451 39
12618 10072365 108
12619 10072675 54
12620 10073113 58
12621 10073418 8
12622 10076483 23
12623 10079060 136
12624 10079782 71
12625 10080767 23
12626 10082533 201
12627 10083439 169
12628 10084454 324
12629 10087203 126
12630 10087359 238
12631 10088356 52
12632 10089748 16
12633 10090212 6
12634 10091258 114
12635 10092360 217
12636 10092530 51
12637 10093232 261
12638 10093833 43
12639 10094304 310
12640 10094823 24
12641 10096061 74
12642 10096462 112
12643 10096527 56
12644 10097020 190
12645 10097678 160
12646 10097813 105
12647 10097832 246
12648 10097975 40
12649 10098863 190
12650 10100344 124
12651 10100918 48
12652 10101981 16
12653 10103575 293
12654 10104350 129
12655 10106117 100
12656 10106269 33
12657 10107250 364
12658 10108198 60
12659 10109160 196
12660 10110688 84
12661 10110864 61
12662 10111307 134
12663 10111588 335
12664 10113710 37
12665 10114126 179
12666 10114296 164
12667 10115031 43
12668 10115074 81
12669 10115482 35
12670 10115533 38
12671 10116150 307
12672 10116223 208
12673 10117373 120
12674 10118312 207
12675 10118575 241
12676 10118836 50
12677 10119151 10
12678 10120095 67
12679 10120151 303
12680 10121162 123
12681 10121326 182
12682 10121671 114
12683 10121933 91
12684 10123232 176
12685 10123282 13
12686 10124407 285
12687 10124718 23
12688 10125095 68
12689 10125548 121
12690 10126078 31
12691 10126422 113
12692 10126637 72
12693 10135372 697
12694 10136633 3
12695 10136882 51
12696 10137485 13
12697 10138900 4
12698 10139235 20
12699 10139562 9
12700 10139973 135
12701 10140586 232
12702 10141037 114
12703 10143280 50
12704 10143697 23
12705 10143831 81
12706 10144954 2
12707 10144968 106
12708 10144990 72
12709 10145372 94
12710 10146668 61
12711 10146836 116
12712 10147270 40
12713 10148573 215
12714 10149603 41
12715 10151800 48
12716 10153300 132
12717 10153812 13
12718 10154538 85
12719 10157948 241
12720 10158322 83
12721 10159114 32
12722 10160460 50
12723 10161370 25
12724 10161624 42
12725 10161737 218
12726 10162563 154
12727 10163182 116
12728 10163632 176
12729 10166926 130
12730 10167975 10
12731 10170036 103
12732 10172851 437
12733 10174127 98
12734 10174281 97
12735 10174743 155
12736 10175907 111
12737 10176510 87
12738 10176931 65
12739 10177580 45
12740 10177659 235
12741 10178134 2
12742 10179440 14
12743 10179627 196
12744 10181806 174
12745 10181969 392
12746 10182449 74
12747 10183720 53
12748 10183989 18
12749 10185372 14
12750 10186789 160
12751 10187131 223
12752 10190563 27
12753 10191172 25
12754 10191716 97
12755 10193359 19
12756 10195186 50
12757 10195241 81
12758 10196192 10
12759 10197804 37
12760 10198041 113
12761 10198861 169
12762 10199929 17
12763 10200580 41
12764 10200651 25
12765 10200823 21
12766 10201103 74
12767 10201321 13
12768 10201924 225
12769 10202768 8
12770 10202956 57
12771 10205233 62
12772 10205611 112
12773 10205692 10
12774 10207109 252
12775 10207510 212
12776 10207637 67
12777 10207912 8
12778 10210888 115
12779 10211142 6
12780 10211494 25
12781 10212001 104
12782 10212876 7
12783 10212974 41
12784 10214916 68
12785 10215756 25
12786 10215973 96
12787 10216073 20
12788 10218472 30
12789 10219237 14
12790 10219462 36
12791 10222600 95
12792 10222993 43
12793 10225898 4
12794 10226324 5
12795 10226644 11
12796 10226714 185
12797 10226944 6
12798 10227171 5
12799 10227950 45
12800 10229282 215
12801 10230292 87
12802 10232049 4
12803 10233033 89
12804 10234502 90
12805 10234874 5
12806 10235125 1
12807 10235222 144
12808 10239410 11
12809 10239573 141
12810 10239728 39
12811 10241088 18
12812 10241558 86
12813 10242608 208
12814 10244472 48
12815 10245166 38
12816 10245214 7
12817 10245807 33
12818 10245993 51
12819 10246047 87
12820 10246324 28
12821 10246782 186
12822 10247579 56
12823 10247747 8
12824 10248181 122
12825 10249178 40
12826 10249333 146
12827 10250937 46
12828 10251520 127
12829 10252970 132
12830 10253919 175
12831 10254023 17
12832 10254098 229
12833 10255780 203
12834 10256442 21
12835 10256977 30
12836 10257624 174
12837 10258351 29
12838 10258848 60
12839 10259463 148
12840 10260950 145
12841 10262799 31
12842 10262824 45
12843 10263372 189
12844 10263872 204
12845 10264616 20
12846 10265025 129
12847 10265088 177
12848 10265954 25
12849 10267593 52
12850 10268049 63
12851 10268652 17
12852 10268741 18
12853 10269579 97
12854 10269951 283
12855 10271050 3
12856 10271673 6
12857 10271861 87
12858 10272207 104
12859 10272531 297
12860 10274034 5
12861 10274285 326
12862 10274894 178
12863 10276031 28
12864 10277018 43
12865 10277163 35
12866 10277771 15
12867 10278356 44
12868 10279048 141
12869 10279126 14
12870 10282190 108
12871 10282235 43
12872 10282246 260
12873 10283659 20
12874 10283672 383
12875 10283993 34
12876 10286068 269
12877 10286079 59
12878 10286138 19
12879 10286553 63
12880 10288359 30
12881 10290437 64
12882 10290466 130
12883 10290625 166
12884 10292476 1
12885 10293183 156
12886 10295849 24
12887 10295866 2
12888 10296947 225
12889 10297757 28
12890 10297822 82
12891 10298946 223
12892 10299860 67
12893 10300265 60
12894 10301383 37
12895 10302830 25
12896 10304419 52
12897 10305659 30
12898 10308180 282
12899 10308224 1
12900 10309476 94
12901 10309637 26
12902 10309837 28
12903 10311753 13
12904 10311811 251
12905 10311949 50
12906 10312114 10
12907 10313934 148
12908 10315576 15
12909 10315754 88
12910 10316105 16
12911 10316856 153
12912 10316934 145
12913 10317016 64
12914 10317949 6
12915 10317970 5
12916 10318954 73
12917 10320615 17
12918 10320660 15
12919 10320875 165
12920 10321703 376
12921 10322369 15
12922 10322957 35
12923 10324140 102
12924 10324332 114
12925 10324849 30
12926 10325056 55
12927 10325631 104
12928 10325838 33
12929 10326810 322
12930 10326833 32
12931 10326835 176
12932 10327905 296
12933 10328553 48
12934 10330143 55
12935 10332921 114
12936 10334860 41
12937 10337370 21
12938 10337937 56
12939 10338154 128
12940 10341068 313
12941 10341591 70
12942 10341710 26
12943 10342188 17
12944 10343717 83
12945 10343964 42
12946 10344275 74
12947 10344373 71
12948 10344624 186
12949 10345068 42
12950 10345920 110
12951 10346015 376
12952 10346659 93
12953 10349241 31
12954 10350040 135
12955 10350332 36
12956 10350657 121
12957 10351840 266
12958 10352153 109
12959 10353187 139
12960 10353789 14
12961 10354816 192
12962 10356216 1
12963 10356651 151
12964 10357768 6
12965 10357832 61
12966 10357873 171
12967 10358059 15
12968 10358558 51
12969 10359299 173
12970 10359641 10
12971 10361337 30
12972 10361538 33
12973 10361659 58
12974 10362358 27
12975 10362915 32
12976 10363178 44
12977 10364176 4
12978 10369215 187
12979 10369423 58
12980 10369725 102
12981 10374616 19
12982 10374693 10
12983 10375430 33
12984 10376365 78
12985 10377168 88
12986 10378383 136
12987 10378464 122
12988 10379786 54
12989 10381323 5
12990 10382358 34
12991 10384017 66
12992 10384600 35
12993 10386257 3
12994 10386356 64
12995 10387005 53
12996 10387443 106
12997 10388052 42
12998 10390013 75
12999 10390366 66
13000 10391550 7
13001 10391627 4
13002 10392457 31
13003 10393566 173
13004 10393674 235
13005 10395033 124
13006 10395836 151
13007 10396612 219
13008 10396637 8
13009 10397263 176
13010 10397508 15
13011 10397871 83
13012 10397981 88
13013 10398740 13
13014 10399257 16
13015 10400130 18
13016 10400566 13
13017 10400819 136
13018 10401766 180
13019 10404021 127
13020 10404179 397
13021 10404985 16
13022 10405260 79
13023 10405593 333
13024 10406519 20
13025 10407145 139
13026 10407254 55
13027 10409421 45
13028 10410570 44
13029 10410710 47
13030 10410891 293
13031 10413386 119
13032 10413420 26
13033 10416225 72
13034 10417609 154
13035 10417942 81
13036 10418159 136
13037 10418195 100
13038 10419242 97
13039 10420420 84
13040 10420429 8
13041 10420618 349
13042 10420887 121
13043 10422307 36
13044 10422348 164
13045 10422526 191
13046 10424437 2
13047 10424556 73
13048 10425365 28
13049 10427497 279
13050 10427766 171
13051 10427853 29
13052 10428495 35
13053 10428909 93
13054 10429725 68
13055 10432466 203
13056 10433852 54
13057 10434027 228
13058 10435957 71
13059 10437117 41
13060 10437823 111
13061 10438107 41
13062 10439451 70
13063 10439775 130
13064 10440333 134
13065 10440590 244
13066 10441965 80
13067 10443018 85
13068 10443844 57
13069 10444405 55
13070 10444428 56
13071 10445396 6
13072 10445494 81
13073 10445787 375
13074 10446380 100
13075 10447410 8
13076 10447889 116
13077 10448369 66
13078 10449349 6
13079 10452101 18
13080 10452403 178
13081 10452674 389
13082 10452850 88
13083 10454035 260
13084 10454107 154
13085 10454468 46
13086 10456078 73
13087 10458473 339
13088 10459012 32
13089 10459495 200
13090 10460120 208
13091 10460718 205
13092 10460989 274
13093 10461230 10
13094 10462154 194
13095 10462487 18
13096 10462999 90
13097 10463384 11
13098 10463413 27
13099 10464094 28
13100 10464225 8
13101 10464957 24
13102 10465303 68
13103 10465493 27
13104 10467577 195
13105 10468549 214
13106 10469194 56
13107 10470201 113
13108 10470248 112
13109 10472792 24
13110 10472981 2
13111 10473584 19
13112 10474848 41
13113 10476072 130
13114 10476186 3
13115 10476467 127
13116 10477505 53
13117 10477634 57
13118 10479809 95
13119 10480854 177
13120 10481089 2
13121 10481258 71
13122 10481321 157
13123 10481353 245
13124 10481991 53
13125 10482935 9
13126 10483426 62
13127 10486730 23
13128 10490260 234
13129 10490657 180
13130 10491653 9
13131 10492644 309
13132 10493289 8
13133 10494617 3
13134 10495290 22
13135 10495861 25
13136 10496832 82
13137 10497117 388
13138 10498943 90
13139 10499319 55
13140 10499544 36
13141 10501939 40
13142 10502725 98
13143 10502981 293
13144 10503845 59
13145 10505828 111
13146 10509658 57
13147 10509677 55
13148 10510177 24
13149 10512613 4
13150 10513755 191
13151 10514553 51
13152 10514847 9
13153 10515940 8
13154 10516846 47
13155 10517250 59
13156 10518199 22
13157 10518385 2
13158 10518749 16
13159 10519507 159
13160 10519850 159
13161 10520102 367
13162 10520223 15
13163 10522460 106
13164 10522752 10
13165 10523455 74
13166 10523668 3
13167 10525974 79
13168 10526952 604
13169 10527863 94
13170 10528198 17
13171 10528481 31
13172 10529509 27
13173 10529833 112
13174 10531759 56
13175 10532384 75
13176 10532418 266
13177 10533585 209
13178 10535159 837
13179 10535429 136
13180 10535503 108
13181 10535720 57
13182 10535738 31
13183 10536830 11
13184 10537387 321
13185 10537439 48
13186 10537628 64
13187 10537634 119
13188 10540279 316
13189 10540510 83
13190 10542221 21
13191 10542358 135
13192 10542755 304
13193 10543494 43
13194 10543515 106
13195 10544895 40
13196 10545846 11
13197 10546986 208
13198 10547232 838
13199 10548032 29
13200 10548818 29
13201 10549454 69
13202 10549693 219
13203 10551839 84
13204 10552531 69
13205 10554467 47
13206 10555033 429
13207 10556050 1
13208 10556211 5
13209 10557393 44
13210 10558004 339
13211 10558141 72
13212 10558901 9
13213 10559430 203
13214 10559588 62
13215 10561744 191
13216 10561779 60
13217 10561906 130
13218 10562958 7
13219 10563014 1
13220 10563961 234
13221 10564573 111
13222 10565609 229
13223 10566916 1
13224 10567525 66
13225 10567901 150
13226 10568837 109
13227 10569005 8
13228 10569602 48
13229 10570205 198
13230 10570825 127
13231 10571411 10
13232 10572897 100
13233 10574305 88
13234 10576400 89
13235 10576443 37
13236 10578428 434
13237 10579942 155
13238 10580450 9
13239 10581817 3
13240 10582011 1
13241 10583116 137
13242 10584175 143
13243 10584614 298
13244 10586220 55
13245 10586509 18
13246 10587147 1
13247 10587758 23
13248 10588069 10
13249 10588166 141
13250 10588852 240
13251 10589125 268
13252 10590282 89
13253 10592042 272
13254 10592317 17
13255 10593977 112
13256 10594108 17
13257 10594817 80
13258 10598639 130
13259 10600355 99
13260 10600829 129
13261 10601137 27
13262 10601247 89
13263 10601721 295
13264 10603648 267
13265 10604553 132
13266 10605268 58
13267 10605892 55
13268 10606607 85
13269 10606674 200
13270 10607740 111
13271 10607758 86
13272 10608003 27
13273 10608890 44
13274 10609927 33
13275 10611648 94
13276 10612406 35
13277 10612691 186
13278 10612896 58
13279 10614769 78
13280 10615825 161
13281 10616522 6
13282 10617199 256
13283 10617638 67
13284 10617814 85
13285 10618611 110
13286 10619197 145
13287 10619500 16
13288 10619595 72
13289 10621511 21
13290 10621543 59
13291 10625825 86
13292 10626234 21
13293 10626481 8
13294 10629112 84
13295 10629774 91
13296 10629989 76
13297 10630329 1
13298 10631296 55
13299 10631302 172
13300 10631908 22
13301 10632233 95
13302 10632544 72
13303 10632663 92
13304 10635893 40
13305 10636459 28
13306 10636663 46
13307 10638143 173
13308 10639169 12
13309 10640225 4
13310 10640530 214
13311 10642702 29
13312 10645165 123
13313 10645726 344
13314 10647591 75
13315 10649970 340
13316 10650255 9
13317 10650402 178
13318 10650627 28
13319 10652130 205
13320 10652521 324
13321 10653175 44
13322 10655317 5
13323 10655909 132
13324 10657154 117
13325 10657579 151
13326 10658273 208
13327 10658369 114
13328 10659385 110
13329 10659771 20
13330 10661025 156
13331 10662454 5
13332 10663931 264
13333 10664529 44
13334 10664901 48
13335 10665113 5
13336 10665453 127
13337 10666237 152
13338 10666912 12
13339 10667185 213
13340 10667470 111
13341 10667476 89
13342 10668963 156
13343 10669859 27
13344 10670036 28
13345 10670058 276
13346 10670176 92
13347 10670823 123
13348 10671596 10
13349 10673093 83
13350 10673455 190
13351 10674368 25
13352 10676451 167
13353 10677369 205
13354 10678003 12
13355 10683954 87
13356 10683969 423
13357 10684576 61
13358 10684654 52
13359 10685835 85
13360 10686277 128
13361 10686964 69
13362 10687401 23
13363 10687495 129
13364 10687506 241
13365 10689206 11
13366 10689675 67
13367 10691418 35
13368 10693665 30
13369 10695413 7
13370 10696043 321
13371 10696951 114
13372 10697868 143
13373 10698242 47
13374 10698388 195
13375 10699413 88
13376 10699915 34
13377 10701181 70
13378 10702187 47
13379 10702235 68
13380 10702386 84
13381 10702394 218
13382 10703341 7
13383 10703468 94
13384 10703784 202
13385 10703865 22
13386 10704852 54
13387 10705770 144
13388 10706457 42
13389 10707643 17
13390 10708073 85
13391 10709705 29
13392 10709850 8
13393 10709887 3
13394 10710524 23
13395 10710727 64
13396 10710994 98
13397 10711471 50
13398 10711882 93
13399 10713012 50
13400 10713333 121
13401 10713376 4
13402 10714305 251
13403 10714440 68
13404 10715457 248
13405 10716163 4
13406 10717091 116
13407 10717356 14
13408 10718889 135
13409 10719862 68
13410 10721305 16
13411 10722471 38
13412 10722662 30
13413 10724234 41
13414 10724662 7
13415 10725392 295
13416 10726576 177
13417 10726617 157
13418 10728120 30
13419 10728820 402
13420 10729392 9
13421 10731607 38
13422 10732040 41
13423 10732802 99
13424 10735242 51
13425 10735808 60
13426 10735924 67
13427 10736441 16
13428 10736771 136
13429 10737741 216
13430 10737815 55
13431 10739013 11
13432 10739099 226
13433 10739106 40
13434 10739412 164
13435 10741533 447
13436 10741957 382
13437 10743773 36
13438 10744820 169
13439 10745319 225
13440 10746133 89
13441 10746950 173
13442 10748040 12
13443 10748589 25
13444 10750152 44
13445 10750364 45
13446 10751562 169
13447 10752005 204
13448 10752018 257
13449 10752744 295
13450 10754249 16
13451 10754307 153
13452 10754570 51
13453 10754797 157
13454 10755247 185
13455 10755950 91
13456 10756007 30
13457 10758214 37
13458 10760915 79
13459 10761112 242
13460 10761314 111
13461 10761859 8
13462 10763687 32
13463 10765775 207
13464 10766018 44
13465 10767645 60
13466 10767910 219
13467 10769133 32
13468 10769915 42
13469 10770035 44
13470 10772303 14
13471 10772729 196
13472 10775513 27
13473 10775555 30
13474 10776306 31
13475 10776365 256
13476 10777302 19
13477 10779319 231
13478 10780798 17
13479 10782132 290
13480 10782219 75
13481 10784586 64
13482 10784910 194
13483 10785316 81
13484 10785592 70
13485 10785673 73
13486 10786095 11
13487 10786396 12
13488 10786421 3
13489 10789286 84
13490 10790981 41
13491 10791799 177
13492 10792505 56
13493 10794243 10
13494 10794277 70
13495 10795531 26
13496 10797172 26
13497 10797373 61
13498 10798516 82
13499 10798860 15
13500 10799093 127
13501 10799333 61
13502 10799753 58
13503 10800069 91
13504 10800973 104
13505 10801167 18
13506 10801921 121
13507 10802561 153
13508 10804737 186
13509 10804872 39
13510 10805175 302
13511 10805218 277
13512 10806074 235
13513 10811096 348
13514 10811138 530
13515 10812731 113
13516 10813586 161
13517 10813620 278
13518 10816195 251
13519 10816286 29
13520 10820181 77
13521 10821070 118
13522 10822053 97
13523 10822188 181
13524 10822570 103
13525 10822683 46
13526 10825056 326
13527 10825710 7
13528 10825813 45
13529 10827019 85
13530 10828266 14
13531 10829054 112
13532 10830867 22
13533 10832863 463
13534 10833193 226
13535 10833341 222
13536 10833632 27
13537 10834267 41
13538 10835489 41
13539 10835705 53
13540 10835865 27
13541 10836983 81
13542 10837020 129
13543 10839247 152
13544 10840222 42
13545 10843557 30
13546 10845240 104
13547 10845587 30
13548 10846215 101
13549 10846405 80
13550 10846763 39
13551 10848511 34
13552 10848893 51
13553 10849620 73
13554 10849664 75
13555 10850248 22
13556 10852109 281
13557 10852490 185
13558 10852505 212
13559 10853381 418
13560 10854108 137
13561 10854494 145
13562 10854791 10
13563 10856349 32
13564 10856725 91
13565 10858270 73
13566 10858547 89
13567 10858608 152
13568 10858923 18
13569 10859446 47
13570 10859568 63
13571 10860851 128
13572 10861642 79
13573 10861780 4
13574 10862495 29
13575 10862947 13
13576 10863163 313
13577 10863248 61
13578 10863264 31
13579 10863759 86
13580 10864524 141
13581 10866133 13
13582 10867706 110
13583 10869982 104
13584 10870474 180
13585 10871456 8
13586 10871511 7
13587 10872368 204
13588 10872401 17
13589 10872446 149
13590 10872963 19
13591 10873961 22
13592 10876539 23
13593 10877459 379
13594 10878570 161
13595 10879662 4
13596 10880214 129
13597 10880261 8
13598 10880262 127
13599 10880564 28
13600 10880795 210
13601 10881607 161
13602 10881905 119
13603 10882408 8
13604 10883005 27
13605 10883131 144
13606 10883207 26
13607 10884348 17
13608 10884818 17
13609 10885200 15
13610 10885497 320
13611 10886105 8
13612 10886849 102
13613 10887140 191
13614 10887315 182
13615 10888520 451
13616 10888958 26
13617 10890704 176
13618 10891605 16
13619 10893607 13
13620 10895432 43
13621 10896740 110
13622 10897614 148
13623 10897901 123
13624 10898295 49
13625 10898307 44
13626 10898375 76
13627 10899018 10
13628 10899769 43
13629 10901264 5
13630 10901332 319
13631 10901667 34
13632 10902237 69
13633 10903105 100
13634 10904333 9
13635 10905698 8
13636 10905832 253
13637 10907570 40
13638 10908178 19
13639 10910675 128
13640 10910950 106
13641 10911136 39
13642 10911631 306
13643 10914543 159
13644 10915237 80
13645 10915469 38
13646 10917278 16
13647 10920269 29
13648 10920326 35
13649 10920463 65
13650 10920589 135
13651 10921582 22
13652 10921738 27
13653 10921823 103
13654 10923120 152
13655 10923591 24
13656 10925068 32
13657 10926635 56
13658 10927272 57
13659 10927632 239
13660 10928540 115
13661 10928787 35
13662 10929302 7
13663 10930340 31
13664 10930502 18
13665 10931384 20
13666 10932564 62
13667 10935774 151
13668 10935963 280
13669 10936007 82
13670 10937043 85
13671 10938184 62
13672 10939293 69
13673 10939660 109
13674 10939787 232
13675 10940129 7
13676 10942867 81
13677 10943132 183
13678 10943445 1
13679 10945343 76
13680 10945775 17
13681 10946399 97
13682 10946631 44
13683 10949086 3
13684 10949767 176
13685 10951726 47
13686 10954351 26
13687 10955518 61
13688 10956150 85
13689 10958060 96
13690 10958642 242
13691 10959818 4
13692 10961223 268
13693 10962345 26
13694 10962526 18
13695 10962601 41
13696 10962923 30
13697 10963367 98
13698 10963649 105
13699 10963934 43
13700 10964054 271
13701 10964513 142
13702 10964794 231
13703 10966107 245
13704 10966873 42
13705 10967524 59
13706 10967665 189
13707 10967773 171
13708 10968419 119
13709 10969629 53
13710 10969909 82
13711 10970544 25
13712 10970880 80
13713 10971896 99
13714 10972011 134
13715 10972202 14
13716 10972844 9
13717 10974941 29
13718 10976010 14
13719 10976128 252
13720 10977119 45
13721 10977384 10
13722 10978271 103
13723 10978698 399
13724 10981817 13
13725 10981979 7
13726 10982519 87
13727 10982548 88
13728 10982571 100
13729 10983424 28
13730 10984779 34
13731 10985911 151
13732 10986349 48
13733 10989452 3
13734 10990113 113
13735 10991052 50
13736 10991519 84
13737 10991813 38
13738 10992404 42
13739 10994119 248
13740 10994983 354
13741 10995075 103
13742 10996032 305
13743 10996542 63
13744 10996566 217
13745 10996718 31
13746 10996770 147
13747 11001135 20
13748 11001948 5
13749 11002277 268
13750 11002438 34
13751 11004848 140
13752 11005201 267
13753 11007956 16
13754 11008397 16
13755 11008585 114
13756 11009537 80
13757 11009623 203
13758 11009926 68
13759 11011524 371
13760 11012478 236
13761 11013907 2
13762 11014991 64
13763 11016469 60
13764 11016601 46
13765 11016681 152
13766 11017295 91
13767 11017661 81
13768 11017805 155
13769 11019001 159
13770 11019482 137
13771 11020322 7
13772 11020492 154
13773 11021290 20
13774 11022005 211
13775 11022071 455
13776 11022825 95
13777 11023239 46
13778 11023816 110
13779 11023884 103
13780 11024694 119
13781 11025214 69
13782 11025720 51
13783 11028132 19
13784 11030898 2
13785 11031350 69
13786 11032055 272
13787 11033173 25
13788 11035498 15
13789 11035525 51
13790 11036610 8
13791 11036704 28
13792 11036952 291
13793 11038857 206
13794 11040335 90
13795 11040822 131
13796 11040905 62
13797 11042066 77
13798 11042297 186
13799 11042669 2
13800 11042799 399
13801 11044656 26
13802 11044674 16
13803 11044720 150
13804 11045077 102
13805 11045220 17
13806 11046173 163
13807 11048822 238
13808 11049571 161
13809 11050292 21
13810 11050715 32
13811 11050966 40
13812 11051221 91
13813 11051706 73
13814 11053518 28
13815 11053925 17
13816 11054563 42
13817 11055292 163
13818 11055904 96
13819 11057054 234
13820 11058317 328
13821 11059743 245
13822 11061401 148
13823 11061678 362
13824 11062056 66
13825 11062596 80
13826 11063639 12
13827 11065445 35
13828 11066164 189
13829 11066363 24
13830 11066877 201
13831 11067910 34
13832 11068781 142
13833 11068923 38
13834 11070397 234
13835 11070801 25
13836 11072207 71
13837 11073607 2
13838 11073864 153
13839 11074792 173
13840 11075832 42
13841 11076127 26
13842 11076655 12
13843 11076911 19
13844 11079008 261
13845 11079754 71
13846 11079868 411
13847 11080951 36
13848 11083197 74
13849 11083559 27
13850 11083603 147
13851 11083649 73
13852 11083713 73
13853 11083829 1
13854 11084029 189
13855 11084300 57
13856 11085500 35
13857 11085549 201
13858 11085999 75
13859 11086161 67
13860 11087685 77
13861 11088152 80
13862 11090528 84
13863 11090670 33
13864 11091430 24
13865 11091775 23
13866 11092186 40
13867 11093396 29
13868 11094011 50
13869 11094374 90
13870 11094713 71
13871 11094776 51
13872 11094788 48
13873 11094871 95
13874 11095056 96
13875 11095721 29
13876 11096536 184
13877 11097234 69
13878 11097450 30
13879 11097812 11
13880 11097998 19
13881 11098162 98
13882 11101055 17
13883 11101141 43
13884 11101592 38
13885 11103459 367
13886 11103945 10
13887 11104771 141
13888 11105008 23
13889 11105659 138
13890 11106844 9
13891 11107793 7
13892 11107929 255
13893 11109002 74
13894 11109471 62
13895 11110611 113
13896 11112577 100
13897 11113541 23
13898 11114036 93
13899 11114752 176
13900 11115271 92
13901 11115802 22
13902 11116256 143
13903 11119154 14
13904 11119356 51
13905 11119385 8
13906 11120729 161
13907 11122293 133
13908 11124469 5
13909 11125112 42
13910 11127312 103
13911 11127778 80
13912 11128258 109
13913 11130217 287
13914 11131167 389
13915 11131907 29
13916 11132563 145
13917 11133488 6
13918 11133683 115
13919 11134363 79
13920 11134636 35
13921 11135147 281
13922 11135610 327
13923 11136636 208
13924 11137578 42
13925 11138202 36
13926 11138571 67
13927 11138608 26
13928 11139128 84
13929 11139529 18
13930 11139759 26
13931 11140148 4
13932 11140217 68
13933 11141211 50
13934 11141233 56
13935 11142086 111
13936 11142321 6
13937 11143938 105
13938 11144899 80
13939 11145268 161
13940 11145835 76
13941 11146647 15
13942 11147321 39
13943 11148326 12
13944 11149440 422
13945 11149628 8
13946 11150733 91
13947 11150781 42
13948 11151508 36
13949 11152208 118
13950 11152323 257
13951 11152987 77
13952 11155418 43
13953 11156401 52
13954 11156692 243
13955 11157187 118
13956 11157743 75
13957 11157809 16
13958 11158110 121
13959 11158294 11
13960 11160058 302
13961 11160283 20
13962 11160307 25
13963 11160868 94
13964 11160997 194
13965 11161138 65
13966 11161223 25
13967 11161306 298
13968 11162161 56
13969 11162418 156
13970 11163675 21
13971 11164258 64
13972 11165031 55
13973 11166399 30
13974 11166902 234
13975 11170449 65
13976 11170468 64
13977 11170481 120
13978 11171047 109
13979 11171638 109
13980 11176010 31
13981 11176512 151
13982 11177105 14
13983 11177474 74
13984 11177933 16
13985 11178825 302
13986 11180614 156
13987 11180782 18
13988 11181244 5
13989 11182258 41
13990 11182461 39
13991 11182834 83
13992 11184528 79
13993 11184902 143
13994 11184930 75
13995 11185801 50
13996 11188202 104
13997 11189228 147
13998 11189390 94
13999 11190235 403
14000 11190784 83
14001 11191499 33
14002 11192057 126
14003 11194017 67
14004 11195358 22
14005 11195479 5
14006 11196142 5
14007 11196819 62
14008 11198183 135
14009 11198535 66
14010 11198571 14
14011 11198872 106
14012 11199767 74
14013 11200656 126
14014 11201187 51
14015 11202773 46
14016 11203214 165
14017 11203463 60
14018 11203602 37
14019 11204717 41
14020 11205984 307
14021 11207153 183
14022 11207473 204
14023 11207572 5
14024 11212147 144
14025 11212280 48
14026 11212357 28
14027 11213429 189
14028 11214447 11
14029 11214705 104
14030 11215130 660
14031 11217100 18
14032 11217268 90
14033 11217578 178
14034 11218156 72
14035 11218380 34
14036 11220694 96
14037 11221040 382
14038 11221090 97
14039 11222728 50
14040 11224075 82
14041 11224272 57
14042 11224932 135
14043 11226064 8
14044 11226321 82
14045 11228536 22
14046 11228786 36
14047 11229511 56
14048 11229621 117
14049 11231706 47
14050 11231926 82
14051 11233230 16
14052 11233900 90
14053 11234922 8
14054 11235474 264
14055 11235604 60
14056 11236785 233
14057 11237252 52
14058 11237430 221
14059 11237538 76
14060 11239248 275
14061 11239258 49
14062 11239843 39
14063 11241725 181
14064 11241978 86
14065 11242236 99
14066 11242581 104
14067 11242757 24
14068 11243623 117
14069 11244926 177
14070 11245361 65
14071 11245574 13
14072 11245653 6
14073 11245660 50
14074 11246050 210
14075 11247705 14
14076 11248134 126
14077 11248612 500
14078 11249153 22
14079 11250629 79
14080 11253765 11
14081 11254898 237
14082 11254913 49
14083 11255087 25
14084 11255724 47
14085 11256176 54
14086 11257107 57
14087 11258228 60
14088 11258522 25
14089 11259493 110
14090 11260549 28
14091 11261117 317
14092 11261923 178
14093 11262654 20
14094 11263386 311
14095 11264722 77
14096 11265733 69
14097 11267123 304
14098 11267291 66
14099 11268845 171
14100 11271375 145
14101 11271951 152
14102 11272534 18
14103 11272620 63
14104 11272651 159
14105 11272654 155
14106 11273999 17
14107 11275156 13
14108 11276841 68
14109 11277913 70
14110 11280547 60
14111 11280889 148
14112 11282281 9
14113 11283988 54
14114 11285822 1
14115 11285916 24
14116 11286848 1
14117 11287473 28
14118 11287589 7
14119 11287757 34
14120 11287998 10
14121 11288466 85
14122 11288765 113
14123 11288981 139
14124 11289520 8
14125 11290117 36
14126 11290591 10
14127 11290991 74
14128 11291130 61
14129 11293784 4
14130 11294943 297
14131 11297678 97
14132 11298086 43
14133 11298184 4
14134 11298388 25
14135 11299151 9
14136 11299186 143
14137 11299912 35
14138 11302259 17
14139 11302761 26
14140 11302981 192
14141 11303164 316
14142 11303795 130
14143 11304193 108
14144 11304319 636
14145 11304457 22
14146 11304767 193
14147 11304793 14
14148 11304938 52
14149 11305304 102
14150 11305911 196
14151 11306074 93
14152 11306972 107
14153 11308847 136
14154 11308958 1
14155 11309237 44
14156 11309745 497
14157 11309819 53
14158 11309844 34
14159 11310016 70
14160 11310380 89
14161 11310492 18
14162 11312884 108
14163 11314576 143
14164 11319076 105
14165 11321055 56
14166 11322749 21
14167 11323140 5
14168 11323143 24
14169 11323817 79
14170 11325104 128
14171 11325825 87
14172 11326274 94
14173 11326425 21
14174 11327163 84
14175 11328141 78
14176 11328858 62
14177 11328954 14
14178 11329662 55
14179 11330507 180
14180 11331457 14
14181 11331822 3
14182 11332749 3
14183 11332779 114
14184 11334183 50
14185 11336074 40
14186 11336772 290
14187 11336837 281
14188 11337386 174
14189 11337831 129
14190 11338545 121
14191 11339136 43
14192 11339789 50
14193 11339819 19
14194 11340317 252
14195 11342292 107
14196 11342623 252
14197 11342876 103
14198 11344023 13
14199 11344318 34
14200 11344492 57
14201 11345206 29
14202 11345689 13
14203 11346121 29
14204 11346499 82
14205 11347199 326
14206 11348425 61
14207 11348518 19
14208 11350891 139
14209 11351460 51
14210 11352406 81
14211 11353443 230
14212 11353725 29
14213 11353856 33
14214 11354448 29
14215 11355020 21
14216 11356072 181
14217 11359572 25
14218 11359684 299
14219 11360919 35
14220 11361489 54
14221 11361589 21
14222 11362616 243
14223 11362727 593
14224 11363178 51
14225 11363202 263
14226 11363716 119
14227 11363993 266
14228 11364389 181
14229 11365794 17
14230 11365805 156
14231 11366726 87
14232 11368558 36
14233 11368803 47
14234 11368867 82
14235 11369292 20
14236 11370882 20
14237 11372327 2
14238 11373027 143
14239 11374675 188
14240 11376226 132
14241 11376340 68
14242 11377216 127
14243 11378771 203
14244 11380816 325
14245 11380877 3
14246 11381267 19
14247 11382627 54
14248 11383378 109
14249 11383423 61
14250 11383511 148
14251 11383810 31
14252 11384397 139
14253 11387634 89
14254 11387856 86
14255 11389225 8
14256 11389398 80
14257 11390796 73
14258 11392131 89
14259 11393775 29
14260 11393995 29
14261 11395679 142
14262 11396804 21
14263 11397877 19
14264 11399079 25
14265 11399610 163
14266 11400468 141
14267 11400529 2
14268 11402611 45
14269 11402671 10
14270 11405691 162
14271 11407816 52
14272 11407907 176
14273 11408436 22
14274 11408756 418
14275 11409913 111
14276 11410553 57
14277 11410636 57
14278 11410809 57
14279 11411046 84
14280 11412838 200
14281 11414935 57
14282 11414999 148
14283 11416464 58
14284 11417529 23
14285 11418185 208
14286 11418228 234
14287 11418316 34
14288 11419622 2
14289 11419920 181
14290 11420718 47
14291 11421344 26
14292 11422259 4
14293 11422322 115
14294 11422734 38
14295 11425348 32
14296 11425747 2
14297 11426543 309
14298 11426725 183
14299 11426999 126
14300 11427476 160
14301 11427900 163
14302 11429161 131
14303 11430981 31
14304 11431427 9
14305 11431659 22
14306 11432499 175
14307 11432893 18
14308 11433050 145
14309 11433577 30
14310 11433645 6
14311 11434118 25
14312 11435386 677
14313 11435766 149
14314 11435971 16
14315 11436484 157
14316 11436912 20
14317 11437567 167
14318 11437643 77
14319 11437993 45
14320 11438344 43
14321 11438702 122
14322 11438863 14
14323 11438907 67
14324 11439432 43
14325 11441094 44
14326 11441638 74
14327 11442651 55
14328 11444637 1
14329 11446067 61
14330 11446121 100
14331 11446295 40
14332 11448546 12
14333 11449423 169
14334 11449755 24
14335 11450985 45
14336 11452176 411
14337 11452315 200
14338 11453609 17
14339 11455050 5
14340 11456527 72
14341 11456694 41
14342 11456733 78
14343 11458849 240
14344 11458967 81
14345 11459654 15
14346 11461735 226
14347 11462307 304
14348 11462491 15
14349 11465686 79
14350 11466653 21
14351 11466971 431
14352 11469509 102
14353 11469631 138
14354 11469848 82
14355 11470233 6
14356 11471193 66
14357 11471223 121
14358 11472687 142
14359 11474208 70
14360 11475879 86
14361 11476747 97
14362 11478196 120
14363 11479164 35
14364 11480081 99
14365 11480310 8
14366 11481040 71
14367 11481498 149
14368 11481969 52
14369 11482446 37
14370 11484471 209
14371 11484756 8
14372 11484969 24
14373 11485816 133
14374 11486140 157
14375 11486620 92
14376 11487269 32
14377 11488189 18
14378 11488692 82
14379 11488926 15
14380 11488954 165
14381 11490102 27
14382 11491874 51
14383 11492479 130
14384 11493283 154
14385 11494840 165
14386 11495115 69
14387 11495324 12
14388 11499004 89
14389 11500043 116
14390 11500642 76
14391 11501902 126
14392 11501990 3
14393 11502316 214
14394 11503175 120
14395 11503217 27
14396 11503269 139
14397 11505052 300
14398 11508904 68
14399 11509463 88
14400 11509590 39
14401 11510177 165
14402 11510469 211
14403 11510508 21
14404 11510664 11
14405 11512715 18
14406 11512752 13
14407 11512909 98
14408 11514018 53
14409 11517586 65
14410 11517731 23
14411 11518473 149
14412 11519413 9
14413 11519428 87
14414 11521058 158
14415 11521215 131
14416 11522553 84
14417 11522975 150
14418 11523570 150
14419 11523570 10
14420 11524138 10
14421 11524310 196
14422 11527301 299
14423 11527516 10
14424 11528186 38
14425 11528261 126
14426 11529050 55
14427 11530753 96
14428 11530799 76
14429 11530920 232
14430 11531014 40
14431 11532092 63
14432 11532668 29
14433 11536817 46
14434 11537946 26
14435 11538528 127
14436 11539161 172
14437 11543312 14
14438 11545557 64
14439 11545747 9
14440 11547135 8
14441 11547363 49
14442 11547817 159
14443 11549373 110
14444 11549429 66
14445 11549983 111
14446 11551606 1
14447 11551630 21
14448 11551929 23
14449 11552306 60
14450 11553673 33
14451 11554972 35
14452 11555486 53
14453 11556104 165
14454 11556472 12
14455 11557249 176
14456 11557422 38
14457 11557481 5
14458 11557695 24
14459 11557941 613
14460 11558222 86
14461 11558611 359
14462 11559073 121
14463 11559593 22
14464 11560053 70
14465 11561037 20
14466 11562309 205
14467 11565374 73
14468 11565718 14
14469 11567277 12
14470 11567529 73
14471 11567716 93
14472 11569670 68
14473 11569809 172
14474 11570297 76
14475 11571500 10
14476 11571598 293
14477 11573483 14
14478 11573494 134
14479 11574580 46
14480 11575027 95
14481 11575816 47
14482 11576729 160
14483 11578829 33
14484 11579996 393
14485 11580016 149
14486 11581557 91
14487 11582466 94
14488 11582805 391
14489 11583550 21
14490 11586703 36
14491 11587059 1
14492 11588083 2
14493 11589154 22
14494 11590024 29
14495 11591281 162
14496 11595523 79
14497 11596871 2
14498 11597970 224
14499 11598976 130
14500 11600933 4
14501 11601353 259
14502 11601632 49
14503 11602368 7
14504 11603613 265
14505 11604277 86
14506 11604736 138
14507 11604908 33
14508 11605069 88
14509 11605621 131
14510 11606913 72
14511 11608285 76
14512 11609191 10
14513 11610240 15
14514 11611123 13
14515 11611530 24
14516 11611651 58
14517 11612289 59
14518 11615192 89
14519 11615868 19
14520 11616476 32
14521 11617221 75
14522 11617256 241
14523 11618739 443
14524 11619991 474
14525 11621260 1
14526 11624191 76
14527 11625118 68
14528 11626405 125
14529 11626661 4
14530 11626888 117
14531 11628471 56
14532 11628825 117
14533 11629699 207
14534 11630335 90
14535 11630575 42
14536 11631312 61
14537 11634462 74
14538 11634511 57
14539 11635687 170
14540 11635983 9
14541 11637594 267
14542 11639507 15
14543 11640084 276
14544 11640502 14
14545 11641499 46
14546 11643491 41
14547 11644259 4
14548 11646819 289
14549 11649342 170
14550 11649725 50
14551 11651970 189
14552 11652647 87
14553 11654456 21
14554 11654729 16
14555 11655399 43
14556 11657450 292
14557 11657532 78
14558 11657652 306
14559 11658595 121
14560 11658823 1
14561 11659071 45
14562 11659181 134
14563 11659479 22
14564 11660247 415
14565 11661209 59
14566 11661963 128
14567 11662381 64
14568 11662835 29
14569 11663065 53
14570 11663802 13
14571 11663917 27
14572 11665372 70
14573 11665619 225
14574 11665677 24
14575 11666110 54
14576 11666829 10
14577 11667097 3
14578 11667982 150
14579 11670012 41
14580 11670227 140
14581 11670686 230
14582 11671970 91
14583 11672504 31
14584 11672513 25
14585 11672843 239
14586 11673464 168
14587 11673566 15
14588 11673917 317
14589 11674250 109
14590 11674600 39
14591 11674704 34
14592 11674809 133
14593 11675181 68
14594 11675503 45
14595 11675792 66
14596 11676275 20
14597 11677935 249
14598 11678373 41
14599 11678581 9
14600 11680018 23
14601 11682927 2
14602 11684758 66
14603 11685968 57
14604 11686062 58
14605 11687255 97
14606 11687836 20
14607 11688030 96
14608 11688203 15
14609 11688233 31
14610 11689389 431
14611 11690648 194
14612 11690962 29
14613 11691238 13
14614 11692592 141
14615 11693334 43
14616 11696171 237
14617 11696248 50
14618 11696627 90
14619 11697472 271
14620 11698482 35
14621 11699127 208
14622 11699160 105
14623 11699863 137
14624 11700436 36
14625 11700547 171
14626 11701618 119
14627 11702987 13
14628 11706629 162
14629 11707248 33
14630 11707402 25
14631 11707749 18
14632 11709002 29
14633 11709420 163
14634 11709487 28
14635 11710190 16
14636 11710904 312
14637 11711401 203
14638 11712743 267
14639 11712773 31
14640 11713625 110
14641 11714356 14
14642 11715840 164
14643 11716779 117
14644 11717028 48
14645 11719025 8
14646 11719827 45
14647 11720255 39
14648 11724618 1
14649 11726509 50
14650 11726889 42
14651 11728362 279
14652 11728565 78
14653 11728967 83
14654 11730721 91
14655 11731368 153
14656 11731980 35
14657 11732872 299
14658 11733289 106
14659 11733509 115
14660 11735455 60
14661 11736187 53
14662 11736456 36
14663 11736575 31
14664 11737120 144
14665 11737304 74
14666 11738367 54
14667 11741695 31
14668 11744261 60
14669 11745385 39
14670 11745997 7
14671 11746241 53
14672 11746375 35
14673 11746877 18
14674 11747391 370
14675 11747828 174
14676 11748267 116
14677 11748366 4
14678 11749294 50
14679 11750058 119
14680 11751462 29
14681 11752748 85
14682 11755174 6
14683 11755544 38
14684 11755824 31
14685 11756263 27
14686 11757950 15
14687 11757987 25
14688 11758296 20
14689 11759551 6
14690 11759571 9
14691 11760160 100
14692 11760505 107
14693 11760941 69
14694 11764216 19
14695 11764348 47
14696 11764993 34
14697 11765603 31
14698 11766748 178
14699 11766957 55
14700 11767224 6
14701 11768072 52
14702 11768171 79
14703 11768942 31
14704 11769017 43
14705 11770085 128
14706 11770309 131
14707 11770999 155
14708 11772492 89
14709 11773479 68
14710 11773515 87
14711 11774961 200
14712 11775221 172
14713 11775799 398
14714 11778084 43
14715 11778529 204
14716 11778934 28
14717 11779171 27
14718 11780528 187
14719 11780602 2
14720 11780872 110
14721 11781769 306
14722 11782158 25
14723 11782598 136
14724 11783214 41
14725 11784700 12
14726 11785542 8
14727 11786680 134
14728 11788354 312
14729 11790736 113
14730 11790957 95
14731 11792962 119
14732 11794334 172
14733 11794349 25
14734 11794774 129
14735 11794870 302
14736 11796940 38
14737 11796978 114
14738 11798613 11
14739 11799261 106
14740 11799610 400
14741 11802969 92
14742 11803083 207
14743 11803216 94
14744 11803951 125
14745 11804858 85
14746 11804965 122
14747 11806204 37
14748 11806401 106
14749 11806758 4
14750 11807646 64
14751 11807924 56
14752 11808069 191
14753 11808089 107
14754 11808566 44
14755 11809653 74
14756 11810550 160
14757 11810646 35
14758 11810914 207
14759 11811183 113
14760 11813815 51
14761 11815385 119
14762 11815525 98
14763 11815793 189
14764 11818564 27
14765 11818808 67
14766 11820196 105
14767 11820801 135
14768 11821403 61
14769 11821684 25
14770 11823760 3
14771 11824095 396
14772 11824141 56
14773 11824885 288
14774 11825574 18
14775 11827393 49
14776 11827979 52
14777 11828663 287
14778 11829369 24
14779 11829685 145
14780 11829906 81
14781 11830600 15
14782 11830669 79
14783 11832307 44
14784 11832320 17
14785 11832707 11
14786 11833620 129
14787 11836144 28
14788 11837705 93
14789 11837751 34
14790 11838330 75
14791 11838642 107
14792 11840822 49
14793 11842599 11
14794 11843243 13
14795 11843246 292
14796 11843609 56
14797 11843671 191
14798 11843945 88
14799 11844854 96
14800 11845006 133
14801 11845594 3
14802 11846385 6
14803 11847289 99
14804 11847503 65
14805 11847858 19
14806 11848159 52
14807 11849578 36
14808 11849660 36
14809 11850000 42
14810 11850055 1
14811 11850204 19
14812 11850221 14
14813 11850761 122
14814 11851656 58
14815 11853096 1
14816 11854457 161
14817 11855407 28
14818 11855695 81
14819 11857815 69
14820 11858502 107
14821 11858867 354
14822 11859252 85
14823 11859800 50
14824 11861599 109
14825 11862118 318
14826 11862248 84
14827 11862821 34
14828 11862868 80
14829 11862987 7
14830 11863416 43
14831 11864541 176
14832 11864607 111
14833 11866336 110
14834 11866721 41
14835 11867746 58
14836 11869584 105
14837 11870717 12
14838 11872217 37
14839 11872682 492
14840 11872760 434
14841 11872966 247
14842 11873554 9
14843 11875532 343
14844 11876480 33
14845 11878080 27
14846 11878138 46
14847 11878201 114
14848 11879149 136
14849 11879741 287
14850 11880503 160
14851 11881220 29
14852 11883827 25
14853 11884009 23
14854 11884493 96
14855 11885160 48
14856 11885690 209
14857 11886120 272
14858 11886833 3
14859 11888798 60
14860 11889580 240
14861 11889937 143
14862 11892750 22
14863 11893352 128
14864 11893416 101
14865 11893929 66
14866 11894549 105
14867 11895227 45
14868 11897701 4
14869 11899121 189
14870 11900628 54
14871 11900933 25
14872 11902444 232
14873 11903405 93
14874 11904883 174
14875 11904925 27
14876 11906036 90
14877 11907176 94
14878 11907288 32
14879 11908509 15
14880 11909310 80
14881 11910543 43
14882 11910872 2
14883 11912805 65
14884 11912926 21
14885 11912977 29
14886 11914986 81
14887 11914988 54
14888 11915036 194
14889 11916670 66
14890 11916937 83
14891 11917839 165
14892 11918147 53
14893 11918481 100
14894 11918756 71
14895 11921462 7
14896 11921646 69
14897 11921947 271
14898 11922720 67
14899 11923298 4
14900 11923908 60
14901 11926990 19
14902 11927224 46
14903 11930527 64
14904 11930608 160
14905 11930687 61
14906 11931318 63
14907 11931592 130
14908 11932631 711
14909 11932741 194
14910 11933517 31
14911 11933844 69
14912 11934573 286
14913 11935107 101
14914 11935457 24
14915 11936416 12
14916 11937169 199
14917 11938040 121
14918 11940355 81
14919 11940450 24
14920 11940705 8
14921 11942213 24
14922 11943044 436
14923 11944164 43
14924 11944177 24
14925 11944202 14
14926 11944559 305
14927 11946411 27
14928 11947036 72
14929 11947443 29
14930 11950259 16
14931 11951318 39
14932 11951467 63
14933 11951925 130
14934 11951980 14
14935 11952393 51
14936 11952521 9
14937 11953725 388
14938 11954011 126
14939 11954371 25
14940 11954992 171
14941 11955200 13
14942 11955372 9
14943 11955697 130
14944 11956288 60
14945 11956467 12
14946 11956472 50
14947 11957165 133
14948 11957206 17
14949 11957394 473
14950 11957684 124
14951 11959446 19
14952 11959851 124
14953 11961904 59
14954 11962402 30
14955 11962929 13
14956 11963359 21
14957 11963793 117
14958 11964788 104
14959 11965227 55
14960 11965519 30
14961 11966843 79
14962 11966878 21
14963 11967585 196
14964 11967774 102
14965 11969194 27
14966 11969629 20
14967 11971001 26
14968 11971094 69
14969 11973688 1
14970 11973809 7
14971 11974932 58
14972 11976157 8
14973 11976615 66
14974 11977126 204
14975 11977300 92
14976 11977627 72
14977 11977931 182
14978 11978124 373
14979 11979622 88
14980 11979928 53
14981 11980275 44
14982 11980635 418
14983 11981707 170
14984 11982658 244
14985 11984643 163
14986 11985053 3
14987 11985339 2
14988 11985898 68
14989 11986239 22
14990 11986873 31
14991 11987827 172
14992 11988283 82
14993 11988573 53
14994 11988583 185
14995 11988877 110
14996 11989695 94
14997 11990233 91
14998 11990607 28
14999 11991142 117
15000 11992983 82
15001 11994864 106
15002 11995356 126
15003 11995728 58
15004 11997047 169
15005 11997112 10
15006 11997240 50
15007 11997689 106
15008 11997742 53
15009 11997808 76
15010 11998587 53
15011 11999556 141
15012 12001869 145
15013 12003343 5
15014 12003692 93
15015 12004157 39
15016 12004727 14
15017 12005029 1
15018 12006309 43
15019 12006494 163
15020 12007683 13
15021 12008136 283
15022 12008209 147
15023 12008515 27
15024 12008515 62
15025 12009236 402
15026 12009410 196
15027 12009747 37
15028 12010708 265
15029 12011217 4
15030 12011533 36
15031 12011687 61
15032 12012766 170
15033 12015542 74
15034 12016924 4
15035 12019496 29
15036 12019843 43
15037 12020261 115
15038 12021051 431
15039 12021448 92
15040 12022647 76
15041 12023319 231
15042 12023563 31
15043 12024538 80
15044 12024939 175
15045 12025035 4
15046 12026634 25
15047 12027029 217
15048 12027966 12
15049 12030266 131
15050 12030985 102
15051 12032573 4
15052 12033021 92
15053 12033423 55
15054 12033428 139
15055 12033981 132
15056 12034196 17
15057 12034851 30
15058 12035531 29
15059 12035991 13
15060 12037264 120
15061 12037360 25
15062 12038172 89
15063 12039153 53
15064 12039547 59
15065 12041702 49
15066 12043834 49
15067 12043996 28
15068 12044597 82
15069 12045037 307
15070 12047734 207
15071 12047796 48
15072 12048703 37
15073 12049167 54
15074 12049332 124
15075 12049442 128
15076 12049815 13
15077 12049818 7
15078 12050043 96
15079 12050475 64
15080 12050692 25
15081 12050811 51
15082 12053016 16
15083 12053057 151
15084 12054297 1
15085 12055739 73
15086 12057285 121
15087 12057682 166
15088 12059655 222
15089 12060816 77
15090 12060982 95
15091 12061189 41
15092 12061394 4
15093 12061671 26
15094 12062381 20
15095 12063122 29
15096 12063251 44
15097 12065323 146
15098 12066373 57
15099 12067348 17
15100 12067657 253
15101 12068324 70
15102 12068340 64
15103 12068470 223
15104 12069309 270
15105 12069437 57
15106 12070103 110
15107 12070766 293
15108 12071281 10
15109 12073682 72
15110 12074386 47
15111 12075685 21
15112 12076516 36
15113 12077276 4
15114 12077361 58
15115 12077587 645
15116 12079192 19
15117 12080252 137
15118 12080514 52
15119 12080649 79
15120 12082140 48
15121 12082386 93
15122 12082488 34
15123 12082587 216
15124 12084223 12
15125 12084686 64
15126 12085227 157
15127 12086173 3
15128 12086379 13
15129 12086465 108
15130 12086591 13
15131 12087174 167
15132 12088174 97
15133 12089603 169
15134 12089843 46
15135 12090302 256
15136 12091785 143
15137 12092412 116
15138 12093100 90
15139 12093226 165
15140 12093975 190
15141 12094196 8
15142 12094662 29
15143 12096665 78
15144 12099009 26
15145 12099317 35
15146 12099442 80
15147 12099807 144
15148 12100464 6
15149 12101281 61
15150 12101295 74
15151 12101470 56
15152 12102098 144
15153 12103141 32
15154 12103624 7
15155 12104329 49
15156 12104976 42
15157 12105289 40
15158 12105316 164
15159 12106321 63
15160 12107447 136
15161 12107601 19
15162 12107967 197
15163 12108139 46
15164 12108175 54
15165 12108315 110
15166 12108452 47
15167 12111244 115
15168 12111248 55
15169 12111441 119
15170 12111907 28
15171 12112594 15
15172 12112762 53
15173 12115566 76
15174 12117376 32
15175 12120285 64
15176 12121231 199
15177 12122078 333
15178 12124313 9
15179 12124417 414
15180 12125184 151
15181 12126624 12
15182 12127868 77
15183 12128338 74
15184 12128393 61
15185 12129293 224
15186 12129800 178
15187 12129922 139
15188 12130789 98
15189 12131774 36
15190 12131789 133
15191 12131984 187
15192 12132594 61
15193 12133370 142
15194 12135559 340
15195 12136400 117
15196 12136607 68
15197 12137016 192
15198 12138107 113
15199 12140294 100
15200 12141387 165
15201 12142226 21
15202 12142543 106
15203 12144096 330
15204 12146330 4
15205 12146913 128
15206 12148002 328
15207 12150331 77
15208 12150722 39
15209 12150728 3
15210 12151622 258
15211 12152675 96
15212 12154397 223
15213 12154696 69
15214 12154939 217
15215 12155219 11
15216 12155607 31
15217 12155916 331
15218 12155968 6
15219 12156000 126
15220 12156937 7
15221 12157254 39
15222 12159515 63
15223 12160104 28
15224 12160867 68
15225 12161831 132
15226 12162063 25
15227 12162714 112
15228 12163987 210
15229 12165377 43
15230 12165479 7
15231 12165519 8
15232 12165683 188
15233 12167570 4
15234 12171258 113
15235 12171423 167
15236 12171797 60
15237 12171860 106
15238 12172871 164
15239 12174305 121
15240 12174694 90
15241 12175562 81
15242 12175823 145
15243 12179450 4
15244 12180857 236
15245 12181954 351
15246 12182654 40
15247 12183734 31
15248 12184997 264
15249 12185358 13
15250 12187829 176
15251 12187973 62
15252 12189134 495
15253 12189248 43
15254 12189671 25
15255 12189873 67
15256 12190323 8
15257 12190402 77
15258 12190585 87
15259 12191531 74
15260 12193581 86
15261 12193649 110
15262 12194426 400
15263 12196080 64
15264 12196850 67
15265 12197465 21
15266 12198395 121
15267 12199928 164
15268 12200489 228
15269 12200976 141
15270 12201422 5
15271 12202757 133
15272 12202772 130
15273 12203190 129
15274 12204348 118
15275 12206846 62
15276 12207460 214
15277 12208344 70
15278 12209060 35
15279 12213478 154
15280 12213506 184
15281 12214195 88
15282 12214485 90
15283 12215278 51
15284 12217762 5
15285 12217814 5
15286 12218049 59
15287 12218487 140
15288 12218808 50
15289 12219359 41
15290 12220332 252
15291 12220451 133
15292 12221539 24
15293 12223993 153
15294 12224075 168
15295 12224532 38
15296 12225900 58
15297 12227643 157
15298 12227939 8
15299 12229122 29
15300 12231947 97
15301 12232060 233
15302 12233453 8
15303 12234363 71
15304 12234407 46
15305 12234576 64
15306 12234814 41
15307 12236371 123
15308 12236841 89
15309 12238203 9
15310 12239309 2
15311 12241032 5
15312 12242182 108
15313 12242279 141
15314 12243386 82
15315 12243659 101
15316 12246176 97
15317 12246990 89
15318 12247392 42
15319 12247578 19
15320 12247611 170
15321 12248316 7
15322 12248550 180
15323 12248993 153
15324 12250975 129
15325 12251852 30
15326 12254081 78
15327 12254119 343
15328 12254727 74
15329 12257236 22
15330 12257677 115
15331 12258040 49
15332 12259205 5
15333 12259314 14
15334 12260009 14
15335 12261302 51
15336 12261607 126
15337 12261632 22
15338 12261747 76
15339 12262100 10
15340 12263076 159
15341 12263634 19
15342 12263880 69
15343 12263885 85
15344 12264056 182
15345 12264118 145
15346 12264176 33
15347 12264403 15
15348 12265423 28
15349 12266055 65
15350 12266498 159
15351 12267333 83
15352 12268620 38
15353 12268826 170
15354 12270176 6
15355 12270394 214
15356 12270763 114
15357 12272422 19
15358 12272598 52
15359 12273445 314
15360 12273515 41
15361 12276029 46
15362 12276091 82
15363 12277123 37
15364 12278614 678
15365 12278699 3
15366 12279188 204
15367 12280912 19
15368 12283869 2
15369 12284995 142
15370 12285351 129
15371 12285731 39
15372 12285893 22
15373 12285967 663
15374 12287306 27
15375 12291735 192
15376 12291830 111
15377 12291971 8
15378 12292877 63
15379 12292987 184
15380 12293713 31
15381 12294241 108
15382 12295436 120
15383 12295801 75
15384 12296168 18
15385 12296237 188
15386 12296473 2
15387 12297244 108
15388 12297350 30
15389 12301547 252
15390 12301673 459
15391 12301740 200
15392 12302100 49
15393 12302784 81
15394 12304228 136
15395 12304351 9
15396 12304985 4
15397 12306645 21
15398 12307926 15
15399 12308287 33
15400 12309660 35
15401 12309838 136
15402 12310251 62
15403 12312185 48
15404 12312424 100
15405 12312486 128
15406 12313740 165
15407 12314319 297
15408 12314894 212
15409 12315075 104
15410 12315788 102
15411 12315900 64
15412 12316498 60
15413 12317020 4
15414 12317752 86
15415 12318495 313
15416 12318794 152
15417 12320640 96
15418 12321336 42
15419 12321830 145
15420 12323044 65
15421 12323348 638
15422 12323409 53
15423 12323664 95
15424 12324796 51
15425 12324971 28
15426 12325096 19
15427 12325934 74
15428 12328698 50
15429 12330053 32
15430 12330842 82
15431 12330935 32
15432 12332561 135
15433 12332976 11
15434 12333571 67
15435 12335795 124
15436 12336402 107
15437 12337469 155
15438 12337805 2
15439 12338141 20
15440 12340864 74
15441 12341202 235
15442 12341683 151
15443 12343562 33
15444 12345528 434
15445 12346103 5
15446 12346817 75
15447 12347149 97
15448 12347875 98
15449 12348050 92
15450 12348814 47
15451 12348823 52
15452 12349550 11
15453 12349624 101
15454 12349691 16
15455 12351466 62
15456 12351813 83
15457 12351964 12
15458 12352902 78
15459 12353346 286
15460 12353810 7
15461 12354614 3
15462 12355250 162
15463 12355511 20
15464 12355735 8
15465 12356046 90
15466 12356393 237
15467 12359586 15
15468 12361058 102
15469 12362381 103
15470 12363191 10
15471 12363354 395
15472 12363563 40
15473 12364059 80
15474 12364999 57
15475 12366749 180
15476 12367358 259
15477 12368443 20
15478 12368760 245
15479 12368891 58
15480 12369645 317
15481 12369699 74
15482 12370589 5
15483 12370902 17
15484 12370982 208
15485 12371717 52
15486 12372160 23
15487 12373513 33
15488 12375826 137
15489 12375919 15
15490 12377252 56
15491 12377310 113
15492 12377737 3
15493 12378000 116
15494 12378613 286
15495 12378751 106
15496 12379663 53
15497 12379842 200
15498 12379965 23
15499 12380117 4
15500 12381391 46
15501 12381796 5
15502 12382919 80
15503 12384004 78
15504 12385494 10
15505 12387498 104
15506 12387868 231
15507 12389228 72
15508 12389325 116
15509 12389858 41
15510 12391291 204
15511 12394401 65
15512 12394604 245
15513 12394636 222
15514 12394748 40
15515 12395686 316
15516 12397278 147
15517 12397769 2
15518 12398088 51
15519 12398105 18
15520 12398496 46
15521 12399426 72
15522 12399950 67
15523 12400374 66
15524 12400456 12
15525 12400824 77
15526 12401765 145
15527 12403272 267
15528 12403595 90
15529 12403846 85
15530 12404666 81
15531 12405746 10
15532 12406014 42
15533 12406518 105
15534 12407244 16
15535 12407342 84
15536 12408823 112
15537 12409136 145
15538 12409780 4
15539 12410602 26
15540 12410719 145
15541 12411116 88
15542 12415186 152
15543 12416583 4
15544 12420258 8
15545 12421912 18
15546 12422133 21
15547 12422396 136
15548 12422590 65
15549 12424579 84
15550 12424709 63
15551 12424961 285
15552 12424986 12
15553 12425850 185
15554 12425985 207
15555 12426512 118
15556 12427335 8
15557 12427494 119
15558 12428599 181
15559 12429116 54
15560 12429530 17
15561 12429886 4
15562 12431683 66
15563 12432491 16
15564 12434586 41
15565 12436054 7
15566 12436481 158
15567 12436510 99
15568 12436719 95
15569 12436725 166
15570 12438515 70
15571 12438606 22
15572 12438623 1
15573 12439047 47
15574 12439820 128
15575 12439864 49
15576 12439889 155
15577 12440472 5
15578 12444429 149
15579 12444600 77
15580 12447816 163
15581 12448224 514
15582 12448737 511
15583 12449343 40
15584 12449537 66
15585 12450084 63
15586 12450158 63
15587 12450692 311
15588 12451283 134
15589 12452047 17
15590 12452117 7
15591 12452237 50
15592 12452326 51
15593 12452982 29
15594 12453401 61
15595 12453615 31
15596 12456570 85
15597 12456731 96
15598 12459732 33
15599 12460451 159
15600 12461158 37
15601 12461534 49
15602 12462068 57
15603 12462584 19
15604 12463255 391
15605 12464212 41
15606 12464675 89
15607 12464741 101
15608 12466655 127
15609 12468403 122
15610 12468758 440
15611 12469556 46
15612 12469868 9
15613 12471096 283
15614 12473503 37
15615 12473918 90
15616 12474068 297
15617 12474273 164
15618 12474620 122
15619 12476648 20
15620 12476887 17
15621 12477730 29
15622 12477771 118
15623 12478393 129
15624 12478588 46
15625 12480375 275
15626 12480399 5
15627 12481286 4
15628 12484008 70
15629 12484390 123
15630 12485677 49
15631 12486125 3
15632 12487309 53
15633 12488040 152
15634 12488085 365
15635 12489119 22
15636 12489371 171
15637 12489787 226
15638 12490533 262
15639 12491057 291
15640 12491305 114
15641 12491796 92
15642 12492005 78
15643 12492122 46
15644 12492729 62
15645 12493541 51
15646 12493994 125
15647 12494309 79
15648 12494754 16
15649 12494941 12
15650 12495345 37
15651 12495433 21
15652 12495674 143
15653 12499515 18
15654 12500672 28
15655 12501152 123
15656 12501241 74
15657 12502286 329
15658 12502811 131
15659 12502836 2
15660 12505395 23
15661 12507208 15
15662 12507558 52
15663 12510530 126
15664 12511405 276
15665 12511459 38
15666 12512219 8
15667 12512663 262
15668 12512788 228
15669 12512923 11
15670 12515206 5
15671 12516631 64
15672 12516709 25
15673 12517751 79
15674 12518274 119
15675 12518851 14
15676 12519670 114
15677 12520201 28
15678 12520435 14
15679 12523228 24
15680 12523512 89
15681 12523743 244
15682 12524512 89
15683 12524646 111
15684 12525466 59
15685 12525787 48
15686 12527167 1
15687 12528176 313
15688 12528951 47
15689 12530297 69
15690 12530498 12
15691 12530568 34
15692 12533393 42
15693 12535425 50
15694 12536159 75
15695 12536187 150
15696 12537109 374
15697 12538213 211
15698 12540529 150
15699 12540690 137
15700 12540872 78
15701 12541962 75
15702 12543738 159
15703 12544368 78
15704 12544973 30
15705 12545410 6
15706 12546217 104
15707 12546931 51
15708 12547049 26
15709 12548478 26
15710 12549582 11
15711 12550042 23
15712 12550952 47
15713 12552198 83
15714 12552690 227
15715 12554010 72
15716 12556447 42
15717 12556878 3
15718 12557126 42
15719 12557956 178
15720 12558048 84
15721 12558605 83
15722 12559724 17
15723 12560873 3
15724 12561138 81
15725 12562654 71
15726 12563098 57
15727 12563837 289
15728 12563877 77
15729 12563967 38
15730 12565406 122
15731 12565518 99
15732 12566125 33
15733 12567143 39
15734 12569055 44
15735 12570317 61
15736 12570679 12
15737 12570687 114
15738 12572014 237
15739 12572114 44
15740 12572827 5
15741 12574093 16
15742 12576425 45
15743 12576621 77
15744 12577554 317
15745 12577931 235
15746 12578272 7
15747 12578901 74
15748 12579446 114
15749 12580168 19
15750 12582947 90
15751 12584417 231
15752 12585394 58
15753 12586199 22
15754 12586203 2
15755 12587287 376
15756 12587320 105
15757 12587361 26
15758 12587526 26
15759 12589746 124
15760 12590530 6
15761 12591317 1
15762 12591542 11
15763 12591941 87
15764 12592310 92
15765 12593906 31
15766 12594364 87
15767 12594840 216
15768 12595670 70
15769 12595836 4
15770 12596299 211
15771 12596376 117
15772 12596569 87
15773 12597352 55
15774 12598279 134
15775 12598581 9
15776 12599732 61
15777 12600900 83
15778 12600972 89
15779 12601337 73
15780 12601442 48
15781 12601563 21
15782 12601590 209
15783 12602844 388
15784 12607732 48
15785 12608215 144
15786 12609045 51
15787 12610336 124
15788 12610621 178
15789 12611636 8
15790 12613415 365
15791 12613685 144
15792 12613904 186
15793 12615946 97
15794 12616085 44
15795 12616436 82
15796 12617305 387
15797 12617552 153
15798 12617954 50
15799 12618166 58
15800 12619028 127
15801 12619071 97
15802 12619703 154
15803 12619872 82
15804 12620053 26
15805 12620636 236
15806 12622287 32
15807 12622421 92
15808 12622474 168
15809 12623682 321
15810 12623996 43
15811 12624157 261
15812 12624691 176
15813 12624806 107
15814 12626372 35
15815 12626516 214
15816 12627442 255
15817 12628335 246
15818 12629940 96
15819 12631854 154
15820 12632915 13
15821 12634021 287
15822 12634073 91
15823 12635611 283
15824 12639434 243
15825 12639647 28
15826 12639979 5
15827 12640265 30
15828 12641324 39
15829 12641738 8
15830 12642699 247
15831 12643553 108
15832 12646052 8
15833 12647292 12
15834 12647583 38
15835 12647904 17
15836 12647966 234
15837 12648837 324
15838 12648987 14
15839 12649385 127
15840 12649590 59
15841 12649766 257
15842 12650672 38
15843 12651882 129
15844 12651899 43
15845 12652098 177
15846 12652354 2
15847 12653499 215
15848 12654137 353
15849 12654583 59
15850 12655088 9
15851 12655404 74
15852 12655413 18
15853 12656659 150
15854 12657015 82
15855 12657460 127
15856 12657573 44
15857 12657993 271
15858 12658738 128
15859 12660559 105
15860 12661972 72
15861 12662111 24
15862 12663670 32
15863 12663763 164
15864 12664115 6
15865 12665086 178
15866 12668250 282
15867 12668502 66
15868 12668516 6
15869 12670485 254
15870 12671748 292
15871 12672775 59
15872 12673734 90
15873 12674053 61
15874 12677812 51
15875 12677889 164
15876 12677979 174
15877 12678801 71
15878 12680244 3
15879 12680336 36
15880 12680855 139
15881 12682097 68
15882 12682804 46
15883 12683138 172
15884 12683245 70
15885 12683403 39
15886 12683470 119
15887 12684298 26
15888 12685693 135
15889 12686310 94
15890 12687471 2
15891 12688163 272
15892 12689057 178
15893 12690487 35
15894 12691148 36
15895 12691663 12
15896 12691843 158
15897 12692835 50
15898 12693457 61
15899 12697644 106
15900 12698598 61
15901 12699644 28
15902 12700029 119
15903 12700637 35
15904 12700935 8
15905 12701183 30
15906 12702055 1
15907 12703257 157
15908 12703385 97
15909 12705080 29
15910 12705104 98
15911 12706727 209
15912 12706921 3
15913 12707557 164
15914 12708163 4
15915 12709336 99
15916 12709538 138
15917 12709889 73
15918 12709948 23
15919 12710148 413
15920 12710883 57
15921 12711218 101
15922 12711250 25
15923 12711417 66
15924 12712326 104
15925 12712598 28
15926 12713201 129
15927 12713557 2
15928 12714473 26
15929 12716735 4
15930 12716818 28
15931 12717174 135
15932 12718134 38
15933 12718800 41
15934 12719326 61
15935 12721626 124
15936 12722386 35
15937 12723741 104
15938 12725191 87
15939 12725568 58
15940 12725822 57
15941 12726170 233
15942 12726851 247
15943 12727999 9
15944 12728058 56
15945 12728754 150
15946 12728985 111
15947 12729289 26
15948 12729314 179
15949 12730241 43
15950 12730726 74
15951 12730779 72
15952 12732756 6
15953 12733788 68
15954 12734129 157
15955 12734262 196
15956 12734409 9
15957 12734636 63
15958 12735031 159
15959 12735879 50
15960 12737116 82
15961 12737288 328
15962 12737345 376
15963 12738940 45
15964 12739397 6
15965 12741080 105
15966 12741251 128
15967 12741535 31
15968 12741816 62
15969 12741903 27
15970 12742446 81
15971 12742553 21
15972 12743003 195
15973 12743426 48
15974 12743497 111
15975 12744121 32
15976 12744339 326
15977 12744813 20
15978 12744824 23
15979 12745247 21
15980 12745632 147
15981 12747583 138
15982 12747748 305
15983 12748869 304
15984 12749216 5
15985 12749228 96
15986 12750344 33
15987 12751535 112
15988 12751630 373
15989 12752152 31
15990 12752345 1
15991 12752859 144
15992 12753612 8
15993 12754067 248
15994 12757365 116
15995 12758376 71
15996 12759806 417
15997 12759949 46
15998 12760228 10
15999 12760971 163
16000 12761828 71
16001 12763547 89
16002 12764412 169
16003 12765224 152
16004 12765477 32
16005 12765611 76
16006 12767141 122
16007 12767281 204
16008 12769704 48
16009 12771528 38
16010 12772483 10
16011 12772594 39
16012 12772747 169
16013 12773035 33
16014 12774430 7
16015 12775163 179
16016 12777926 145
16017 12778473 74
16018 12779393 161
16019 12780335 87
16020 12781365 38
16021 12783963 46
16022 12785765 55
16023 12785788 36
16024 12785861 152
16025 12785971 7
16026 12786191 46
16027 12788540 68
16028 12788545 35
16029 12789328 141
16030 12791629 346
16031 12792195 113
16032 12792225 91
16033 12792637 178
16034 12793282 88
16035 12794060 2
16036 12794710 89
16037 12794781 32
16038 12795120 238
16039 12795125 98
16040 12795948 269
16041 12797489 86
16042 12797866 3
16043 12799159 183
16044 12800866 1
16045 12801773 59
16046 12804171 247
16047 12807156 86
16048 12808224 1
16049 12809118 83
16050 12809779 12
16051 12810131 74
16052 12811134 74
16053 12811439 61
16054 12811819 152
16055 12812471 87
16056 12812950 22
16057 12813561 48
16058 12813649 18
16059 12814906 287
16060 12815305 4
16061 12816500 18
16062 12816537 42
16063 12816906 282
16064 12816970 18
16065 12816992 23
16066 12818515 47
16067 12820622 77
16068 12821270 85
16069 12821456 7
16070 12821741 23
16071 12823810 275
16072 12825551 45
16073 12827659 37
16074 12827995 120
16075 12829802 120
16076 12830669 172
16077 12832129 181
16078 12833028 82
16079 12833359 6
16080 12833557 43
16081 12833710 13
16082 12835111 227
16083 12835814 112
16084 12835844 11
16085 12836707 22
16086 12837214 177
16087 12837491 61
16088 12838844 82
16089 12839539 67
16090 12839860 104
16091 12840131 104
16092 12840896 12
16093 12840978 339
16094 12842105 45
16095 12842311 172
16096 12845517 54
16097 12845593 130
16098 12845868 261
16099 12846671 109
16100 12847853 19
16101 12848795 125
16102 12849004 1
16103 12849084 132
16104 12851321 43
16105 12852115 12
16106 12853136 12
16107 12853361 58
16108 12855119 572
16109 12855572 101
16110 12856629 46
16111 12856914 35
16112 12857169 30
16113 12857471 261
16114 12858612 392
16115 12859227 14
16116 12859376 179
16117 12859673 95
16118 12860702 80
16119 12860761 56
16120 12861623 9
16121 12862273 30
16122 12862918 128
16123 12863444 66
16124 12865390 141
16125 12865832 39
16126 12865879 21
16127 12866837 118
16128 12867547 18
16129 12869834 126
16130 12869837 299
16131 12870296 212
16132 12870757 85
16133 12871155 46
16134 12872130 60
16135 12872200 42
16136 12872730 14
16137 12873061 104
16138 12873312 143
16139 12874252 44
16140 12874433 29
16141 12874458 96
16142 12875396 258
16143 12875698 15
16144 12877251 62
16145 12877506 98
16146 12877819 432
16147 12879492 46
16148 12880689 119
16149 12881386 39
16150 12881988 136
16151 12883106 46
16152 12883277 22
16153 12884699 8
16154 12888873 8
16155 12889818 270
16156 12891011 68
16157 12891506 74
16158 12894455 8
16159 12895141 32
16160 12895996 32
16161 12896313 20
16162 12896796 17
16163 12897316 4
16164 12898240 38
16165 12899479 89
16166 12899660 24
16167 12900764 78
16168 12902164 86
16169 12902700 110
16170 12904311 34
16171 12906275 49
16172 12906293 160
16173 12906890 8
16174 12907573 55
16175 12908146 77
16176 12908472 8
16177 12908866 198
16178 12909552 320
16179 12910597 109
16180 12913943 17
16181 12914036 5
16182 12914243 31
16183 12914514 41
16184 12914642 8
16185 12916253 263
16186 12918018 261
16187 12919448 27
16188 12922558 9
16189 12923410 50
16190 12923623 149
16191 12924879 25
16192 12925002 176
16193 12925166 64
16194 12926232 81
16195 12926482 59
16196 12927863 70
16197 12930517 183
16198 12933690 68
16199 12933793 1
16200 12933962 37
16201 12934424 18
16202 12936656 40
16203 12938017 151
16204 12938259 216
16205 12938498 32
16206 12941316 32
16207 12941853 18
16208 12941877 68
16209 12943053 77
16210 12945117 63
16211 12945182 31
16212 12945365 44
16213 12945495 5
16214 12945533 55
16215 12946778 119
16216 12946903 84
16217 12948378 69
16218 12948656 435
16219 12948822 54
16220 12949184 1
16221 12949456 7
16222 12950220 3
16223 12951317 85
16224 12951951 65
16225 12952163 101
16226 12953005 139
16227 12953593 30
16228 12953764 1
16229 12956223 28
16230 12956297 14
16231 12959278 34
16232 12962884 37
16233 12963211 41
16234 12963403 39
16235 12963828 28
16236 12964824 192
16237 12965326 21
16238 12965695 90
16239 12965779 59
16240 12965834 68
16241 12967706 36
16242 12968499 72
16243 12969052 155
16244 12969181 107
16245 12969583 26
16246 12970095 152
16247 12972132 14
16248 12972494 73
16249 12973094 12
16250 12974706 19
16251 12975444 103
16252 12977148 45
16253 12977571 39
16254 12977641 30
16255 12977902 64
16256 12978409 111
16257 12979826 255
16258 12980202 5
16259 12981922 32
16260 12983772 118
16261 12984054 36
16262 12984779 197
16263 12986622 187
16264 12987300 10
16265 12989337 188
16266 12991211 31
16267 12993786 5
16268 12993834 9
16269 12994040 4
16270 12994842 97
16271 12996196 12
16272 12996891 57
16273 12997034 80
16274 12997984 93
16275 12998571 59
16276 12999702 167
16277 13000171 117
16278 13000315 160
16279 13000460 112
16280 13000920 7
16281 13001441 108
16282 13002188 53
16283 13003268 149
16284 13004591 76
16285 13005013 69
16286 13006604 118
16287 13007295 134
16288 13007376 127
16289 13007707 209
16290 13008042 11
16291 13008486 72
16292 13008977 32
16293 13009064 56
16294 13009805 347
16295 13010125 19
16296 13010881 14
16297 13011574 113
16298 13014461 21
16299 13014972 46
16300 13017512 41
16301 13018340 61
16302 13019653 296
16303 13020399 158
16304 13020519 106
16305 13023131 43
16306 13023878 49
16307 13023979 64
16308 13024102 90
16309 13024229 23
16310 13024447 103
16311 13024702 44
16312 13025549 390
16313 13027264 80
16314 13027440 34
16315 13027875 47
16316 13029543 70
16317 13029653 22
16318 13030133 86
16319 13030248 210
16320 13033563 42
16321 13033786 11
16322 13037926 9
16323 13038948 20
16324 13039326 62
16325 13041284 12
16326 13041557 6
16327 13042114 51
16328 13042204 52
16329 13043105 26
16330 13043314 182
16331 13047791 50
16332 13048253 194
16333 13049378 39
16334 13050201 11
16335 13050397 68
16336 13050653 35
16337 13051564 71
16338 13053530 215
16339 13054252 56
16340 13054520 154
16341 13054585 32
16342 13054721 95
16343 13055045 116
16344 13055922 12
16345 13057380 80
16346 13058103 6
16347 13058339 34
16348 13059077 139
16349 13059774 63
16350 13059938 155
16351 13059986 104
16352 13060221 95
16353 13060772 80
16354 13062017 99
16355 13062480 45
16356 13064969 251
16357 13065111 166
16358 13065686 190
16359 13066211 23
16360 13067770 41
16361 13069362 36
16362 13071212 54
16363 13071684 76
16364 13072963 172
16365 13073092 196
16366 13073462 9
16367 13075426 16
16368 13075736 212
16369 13076092 29
16370 13076490 60
16371 13078075 194
16372 13078245 161
16373 13078387 63
16374 13079381 11
16375 13080331 255
16376 13080348 42
16377 13080790 373
16378 13081949 188
16379 13082682 166
16380 13083152 10
16381 13083557 106
16382 13083656 170
16383 13084857 261
16384 13086080 1
16385 13087513 18
16386 13087676 52
16387 13088432 3
16388 13088823 544
16389 13089025 105
16390 13089832 14
16391 13091172 49
16392 13091806 25
16393 13095854 69
16394 13096112 1
16395 13096356 50
16396 13096955 269
16397 13097271 25
16398 13097510 50
16399 13098606 138
16400 13099067 145
16401 13100138 52
16402 13103394 65
16403 13103965 120
16404 13104709 29
16405 13105071 10
16406 13105707 83
16407 13105782 161
16408 13106033 35
16409 13106329 6
16410 13107225 58
16411 13108866 73
16412 13108942 18
16413 13109110 62
16414 13109653 171
16415 13109712 72
16416 13109911 222
16417 13110870 65
16418 13112786 100
16419 13113422 68
16420 13113431 13
16421 13115824 301
16422 13116036 7
16423 13116533 182
16424 13117774 44
16425 13120052 87
16426 13121051 56
16427 13121401 194
16428 13122302 124
16429 13123359 112
16430 13123439 263
16431 13126472 49
16432 13126845 349
16433 13127130 15
16434 13127449 89
16435 13128211 67
16436 13129289 142
16437 13129835 34
16438 13132056 78
16439 13134584 9
16440 13134600 78
16441 13135130 216
16442 13135491 28
16443 13136282 10
16444 13136953 242
16445 13137191 169
16446 13137850 21
16447 13138145 39
16448 13138780 268
16449 13139169 286
16450 13140414 77
16451 13140598 32
16452 13141088 260
16453 13141866 70
16454 13143159 40
16455 13146398 20
16456 13150007 6
16457 13150441 223
16458 13151296 61
16459 13152626 39
16460 13152860 50
16461 13155395 33
16462 13155876 14
16463 13156940 45
16464 13156941 124
16465 13158390 11
16466 13160368 15
16467 13161188 117
16468 13162126 12
16469 13164757 118
16470 13166641 434
16471 13166818 67
16472 13170278 103
16473 13170717 32
16474 13170920 23
16475 13173269 14
16476 13178347 131
16477 13178523 46
16478 13179745 248
16479 13179779 172
16480 13181229 92
16481 13181622 47
16482 13183885 77
16483 13184204 44
16484 13186910 88
16485 13188464 1
16486 13188639 326
16487 13189521 228
16488 13189751 3
16489 13191300 22
16490 13191307 84
16491 13191443 56
16492 13191649 6
16493 13192004 62
16494 13192471 160
16495 13193136 162
16496 13193553 56
16497 13195450 46
16498 13198979 97
16499 13199691 7
16500 13200269 242
16501 13201780 28
16502 13202138 4
16503 13202332 75
16504 13205146 145
16505 13205348 14
16506 13207461 12
16507 13208544 33
16508 13210396 219
16509 13213185 103
16510 13214515 101
16511 13215540 90
16512 13217178 103
16513 13217843 53
16514 13218714 26
16515 13218790 41
16516 13218842 73
16517 13218906 120
16518 13219508 224
16519 13220291 256
16520 13221383 161
16521 13222461 160
16522 13222546 118
16523 13223304 94
16524 13224474 34
16525 13225234 8
16526 13229709 288
16527 13230367 66
16528 13230904 131
16529 13232740 38
16530 13232851 4
16531 13233499 67
16532 13233982 131
16533 13235302 101
16534 13235334 45
16535 13236741 89
16536 13238676 171
16537 13239859 189
16538 13239883 1
16539 13242046 89
16540 13242777 73
16541 13243047 43
16542 13244414 521
16543 13245507 8
16544 13245714 68
16545 13245792 181
16546 13246393 88
16547 13246858 159
16548 13247228 59
16549 13248333 32
16550 13249025 145
16551 13249071 40
16552 13251892 9
16553 13252226 30
16554 13252253 95
16555 13252759 84
16556 13252824 82
16557 13253250 8
16558 13258257 6
16559 13258957 37
16560 13259004 11
16561 13259337 77
16562 13261132 4
16563 13261617 8
16564 13261647 29
16565 13265131 171
16566 13265238 182
16567 13266268 16
16568 13267951 11
16569 13268284 55
16570 13268818 10
16571 13269782 20
16572 13270069 77
16573 13270646 6
16574 13272639 58
16575 13274610 25
16576 13275044 2
16577 13275135 32
16578 13275265 105
16579 13276853 190
16580 13277872 21
16581 13278071 229
16582 13278584 36
16583 13278828 81
16584 13278902 28
16585 13279779 80
16586 13279991 11
16587 13280287 34
16588 13280308 106
16589 13280767 256
16590 13281035 47
16591 13281606 24
16592 13282706 40
16593 13284028 29
16594 13284333 62
16595 13284374 34
16596 13285787 107
16597 13286024 117
16598 13286765 227
16599 13287047 75
16600 13287908 126
16601 13288825 130
16602 13288997 86
16603 13289438 901
16604 13289612 4
16605 13290448 107
16606 13291064 125
16607 13292549 202
16608 13293518 84
16609 13294021 69
16610 13294350 56
16611 13294398 56
16612 13294594 247
16613 13294834 76
16614 13295431 74
16615 13295914 68
16616 13297495 57
16617 13298455 107
16618 13300419 13
16619 13300720 15
16620 13302236 30
16621 13303610 144
16622 13303757 46
16623 13304632 245
16624 13306793 69
16625 13307836 128
16626 13308181 22
16627 13308671 102
16628 13308846 221
16629 13308888 220
16630 13309476 11
16631 13311240 246
16632 13311588 213
16633 13311706 8
16634 13311896 104
16635 13313931 13
16636 13315082 11
16637 13315163 21
16638 13317189 78
16639 13317593 154
16640 13319351 41
16641 13320807 2
16642 13321545 388
16643 13321640 4
16644 13322635 35
16645 13322782 259
16646 13323027 9
16647 13323105 143
16648 13325409 1
16649 13325427 17
16650 13325950 93
16651 13326259 59
16652 13326624 141
16653 13327389 21
16654 13327847 70
16655 13329027 75
16656 13329436 16
16657 13330268 90
16658 13330539 1
16659 13332231 327
16660 13333061 29
16661 13336069 22
16662 13336485 17
16663 13337432 15
16664 13337985 18
16665 13339018 101
16666 13339692 121
16667 13341919 15
16668 13341933 42
16669 13342074 95
16670 13342541 270
16671 13342643 116
16672 13342741 7
16673 13344502 27
16674 13344570 34
16675 13345262 167
16676 13346774 69
16677 13347016 10
16678 13347150 13
16679 13348007 6
16680 13349475 249
16681 13349477 52
16682 13349481 45
16683 13349687 18
16684 13350610 101
16685 13351489 290
16686 13352120 112
16687 13352448 109
16688 13353945 19
16689 13354586 82
16690 13355249 183
16691 13355852 174
16692 13355970 59
16693 13356053 195
16694 13356352 54
16695 13357657 902
16696 13357791 42
16697 13358489 1
16698 13358862 256
16699 13360525 27
16700 13362465 79
16701 13362936 68
16702 13364077 51
16703 13365336 23
16704 13365598 62
16705 13366071 145
16706 13367419 299
16707 13369416 1
16708 13369697 128
16709 13370097 77
16710 13370345 206
16711 13370603 36
16712 13370922 142
16713 13372178 71
16714 13372740 15
16715 13376269 7
16716 13376763 78
16717 13377367 266
16718 13377614 21
16719 13378699 152
16720 13380050 145
16721 13382097 20
16722 13382358 164
16723 13383890 18
16724 13384837 93
16725 13385500 127
16726 13387790 51
16727 13387947 119
16728 13388091 23
16729 13389895 171
16730 13390364 94
16731 13391280 135
16732 13392261 1
16733 13392363 58
16734 13392736 126
16735 13393570 93
16736 13393914 64
16737 13394021 330
16738 13394986 175
16739 13396896 168
16740 13397415 82
16741 13397624 18
16742 13397780 16
16743 13398113 59
16744 13400345 18
16745 13403116 36
16746 13404746 188
16747 13406207 189
16748 13406478 84
16749 13407017 5
16750 13408465 61
16751 13408581 25
16752 13409185 214
16753 13409534 40
16754 13409613 90
16755 13410081 144
16756 13416036 58
16757 13416808 90
16758 13417249 41
16759 13417293 93
16760 13417456 58
16761 13418186 25
16762 13418211 148
16763 13418399 2
16764 13418732 300
16765 13419131 9
16766 13419250 216
16767 13420722 9
16768 13422005 235
16769 13422065 40
16770 13422181 46
16771 13422602 108
16772 13422606 185
16773 13424274 75
16774 13424850 300
16775 13426209 63
16776 13426538 147
16777 13427287 167
16778 13427320 144
16779 13427480 25
16780 13428189 207
16781 13429685 115
16782 13429829 16
16783 13429992 58
16784 13430979 13
16785 13431590 15
16786 13431994 10
16787 13432578 9
16788 13433496 50
16789 13433535 28
16790 13433781 152
16791 13435022 6
16792 13435569 137
16793 13435652 138
16794 13436024 55
16795 13436034 32
16796 13436631 416
16797 13436673 13
16798 13436864 116
16799 13437144 1
16800 13438373 87
16801 13439818 57
16802 13439914 63
16803 13440772 128
16804 13440963 134
16805 13441426 167
16806 13441778 209
16807 13443294 49
16808 13443983 27
16809 13444500 145
16810 13446591 20
16811 13447681 17
16812 13447783 47
16813 13447785 274
16814 13448527 19
16815 13448625 41
16816 13449066 133
16817 13449485 47
16818 13449699 120
16819 13450508 252
16820 13451000 242
16821 13451336 76
16822 13452023 2
16823 13452231 12
16824 13453899 37
16825 13454276 2
16826 13454457 270
16827 13454637 80
16828 13455169 23
16829 13458106 79
16830 13458826 60
16831 13458950 53
16832 13462050 29
16833 13462405 103
16834 13463424 134
16835 13463881 130
16836 13464082 39
16837 13464568 140
16838 13465874 146
16839 13466027 60
16840 13467278 72
16841 13467404 11
16842 13468354 177
16843 13468838 72
16844 13469700 32
16845 13472791 54
16846 13472985 142
16847 13473332 101
16848 13473372 128
16849 13475394 84
16850 13476301 181
16851 13476768 58
16852 13477177 66
16853 13478538 79
16854 13478706 59
16855 13480057 13
16856 13480897 11
16857 13481074 29
16858 13482386 108
16859 13482625 132
16860 13483075 230
16861 13483412 166
16862 13483829 32
16863 13484726 186
16864 13485093 118
16865 13485140 106
16866 13485180 20
16867 13488884 124
16868 13489041 221
16869 13490653 39
16870 13491417 26
16871 13492458 114
16872 13493015 191
16873 13493048 42
16874 13493265 127
16875 13493426 34
16876 13493486 330
16877 13493983 157
16878 13494047 359
16879 13494310 2
16880 13494925 65
16881 13495798 317
16882 13497870 306
16883 13499304 24
16884 13500078 75
16885 13500133 56
16886 13501321 231
16887 13501423 36
16888 13504763 29
16889 13504791 79
16890 13505341 19
16891 13505807 132
16892 13506838 97
16893 13507068 253
16894 13508973 34
16895 13509326 45
16896 13511213 63
16897 13512306 67
16898 13512416 5
16899 13512906 86
16900 13514161 30
16901 13514372 43
16902 13516699 278
16903 13517091 95
16904 13517470 188
16905 13517733 230
16906 13518022 44
16907 13518900 154
16908 13518961 102
16909 13520264 14
16910 13520969 56
16911 13521108 186
16912 13521281 90
16913 13521533 7
16914 13522615 119
16915 13522759 104
16916 13524327 58
16917 13524590 200
16918 13524992 115
16919 13525138 46
16920 13527121 76
16921 13528769 59
16922 13528893 14
16923 13528910 14
16924 13529924 6
16925 13530227 152
16926 13530995 4
16927 13531130 81
16928 13531764 56
16929 13531794 190
16930 13533089 161
16931 13533473 16
16932 13534227 192
16933 13534370 203
16934 13535274 55
16935 13535333 205
16936 13537802 193
16937 13538520 126
16938 13538638 4
16939 13538982 304
16940 13539066 232
16941 13539103 34
16942 13539751 16
16943 13540210 3
16944 13541287 36
16945 13541301 32
16946 13541615 69
16947 13541657 32
16948 13541774 99
16949 13542116 138
16950 13543068 49
16951 13543108 135
16952 13543235 6
16953 13544413 379
16954 13544614 80
16955 13545546 48
16956 13545753 37
16957 13546408 1
16958 13546590 110
16959 13547804 32
16960 13548914 243
16961 13550206 53
16962 13550220 22
16963 13550250 338
16964 13551004 77
16965 13551575 87
16966 13555112 75
16967 13555272 25
16968 13555556 28
16969 13556063 11
16970 13558987 71
16971 13559313 46
16972 13559417 117
16973 13559448 66
16974 13559664 51
16975 13559986 54
16976 13560199 21
16977 13563463 115
16978 13564210 10
16979 13564457 262
16980 13564585 12
16981 13568098 2
16982 13568554 92
16983 13569909 65
16984 13571453 24
16985 13571982 70
16986 13572146 227
16987 13572745 35
16988 13572759 164
16989 13573053 33
16990 13573119 35
16991 13573831 7
16992 13574710 15
16993 13574899 122
16994 13575429 94
16995 13577094 46
16996 13577692 4
16997 13578059 284
16998 13578113 124
16999 13578373 70
17000 13578893 108
17001 13579240 10
17002 13581280 143
17003 13581364 26
17004 13582412 203
17005 13582644 96
17006 13583768 121
17007 13584619 228
17008 13585575 144
17009 13587511 35
17010 13587798 56
17011 13588097 14
17012 13589243 383
17013 13591327 56
17014 13591623 109
17015 13592858 29
17016 13593237 101
17017 13593734 72
17018 13593936 1
17019 13594136 52
17020 13594786 4
17021 13596011 196
17022 13596788 23
17023 13598015 320
17024 13598842 11
17025 13599999 123
17026 13600469 56
17027 13601628 179
17028 13603011 57
17029 13603206 186
17030 13605251 16
17031 13605278 88
17032 13605836 52
17033 13606195 26
17034 13609619 128
17035 13609741 23
17036 13610441 115
17037 13610913 21
17038 13611705 176
17039 13611989 175
17040 13613223 42
17041 13615289 47
17042 13615614 142
17043 13615636 60
17044 13616119 169
17045 13617416 233
17046 13619791 59
17047 13619875 65
17048 13621379 238
17049 13623076 144
17050 13624225 155
17051 13624235 195
17052 13624591 33
17053 13626186 64
17054 13626729 33
17055 13627758 86
17056 13629983 426
17057 13633287 178
17058 13634254 77
17059 13638873 76
17060 13639433 72
17061 13641339 44
17062 13642462 116
17063 13643664 7
17064 13644350 34
17065 13644487 6
17066 13644584 14
17067 13645418 91
17068 13649119 154
17069 13651855 246
17070 13652304 46
17071 13653874 151
17072 13655313 106
17073 13657946 69
17074 13658011 70
17075 13661847 27
17076 13662505 8
17077 13662997 87
17078 13663684 22
17079 13664630 12
17080 13664754 75
17081 13665601 271
17082 13666316 142
17083 13668442 159
17084 13670659 376
17085 13670675 124
17086 13671114 11
17087 13671370 138
17088 13672691 2
17089 13672850 244
17090 13674824 31
17091 13674971 157
17092 13675196 35
17093 13675772 93
17094 13676972 46
17095 13678835 51
17096 13681604 20
17097 13681720 30
17098 13682565 8
17099 13682790 175
17100 13683967 14
17101 13684324 23
17102 13686519 42
17103 13686531 7
17104 13687171 14
17105 13688354 55
17106 13688706 22
17107 13689527 73
17108 13690014 30
17109 13691246 9
17110 13691808 57
17111 13692214 172
17112 13692471 53
17113 13693438 38
17114 13694086 38
17115 13694875 17
17116 13695328 123
17117 13697985 20
17118 13698406 36
17119 13699031 29
17120 13699772 47
17121 13700276 288
17122 13701616 9
17123 13702199 178
17124 13702337 43
17125 13704440 207
17126 13704597 117
17127 13705163 49
17128 13705241 67
17129 13705721 61
17130 13706738 466
17131 13706764 292
17132 13708346 56
17133 13710279 116
17134 13710420 210
17135 13710525 77
17136 13710598 19
17137 13710734 36
17138 13711962 163
17139 13712309 164
17140 13712879 20
17141 13713433 76
17142 13713448 136
17143 13714910 1
17144 13716776 215
17145 13718154 64
17146 13718226 25
17147 13719103 38
17148 13719227 5
17149 13719610 343
17150 13719799 345
17151 13720066 38
17152 13721445 46
17153 13721729 348
17154 13721928 33
17155 13722792 43
17156 13724342 232
17157 13724381 38
17158 13724693 73
17159 13725956 42
17160 13726269 54
17161 13726385 40
17162 13729521 18
17163 13731742 24
17164 13732670 258
17165 13733081 3
17166 13733262 95
17167 13735492 243
17168 13735939 16
17169 13736080 103
17170 13736314 18
17171 13737504 35
17172 13738572 41
17173 13738902 113
17174 13739388 458
17175 13740501 55
17176 13740751 295
17177 13741165 29
17178 13743440 15
17179 13743585 126
17180 13743700 2
17181 13744624 56
17182 13746325 54
17183 13746653 37
17184 13746765 193
17185 13747437 29
17186 13748099 75
17187 13748140 15
17188 13750257 221
17189 13750649 13
17190 13751162 120
17191 13751316 200
17192 13751771 51
17193 13751833 34
17194 13754367 7
17195 13754944 7
17196 13755132 38
17197 13755202 200
17198 13756177 50
17199 13757032 277
17200 13758769 19
17201 13759664 11
17202 13759688 8
17203 13759713 145
17204 13760157 144
17205 13760330 38
17206 13761747 70
17207 13762301 172
17208 13763608 43
17209 13763987 89
17210 13764646 540
17211 13765089 57
17212 13765441 23
17213 13765510 46
17214 13765652 44
17215 13765939 216
17216 13766070 165
17217 13766111 7
17218 13766350 196
17219 13766532 70
17220 13767035 174
17221 13767474 71
17222 13767638 148
17223 13770326 199
17224 13771782 135
17225 13771816 149
17226 13771843 14
17227 13772057 83
17228 13772137 158
17229 13772598 27
17230 13772599 353
17231 13775010 252
17232 13777485 72
17233 13778099 54
17234 13778565 39
17235 13778809 94
17236 13779181 203
17237 13780297 188
17238 13780728 7
17239 13780850 19
17240 13781342 103
17241 13783419 143
17242 13784804 53
17243 13787100 14
17244 13788105 61
17245 13788250 42
17246 13788428 33
17247 13789362 285
17248 13789749 49
17249 13789839 28
17250 13790111 38
17251 13790387 83
17252 13791875 72
17253 13791924 19
17254 13792115 99
17255 13792986 15
17256 13793186 260
17257 13793218 47
17258 13793242 44
17259 13794711 25
17260 13795636 7
17261 13795718 589
17262 13795991 107
17263 13798111 276
17264 13798142 182
17265 13798417 65
17266 13798419 53
17267 13798816 142
17268 13799835 52
17269 13800393 16
17270 13800778 18
17271 13800927 12
17272 13801230 239
17273 13801237 81
17274 13801420 177
17275 13802861 91
17276 13803892 167
17277 13804002 78
17278 13804669 114
17279 13805528 41
17280 13805641 123
17281 13806190 135
17282 13806761 230
17283 13808087 66
17284 13808159 124
17285 13808220 10
17286 13809004 21
17287 13809373 116
17288 13809631 144
17289 13809760 248
17290 13810638 190
17291 13810720 9
17292 13812258 119
17293 13815921 19
17294 13816315 34
17295 13816647 9
17296 13817818 10
17297 13821389 14
17298 13821430 61
17299 13821563 71
17300 13821677 33
17301 13822777 16
17302 13823948 44
17303 13824972 114
17304 13826096 441
17305 13826397 40
17306 13827168 249
17307 13827673 74
17308 13828492 243
17309 13828535 36
17310 13828734 109
17311 13831626 313
17312 13833457 111
17313 13833644 81
17314 13833836 111
17315 13833874 153
17316 13835084 44
17317 13835713 116
17318 13835715 81
17319 13835938 33
17320 13836612 91
17321 13836732 51
17322 13836748 13
17323 13836815 43
17324 13838567 9
17325 13840151 134
17326 13840508 374
17327 13840703 73
17328 13841068 414
17329 13842804 116
17330 13843319 45
17331 13843392 13
17332 13843672 47
17333 13844910 32
17334 13845383 71
17335 13845525 82
17336 13845627 56
17337 13845854 15
17338 13846383 29
17339 13846405 26
17340 13848379 70
17341 13848930 291
17342 13849099 24
17343 13850176 333
17344 13850777 111
17345 13851520 70
17346 13854266 78
17347 13855638 246
17348 13855673 416
17349 13855720 218
17350 13856251 79
17351 13856806 96
17352 13856922 74
17353 13856973 365
17354 13858146 85
17355 13858765 356
17356 13860136 390
17357 13860160 80
17358 13861236 11
17359 13861320 148
17360 13861551 88
17361 13864069 29
17362 13864968 320
17363 13865445 49
17364 13866410 38
17365 13867071 297
17366 13867395 90
17367 13868500 70
17368 13868834 3
17369 13869344 5
17370 13870765 101
17371 13872117 6
17372 13873094 307
17373 13873581 173
17374 13875830 39
17375 13877805 2
17376 13878713 87
17377 13878754 54
17378 13881012 2
17379 13881968 7
17380 13882173 8
17381 13882450 190
17382 13882920 74
17383 13891490 58
17384 13892189 10
17385 13892197 14
17386 13893195 13
17387 13893265 121
17388 13893895 15
17389 13894837 53
17390 13896979 104
17391 13897111 83
17392 13898100 13
17393 13899335 47
17394 13899671 182
17395 13900368 54
17396 13900482 184
17397 13901580 87
17398 13902791 421
17399 13904087 134
17400 13904647 49
17401 13905926 10
17402 13906159 37
17403 13907151 54
17404 13907455 71
17405 13908884 23
17406 13910078 99
17407 13910441 23
17408 13910566 55
17409 13910756 48
17410 13912136 77
17411 13912385 26
17412 13912710 42
17413 13913220 25
17414 13913824 125
17415 13916210 941
17416 13917261 58
17417 13918946 74
17418 13920596 211
17419 13921506 59
17420 13921705 161
17421 13923739 69
17422 13923924 29
17423 13924758 100
17424 13925087 47
17425 13925296 29
17426 13926852 250
17427 13927140 109
17428 13927777 110
17429 13928949 39
17430 13929385 90
17431 13929672 79
17432 13930629 76
17433 13930874 91
17434 13932512 21
17435 13933129 88
17436 13933431 8
17437 13934530 89
17438 13935611 47
17439 13936040 3
17440 13936159 5
17441 13936208 134
17442 13936462 104
17443 13937648 7
17444 13938539 895
17445 13938735 83
17446 13938882 34
17447 13939284 150
17448 13939402 174
17449 13940059 48
17450 13941384 205
17451 13943392 24
17452 13946505 17
17453 13947609 76
17454 13948797 33
17455 13949030 83
17456 13949622 165
17457 13949636 50
17458 13950537 112
17459 13951352 29
17460 13953081 5
17461 13954739 188
17462 13954772 30
17463 13956929 182
17464 13957346 99
17465 13959287 7
17466 13959974 109
17467 13960942 55
17468 13961230 64
17469 13963093 44
17470 13964362 47
17471 13964623 22
17472 13965306 64
17473 13966089 169
17474 13966643 74
17475 13968174 322
17476 13969124 123
17477 13969396 5
17478 13970069 71
17479 13970641 340
17480 13972394 79
17481 13972780 14
17482 13973555 120
17483 13973605 30
17484 13973879 37
17485 13976278 52
17486 13976414 39
17487 13977764 172
17488 13979028 113
17489 13980123 368
17490 13981622 182
17491 13981899 1
17492 13986587 5
17493 13987165 46
17494 13987638 63
17495 13990533 61
17496 13990738 9
17497 13991023 12
17498 13991053 387
17499 13991293 18
17500 13991560 254
17501 13992364 55
17502 13994786 233
17503 13995931 95
17504 13998200 65
17505 13999915 141
17506 14000068 1
17507 14000124 105
17508 14000317 226
17509 14000777 61
17510 14000924 99
17511 14002823 227
17512 14002868 109
17513 14002933 3
17514 14003399 18
17515 14005722 254
17516 14005890 24
17517 14006073 212
17518 14007271 32
17519 14007391 5
17520 14009221 21
17521 14009290 20
17522 14009452 3
17523 14009498 180
17524 14010020 89
17525 14010994 62
17526 14012271 158
17527 14013916 419
17528 14014986 105
17529 14015212 514
17530 14015546 129
17531 14015975 281
17532 14016180 75
17533 14016205 130
17534 14019478 106
17535 14019682 212
17536 14021010 25
17537 14021923 90
17538 14023401 306
17539 14024046 42
17540 14024110 2
17541 14024359 195
17542 14024739 80
17543 14026762 151
17544 14028823 159
17545 14029334 57
17546 14031286 125
17547 14031800 33
17548 14031892 571
17549 14032609 35
17550 14032740 60
17551 14032892 86
17552 14034548 40
17553 14034793 572
17554 14034992 93
17555 14035134 2
17556 14036185 142
17557 14036655 306
17558 14037817 85
17559 14037906 73
17560 14038146 63
17561 14039103 101
17562 14039531 59
17563 14040300 73
17564 14040658 81
17565 14040861 34
17566 14041966 62
17567 14043595 72
17568 14044190 293
17569 14044375 36
17570 14045579 185
17571 14045601 319
17572 14045819 167
17573 14047045 2
17574 14047109 168
17575 14047129 72
17576 14047218 29
17577 14047257 213
17578 14047449 114
17579 14047744 63
17580 14047773 283
17581 14049228 102
17582 14049805 145
17583 14050802 51
17584 14054990 164
17585 14055202 116
17586 14055470 23
17587 14057300 62
17588 14057998 11
17589 14058856 133
17590 14059501 402
17591 14062044 139
17592 14064111 234
17593 14064187 2
17594 14065319 28
17595 14067065 23
17596 14068852 78
17597 14069196 135
17598 14071313 18
17599 14072348 23
17600 14074213 31
17601 14074687 189
17602 14075124 57
17603 14075781 120
17604 14077645 1
17605 14079283 129
17606 14080699 276
17607 14081477 27
17608 14081516 227
17609 14082513 301
17610 14083003 6
17611 14084404 112
17612 14086433 74
17613 14086735 125
17614 14086925 8
17615 14088252 33
17616 14088699 68
17617 14088899 144
17618 14090338 17
17619 14091457 65
17620 14091887 82
17621 14093076 105
17622 14093725 167
17623 14094965 2
17624 14096314 182
17625 14096512 3
17626 14097341 84
17627 14099031 4
17628 14100839 135
17629 14102054 48
17630 14102059 56
17631 14102641 56
17632 14102848 203
17633 14106957 184
17634 14110161 130
17635 14110924 37
17636 14111079 208
17637 14112404 53
17638 14114275 413
17639 14117346 125
17640 14118436 29
17641 14118506 36
17642 14118516 259
17643 14118638 299
17644 14119185 15
17645 14119370 103
17646 14119894 55
17647 14120874 88
17648 14121254 61
17649 14121811 82
17650 14122304 251
17651 14122564 190
17652 14122859 99
17653 14124393 194
17654 14125274 74
17655 14126162 5
17656 14126550 74
17657 14128574 51
17658 14129217 187
17659 14129566 197
17660 14129636 1
17661 14129999 7
17662 14130248 74
17663 14133576 227
17664 14134276 39
17665 14135644 149
17666 14136563 5
17667 14138767 1
17668 14139965 33
17669 14140299 8
17670 14140673 206
17671 14141160 144
17672 14141328 124
17673 14141367 236
17674 14142135 27
17675 14142725 124
17676 14142864 87
17677 14144164 155
17678 14144376 8
17679 14145261 93
17680 14150000 128
17681 14152138 195
17682 14153070 94
17683 14153138 37
17684 14153525 33
17685 14154066 9
17686 14154495 21
17687 14154619 10
17688 14156038 30
17689 14156228 60
17690 14156576 15
17691 14156794 83
17692 14156805 167
17693 14157027 153
17694 14157770 10
17695 14158107 216
17696 14160447 110
17697 14160573 9
17698 14163131 50
17699 14164276 208
17700 14165531 91
17701 14166133 18
17702 14167625 124
17703 14168746 280
17704 14169022 260
17705 14173450 112
17706 14173550 112
17707 14173598 63
17708 14174135 275
17709 14175079 88
17710 14176356 44
17711 14176472 80
17712 14176686 63
17713 14177225 192
17714 14178455 11
17715 14178620 43
17716 14179137 71
17717 14179992 47
17718 14180045 45
17719 14180373 82
17720 14181443 54
17721 14185233 14
17722 14185426 9
17723 14185629 215
17724 14185843 38
17725 14186095 28
17726 14186524 25
17727 14186896 215
17728 14187084 84
17729 14188470 97
17730 14188871 34
17731 14190219 205
17732 14191061 116
17733 14192570 182
17734 14193062 163
17735 14193101 416
17736 14193861 49
17737 14194760 1
17738 14195526 153
17739 14196786 4
17740 14198805 143
17741 14201721 30
17742 14201734 82
17743 14202903 20
17744 14202955 18
17745 14204515 188
17746 14205879 20
17747 14206641 160
17748 14207597 24
17749 14207877 47
17750 14208163 210
17751 14209163 37
17752 14209183 15
17753 14211736 222
17754 14213507 92
17755 14213774 17
17756 14213778 200
17757 14213904 81
17758 14214299 6
17759 14214574 62
17760 14215540 56
17761 14215904 50
17762 14217194 210
17763 14217452 162
17764 14218945 56
17765 14219188 5
17766 14219318 13
17767 14219899 81
17768 14220086 41
17769 14220249 4
17770 14220797 54
17771 14225763 153
17772 14228444 50
17773 14228727 7
17774 14228799 2
17775 14229741 171
17776 14230493 309
17777 14230767 20
17778 14231234 253
17779 14231665 53
17780 14232045 121
17781 14232262 2
17782 14232889 26
17783 14233479 245
17784 14233768 74
17785 14233969 92
17786 14236221 161
17787 14237696 122
17788 14238166 95
17789 14238385 10
17790 14238902 30
17791 14239451 42
17792 14239720 2
17793 14239957 3
17794 14240104 16
17795 14240126 30
17796 14240197 108
17797 14240431 46
17798 14243206 15
17799 14245357 1
17800 14245843 88
17801 14246096 6
17802 14246763 12
17803 14248241 4
17804 14250014 13
17805 14251719 53
17806 14254659 17
17807 14258000 159
17808 14259529 66
17809 14259760 11
17810 14259831 35
17811 14259995 116
17812 14262122 6
17813 14262661 37
17814 14263855 34
17815 14263976 82
17816 14265064 179
17817 14266028 14
17818 14266689 59
17819 14268742 63
17820 14268925 15
17821 14269400 96
17822 14271385 120
17823 14271446 29
17824 14273297 3
17825 14273707 4
17826 14275690 30
17827 14275817 195
17828 14276347 113
17829 14279551 285
17830 14280952 101
17831 14281328 5
17832 14281955 304
17833 14282139 40
17834 14283892 161
17835 14284638 152
17836 14285471 4
17837 14285764 11
17838 14286076 19
17839 14286446 125
17840 14287171 47
17841 14287459 10
17842 14287896 31
17843 14288455 25
17844 14290025 168
17845 14290619 6
17846 14290626 55
17847 14291152 81
17848 14291241 87
17849 14291464 67
17850 14291621 44
17851 14291944 125
17852 14292472 208
17853 14292816 11
17854 14292920 57
17855 14293357 143
17856 14295512 154
17857 14297082 99
17858 14301366 47
17859 14302202 162
17860 14302529 16
17861 14302580 75
17862 14303041 62
17863 14303818 74
17864 14304056 77
17865 14306136 21
17866 14306546 84
17867 14307514 77
17868 14308287 56
17869 14308529 19
17870 14308801 126
17871 14309475 408
17872 14310491 244
17873 14310655 12
17874 14311174 120
17875 14311671 30
17876 14313273 4
17877 14314713 188
17878 14315363 60
17879 14315402 242
17880 14315446 264
17881 14315975 2
17882 14316019 209
17883 14317419 43
17884 14319910 44
17885 14320241 469
17886 14321841 270
17887 14323976 156
17888 14324252 116
17889 14324416 14
17890 14327035 99
17891 14327578 16
17892 14328256 215
17893 14328550 16
17894 14329361 7
17895 14329656 184
17896 14330251 211
17897 14331523 2
17898 14331676 223
17899 14331862 204
17900 14331966 2
17901 14334745 203
17902 14335806 120
17903 14336872 52
17904 14337446 1
17905 14337671 31
17906 14337841 12
17907 14338872 141
17908 14339854 184
17909 14340807 28
17910 14340890 162
17911 14341113 122
17912 14342183 20
17913 14342310 213
17914 14343466 181
17915 14343572 58
17916 14343724 113
17917 14344034 141
17918 14345347 311
17919 14345374 395
17920 14345484 50
17921 14345547 56
17922 14346085 298
17923 14346815 104
17924 14348223 15
17925 14350682 14
17926 14351496 216
17927 14351672 7
17928 14352066 145
17929 14352842 13
17930 14352869 140
17931 14353219 250
17932 14353564 203
17933 14354101 484
17934 14354809 63
17935 14355337 255
17936 14355611 222
17937 14356577 2
17938 14357588 48
17939 14357638 116
17940 14357860 140
17941 14359195 71
17942 14359206 8
17943 14359230 59
17944 14359821 420
17945 14360002 44
17946 14360941 69
17947 14361929 76
17948 14363671 89
17949 14364171 31
17950 14366442 84
17951 14367447 23
17952 14367558 205
17953 14368099 108
17954 14368415 5
17955 14369150 86
17956 14371745 93
17957 14373847 22
17958 14374258 24
17959 14374471 203
17960 14375735 112
17961 14376534 34
17962 14378630 169
17963 14379160 5
17964 14380410 123
17965 14381020 8
17966 14381889 180
17967 14382026 136
17968 14382070 17
17969 14383187 162
17970 14383471 170
17971 14384960 156
17972 14385526 74
17973 14385580 12
17974 14385811 47
17975 14386361 187
17976 14386681 56
17977 14387260 93
17978 14387434 37
17979 14387771 226
17980 14388087 30
17981 14388706 38
17982 14388907 37
17983 14390157 63
17984 14391390 51
17985 14393441 250
17986 14395034 49
17987 14395934 21
17988 14397688 15
17989 14398971 89
17990 14400135 8
17991 14400203 65
17992 14400231 56
17993 14402067 84
17994 14402178 71
17995 14402963 376
17996 14403369 87
17997 14404544 47
17998 14404839 76
17999 14407071 18
18000 14408551 4
18001 14408569 49
18002 14408988 14
18003 14410115 63
18004 14410751 77
18005 14411553 39
18006 14411666 133
18007 14412590 45
18008 14412825 45
18009 14412850 153
18010 14413403 131
18011 14413512 22
18012 14415934 4
18013 14416697 60
18014 14417837 24
18015 14419881 299
18016 14422254 231
18017 14423493 10
18018 14424843 18
18019 14425220 26
18020 14426195 68
18021 14426419 64
18022 14426586 73
18023 14427106 24
18024 14427537 61
18025 14428460 59
18026 14430080 111
18027 14430159 223
18028 14430723 1
18029 14431249 236
18030 14434701 6
18031 14435367 91
18032 14437371 25
18033 14437623 98
18034 14438272 18
18035 14438841 24
18036 14440048 4
18037 14440199 224
18038 14441134 96
18039 14441137 140
18040 14443345 42
18041 14444264 89
18042 14444636 25
18043 14445643 158
18044 14445842 21
18045 14446025 27
18046 14446037 119
18047 14446470 151
18048 14447224 10
18049 14448964 61
18050 14449876 18
18051 14451874 79
18052 14452216 215
18053 14453527 58
18054 14453686 25
18055 14453726 3
18056 14454301 49
18057 14455310 59
18058 14456576 46
18059 14456745 25
18060 14456924 7
18061 14457235 40
18062 14458445 21
18063 14458935 23
18064 14459233 55
18065 14459762 43
18066 14462107 74
18067 14462213 67
18068 14466280 86
18069 14466390 69
18070 14466922 56
18071 14467097 2
18072 14468500 344
18073 14469695 91
18074 14470637 53
18075 14471322 55
18076 14471351 133
18077 14472375 50
18078 14472509 217
18079 14473759 62
18080 14474114 114
18081 14474590 82
18082 14474915 169
18083 14475688 28
18084 14475820 101
18085 14477966 88
18086 14478397 194
18087 14478404 179
18088 14480129 3
18089 14481077 3
18090 14482960 86
18091 14484219 42
18092 14484427 14
18093 14484766 49
18094 14486670 108
18095 14487541 32
18096 14489314 82
18097 14490372 68
18098 14490767 89
18099 14491313 253
18100 14491493 163
18101 14493621 193
18102 14494011 43
18103 14494779 30
18104 14495478 18
18105 14495673 28
18106 14495955 2
18107 14496473 309
18108 14497088 377
18109 14498025 79
18110 14499640 24
18111 14500038 6
18112 14500375 56
18113 14500825 14
18114 14501167 88
18115 14501888 34
18116 14503772 225
18117 14504649 88
18118 14505170 69
18119 14505528 186
18120 14505646 200
18121 14506847 200
18122 14507190 28
18123 14507479 18
18124 14508391 525
18125 14508917 121
18126 14509582 71
18127 14510554 67
18128 14510852 6
18129 14511244 45
18130 14512128 140
18131 14512900 156
18132 14513529 117
18133 14514103 31
18134 14515283 21
18135 14516407 5
18136 14517616 22
18137 14517622 16
18138 14517812 31
18139 14518142 229
18140 14518952 446
18141 14519341 178
18142 14521047 143
18143 14521715 231
18144 14521985 174
18145 14522425 9
18146 14523126 36
18147 14523689 79
18148 14523889 83
18149 14524407 24
18150 14524800 67
18151 14526216 230
18152 14526582 28
18153 14527680 38
18154 14527759 115
18155 14528330 195
18156 14530185 47
18157 14531197 15
18158 14535525 47
18159 14535669 4
18160 14536075 19
18161 14536466 360
18162 14537007 80
18163 14538787 16
18164 14541418 3
18165 14541656 77
18166 14542146 126
18167 14542493 160
18168 14543100 74
18169 14544693 47
18170 14545007 115
18171 14547157 4
18172 14549980 9
18173 14550811 105
18174 14551392 169
18175 14552847 247
18176 14553990 23
18177 14554253 73
18178 14554429 113
18179 14555819 40
18180 14556093 14
18181 14556192 179
18182 14557060 80
18183 14560126 242
18184 14560208 13
18185 14560875 3
18186 14561564 91
18187 14561675 133
18188 14561956 56
18189 14562060 32
18190 14562406 23
18191 14563939 30
18192 14564527 126
18193 14564936 46
18194 14565215 202
18195 14565265 2
18196 14565281 115
18197 14565376 207
18198 14565953 32
18199 14566912 74
18200 14567725 88
18201 14568256 15
18202 14569091 62
18203 14569213 118
18204 14569718 329
18205 14569859 31
18206 14570532 24
18207 14570532 193
18208 14572829 155
18209 14573966 59
18210 14574909 48
18211 14575283 83
18212 14575693 40
18213 14578302 107
18214 14578685 84
18215 14579711 6
18216 14579805 189
18217 14580865 24
18218 14582146 12
18219 14583044 47
18220 14583997 74
18221 14584156 28
18222 14584708 27
18223 14585899 192
18224 14587010 51
18225 14587527 60
18226 14588557 38
18227 14590367 74
18228 14592074 25
18229 14592268 105
18230 14593473 116
18231 14593578 6
18232 14594424 29
18233 14595894 258
18234 14596329 4
18235 14598208 6
18236 14599632 2
18237 14600490 21
18238 14600916 109
18239 14602196 50
18240 14605041 83
18241 14608476 437
18242 14608852 1
18243 14609700 29
18244 14611524 8
18245 14614894 82
18246 14615500 24
18247 14615696 51
18248 14615916 25
18249 14615943 180
18250 14616437 208
18251 14616598 232
18252 14617336 55
18253 14617799 207
18254 14618320 79
18255 14619541 44
18256 14620869 44
18257 14621282 356
18258 14621920 14
18259 14623494 53
18260 14624470 41
18261 14625029 43
18262 14625647 200
18263 14625668 85
18264 14626103 7
18265 14626394 23
18266 14626456 37
18267 14628097 58
18268 14629748 55
18269 14630180 115
18270 14631745 171
18271 14633593 241
18272 14634655 77
18273 14634807 54
18274 14635296 47
18275 14635479 120
18276 14636624 22
18277 14637290 48
18278 14637668 47
18279 14637792 42
18280 14638162 80
18281 14640356 41
18282 14640766 158
18283 14640801 26
18284 14640807 91
18285 14642083 49
18286 14642117 10
18287 14642140 21
18288 14643661 172
18289 14643847 48
18290 14645265 72
18291 14645698 54
18292 14645779 133
18293 14646257 68
18294 14646534 27
18295 14646820 47
18296 14647288 180
18297 14649841 6
18298 14650934 37
18299 14652876 276
18300 14652994 100
18301 14654239 279
18302 14654989 13
18303 14655283 84
18304 14656399 65
18305 14656486 215
18306 14656521 6
18307 14657742 69
18308 14658255 71
18309 14659786 69
18310 14660316 276
18311 14661345 16
18312 14661949 134
18313 14662268 97
18314 14662438 122
18315 14662745 250
18316 14663800 60
18317 14664374 12
18318 14664770 30
18319 14665428 110
18320 14667547 130
18321 14668635 2
18322 14669146 230
18323 14669685 125
18324 14670559 29
18325 14671878 69
18326 14671917 106
18327 14674204 25
18328 14675729 50
18329 14677010 22
18330 14677014 114
18331 14678647 12
18332 14679392 94
18333 14679550 151
18334 14680095 101
18335 14682599 549
18336 14683210 162
18337 14683244 11
18338 14684758 20
18339 14685123 91
18340 14685606 10
18341 14686384 126
18342 14687338 136
18343 14687713 41
18344 14687801 60
18345 14688357 110
18346 14689091 246
18347 14689196 9
18348 14689259 71
18349 14689709 3
18350 14690015 70
18351 14691175 32
18352 14691934 63
18353 14692315 186
18354 14692990 31
18355 14693032 46
18356 14693146 66
18357 14693154 19
18358 14695041 86
18359 14695555 146
18360 14697115 188
18361 14700566 155
18362 14701047 136
18363 14701553 85
18364 14702087 670
18365 14702316 44
18366 14702754 74
18367 14702888 130
18368 14703874 130
18369 14704544 43
18370 14705494 31
18371 14705725 28
18372 14706595 30
18373 14706638 270
18374 14706923 35
18375 14708106 140
18376 14709508 73
18377 14709542 204
18378 14710444 51
18379 14711460 20
18380 14711499 212
18381 14712672 33
18382 14712731 52
18383 14712752 42
18384 14712791 32
18385 14712827 52
18386 14714250 112
18387 14714386 23
18388 14715652 166
18389 14716215 8
18390 14716927 73
18391 14717123 39
18392 14720186 43
18393 14721040 67
18394 14721316 159
18395 14721648 47
18396 14722848 96
18397 14723670 160
18398 14724154 4
18399 14725033 200
18400 14725774 210
18401 14726149 156
18402 14726985 146
18403 14727582 107
18404 14729503 120
18405 14732128 2
18406 14733232 95
18407 14735553 117
18408 14737400 112
18409 14737692 35
18410 14738001 493
18411 14738015 79
18412 14738302 74
18413 14738578 18
18414 14739333 198
18415 14740954 181
18416 14741373 75
18417 14741666 33
18418 14742066 31
18419 14745755 30
18420 14745799 64
18421 14745851 24
18422 14747156 101
18423 14747192 23
18424 14748149 155
18425 14750900 48
18426 14750967 66
18427 14751262 280
18428 14751737 141
18429 14752716 110
18430 14753072 101
18431 14753612 29
18432 14754026 224
18433 14754766 211
18434 14756933 7
18435 14757353 108
18436 14757903 124
18437 14758841 46
18438 14760134 38
18439 14760272 15
18440 14761003 85
18441 14761189 172
18442 14761909 184
18443 14763220 199
18444 14763509 34
18445 14764208 132
18446 14765910 312
18447 14766265 76
18448 14767520 57
18449 14768825 80
18450 14768999 53
18451 14770104 4
18452 14771126 4
18453 14771148 198
18454 14771530 192
18455 14772819 223
18456 14772979 159
18457 14773495 11
18458 14774680 77
18459 14775432 81
18460 14775921 14
18461 14777636 96
18462 14780757 85
18463 14781119 408
18464 14781419 4
18465 14781592 114
18466 14782064 61
18467 14782298 10
18468 14782396 43
18469 14783922 3
18470 14784166 197
18471 14785046 34
18472 14785582 57
18473 14785989 111
18474 14787823 35
18475 14788517 300
18476 14788821 192
18477 14789951 21
18478 14790613 7
18479 14790994 148
18480 14794772 7
18481 14795421 39
18482 14795856 221
18483 14796055 59
18484 14796336 68
18485 14796551 58
18486 14796917 28
18487 14797519 178
18488 14797657 68
18489 14798931 187
18490 14798947 57
18491 14799137 18
18492 14799784 129
18493 14800160 51
18494 14800250 136
18495 14800565 66
18496 14800726 61
18497 14801079 53
18498 14801843 5
18499 14801919 42
18500 14802237 70
18501 14804549 100
18502 14804616 14
18503 14804836 101
18504 14806587 9
18505 14808577 423
18506 14809432 186
18507 14809839 278
18508 14810458 100
18509 14813489 7
18510 14813516 39
18511 14813965 438
18512 14813970 74
18513 14814981 4
18514 14816428 65
18515 14817682 18
18516 14818087 72
18517 14819704 336
18518 14820200 53
18519 14820273 27
18520 14820456 108
18521 14821577 108
18522 14822040 154
18523 14822493 186
18524 14823658 36
18525 14823770 32
18526 14824162 151
18527 14825233 96
18528 14825308 216
18529 14825532 200
18530 14825551 143
18531 14826199 194
18532 14826238 90
18533 14826278 159
18534 14826466 173
18535 14826505 63
18536 14827738 25
18537 14828806 43
18538 14828846 198
18539 14829816 10
18540 14829836 88
18541 14830870 85
18542 14831009 8
18543 14831778 32
18544 14831888 98
18545 14832462 64
18546 14833068 89
18547 14833485 120
18548 14837562 9
18549 14837927 3
18550 14837965 471
18551 14838815 95
18552 14838917 112
18553 14839132 152
18554 14840486 113
18555 14840858 67
18556 14841109 170
18557 14841340 114
18558 14844265 168
18559 14846695 33
18560 14848830 84
18561 14849197 59
18562 14850460 110
18563 14852356 95
18564 14853027 127
18565 14855138 263
18566 14855588 137
18567 14855882 80
18568 14856068 23
18569 14856342 8
18570 14856812 82
18571 14857475 45
18572 14857621 39
18573 14859376 202
18574 14860067 53
18575 14862207 69
18576 14862457 3
18577 14863459 234
18578 14864279 31
18579 14865417 6
18580 14865943 2
18581 14866402 40
18582 14868962 14
18583 14869304 72
18584 14869914 80
18585 14871659 577
18586 14872363 2
18587 14872408 139
18588 14873562 317
18589 14874895 36
18590 14875821 10
18591 14876070 15
18592 14876175 101
18593 14878396 175
18594 14879858 117
18595 14880331 11
18596 14881293 6
18597 14881989 14
18598 14882215 127
18599 14883594 13
18600 14884794 65
18601 14885134 36
18602 14885868 15
18603 14887080 22
18604 14888028 86
18605 14888317 205
18606 14888718 96
18607 14889564 276
18608 14889786 405
18609 14890772 528
18610 14891351 28
18611 14891908 153
18612 14894579 69
18613 14895124 47
18614 14896183 79
18615 14896255 30
18616 14897857 7
18617 14898801 26
18618 14899093 61
18619 14899263 5
18620 14899269 21
18621 14899950 66
18622 14900546 219
18623 14901326 25
18624 14901488 168
18625 14901696 12
18626 14903072 8
18627 14903509 354
18628 14904391 67
18629 14909063 42
18630 14909584 2
18631 14910173 140
18632 14910609 10
18633 14911560 102
18634 14911923 54
18635 14912110 10
18636 14914136 160
18637 14914707 61
18638 14915471 2
18639 14915612 202
18640 14916026 44
18641 14916289 59
18642 14916598 278
18643 14917390 12
18644 14917849 31
18645 14918833 28
18646 14920456 106
18647 14921476 27
18648 14921626 110
18649 14923215 61
18650 14923438 216
18651 14925095 46
18652 14926463 52
18653 14927004 5
18654 14928278 300
18655 14928591 34
18656 14928671 287
18657 14928894 27
18658 14929197 269
18659 14929970 206
18660 14930795 233
18661 14932165 9
18662 14933964 34
18663 14936262 56
18664 14936300 337
18665 14937750 294
18666 14938370 15
18667 14939704 107
18668 14940155 3
18669 14940227 60
18670 14940943 84
18671 14941422 104
18672 14941486 37
18673 14941966 94
18674 14942331 53
18675 14943200 73
18676 14943293 195
18677 14944448 36
18678 14945362 36
18679 14948158 73
18680 14948744 69
18681 14948976 98
18682 14949598 104
18683 14950744 148
18684 14951371 22
18685 14952813 80
18686 14953438 30
18687 14953891 203
18688 14954662 70
18689 14956666 100
18690 14958103 255
18691 14958761 111
18692 14959350 17
18693 14960965 57
18694 14961982 185
18695 14962635 12
18696 14962647 123
18697 14962665 22
18698 14963098 131
18699 14963113 33
18700 14964009 60
18701 14964735 1
18702 14965184 14
18703 14965264 370
18704 14967922 12
18705 14968291 63
18706 14969470 23
18707 14969496 38
18708 14969516 5
18709 14970521 134
18710 14971313 170
18711 14971345 37
18712 14972685 7
18713 14973126 288
18714 14975245 11
18715 14976174 37
18716 14976732 119
18717 14976804 24
18718 14976943 18
18719 14977010 225
18720 14977199 104
18721 14978874 169
18722 14978987 75
18723 14980223 162
18724 14980986 21
18725 14981860 15
18726 14983622 64
18727 14986694 48
18728 14986876 33
18729 14986897 17
18730 14988719 9
18731 14988802 75
18732 14989134 11
18733 14989601 105
18734 14989824 27
18735 14991161 143
18736 14991366 117
18737 14993088 22
18738 14994030 104
18739 14994322 559
18740 14994414 23
18741 14994761 176
18742 14995254 23
18743 14995462 64
18744 14996168 210
18745 14998753 17
18746 14999380 87
18747 15000270 23
18748 15000560 226
18749 15001913 257
18750 15003194 166
18751 15003251 174
18752 15003988 38
18753 15004716 193
18754 15004798 136
18755 15007303 151
18756 15007544 71
18757 15007840 166
18758 15008121 153
18759 15008980 190
18760 15009042 61
18761 15010230 5
18762 15012581 66
18763 15013046 22
18764 15014400 81
18765 15016185 29
18766 15016560 105
18767 15017260 110
18768 15019613 278
18769 15021280 204
18770 15021619 120
18771 15024146 330
18772 15024162 40
18773 15024274 296
18774 15024539 151
18775 15024790 19
18776 15028292 109
18777 15028349 59
18778 15029141 236
18779 15031685 71
18780 15032127 69
18781 15032408 34
18782 15032630 195
18783 15033443 16
18784 15033599 18
18785 15034732 49
18786 15035461 300
18787 15035761 305
18788 15036230 14
18789 15036733 18
18790 15036840 198
18791 15036893 423
18792 15037501 243
18793 15038002 46
18794 15038493 2
18795 15039133 10
18796 15039392 37
18797 15040486 14
18798 15041231 468
18799 15042964 212
18800 15043309 50
18801 15045130 121
18802 15045225 119
18803 15045428 3
18804 15045518 116
18805 15046313 137
18806 15047037 122
18807 15047149 5
18808 15049148 28
18809 15049826 81
18810 15050171 73
18811 15051713 124
18812 15051748 13
18813 15051950 76
18814 15052099 95
18815 15055537 40
18816 15055575 36
18817 15055653 169
18818 15055987 74
18819 15056576 42
18820 15057214 167
18821 15057415 34
18822 15057656 67
18823 15057720 18
18824 15058625 81
18825 15059631 89
18826 15059835 138
18827 15061945 194
18828 15062102 90
18829 15064400 37
18830 15064665 35
18831 15065020 185
18832 15065407 38
18833 15066147 127
18834 15066337 52
18835 15066943 51
18836 15067398 255
18837 15067965 157
18838 15068155 413
18839 15068853 176
18840 15069361 4
18841 15070499 85
18842 15070823 4
18843 15070915 120
18844 15075012 39
18845 15075322 548
18846 15075449 158
18847 15078708 24
18848 15081018 130
18849 15081171 15
18850 15082569 77
18851 15087670 10
18852 15087896 26
18853 15088855 198
18854 15088913 42
18855 15089485 360
18856 15089578 54
18857 15090058 111
18858 15090184 330
18859 15091412 31
18860 15091771 158
18861 15093569 18
18862 15094085 104
18863 15096870 6
18864 15099521 92
18865 15099724 151
18866 15100512 128
18867 15101344 225
18868 15101486 89
18869 15102963 31
18870 15103131 44
18871 15104353 118
18872 15104737 160
18873 15105175 77
18874 15105359 57
18875 15108203 121
18876 15109340 9
18877 15110318 45
18878 15111011 102
18879 15111433 22
18880 15111965 285
18881 15112676 187
18882 15113214 32
18883 15114875 34
18884 15114923 69
18885 15115240 73
18886 15115330 42
18887 15116388 321
18888 15118145 199
18889 15118439 138
18890 15119329 19
18891 15119719 195
18892 15120274 2
18893 15121617 14
18894 15122742 8
18895 15123512 74
18896 15123676 416
18897 15123829 29
18898 15124393 21
18899 15124524 14
18900 15124933 59
18901 15125052 20
18902 15126291 118
18903 15126476 107
18904 15127283 315
18905 15127597 56
18906 15128212 32
18907 15128359 141
18908 15129580 14
18909 15130502 284
18910 15131062 206
18911 15131123 209
18912 15131192 85
18913 15132086 3
18914 15132548 133
18915 15132730 216
18916 15133031 17
18917 15133573 28
18918 15134562 34
18919 15134837 92
18920 15135243 55
18921 15135958 51
18922 15136008 6
18923 15137895 317
18924 15138270 5
18925 15138290 35
18926 15138856 20
18927 15141612 79
18928 15141917 244
18929 15142580 89
18930 15142840 107
18931 15143416 89
18932 15145049 151
18933 15147879 4
18934 15149700 53
18935 15150042 109
18936 15151015 32
18937 15151425 29
18938 15151722 96
18939 15152516 17
18940 15153341 108
18941 15154042 214
18942 15155234 71
18943 15155614 9
18944 15155650 99
18945 15155883 37
18946 15157556 82
18947 15157883 121
18948 15159939 122
18949 15160252 18
18950 15160872 92
18951 15161637 3
18952 15162121 39
18953 15163331 40
18954 15164558 50
18955 15164759 100
18956 15165647 3
18957 15165856 126
18958 15166064 228
18959 15166448 147
18960 15168556 32
18961 15168708 157
18962 15168872 214
18963 15171248 150
18964 15171420 11
18965 15171619 196
18966 15171692 154
18967 15172346 452
18968 15172697 10
18969 15173674 211
18970 15174179 96
18971 15175540 6
18972 15175591 60
18973 15175616 32
18974 15175882 11
18975 15176299 39
18976 15177699 60
18977 15179011 59
18978 15179722 199
18979 15180082 71
18980 15180381 176
18981 15181142 220
18982 15183663 21
18983 15183790 22
18984 15183925 14
18985 15184118 35
18986 15184157 114
18987 15184223 158
18988 15185111 13
18989 15185177 29
18990 15186062 52
18991 15186403 22
18992 15186588 240
18993 15187301 8
18994 15187315 68
18995 15189613 273
18996 15190285 98
18997 15190521 138
18998 15190704 28
18999 15191291 131
19000 15191491 53
19001 15194069 290
19002 15194820 306
19003 15194905 56
19004 15195016 115
19005 15200283 9
19006 15200473 132
19007 15201190 43
19008 15201376 101
19009 15201723 104
19010 15202000 14
19011 15202314 24
19012 15204446 168
19013 15206070 30
19014 15206659 40
19015 15207297 178
19016 15209557 19
19017 15209999 36
19018 15210423 9
19019 15210929 36
19020 15210996 107
19021 15212420 78
19022 15212426 73
19023 15213514 121
19024 15214775 12
19025 15215668 245
19026 15217616 128
19027 15218307 80
19028 15218392 68
19029 15219934 68
19030 15220274 19
19031 15220607 98
19032 15220664 55
19033 15221766 62
19034 15222352 22
19035 15223019 288
19036 15223614 34
19037 15223852 114
19038 15224376 28
19039 15225017 163
19040 15225320 16
19041 15225616 36
19042 15225984 27
19043 15226344 11
19044 15226742 4
19045 15227075 157
19046 15227443 22
19047 15227640 30
19048 15228995 166
19049 15229454 491
19050 15230975 130
19051 15233439 113
19052 15234194 10
19053 15234353 70
19054 15235306 160
19055 15235541 157
19056 15235680 86
19057 15236091 80
19058 15236379 117
19059 15237701 16
19060 15237944 84
19061 15238453 128
19062 15238792 151
19063 15239104 69
19064 15239229 139
19065 15240484 2
19066 15243958 37
19067 15248395 180
19068 15248730 95
19069 15249005 4
19070 15250614 40
19071 15251664 61
19072 15253178 155
19073 15253288 34
19074 15254853 31
19075 15255881 11
19076 15256418 76
19077 15256579 77
19078 15257096 12
19079 15257167 76
19080 15258247 45
19081 15258266 16
19082 15259026 72
19083 15259417 30
19084 15259729 59
19085 15259770 204
19086 15260080 47
19087 15260535 178
19088 15261372 55
19089 15261813 162
19090 15262713 7
19091 15265441 31
19092 15266961 162
19093 15266967 16
19094 15267814 189
19095 15267842 98
19096 15268167 245
19097 15268571 44
19098 15268912 65
19099 15269901 30
19100 15270314 84
19101 15270810 27
19102 15271264 163
19103 15272465 39
19104 15274009 67
19105 15274114 231
19106 15274264 43
19107 15274941 114
19108 15275141 56
19109 15276575 178
19110 15278779 32
19111 15278974 225
19112 15279526 120
19113 15279896 44
19114 15280669 19
19115 15280782 10
19116 15281877 18
19117 15282749 114
19118 15283107 45
19119 15284001 177
19120 15285353 69
19121 15285672 340
19122 15286382 8
19123 15286948 11
19124 15288361 36
19125 15290063 102
19126 15290101 397
19127 15290892 176
19128 15291206 28
19129 15291824 144
19130 15292457 77
19131 15295305 71
19132 15295413 13
19133 15296603 140
19134 15296659 117
19135 15297257 126
19136 15297499 71
19137 15300609 96
19138 15300983 12
19139 15301471 14
19140 15301783 1
19141 15303327 161
19142 15303902 39
19143 15304286 17
19144 15305797 78
19145 15306468 102
19146 15306857 273
19147 15308427 24
19148 15310115 73
19149 15310594 46
19150 15310890 3
19151 15311034 141
19152 15311041 46
19153 15311787 205
19154 15312268 55
19155 15313502 6
19156 15313673 86
19157 15315644 249
19158 15316153 2
19159 15316165 1
19160 15316171 203
19161 15316505 9
19162 15317606 36
19163 15317916 30
19164 15318042 229
19165 15318753 182
19166 15319895 19
19167 15320935 6
19168 15321346 176
19169 15321625 116
19170 15321631 36
19171 15322230 75
19172 15322939 30
19173 15323496 110
19174 15325289 62
19175 15325555 96
19176 15328601 127
19177 15328953 160
19178 15329375 112
19179 15329612 138
19180 15330171 16
19181 15330433 29
19182 15330682 52
19183 15330728 301
19184 15331564 9
19185 15332539 26
19186 15333113 195
19187 15333258 87
19188 15333929 39
19189 15334807 18
19190 15335171 43
19191 15337550 71
19192 15342587 52
19193 15342754 152
19194 15343592 373
19195 15345693 2
19196 15346223 75
19197 15347109 18
19198 15349722 54
19199 15351154 8
19200 15352205 143
19201 15352986 2
19202 15354163 147
19203 15356788 69
19204 15357583 26
19205 15361338 10
19206 15361483 48
19207 15362033 34
19208 15362283 75
19209 15362330 13
19210 15363126 5
19211 15363480 30
19212 15365416 100
19213 15365431 2
19214 15365558 22
19215 15365983 71
19216 15366408 25
19217 15367616 257
19218 15367917 110
19219 15368468 149
19220 15369509 74
19221 15370899 33
19222 15372418 19
19223 15373767 31
19224 15373909 21
19225 15374399 55
19226 15374961 84
19227 15375990 243
19228 15376001 214
19229 15376066 4
19230 15376182 128
19231 15376743 6
19232 15377678 44
19233 15378404 184
19234 15379108 41
19235 15380574 169
19236 15381555 34
19237 15382435 9
19238 15383032 108
19239 15384642 52
19240 15384781 15
19241 15385626 411
19242 15386172 234
19243 15386542 24
19244 15387730 83
19245 15388034 31
19246 15388142 55
19247 15388165 33
19248 15389474 50
19249 15391055 4
19250 15391890 27
19251 15392691 156
19252 15395162 14
19253 15396288 13
19254 15396377 63
19255 15396620 2
19256 15397841 88
19257 15398762 84
19258 15400167 163
19259 15401048 118
19260 15401099 34
19261 15401142 37
19262 15402780 15
19263 15405390 73
19264 15405462 219
19265 15405799 173
19266 15406764 97
19267 15409152 332
19268 15409506 74
19269 15410357 122
19270 15410913 109
19271 15412095 572
19272 15412293 5
19273 15414049 216
19274 15415110 42
19275 15415163 11
19276 15415785 175
19277 15416701 79
19278 15418944 217
19279 15419102 253
19280 15419185 33
19281 15419594 79
19282 15419678 66
19283 15419968 24
19284 15420227 113
19285 15420747 8
19286 15420889 127
19287 15422431 415
19288 15422793 139
19289 15423618 66
19290 15427937 47
19291 15428562 397
19292 15428775 42
19293 15429540 224
19294 15429771 15
19295 15431444 284
19296 15432698 285
19297 15434237 123
19298 15434498 81
19299 15435066 195
19300 15435388 145
19301 15435577 290
19302 15436816 383
19303 15436832 7
19304 15436950 143
19305 15437768 28
19306 15437980 37
19307 15438170 113
19308 15439053 39
19309 15439832 13
19310 15439859 43
19311 15439907 28
19312 15440090 109
19313 15440107 60
19314 15440193 430
19315 15441257 33
19316 15442068 95
19317 15443001 104
19318 15443616 27
19319 15443885 46
19320 15446850 9
19321 15447066 27
19322 15447584 34
19323 15448290 56
19324 15448472 18
19325 15450069 103
19326 15450368 13
19327 15450372 74
19328 15451060 129
19329 15452369 91
19330 15453019 65
19331 15454735 108
19332 15455110 19
19333 15455395 165
19334 15457228 120
19335 15459215 186
19336 15460388 74
19337 15461249 29
19338 15461385 57
19339 15464450 221
19340 15465120 12
19341 15466554 129
19342 15468187 157
19343 15468641 37
19344 15469427 157
19345 15470104 15
19346 15470768 30
19347 15473312 67
19348 15473513 31
19349 15473603 9
19350 15474597 193
19351 15474772 168
19352 15475338 177
19353 15475768 22
19354 15476619 8
19355 15477581 52
19356 15478817 1
19357 15479296 39
19358 15480012 71
19359 15480621 295
19360 15481115 134
19361 15481760 39
19362 15482536 506
19363 15483625 9
19364 15486170 95
19365 15486554 17
19366 15487574 46
19367 15487641 60
19368 15487829 23
19369 15488100 7
19370 15488641 70
19371 15488870 61
19372 15488910 3
19373 15491395 28
19374 15492359 114
19375 15492810 202
19376 15493420 99
19377 15496009 113
19378 15496143 55
19379 15496372 2
19380 15496957 230
19381 15498216 6
19382 15500220 1
19383 15500578 27
19384 15501135 177
19385 15501648 85
19386 15505082 120
19387 15505089 8
19388 15505644 33
19389 15505737 100
19390 15505820 66
19391 15506245 78
19392 15506501 55
19393 15506729 373
19394 15508717 45
19395 15509215 106
19396 15511620 22
19397 15513004 238
19398 15516014 67
19399 15517477 21
19400 15517912 198
19401 15518588 60
19402 15518594 63
19403 15520253 27
19404 15520799 190
19405 15520864 97
19406 15521532 334
19407 15522244 185
19408 15522544 7
19409 15525457 104
19410 15526741 33
19411 15527263 46
19412 15528811 24
19413 15530025 3
19414 15532654 15
19415 15533288 2
19416 15534003 3
19417 15534683 64
19418 15534941 21
19419 15535719 51
19420 15538729 26
19421 15539200 106
19422 15540042 117
19423 15541027 3
19424 15542711 5
19425 15543985 261
19426 15544392 220
19427 15545248 62
19428 15549068 23
19429 15550013 17
19430 15550286 62
19431 15550768 88
19432 15552322 94
19433 15552957 138
19434 15553042 164
19435 15553518 317
19436 15555958 71
19437 15556290 125
19438 15557055 82
19439 15558265 242
19440 15558577 157
19441 15559535 235
19442 15560176 20
19443 15561233 25
19444 15561324 30
19445 15561378 20
19446 15561864 61
19447 15562143 187
19448 15563474 20
19449 15563676 194
19450 15563718 45
19451 15565781 75
19452 15566082 279
19453 15566474 28
19454 15566653 241
19455 15567663 44
19456 15568477 65
19457 15570236 22
19458 15570749 200
19459 15571398 37
19460 15571945 92
19461 15572242 21
19462 15573474 88
19463 15576011 327
19464 15576131 63
19465 15577293 14
19466 15577584 341
19467 15577866 33
19468 15579712 39
19469 15579774 5
19470 15579822 82
19471 15580008 41
19472 15580344 4
19473 15582078 104
19474 15582240 75
19475 15582289 185
19476 15582702 95
19477 15583411 347
19478 15583505 12
19479 15583760 17
19480 15584057 32
19481 15584071 11
19482 15584875 69
19483 15586587 7
19484 15586953 4
19485 15588463 72
19486 15590614 56
19487 15591806 50
19488 15592547 72
19489 15593981 10
19490 15594213 12
19491 15595227 188
19492 15595815 76
19493 15597079 31
19494 15597288 53
19495 15597522 235
19496 15599738 8
19497 15600181 11
19498 15600464 56
19499 15601778 3
19500 15603358 30
19501 15603512 194
19502 15603940 75
19503 15604616 59
19504 15604815 111
19505 15605326 188
19506 15605558 172
19507 15606351 73
19508 15607836 250
19509 15609352 157
19510 15610032 23
19511 15610750 243
19512 15612712 57
19513 15613084 69
19514 15613805 48
19515 15615160 107
19516 15615242 13
19517 15617264 46
19518 15617992 392
19519 15619868 583
19520 15620356 201
19521 15621014 103
19522 15621620 3
19523 15622435 160
19524 15622577 16
19525 15624333 5
19526 15625886 9
19527 15625969 120
19528 15626008 60
19529 15626825 208
19530 15627250 88
19531 15628790 9
19532 15630103 227
19533 15630317 193
19534 15630700 87
19535 15632325 264
19536 15633267 34
19537 15633653 64
19538 15634077 30
19539 15634106 38
19540 15635067 12
19541 15635152 89
19542 15635489 7
19543 15635783 470
19544 15637210 114
19545 15638289 246
19546 15638552 130
19547 15639915 2
19548 15640231 95
19549 15641277 294
19550 15641705 65
19551 15642300 47
19552 15643903 165
19553 15644280 47
19554 15644477 14
19555 15644562 18
19556 15644646 120
19557 15645286 28
19558 15645368 63
19559 15649255 34
19560 15651317 204
19561 15652091 70
19562 15652844 6
19563 15653206 186
19564 15653541 125
19565 15654081 40
19566 15656031 46
19567 15656884 25
19568 15657128 11
19569 15657466 45
19570 15659394 45
19571 15659506 100
19572 15659612 259
19573 15660644 225
19574 15661885 2
19575 15663130 67
19576 15664526 137
19577 15665303 188
19578 15665685 39
19579 15668413 78
19580 15672448 72
19581 15672467 76
19582 15673135 181
19583 15674812 53
19584 15675707 196
19585 15675931 97
19586 15677473 6
19587 15680164 63
19588 15680452 21
19589 15680557 1
19590 15681060 5
19591 15681495 12
19592 15682900 23
19593 15683278 58
19594 15684429 54
19595 15685045 291
19596 15685458 111
19597 15685656 39
19598 15686732 46
19599 15687348 3
19600 15688258 49
19601 15688465 333
19602 15688932 1
19603 15690014 3
19604 15690215 80
19605 15690224 56
19606 15691451 101
19607 15692568 4
19608 15692970 63
19609 15693713 123
19610 15694841 21
19611 15695134 88
19612 15695854 74
19613 15696962 184
19614 15697076 90
19615 15697172 44
19616 15699337 55
19617 15701050 5
19618 15701408 88
19619 15702661 166
19620 15702786 194
19621 15704876 25
19622 15705429 33
19623 15706169 422
19624 15706454 28
19625 15706919 53
19626 15707804 63
19627 15708998 139
19628 15709152 44
19629 15709738 355
19630 15710482 11
19631 15711259 12
19632 15714322 78
19633 15714877 71
19634 15715729 25
19635 15715972 168
19636 15716741 90
19637 15717045 1
19638 15717840 72
19639 15718008 14
19640 15719241 79
19641 15719650 27
19642 15720136 47
19643 15721072 96
19644 15721326 121
19645 15722754 15
19646 15723410 34
19647 15723708 10
19648 15724441 49
19649 15724693 90
19650 15727696 94
19651 15730634 19
19652 15732026 61
19653 15732866 8
19654 15732971 25
19655 15733244 8
19656 15733246 98
19657 15733745 184
19658 15734078 50
19659 15734160 42
19660 15734827 73
19661 15735481 72
19662 15736302 136
19663 15736631 9
19664 15737311 41
19665 15737409 119
19666 15737486 36
19667 15737904 96
19668 15738305 61
19669 15739540 101
19670 15739753 66
19671 15740060 456
19672 15741602 69
19673 15742867 39
19674 15743327 114
19675 15744289 10
19676 15745166 21
19677 15745232 35
19678 15745257 67
19679 15746250 33
19680 15746947 22
19681 15747442 30
19682 15747540 39
19683 15748841 8
19684 15750422 113
19685 15751412 33
19686 15753347 46
19687 15753498 151
19688 15757453 157
19689 15757900 15
19690 15759269 100
19691 15761034 13
19692 15761704 97
19693 15761901 11
19694 15763258 75
19695 15763977 10
19696 15765685 36
19697 15765805 121
19698 15766484 18
19699 15766733 55
19700 15766772 58
19701 15766857 125
19702 15767360 37
19703 15767778 40
19704 15767905 103
19705 15768295 296
19706 15768377 17
19707 15768538 59
19708 15768580 263
19709 15768860 68
19710 15770343 110
19711 15770356 103
19712 15770412 6
19713 15770816 94
19714 15770924 101
19715 15771041 27
19716 15773364 8
19717 15773543 15
19718 15773914 193
19719 15774739 97
19720 15774868 156
19721 15775311 97
19722 15775723 6
19723 15776160 52
19724 15776484 94
19725 15778157 5
19726 15780778 62
19727 15780928 179
19728 15781904 93
19729 15782059 230
19730 15782100 191
19731 15782117 299
19732 15783484 141
19733 15784776 115
19734 15784780 2
19735 15787917 98
19736 15788200 36
19737 15790578 71
19738 15791467 91
19739 15792550 38
19740 15792902 527
19741 15793420 27
19742 15794579 100
19743 15794852 155
19744 15795360 117
19745 15795728 122
19746 15796382 215
19747 15798396 83
19748 15798940 20
19749 15800594 50
19750 15800656 20
19751 15800744 202
19752 15801506 106
19753 15801808 44
19754 15802477 161
19755 15802490 4
19756 15802708 126
19757 15803251 195
19758 15804086 227
19759 15804608 229
19760 15804709 328
19761 15805688 203
19762 15806051 188
19763 15806069 136
19764 15806803 17
19765 15807506 29
19766 15810848 3
19767 15813731 42
19768 15815056 69
19769 15815117 57
19770 15815170 62
19771 15815981 53
19772 15817609 9
19773 15819597 182
19774 15819816 5
19775 15819909 69
19776 15822230 149
19777 15823174 42
19778 15823751 108
19779 15824291 109
19780 15825150 18
19781 15826739 3
19782 15826921 268
19783 15827582 99
19784 15828294 26
19785 15828475 287
19786 15829014 12
19787 15829231 62
19788 15829767 40
19789 15830157 16
19790 15830292 68
19791 15831392 112
19792 15833572 62
19793 15834928 9
19794 15835055 112
19795 15835637 3
19796 15835931 35
19797 15837410 201
19798 15838010 182
19799 15838051 171
19800 15838804 22
19801 15839217 47
19802 15839341 49
19803 15840010 91
19804 15840061 11
19805 15840296 45
19806 15841532 11
19807 15841737 12
19808 15842348 161
19809 15843366 262
19810 15843396 50
19811 15843730 50
19812 15844179 1
19813 15844470 37
19814 15844708 226
19815 15844845 116
19816 15846423 92
19817 15848779 62
19818 15849077 54
19819 15849223 378
19820 15849919 191
19821 15850611 10
19822 15851069 201
19823 15851569 68
19824 15851714 11
19825 15852012 17
19826 15854773 62
19827 15856246 50
19828 15857185 79
19829 15858443 18
19830 15858656 86
19831 15860788 352
19832 15861242 20
19833 15862468 12
19834 15862685 190
19835 15863668 24
19836 15864764 94
19837 15864863 9
19838 15865180 200
19839 15866260 15
19840 15866429 11
19841 15867972 26
19842 15868163 11
19843 15868276 13
19844 15868962 32
19845 15869816 97
19846 15870275 187
19847 15872681 131
19848 15878611 35
19849 15881654 45
19850 15882115 135
19851 15882123 75
19852 15882322 4
19853 15883759 13
19854 15883780 70
19855 15884340 82
19856 15885056 114
19857 15885539 36
19858 15885844 179
19859 15886172 15
19860 15886406 61
19861 15887067 99
19862 15887667 35
19863 15888618 307
19864 15889605 163
19865 15889695 127
19866 15890901 83
19867 15891139 58
19868 15892290 15
19869 15892398 219
19870 15892584 105
19871 15895718 31
19872 15896227 62
19873 15896824 75
19874 15897859 72
19875 15898459 86
19876 15899151 28
19877 15899595 298
19878 15900575 15
19879 15901109 7
19880 15905226 435
19881 15906375 45
19882 15906693 254
19883 15906904 7
19884 15907334 4
19885 15907339 264
19886 15907525 103
19887 15907749 17
19888 15907984 212
19889 15908311 95
19890 15911678 16
19891 15911775 60
19892 15912344 32
19893 15912562 110
19894 15912912 119
19895 15913289 44
19896 15913616 91
19897 15913914 19
19898 15914414 8
19899 15914638 222
19900 15915393 51
19901 15916092 235
19902 15916135 131
19903 15916965 217
19904 15917606 12
19905 15917894 15
19906 15917973 16
19907 15918315 27
19908 15918448 7
19909 15921674 55
19910 15923408 451
19911 15924918 7
19912 15925043 10
19913 15926003 69
19914 15926480 16
19915 15927105 472
19916 15927150 142
19917 15927673 13
19918 15928610 189
19919 15929916 130
19920 15930124 170
19921 15931694 152
19922 15931910 230
19923 15933301 325
19924 15934516 23
19925 15934793 49
19926 15938666 48
19927 15938982 202
19928 15939148 270
19929 15939159 165
19930 15942065 244
19931 15942206 30
19932 15943615 55
19933 15944430 72
19934 15946349 206
19935 15946785 116
19936 15948226 94
19937 15948628 1
19938 15948765 109
19939 15950842 6
19940 15952744 35
19941 15952955 114
19942 15952972 302
19943 15953287 53
19944 15953334 24
19945 15956925 135
19946 15956948 17
19947 15957026 120
19948 15957448 228
19949 15957853 4
19950 15958188 158
19951 15958719 4
19952 15959456 47
19953 15959873 68
19954 15960221 20
19955 15961242 33
19956 15961413 5
19957 15961535 157
19958 15962102 236
19959 15962108 52
19960 15962285 59
19961 15962466 28
19962 15964341 60
19963 15964620 148
19964 15965128 18
19965 15967154 142
19966 15967217 114
19967 15968579 5
19968 15968894 122
19969 15969547 204
19970 15970413 100
19971 15972539 6
19972 15972605 75
19973 15973039 38
19974 15974210 38
19975 15974687 268
19976 15974689 14
19977 15975351 653
19978 15975514 6
19979 15976048 117
19980 15976591 3
19981 15977092 93
19982 15978828 5
19983 15979803 375
19984 15979861 233
19985 15980077 13
19986 15980094 8
19987 15980907 107
19988 15982851 209
19989 15983414 174
19990 15985749 9
19991 15985782 32
19992 15985843 32
19993 15986194 595
19994 15986392 2
19995 15986917 28
19996 15988169 11
19997 15989758 175
19998 15990755 146
19999 15990928 233
20000 15992240 82
20001 15993845 37
20002 15995112 70
20003 15995139 141
20004 15996320 6
20005 16000519 143
20006 16002396 9
20007 16002637 24
20008 16002663 4
20009 16004012 151
20010 16007775 150
20011 16009437 67
20012 16009506 8
20013 16009554 44
20014 16009994 25
20015 16010100 302
20016 16010236 91
20017 16010318 65
20018 16011650 13
20019 16012734 192
20020 16012866 30
20021 16013588 75
20022 16014292 125
20023 16014564 311
20024 16015600 103
20025 16016738 31
20026 16018847 59
20027 16019348 49
20028 16019427 3
20029 16019482 193
20030 16020906 49
20031 16022320 48
20032 16022871 125
20033 16024499 39
20034 16025334 12
20035 16025903 110
20036 16026580 71
20037 16027995 123
20038 16028058 3
20039 16028493 255
20040 16031771 141
20041 16032107 92
20042 16032917 128
20043 16033586 276
20044 16034090 16
20045 16036394 265
20046 16036424 67
20047 16037050 4
20048 16039567 517
20049 16039663 17
20050 16039976 55
20051 16040172 47
20052 16040422 1
20053 16040658 80
20054 16040808 22
20055 16041199 164
20056 16042882 114
20057 16042896 13
20058 16043264 426
20059 16043628 105
20060 16043896 74
20061 16044436 159
20062 16044490 81
20063 16045876 84
20064 16046185 79
20065 16048970 114
20066 16049147 61
20067 16049174 302
20068 16050681 174
20069 16050963 212
20070 16051728 36
20071 16051788 4
20072 16052045 146
20073 16052102 20
20074 16053772 16
20075 16055036 99
20076 16055104 103
20077 16056367 47
20078 16058879 250
20079 16058927 90
20080 16059761 10
20081 16062663 105
20082 16062766 4
20083 16062902 81
20084 16063235 6
20085 16063469 35
20086 16063781 322
20087 16064580 284
20088 16065870 142
20089 16066294 153
20090 16066617 4
20091 16068201 212
20092 16069448 137
20093 16070150 23
20094 16070501 64
20095 16071260 158
20096 16072094 46
20097 16072796 13
20098 16074996 142
20099 16075895 8
20100 16076028 22
20101 16076673 42
20102 16076881 76
20103 16077837 34
20104 16079664 10
20105 16080624 10
20106 16082779 96
20107 16084884 118
20108 16085518 186
20109 16085832 347
20110 16086364 69
20111 16086622 161
20112 16087075 41
20113 16087534 19
20114 16088403 108
20115 16090517 12
20116 16090890 105
20117 16091170 52
20118 16091406 161
20119 16091640 285
20120 16091754 103
20121 16092263 135
20122 16093708 16
20123 16095377 9
20124 16096297 150
20125 16096541 87
20126 16096740 11
20127 16097478 295
20128 16099008 47
20129 16099102 117
20130 16099494 74
20131 16099850 96
20132 16099870 40
20133 16100163 198
20134 16101322 108
20135 16101663 20
20136 16102202 186
20137 16102611 40
20138 16103242 121
20139 16103770 211
20140 16103841 274
20141 16104637 4
20142 16105285 20
20143 16105896 35
20144 16105909 17
20145 16106203 1
20146 16106774 99
20147 16109218 231
20148 16109487 30
20149 16109730 53
20150 16111206 4
20151 16111900 16
20152 16114713 43
20153 16115614 70
20154 16115942 3
20155 16117925 193
20156 16119134 7
20157 16120771 64
20158 16121800 16
20159 16122215 76
20160 16122998 40
20161 16123476 50
20162 16124484 231
20163 16124833 30
20164 16126995 321
20165 16128819 302
20166 16130078 33
20167 16130186 222
20168 16130241 40
20169 16130781 33
20170 16132285 29
20171 16132450 129
20172 16132794 4
20173 16133618 89
20174 16134323 38
20175 16134393 32
20176 16135468 192
20177 16135592 73
20178 16136026 4
20179 16136096 95
20180 16137001 159
20181 16137283 267
20182 16139409 29
20183 16140137 31
20184 16140738 231
20185 16140756 109
20186 16141064 41
20187 16141763 183
20188 16142123 21
20189 16142302 129
20190 16143243 268
20191 16143883 92
20192 16145502 140
20193 16145731 100
20194 16145860 70
20195 16146159 161
20196 16146616 129
20197 16146667 93
20198 16148148 95
20199 16148340 118
20200 16148941 84
20201 16149765 96
20202 16149894 164
20203 16151593 154
20204 16152177 21
20205 16152291 32
20206 16154756 81
20207 16155676 288
20208 16156037 154
20209 16156080 39
20210 16156522 27
20211 16157225 86
20212 16157496 8
20213 16157841 50
20214 16158088 228
20215 16158761 28
20216 16159233 90
20217 16160902 14
20218 16161415 2
20219 16163073 59
20220 16164448 58
20221 16166796 46
20222 16168382 75
20223 16168580 248
20224 16168970 72
20225 16169965 75
20226 16169991 8
20227 16170519 102
20228 16171611 193
20229 16172623 106
20230 16172866 59
20231 16173055 161
20232 16173296 303
20233 16173444 112
20234 16173790 159
20235 16175606 14
20236 16176245 58
20237 16176351 61
20238 16177462 100
20239 16178438 123
20240 16178834 25
20241 16178955 118
20242 16180425 242
20243 16183924 69
20244 16184654 139
20245 16185296 9
20246 16185558 137
20247 16185884 160
20248 16186700 231
20249 16187457 14
20250 16187707 148
20251 16188296 376
20252 16188909 125
20253 16190923 39
20254 16191489 10
20255 16191838 70
20256 16192183 416
20257 16192270 11
20258 16192538 144
20259 16193252 233
20260 16194253 8
20261 16194445 112
20262 16194469 101
20263 16196982 165
20264 16197132 36
20265 16197364 116
20266 16200078 175
20267 16200194 34
20268 16201972 9
20269 16202179 47
20270 16202246 48
20271 16204775 39
20272 16204851 259
20273 16206724 21
20274 16206808 203
20275 16207203 347
20276 16208168 366
20277 16209656 184
20278 16210092 160
20279 16211269 49
20280 16211769 381
20281 16212355 334
20282 16213201 304
20283 16215045 42
20284 16217093 128
20285 16217686 22
20286 16219182 171
20287 16220032 84
20288 16220229 9
20289 16220662 69
20290 16220846 258
20291 16221662 469
20292 16222259 6
20293 16223447 11
20294 16223918 166
20295 16226393 41
20296 16226608 106
20297 16227242 92
20298 16228761 56
20299 16229187 83
20300 16229666 34
20301 16232614 26
20302 16232831 211
20303 16233152 18
20304 16235288 39
20305 16235576 9
20306 16236173 68
20307 16238186 36
20308 16239719 74
20309 16240909 194
20310 16243444 66
20311 16244010 289
20312 16244749 54
20313 16245150 94
20314 16245730 14
20315 16246523 82
20316 16246685 43
20317 16247211 35
20318 16248873 13
20319 16249107 70
20320 16251984 67
20321 16252533 332
20322 16253038 7
20323 16253514 52
20324 16253749 51
20325 16253904 9
20326 16254305 137
20327 16254764 14
20328 16255403 185
20329 16255944 135
20330 16257379 27
20331 16257735 58
20332 16258015 324
20333 16261116 106
20334 16261143 282
20335 16261642 225
20336 16262068 84
20337 16262316 60
20338 16263238 100
20339 16263912 7
20340 16264008 48
20341 16264225 15
20342 16264271 90
20343 16265524 279
20344 16265845 45
20345 16266264 11
20346 16268484 65
20347 16268949 84
20348 16270176 91
20349 16270440 393
20350 16270948 3
20351 16271119 9
20352 16274563 31
20353 16275091 128
20354 16276368 60
20355 16276923 9
20356 16276961 235
20357 16277032 181
20358 16277610 350
20359 16279823 72
20360 16281422 16
20361 16281570 3
20362 16281581 3
20363 16281648 34
20364 16282544 50
20365 16283936 261
20366 16284354 136
20367 16286657 235
20368 16288357 80
20369 16288732 27
20370 16289466 31
20371 16290355 65
20372 16290942 149
20373 16291196 195
20374 16292085 197
20375 16292139 143
20376 16292456 16
20377 16292621 102
20378 16293807 88
20379 16296608 204
20380 16297256 27
20381 16297988 13
20382 16298480 271
20383 16298670 31
20384 16298875 57
20385 16300128 155
20386 16301726 18
20387 16302236 132
20388 16304398 52
20389 16304596 2
20390 16305241 22
20391 16305566 162
20392 16306398 62
20393 16306724 39
20394 16307158 280
20395 16307193 123
20396 16309972 169
20397 16310308 154
20398 16310440 3
20399 16311902 198
20400 16312623 45
20401 16314081 39
20402 16314121 39
20403 16314281 84
20404 16314646 116
20405 16315353 169
20406 16316078 2
20407 16317251 43
20408 16317544 120
20409 16318124 216
20410 16320946 43
20411 16320976 182
20412 16321810 51
20413 16321904 27
20414 16323035 112
20415 16323232 134
20416 16324466 64
20417 16326255 112
20418 16326618 51
20419 16327040 36
20420 16327474 3
20421 16327522 311
20422 16328515 3
20423 16329113 63
20424 16329835 90
20425 16330976 250
20426 16331335 212
20427 16332168 68
20428 16332557 273
20429 16333168 47
20430 16333180 85
20431 16334308 120
20432 16334570 20
20433 16335538 141
20434 16337075 58
20435 16337286 9
20436 16339304 184
20437 16340903 215
20438 16341800 2
20439 16342004 178
20440 16342513 156
20441 16343761 82
20442 16344991 13
20443 16345529 25
20444 16346489 198
20445 16347381 9
20446 16348271 142
20447 16348429 16
20448 16349025 176
20449 16349153 28
20450 16349241 54
20451 16349385 56
20452 16349575 267
20453 16350384 129
20454 16350389 150
20455 16352659 18
20456 16354803 74
20457 16355371 182
20458 16357185 16
20459 16358130 92
20460 16358246 18
20461 16358705 18
20462 16361117 72
20463 16361948 46
20464 16362505 382
20465 16362578 89
20466 16362763 310
20467 16364982 105
20468 16365154 18
20469 16365754 105
20470 16367500 158
20471 16367558 289
20472 16368645 92
20473 16369206 23
20474 16370604 24
20475 16372033 94
20476 16372142 113
20477 16372186 71
20478 16373157 187
20479 16373839 161
20480 16374201 35
20481 16374838 220
20482 16377229 68
20483 16377716 51
20484 16377921 78
20485 16378611 69
20486 16379046 90
20487 16379639 34
20488 16380983 7
20489 16381315 214
20490 16381837 38
20491 16382330 145
20492 16382524 174
20493 16382990 370
20494 16383357 153
20495 16385618 39
20496 16386104 439
20497 16387418 56
20498 16387434 202
20499 16387840 350
20500 16387900 142
20501 16388241 31
20502 16388657 458
20503 16389113 14
20504 16389175 70
20505 16390581 30
20506 16391107 357
20507 16391558 304
20508 16392925 57
20509 16394276 29
20510 16394557 2
20511 16394562 46
20512 16395003 12
20513 16396786 122
20514 16397452 34
20515 16397636 348
20516 16397763 5
20517 16398403 120
20518 16398629 52
20519 16399133 25
20520 16399685 11
20521 16400916 68
20522 16401290 3
20523 16402244 21
20524 16402839 19
20525 16403740 147
20526 16404425 71
20527 16404524 44
20528 16405002 12
20529 16405023 133
20530 16409598 327
20531 16410701 182
20532 16411484 287
20533 16411724 19
20534 16412687 3
20535 16415272 40
20536 16416406 7
20537 16416470 29
20538 16416724 51
20539 16417419 191
20540 16417590 49
20541 16418451 59
20542 16419379 430
20543 16419917 31
20544 16423035 22
20545 16423400 38
20546 16423986 967
20547 16424831 8
20548 16425219 116
20549 16425630 2
20550 16426410 290
20551 16428262 74
20552 16428830 16
20553 16431637 120
20554 16432281 177
20555 16432457 50
20556 16433256 97
20557 16433374 2
20558 16434935 7
20559 16434997 20
20560 16435570 38
20561 16436616 9
20562 16438004 118
20563 16438371 89
20564 16438853 581
20565 16439169 29
20566 16439343 10
20567 16439455 20
20568 16439665 53
20569 16440413 57
20570 16440681 164
20571 16441166 211
20572 16441300 6
20573 16441504 44
20574 16441543 108
20575 16443999 397
20576 16445381 105
20577 16446078 16
20578 16446534 57
20579 16447071 126
20580 16447457 203
20581 16449181 21
20582 16449507 30
20583 16450027 40
20584 16450562 1
20585 16450756 16
20586 16451227 5
20587 16451430 123
20588 16451447 38
20589 16453863 174
20590 16454360 82
20591 16454890 121
20592 16455466 28
20593 16456931 56
20594 16457439 50
20595 16457631 196
20596 16458427 4
20597 16459998 58
20598 16460115 31
20599 16461663 31
20600 16461990 255
20601 16463334 52
20602 16463678 80
20603 16464715 9
20604 16468693 232
20605 16469293 39
20606 16469996 155
20607 16472189 328
20608 16472943 77
20609 16473927 282
20610 16475042 18
20611 16476325 270
20612 16476451 170
20613 16477434 167
20614 16479951 15
20615 16480401 140
20616 16480899 12
20617 16481920 58
20618 16482041 14
20619 16482421 121
20620 16483322 48
20621 16483916 100
20622 16484538 40
20623 16485063 158
20624 16485230 36
20625 16486073 1
20626 16486502 337
20627 16486860 180
20628 16487202 368
20629 16487669 199
20630 16488359 23
20631 16488406 71
20632 16488605 22
20633 16488781 164
20634 16489583 38
20635 16490484 44
20636 16491330 10
20637 16493860 62
20638 16494123 11
20639 16494215 38
20640 16495227 1
20641 16495581 200
20642 16495632 48
20643 16496114 64
20644 16497062 217
20645 16497568 97
20646 16498209 218
20647 16499991 81
20648 16501384 190
20649 16501787 168
20650 16501787 25
20651 16506241 96
20652 16507594 189
20653 16507691 161
20654 16509459 98
20655 16511245 17
20656 16511374 45
20657 16511950 60
20658 16512107 38
20659 16513686 27
20660 16514380 13
20661 16515202 8
20662 16515296 16
20663 16515730 49
20664 16517442 117
20665 16518859 156
20666 16519935 73
20667 16520276 56
20668 16523037 30
20669 16523103 292
20670 16523166 154
20671 16523677 60
20672 16524549 39
20673 16524607 34
20674 16525545 113
20675 16526605 46
20676 16527680 160
20677 16528323 72
20678 16528978 216
20679 16529050 74
20680 16529626 69
20681 16530377 66
20682 16530659 66
20683 16531212 34
20684 16531322 26
20685 16531958 19
20686 16533459 62
20687 16535884 4
20688 16537410 139
20689 16537759 6
20690 16537891 120
20691 16538728 690
20692 16540879 79
20693 16542091 195
20694 16542644 341
20695 16542716 33
20696 16543297 35
20697 16543615 57
20698 16544135 152
20699 16544638 181
20700 16545844 2
20701 16546671 191
20702 16547528 34
20703 16548063 15
20704 16548210 28
20705 16548222 314
20706 16548854 15
20707 16548929 132
20708 16548976 95
20709 16551404 13
20710 16551617 48
20711 16551685 196
20712 16551768 47
20713 16552953 108
20714 16553707 21
20715 16554138 134
20716 16555886 74
20717 16557607 10
20718 16557828 27
20719 16558047 35
20720 16558121 215
20721 16560233 18
20722 16560381 13
20723 16561161 140
20724 16562145 110
20725 16562651 156
20726 16563145 65
20727 16563227 39
20728 16563716 255
20729 16563787 175
20730 16566318 56
20731 16566540 9
20732 16566639 285
20733 16567046 121
20734 16567179 96
20735 16567443 44
20736 16568070 77
20737 16569924 25
20738 16570013 31
20739 16570351 25
20740 16570614 69
20741 16571463 175
20742 16572657 75
20743 16572768 46
20744 16572861 89
20745 16573088 4
20746 16573752 31
20747 16573837 14
20748 16575348 76
20749 16575379 31
20750 16575815 94
20751 16576883 76
20752 16577007 14
20753 16577148 134
20754 16577393 64
20755 16577625 58
20756 16579443 147
20757 16579721 29
20758 16579788 43
20759 16581900 39
20760 16582607 8
20761 16583033 80
20762 16585848 84
20763 16587932 340
20764 16588220 22
20765 16588223 8
20766 16590618 112
20767 16591650 27
20768 16591904 9
20769 16592781 2
20770 16595728 44
20771 16596389 9
20772 16596421 200
20773 16597735 43
20774 16599010 37
20775 16599338 65
20776 16599987 228
20777 16600445 73
20778 16600983 287
20779 16601635 93
20780 16602319 103
20781 16602833 25
20782 16604798 191
20783 16605925 111
20784 16607650 138
20785 16607932 115
20786 16610345 57
20787 16610905 31
20788 16611435 14
20789 16611741 10
20790 16612063 10
20791 16612546 111
20792 16612598 70
20793 16613081 114
20794 16613128 124
20795 16613943 114
20796 16613948 17
20797 16614261 131
20798 16614496 165
20799 16614755 3
20800 16615265 68
20801 16615691 95
20802 16615943 172
20803 16617403 112
20804 16617439 164
20805 16617821 172
20806 16618550 31
20807 16620981 14
20808 16621082 161
20809 16621682 72
20810 16621687 32
20811 16622236 121
20812 16622718 36
20813 16623217 62
20814 16624836 77
20815 16625464 49
20816 16625765 152
20817 16626779 177
20818 16627099 99
20819 16627741 83
20820 16628926 12
20821 16629231 640
20822 16630380 105
20823 16630423 37
20824 16631265 272
20825 16631626 71
20826 16632559 48
20827 16632750 16
20828 16635034 47
20829 16635540 33
20830 16635732 40
20831 16636406 239
20832 16637664 66
20833 16638764 172
20834 16640151 118
20835 16642218 83
20836 16642261 10
20837 16642857 16
20838 16643197 36
20839 16643315 76
20840 16643934 145
20841 16644570 2
20842 16646368 152
20843 16646428 2
20844 16646613 87
20845 16646690 1
20846 16646975 217
20847 16647190 70
20848 16647935 10
20849 16649075 202
20850 16649482 277
20851 16650067 132
20852 16650756 4
20853 16651005 66
20854 16652169 145
20855 16652371 313
20856 16653678 88
20857 16657229 5
20858 16658254 10
20859 16658346 7
20860 16658466 8
20861 16660841 58
20862 16661286 13
20863 16661685 90
20864 16662214 94
20865 16663583 15
20866 16664429 60
20867 16665069 55
20868 16665327 9
20869 16665841 35
20870 16665879 269
20871 16666212 123
20872 16666881 40
20873 16668450 30
20874 16668804 93
20875 16670023 32
20876 16670359 160
20877 16670984 26
20878 16671007 2
20879 16671511 319
20880 16671731 99
20881 16671767 32
20882 16673387 311
20883 16673846 24
20884 16674481 14
20885 16674641 18
20886 16675866 5
20887 16676770 40
20888 16677052 104
20889 16677084 218
20890 16678012 219
20891 16680312 55
20892 16680375 110
20893 16681286 34
20894 16681662 203
20895 16681748 51
20896 16682572 166
20897 16683008 28
20898 16683950 105
20899 16683998 341
20900 16684783 33
20901 16684829 16
20902 16687414 35
20903 16688131 36
20904 16688721 12
20905 16688881 160
20906 16691162 162
20907 16693227 86
20908 16693594 11
20909 16694121 25
20910 16694267 5
20911 16694718 227
20912 16694776 228
20913 16695841 262
20914 16696364 17
20915 16696372 71
20916 16696778 106
20917 16697523 350
20918 16697750 139
20919 16698625 272
20920 16699590 488
20921 16699791 135
20922 16700113 25
20923 16702037 62
20924 16702391 16
20925 16704210 19
20926 16704345 6
20927 16705021 132
20928 16707072 10
20929 16707779 68
20930 16707795 15
20931 16709489 48
20932 16709579 26
20933 16709614 153
20934 16709640 129
20935 16710606 208
20936 16713717 41
20937 16714793 210
20938 16715716 101
20939 16715897 76
20940 16716386 26
20941 16716769 7
20942 16717039 113
20943 16717704 228
20944 16718771 37
20945 16719199 22
20946 16719811 127
20947 16719861 146
20948 16720674 5
20949 16721727 126
20950 16723047 26
20951 16723384 53
20952 16723603 23
20953 16723807 83
20954 16723929 26
20955 16725450 82
20956 16726655 90
20957 16728231 270
20958 16729688 21
20959 16731281 104
20960 16731600 136
20961 16732004 20
20962 16732445 119
20963 16732607 55
20964 16733953 2
20965 16735016 15
20966 16737489 36
20967 16737994 65
20968 16738521 84
20969 16739357 1
20970 16739444 15
20971 16739584 77
20972 16739973 19
20973 16740769 1
20974 16741003 155
20975 16741649 196
20976 16741819 7
20977 16743030 116
20978 16743606 20
20979 16745664 44
20980 16749204 287
20981 16749271 2
20982 16749349 105
20983 16749698 181
20984 16750016 27
20985 16751193 36
20986 16751406 34
20987 16751463 45
20988 16753417 3
20989 16754112 341
20990 16754185 37
20991 16754326 61
20992 16754532 139
20993 16754557 258
20994 16754846 13
20995 16754947 8
20996 16755862 21
20997 16756626 102
20998 16758892 128
20999 16760075 296
21000 16760491 50
21001 16761288 33
21002 16763667 8
21003 16765440 177
21004 16766279 40
21005 16767254 119
21006 16767524 43
21007 16767675 37
21008 16767699 77
21009 16767730 260
21010 16768427 173
21011 16769365 71
21012 16769654 29
21013 16769670 243
21014 16771661 32
21015 16771907 3
21016 16773258 41
21017 16773529 17
21018 16776146 201
21019 16777581 46
21020 16779937 166
21021 16779986 86
21022 16780238 76
21023 16782205 109
21024 16783365 31
21025 16783871 2
21026 16783948 36
21027 16784606 14
21028 16784946 3
21029 16785420 322
21030 16785629 48
21031 16785787 40
21032 16786234 12
21033 16786308 23
21034 16786336 35
21035 16787137 165
21036 16788167 30
21037 16789360 16
21038 16789776 104
21039 16790295 17
21040 16792796 3
21041 16792827 165
21042 16793159 73
21043 16793171 225
21044 16793264 208
21045 16793283 83
21046 16794102 179
21047 16794826 452
21048 16794858 328
21049 16795101 197
21050 16796162 9
21051 16796341 235
21052 16797029 50
21053 16797227 93
21054 16797701 3
21055 16797847 132
21056 16799025 243
21057 16799302 124
21058 16799486 89
21059 16799695 189
21060 16800204 13
21061 16800655 87
21062 16800860 4
21063 16802182 3
21064 16803307 104
21065 16804540 240
21066 16805028 261
21067 16805280 57
21068 16805314 46
21069 16805574 276
21070 16807930 98
21071 16808116 258
21072 16809896 162
21073 16810503 158
21074 16810569 56
21075 16811349 123
21076 16811374 158
21077 16811832 158
21078 16812417 292
21079 16813174 23
21080 16813211 97
21081 16814667 108
21082 16815788 14
21083 16815986 47
21084 16816706 24
21085 16816994 9
21086 16817300 87
21087 16817576 67
21088 16817928 65
21089 16818101 9
21090 16819789 77
21091 16820676 92
21092 16820806 86
21093 16821386 202
21094 16822195 98
21095 16823802 221
21096 16824675 54
21097 16824747 111
21098 16826062 113
21099 16826764 22
21100 16827697 30
21101 16828827 15
21102 16828971 529
21103 16829004 125
21104 16829022 194
21105 16829481 193
21106 16829561 50
21107 16830655 23
21108 16831554 80
21109 16831935 111
21110 16832083 128
21111 16833451 209
21112 16834072 3
21113 16835436 91
21114 16837407 307
21115 16837886 48
21116 16839312 31
21117 16839410 9
21118 16839575 153
21119 16839646 110
21120 16842361 249
21121 16842987 203
21122 16843687 101
21123 16844064 88
21124 16844187 133
21125 16848148 158
21126 16848245 161
21127 16848498 24
21128 16850407 25
21129 16851595 42
21130 16852015 39
21131 16852288 143
21132 16854598 47
21133 16854804 54
21134 16856756 8
21135 16857478 175
21136 16858775 49
21137 16859661 43
21138 16860407 182
21139 16861555 195
21140 16861662 144
21141 16863179 53
21142 16867959 89
21143 16868526 28
21144 16870044 139
21145 16871866 87
21146 16871891 107
21147 16872729 359
21148 16872862 30
21149 16874976 86
21150 16875284 3
21151 16876228 64
21152 16876427 360
21153 16876683 129
21154 16877540 112
21155 16878335 44
21156 16878366 21
21157 16879576 72
21158 16880083 150
21159 16881197 212
21160 16882033 201
21161 16882592 13
21162 16883989 72
21163 16884829 366
21164 16885776 93
21165 16887273 166
21166 16888577 151
21167 16889526 51
21168 16889573 548
21169 16890861 197
21170 16891416 6
21171 16892820 55
21172 16894077 44
21173 16894863 82
21174 16894866 121
21175 16895752 124
21176 16896517 46
21177 16897223 49
21178 16897336 101
21179 16897479 37
21180 16898384 29
21181 16898470 6
21182 16899987 26
21183 16901296 165
21184 16904687 117
21185 16905294 94
21186 16906020 76
21187 16907341 200
21188 16908234 57
21189 16908912 218
21190 16909159 175
21191 16910938 135
21192 16912935 91
21193 16913192 59
21194 16913504 28
21195 16914185 161
21196 16914271 148
21197 16914663 11
21198 16915412 24
21199 16915745 73
21200 16919211 26
21201 16919806 20
21202 16922015 55
21203 16922316 54
21204 16922402 45
21205 16922561 100
21206 16923433 233
21207 16925322 68
21208 16927567 107
21209 16927801 301
21210 16929353 81
21211 16929630 680
21212 16929775 179
21213 16929867 185
21214 16930299 7
21215 16931045 1
21216 16931827 15
21217 16932917 193
21218 16934544 20
21219 16935011 161
21220 16936091 46
21221 16936365 160
21222 16936739 98
21223 16937989 15
21224 16938043 64
21225 16938109 66
21226 16938157 109
21227 16939213 149
21228 16939505 280
21229 16940798 93
21230 16941850 41
21231 16942901 113
21232 16943309 71
21233 16943362 301
21234 16943572 28
21235 16945590 90
21236 16946086 54
21237 16946584 168
21238 16947084 72
21239 16947624 12
21240 16947964 24
21241 16949061 15
21242 16950875 201
21243 16950922 15
21244 16951762 274
21245 16952757 103
21246 16952984 59
21247 16953013 58
21248 16954484 88
21249 16954522 19
21250 16954533 44
21251 16955677 91
21252 16956294 189
21253 16957217 268
21254 16957523 23
21255 16959474 43
21256 16960925 27
21257 16961071 16
21258 16961693 77
21259 16962134 110
21260 16962262 119
21261 16962348 256
21262 16962389 177
21263 16963851 32
21264 16964187 582
21265 16964923 29
21266 16965324 9
21267 16966658 50
21268 16966692 94
21269 16966948 137
21270 16967654 17
21271 16967918 70
21272 16969197 13
21273 16970859 121
21274 16973661 109
21275 16976078 61
21276 16978474 175
21277 16979012 361
21278 16979526 62
21279 16979561 21
21280 16980060 202
21281 16982005 77
21282 16982911 7
21283 16983572 15
21284 16984148 95
21285 16984434 152
21286 16987183 291
21287 16987779 157
21288 16989700 292
21289 16990056 44
21290 16990128 9
21291 16992001 65
21292 16993478 5
21293 16994618 125
21294 16995317 293
21295 16996324 85
21296 16996889 226
21297 16998042 14
21298 16998685 50
21299 17000116 78
21300 17000120 1
21301 17000307 74
21302 17000576 268
21303 17002924 32
21304 17003204 28
21305 17004090 69
21306 17005043 92
21307 17005188 303
21308 17006009 58
21309 17006506 6
21310 17009759 270
21311 17010042 6
21312 17011415 127
21313 17011486 125
21314 17012983 44
21315 17013008 64
21316 17013170 14
21317 17013355 172
21318 17014031 30
21319 17014265 72
21320 17015550 139
21321 17015981 37
21322 17016026 63
21323 17017142 20
21324 17017279 24
21325 17017954 45
21326 17018055 27
21327 17020129 19
21328 17020688 135
21329 17022084 354
21330 17022700 157
21331 17024501 55
21332 17024675 65
21333 17026434 78
21334 17026809 5
21335 17029965 163
21336 17031764 26
21337 17032586 106
21338 17034550 12
21339 17034745 55
21340 17034852 159
21341 17037427 182
21342 17038130 34
21343 17038144 149
21344 17039918 115
21345 17040253 14
21346 17042141 118
21347 17042167 33
21348 17042264 144
21349 17042342 13
21350 17042725 13
21351 17045982 60
21352 17046706 47
21353 17048580 34
21354 17050258 35
21355 17050506 67
21356 17050648 104
21357 17051466 21
21358 17054877 86
21359 17055205 156
21360 17055917 18
21361 17057891 16
21362 17058279 10
21363 17058305 49
21364 17058591 233
21365 17061771 480
21366 17062547 273
21367 17063928 18
21368 17064238 83
21369 17065955 22
21370 17066516 171
21371 17066790 8
21372 17067075 100
21373 17067370 6
21374 17067634 63
21375 17068346 7
21376 17068402 93
21377 17069375 71
21378 17070409 141
21379 17070574 388
21380 17071076 27
21381 17071603 154
21382 17071872 111
21383 17072377 94
21384 17073056 60
21385 17073183 92
21386 17073313 10
21387 17073772 29
21388 17073837 72
21389 17073873 1
21390 17074697 154
21391 17077495 8
21392 17077786 8
21393 17077957 140
21394 17078972 8
21395 17079092 212
21396 17080443 43
21397 17081479 167
21398 17083694 17
21399 17085058 68
21400 17085343 36
21401 17085599 1
21402 17085611 102
21403 17087294 70
21404 17087885 72
21405 17088988 56
21406 17089402 7
21407 17091125 138
21408 17092757 5
21409 17093227 7
21410 17093816 129
21411 17093900 49
21412 17094173 8
21413 17094368 133
21414 17096413 6
21415 17098049 234
21416 17098420 70
21417 17098608 39
21418 17099134 45
21419 17099804 3
21420 17099831 67
21421 17100536 17
21422 17101440 78
21423 17101865 4
21424 17102118 93
21425 17102268 18
21426 17102303 363
21427 17103933 78
21428 17107950 39
21429 17108080 89
21430 17108648 92
21431 17108786 74
21432 17109599 54
21433 17109962 479
21434 17111324 4
21435 17111344 103
21436 17111387 60
21437 17111432 107
21438 17111457 205
21439 17112027 59
21440 17113497 144
21441 17113516 10
21442 17114237 176
21443 17114433 51
21444 17115305 6
21445 17116056 160
21446 17116204 173
21447 17116327 1
21448 17117920 32
21449 17119179 29
21450 17120814 110
21451 17120863 96
21452 17121649 51
21453 17122047 17
21454 17124995 43
21455 17125115 210
21456 17126188 110
21457 17126459 27
21458 17127631 7
21459 17128094 184
21460 17129179 41
21461 17129643 45
21462 17130003 317
21463 17132076 42
21464 17132193 180
21465 17135030 40
21466 17135261 271
21467 17135541 21
21468 17136060 110
21469 17136087 33
21470 17137576 164
21471 17139540 103
21472 17139967 8
21473 17143218 58
21474 17143474 79
21475 17143502 3
21476 17143978 104
21477 17144471 107
21478 17146913 41
21479 17148025 134
21480 17148363 27
21481 17148582 2
21482 17149763 454
21483 17150033 202
21484 17153053 26
21485 17153597 1
21486 17154856 180
21487 17155299 199
21488 17155440 126
21489 17156670 88
21490 17157039 17
21491 17157255 176
21492 17157351 268
21493 17157361 6
21494 17158092 313
21495 17160244 70
21496 17161220 87
21497 17161381 7
21498 17163532 60
21499 17163813 91
21500 17164228 18
21501 17164729 30
21502 17169436 17
21503 17169929 4
21504 17170233 67
21505 17170418 68
21506 17170660 33
21507 17170777 445
21508 17170958 44
21509 17170984 70
21510 17171800 45
21511 17172218 18
21512 17172325 8
21513 17172902 6
21514 17173521 22
21515 17174981 32
21516 17175721 34
21517 17175764 41
21518 17177129 125
21519 17177302 16
21520 17177596 368
21521 17178485 33
21522 17179233 10
21523 17180145 117
21524 17182642 47
21525 17183814 272
21526 17184088 88
21527 17184149 318
21528 17184376 39
21529 17184671 7
21530 17186335 19
21531 17187196 155
21532 17189512 187
21533 17190285 272
21534 17190323 17
21535 17190674 45
21536 17191313 231
21537 17191820 69
21538 17194172 36
21539 17194235 107
21540 17194281 5
21541 17194365 248
21542 17194404 45
21543 17194711 25
21544 17195907 147
21545 17197558 24
21546 17198102 48
21547 17198109 27
21548 17199753 81
21549 17200705 53
21550 17200875 99
21551 17201254 39
21552 17201983 28
21553 17202046 63
21554 17202726 25
21555 17202855 215
21556 17204164 76
21557 17212170 147
21558 17212948 57
21559 17213132 39
21560 17213166 132
21561 17213197 32
21562 17214483 17
21563 17216092 80
21564 17216414 166
21565 17216607 3
21566 17216945 97
21567 17218252 117
21568 17218450 192
21569 17224354 98
21570 17224548 212
21571 17225480 116
21572 17225658 21
21573 17225785 56
21574 17226339 35
21575 17229516 241
21576 17230291 79
21577 17230364 22
21578 17230922 9
21579 17230992 40
21580 17231088 117
21581 17231448 101
21582 17231500 457
21583 17232796 250
21584 17232865 99
21585 17233554 269
21586 17233906 112
21587 17234713 25
21588 17235131 7
21589 17235432 44
21590 17235469 103
21591 17235793 98
21592 17237099 109
21593 17237555 39
21594 17238080 44
21595 17238376 52
21596 17238412 218
21597 17238792 372
21598 17239464 383
21599 17239997 165
21600 17240031 58
21601 17241289 1
21602 17241710 80
21603 17241906 438
21604 17243280 7
21605 17243813 42
21606 17244278 322
21607 17244606 66
21608 17244842 7
21609 17244915 440
21610 17246580 22
21611 17247834 65
21612 17248504 3
21613 17250112 39
21614 17250895 55
21615 17250957 78
21616 17251799 28
21617 17252564 125
21618 17252923 36
21619 17253882 224
21620 17256034 6
21621 17256782 72
21622 17256804 443
21623 17257286 56
21624 17257822 36
21625 17258372 53
21626 17258901 111
21627 17260826 24
21628 17261487 6
21629 17261754 334
21630 17262400 18
21631 17263068 79
21632 17265097 61
21633 17266103 129
21634 17267798 117
21635 17267967 290
21636 17268269 62
21637 17268387 19
21638 17268643 92
21639 17268745 25
21640 17271255 82
21641 17272399 114
21642 17273486 146
21643 17273572 111
21644 17273787 123
21645 17274644 20
21646 17274886 99
21647 17275050 208
21648 17276148 71
21649 17276353 28
21650 17276650 44
21651 17278925 94
21652 17279568 2
21653 17280314 231
21654 17281091 43
21655 17281342 132
21656 17282013 89
21657 17284307 168
21658 17285049 222
21659 17285716 102
21660 17285747 355
21661 17286221 207
21662 17287565 3
21663 17288379 16
21664 17288651 255
21665 17288697 1
21666 17288931 12
21667 17289673 220
21668 17291534 3
21669 17291867 35
21670 17292362 21
21671 17292583 15
21672 17293454 79
21673 17295015 61
21674 17295147 109
21675 17295230 120
21676 17295386 77
21677 17297152 17
21678 17297561 112
21679 17298775 80
21680 17299284 33
21681 17300723 111
21682 17304339 91
21683 17305092 80
21684 17305743 146
21685 17306143 50
21686 17308062 184
21687 17310454 76
21688 17310797 96
21689 17311120 92
21690 17311751 60
21691 17312107 152
21692 17312499 149
21693 17312621 53
21694 17312725 155
21695 17313991 58
21696 17314303 107
21697 17315162 707
21698 17316178 109
21699 17316651 584
21700 17317047 45
21701 17317657 40
21702 17318656 86
21703 17318941 39
21704 17319435 199
21705 17323727 447
21706 17324650 32
21707 17325036 9
21708 17325446 395
21709 17326045 41
21710 17327220 37
21711 17329216 16
21712 17329440 8
21713 17330752 22
21714 17332276 161
21715 17332307 116
21716 17332625 21
21717 17332888 140
21718 17333185 4
21719 17333554 59
21720 17336774 34
21721 17337084 2
21722 17337440 103
21723 17338540 8
21724 17338579 16
21725 17338956 150
21726 17339302 178
21727 17339593 22
21728 17340413 167
21729 17341225 30
21730 17344209 43
21731 17344851 81
21732 17347753 7
21733 17348722 59
21734 17349713 47
21735 17349982 2
21736 17350783 159
21737 17351090 118
21738 17351462 101
21739 17351902 13
21740 17353690 31
21741 17354445 5
21742 17355193 22
21743 17355743 97
21744 17356664 101
21745 17356832 39
21746 17357360 144
21747 17357575 640
21748 17358079 17
21749 17358404 17
21750 17359494 48
21751 17360349 3
21752 17361247 132
21753 17361261 134
21754 17361933 35
21755 17362751 156
21756 17363119 4
21757 17363673 9
21758 17364490 23
21759 17364581 135
21760 17365782 17
21761 17367400 172
21762 17367613 123
21763 17367956 10
21764 17368199 735
21765 17370757 287
21766 17371816 339
21767 17373028 7
21768 17373567 264
21769 17374167 134
21770 17374498 19
21771 17375343 198
21772 17375541 301
21773 17375663 42
21774 17377366 87
21775 17378663 190
21776 17380173 214
21777 17380504 201
21778 17382619 343
21779 17382940 76
21780 17383260 51
21781 17385238 83
21782 17385859 96
21783 17385953 62
21784 17386140 255
21785 17387139 229
21786 17387427 28
21787 17387612 152
21788 17390783 68
21789 17393536 2
21790 17394786 148
21791 17396874 76
21792 17396955 9
21793 17397014 100
21794 17398583 26
21795 17399026 81
21796 17400115 36
21797 17400261 10
21798 17401437 49
21799 17402539 177
21800 17403197 46
21801 17403655 32
21802 17406322 336
21803 17406554 203
21804 17407757 95
21805 17408311 96
21806 17409201 38
21807 17412043 37
21808 17412943 83
21809 17413868 152
21810 17414040 232
21811 17414201 297
21812 17416491 6
21813 17417294 54
21814 17419139 31
21815 17419203 71
21816 17421206 82
21817 17422206 398
21818 17423484 161
21819 17425282 262
21820 17425405 276
21821 17426822 132
21822 17426918 30
21823 17428080 173
21824 17428842 112
21825 17430473 92
21826 17430736 66
21827 17431371 76
21828 17432707 13
21829 17433757 51
21830 17434389 284
21831 17434685 69
21832 17435042 28
21833 17435229 1
21834 17435409 22
21835 17435772 37
21836 17439662 215
21837 17439805 191
21838 17440923 36
21839 17441735 22
21840 17442190 14
21841 17443421 192
21842 17444220 25
21843 17444293 114
21844 17444727 23
21845 17445038 69
21846 17445086 43
21847 17446384 25
21848 17446616 30
21849 17447102 57
21850 17447364 96
21851 17450448 103
21852 17451014 5
21853 17451175 122
21854 17453688 70
21855 17453690 5
21856 17455316 22
21857 17456130 9
21858 17456462 316
21859 17457790 60
21860 17458060 35
21861 17460855 59
21862 17462088 17
21863 17465644 144
21864 17465784 112
21865 17466428 6
21866 17466597 48
21867 17469069 35
21868 17469376 25
21869 17469852 22
21870 17470305 41
21871 17470684 349
21872 17471960 144
21873 17472546 13
21874 17475906 58
21875 17477528 71
21876 17478798 52
21877 17479450 79
21878 17479833 58
21879 17480246 341
21880 17480942 80
21881 17481151 71
21882 17483343 94
21883 17484082 181
21884 17484454 49
21885 17484763 15
21886 17485013 232
21887 17485973 36
21888 17487812 279
21889 17489133 42
21890 17489499 77
21891 17489600 15
21892 17492416 84
21893 17493883 12
21894 17495986 44
21895 17496810 10
21896 17499005 11
21897 17499487 161
21898 17501051 215
21899 17503334 84
21900 17503516 242
21901 17504696 1
21902 17505698 56
21903 17505935 3
21904 17505968 191
21905 17506166 230
21906 17506892 9
21907 17509584 153
21908 17510502 103
21909 17510520 6
21910 17510698 69
21911 17511830 43
21912 17511966 145
21913 17513007 40
21914 17514840 92
21915 17515574 21
21916 17516525 124
21917 17516777 25
21918 17516940 63
21919 17519822 16
21920 17521844 7
21921 17521900 161
21922 17522830 92
21923 17525491 3
21924 17525696 387
21925 17526919 23
21926 17528675 229
21927 17528848 10
21928 17530917 24
21929 17530970 51
21930 17531749 30
21931 17532329 68
21932 17532446 55
21933 17533173 22
21934 17533798 167
21935 17533846 26
21936 17535169 195
21937 17535839 20
21938 17536092 99
21939 17536402 25
21940 17536925 381
21941 17537602 117
21942 17537987 167
21943 17540045 168
21944 17540143 31
21945 17540773 3
21946 17541495 88
21947 17541618 22
21948 17542258 2
21949 17543537 114
21950 17543616 77
21951 17543885 44
21952 17544612 75
21953 17545176 157
21954 17546304 129
21955 17546370 103
21956 17548211 174
21957 17549444 69
21958 17549876 9
21959 17551102 203
21960 17552541 105
21961 17552618 156
21962 17554569 18
21963 17554681 86
21964 17557712 36
21965 17558730 56
21966 17559324 13
21967 17559942 92
21968 17560025 9
21969 17560896 48
21970 17561254 25
21971 17561344 145
21972 17561534 44
21973 17561820 65
21974 17562444 251
21975 17563726 84
21976 17564218 117
21977 17565046 103
21978 17565554 258
21979 17565599 64
21980 17566448 41
21981 17568140 79
21982 17568189 170
21983 17568954 280
21984 17569014 37
21985 17569217 298
21986 17570082 12
21987 17572484 149
21988 17575401 165
21989 17576297 134
21990 17579800 4
21991 17580221 141
21992 17583295 24
21993 17583460 51
21994 17583568 19
21995 17584058 150
21996 17585147 102
21997 17588063 105
21998 17588258 4
21999 17588899 1
22000 17589912 94
22001 17589951 78
22002 17590473 140
22003 17590484 25
22004 17590691 44
22005 17594388 81
22006 17594615 21
22007 17595337 105
22008 17596807 244
22009 17598485 158
22010 17599486 59
22011 17599597 69
22012 17599620 100
22013 17600102 80
22014 17600200 29
22015 17600458 39
22016 17601799 222
22017 17602204 13
22018 17602514 3
22019 17603592 47
22020 17603927 6
22021 17604054 74
22022 17604236 123
22023 17604863 77
22024 17604929 69
22025 17605181 14
22026 17605925 90
22027 17607011 160
22028 17607700 64
22029 17609144 42
22030 17610910 24
22031 17610995 270
22032 17611546 320
22033 17611703 18
22034 17612461 372
22035 17613143 185
22036 17614147 3
22037 17614875 244
22038 17615332 20
22039 17615594 69
22040 17615766 74
22041 17616648 36
22042 17617299 165
22043 17618118 525
22044 17618427 180
22045 17618713 146
22046 17620559 71
22047 17620710 4
22048 17621024 163
22049 17621348 11
22050 17623175 8
22051 17624530 5
22052 17624548 15
22053 17627573 130
22054 17628107 58
22055 17629324 176
22056 17629926 92
22057 17630276 86
22058 17631122 85
22059 17632806 52
22060 17632952 23
22061 17633684 12
22062 17634009 73
22063 17634539 158
22064 17635408 5
22065 17636011 99
22066 17638253 259
22067 17638341 48
22068 17638514 31
22069 17638931 102
22070 17639477 114
22071 17639804 18
22072 17639905 90
22073 17640769 145
22074 17642308 36
22075 17645072 487
22076 17645746 6
22077 17646430 51
22078 17646433 193
22079 17646560 211
22080 17646800 116
22081 17647229 101
22082 17647236 216
22083 17648654 238
22084 17651680 28
22085 17652235 48
22086 17654176 67
22087 17654899 130
22088 17657265 106
22089 17658018 119
22090 17659551 62
22091 17660416 53
22092 17660665 45
22093 17660877 174
22094 17662235 100
22095 17663434 101
22096 17664444 60
22097 17666960 21
22098 17667000 103
22099 17667766 216
22100 17668192 177
22101 17668907 9
22102 17670925 63
22103 17671439 37
22104 17672670 177
22105 17672787 314
22106 17673515 192
22107 17674165 574
22108 17674338 74
22109 17675265 44
22110 17676184 111
22111 17677134 243
22112 17677686 168
22113 17678930 17
22114 17679141 82
22115 17679361 184
22116 17679831 1
22117 17680302 274
22118 17683559 9
22119 17683941 394
22120 17685858 148
22121 17688087 157
22122 17688946 334
22123 17689232 120
22124 17689450 31
22125 17689872 133
22126 17690704 90
22127 17691992 246
22128 17692050 7
22129 17692288 177
22130 17694144 160
22131 17694415 1
22132 17695044 150
22133 17695266 18
22134 17698267 386
22135 17699899 17
22136 17700917 51
22137 17703132 65
22138 17705400 100
22139 17706486 59
22140 17707239 307
22141 17707533 37
22142 17708918 51
22143 17709316 194
22144 17709462 215
22145 17709521 144
22146 17710211 686
22147 17712078 36
22148 17712988 38
22149 17713456 35
22150 17715152 46
22151 17715278 110
22152 17715504 1
22153 17716306 100
22154 17716409 19
22155 17717071 129
22156 17719232 24
22157 17719332 261
22158 17719621 262
22159 17719833 113
22160 17720177 51
22161 17720315 50
22162 17720516 330
22163 17721364 101
22164 17721886 35
22165 17722679 443
22166 17723032 33
22167 17723433 131
22168 17724032 85
22169 17724698 191
22170 17725164 18
22171 17727094 76
22172 17729877 24
22173 17730233 57
22174 17730453 107
22175 17733005 38
22176 17733356 367
22177 17734904 258
22178 17735241 4
22179 17736416 69
22180 17738916 38
22181 17739981 83
22182 17740228 18
22183 17743037 115
22184 17743434 78
22185 17743673 43
22186 17745162 16
22187 17745954 24
22188 17746020 143
22189 17747661 399
22190 17748294 158
22191 17749314 8
22192 17749592 7
22193 17749814 95
22194 17750265 175
22195 17750690 229
22196 17751818 131
22197 17751932 32
22198 17754975 13
22199 17755537 128
22200 17756603 90
22201 17757222 31
22202 17757791 60
22203 17757805 7
22204 17758152 28
22205 17759891 13
22206 17759901 20
22207 17760149 180
22208 17760450 53
22209 17761828 80
22210 17762228 171
22211 17762661 63
22212 17762938 45
22213 17764341 31
22214 17768086 18
22215 17768411 75
22216 17769315 13
22217 17769643 33
22218 17771848 354
22219 17772053 145
22220 17772476 78
22221 17772849 347
22222 17773414 275
22223 17773653 9
22224 17774061 38
22225 17775202 159
22226 17775533 23
22227 17776629 241
22228 17777861 142
22229 17778465 249
22230 17779145 71
22231 17780636 77
22232 17780689 63
22233 17780904 74
22234 17781199 54
22235 17781486 30
22236 17782183 32
22237 17783813 31
22238 17784148 9
22239 17784299 108
22240 17786900 54
22241 17788406 70
22242 17788704 59
22243 17788719 113
22244 17790603 12
22245 17790794 130
22246 17790878 57
22247 17792910 189
22248 17792954 33
22249 17793206 28
22250 17794564 159
22251 17796651 63
22252 17797129 114
22253 17797163 6
22254 17797977 8
22255 17798938 141
22256 17799399 26
22257 17800183 7
22258 17800284 113
22259 17801293 21
22260 17801662 159
22261 17803559 56
22262 17805070 13
22263 17805444 38
22264 17805668 90
22265 17806136 284
22266 17806303 124
22267 17806892 3
22268 17807372 16
22269 17807473 406
22270 17811639 1
22271 17812654 45
22272 17813890 59
22273 17815320 141
22274 17817381 130
22275 17817802 109
22276 17817922 44
22277 17818944 37
22278 17819280 50
22279 17819450 73
22280 17822758 40
22281 17824210 175
22282 17824656 16
22283 17825303 47
22284 17825710 1
22285 17825731 42
22286 17825977 17
22287 17826239 175
22288 17826289 27
22289 17827659 80
22290 17828218 34
22291 17828529 8
22292 17829182 13
22293 17829683 50
22294 17831365 259
22295 17831686 74
22296 17833072 10
22297 17833298 4
22298 17834240 156
22299 17834247 121
22300 17834457 88
22301 17836071 29
22302 17837720 48
22303 17837791 122
22304 17838307 54
22305 17838346 1
22306 17838804 39
22307 17839237 33
22308 17839385 2
22309 17842348 258
22310 17842456 139
22311 17842530 118
22312 17844241 46
22313 17845008 180
22314 17845886 89
22315 17845969 37
22316 17845985 109
22317 17846234 6
22318 17846658 13
22319 17847040 56
22320 17847805 4
22321 17847869 745
22322 17849670 43
22323 17849719 105
22324 17850214 36
22325 17850310 9
22326 17850773 4
22327 17851618 122
22328 17852642 39
22329 17852821 78
22330 17855164 91
22331 17855403 8
22332 17855793 156
22333 17856718 130
22334 17857414 94
22335 17857955 53
22336 17858116 34
22337 17858255 16
22338 17858320 16
22339 17859749 24
22340 17861698 75
22341 17862639 187
22342 17864308 15
22343 17866812 113
22344 17866843 162
22345 17866978 124
22346 17867155 8
22347 17868945 14
22348 17869472 22
22349 17869892 36
22350 17870957 174
22351 17871356 679
22352 17872665 85
22353 17872925 146
22354 17872945 95
22355 17873306 7
22356 17873764 33
22357 17874219 26
22358 17876083 13
22359 17876771 6
22360 17877959 108
22361 17878067 84
22362 17878229 96
22363 17880851 86
22364 17882259 35
22365 17882494 11
22366 17882722 39
22367 17883299 36
22368 17883935 14
22369 17884868 152
22370 17887508 146
22371 17887567 75
22372 17887941 348
22373 17888215 51
22374 17888237 49
22375 17889090 15
22376 17889892 421
22377 17891198 94
22378 17892416 19
22379 17893409 178
22380 17893689 73
22381 17894494 70
22382 17895204 77
22383 17895708 52
22384 17897809 239
22385 17897912 352
22386 17898608 162
22387 17899998 157
22388 17900493 37
22389 17901597 535
22390 17903113 126
22391 17904462 77
22392 17906686 9
22393 17906843 174
22394 17907204 5
22395 17907401 64
22396 17907740 15
22397 17908149 25
22398 17909213 49
22399 17909625 198
22400 17909869 422
22401 17909879 118
22402 17910431 28
22403 17910555 106
22404 17911038 91
22405 17911096 17
22406 17911416 10
22407 17911710 125
22408 17913192 269
22409 17914571 75
22410 17914912 82
22411 17915187 299
22412 17916489 19
22413 17917479 253
22414 17918167 61
22415 17921506 11
22416 17921594 109
22417 17922314 110
22418 17922395 166
22419 17922832 41
22420 17923033 53
22421 17923660 1
22422 17926963 73
22423 17927073 192
22424 17927980 155
22425 17928524 168
22426 17928953 123
22427 17930741 49
22428 17930819 145
22429 17930866 64
22430 17930985 1
22431 17931054 185
22432 17931490 171
22433 17931505 215
22434 17932346 39
22435 17932869 221
22436 17933541 5
22437 17935086 2
22438 17936070 73
22439 17936308 30
22440 17936556 218
22441 17937720 333
22442 17938127 162
22443 17939504 57
22444 17939665 36
22445 17941394 2
22446 17941584 116
22447 17942882 101
22448 17943140 4
22449 17944813 68
22450 17945750 184
22451 17946586 92
22452 17947114 10
22453 17947823 29
22454 17947885 21
22455 17949316 49
22456 17949512 71
22457 17950181 59
22458 17950186 254
22459 17951344 387
22460 17952311 34
22461 17952344 15
22462 17952581 256
22463 17954081 23
22464 17954272 4
22465 17956141 71
22466 17956313 35
22467 17956703 7
22468 17956852 81
22469 17956905 4
22470 17957069 80
22471 17957200 230
22472 17958230 255
22473 17959242 93
22474 17959384 9
22475 17960514 5
22476 17961240 109
22477 17961308 218
22478 17962064 114
22479 17962250 44
22480 17963518 52
22481 17965545 157
22482 17965690 69
22483 17966230 4
22484 17966274 199
22485 17967251 106
22486 17968042 63
22487 17968557 55
22488 17968591 49
22489 17968690 279
22490 17970735 50
22491 17971218 14
22492 17973351 101
22493 17974390 90
22494 17974792 497
22495 17976434 81
22496 17977773 108
22497 17977943 351
22498 17978185 67
22499 17978224 39
22500 17978979 160
22501 17979682 151
22502 17980209 20
22503 17980939 29
22504 17981939 144
22505 17983938 28
22506 17984695 186
22507 17987175 29
22508 17989209 165
22509 17991897 131
22510 17992343 65
22511 17992512 12
22512 17992534 23
22513 17992647 106
22514 17994784 41
22515 17995241 14
22516 17996287 149
22517 17996724 129
22518 17997305 82
22519 17997633 4
22520 17997841 36
22521 17999575 97
22522 17999646 96
22523 17999810 194
22524 18000825 54
22525 18002155 28
22526 18002675 177
22527 18002896 4
22528 18004598 12
22529 18007328 43
22530 18007675 19
22531 18008056 104
22532 18008108 26
22533 18008249 147
22534 18008285 52
22535 18009381 322
22536 18010025 99
22537 18010973 24
22538 18011108 26
22539 18011206 1
22540 18012452 74
22541 18012497 50
22542 18012735 29
22543 18014776 191
22544 18015031 73
22545 18015809 13
22546 18015909 257
22547 18016223 176
22548 18016861 326
22549 18017198 125
22550 18017980 95
22551 18018876 59
22552 18019433 45
22553 18020310 76
22554 18021239 231
22555 18025806 100
22556 18025939 30
22557 18026872 52
22558 18028523 45
22559 18028794 103
22560 18029113 45
22561 18032365 69
22562 18032413 86
22563 18032597 46
22564 18032925 65
22565 18033702 63
22566 18033875 158
22567 18034035 17
22568 18034338 98
22569 18035173 149
22570 18038153 43
22571 18038999 38
22572 18040205 235
22573 18040902 42
22574 18041623 142
22575 18041638 100
22576 18041834 8
22577 18043072 81
22578 18043747 76
22579 18043806 526
22580 18044674 219
22581 18046497 285
22582 18049342 130
22583 18049485 10
22584 18049654 249
22585 18051021 63
22586 18051845 42
22587 18054115 39
22588 18054619 66
22589 18056160 25
22590 18056811 37
22591 18057469 381
22592 18057499 108
22593 18058004 6
22594 18059583 9
22595 18059756 71
22596 18060364 21
22597 18061587 75
22598 18063703 2
22599 18064019 63
22600 18064104 98
22601 18064396 28
22602 18064735 102
22603 18065819 137
22604 18066251 229
22605 18067471 31
22606 18068437 18
22607 18068610 138
22608 18069295 21
22609 18070826 7
22610 18071638 549
22611 18072047 96
22612 18072703 98
22613 18073353 323
22614 18073576 52
22615 18074278 113
22616 18074536 156
22617 18074723 57
22618 18074819 36
22619 18075077 52
22620 18075497 311
22621 18075890 76
22622 18076594 37
22623 18076819 16
22624 18078023 193
22625 18078589 244
22626 18078823 162
22627 18079249 281
22628 18079697 127
22629 18082927 112
22630 18083000 171
22631 18084795 43
22632 18084833 119
22633 18085114 20
22634 18085144 199
22635 18086143 6
22636 18088844 172
22637 18089186 253
22638 18089504 18
22639 18090353 3
22640 18091072 114
22641 18091896 18
22642 18092457 23
22643 18092722 55
22644 18093034 23
22645 18093115 120
22646 18094859 188
22647 18095027 46
22648 18097809 19
22649 18098616 13
22650 18099668 237
22651 18101098 138
22652 18101119 157
22653 18101784 28
22654 18102002 42
22655 18102377 117
22656 18102531 152
22657 18103673 183
22658 18106505 103
22659 18109188 175
22660 18109873 46
22661 18109965 88
22662 18109991 76
22663 18111850 207
22664 18111970 224
22665 18112564 24
22666 18113787 188
22667 18114146 4
22668 18114964 123
22669 18115430 85
22670 18116310 19
22671 18117144 132
22672 18117179 26
22673 18117752 145
22674 18118436 9
22675 18121291 71
22676 18121380 83
22677 18122896 24
22678 18125257 57
22679 18125529 35
22680 18127390 6
22681 18128469 9
22682 18128770 93
22683 18128847 140
22684 18129491 116
22685 18130561 49
22686 18132146 20
22687 18132213 74
22688 18132384 236
22689 18133233 134
22690 18133679 68
22691 18133788 8
22692 18134016 43
22693 18135163 19
22694 18136946 84
22695 18138747 29
22696 18139289 20
22697 18139719 267
22698 18140236 143
22699 18141825 21
22700 18141882 45
22701 18145274 24
22702 18145423 119
22703 18146582 184
22704 18147656 14
22705 18149015 15
22706 18149647 30
22707 18154702 358
22708 18156151 184
22709 18156860 19
22710 18157792 55
22711 18158001 32
22712 18160526 252
22713 18160927 253
22714 18162106 53
22715 18163603 191
22716 18165959 111
22717 18167138 228
22718 18167327 50
22719 18168254 92
22720 18168561 55
22721 18169724 120
22722 18170556 145
22723 18171371 19
22724 18173052 401
22725 18173477 10
22726 18175998 43
22727 18176081 198
22728 18178387 43
22729 18179631 43
22730 18179962 47
22731 18181905 75
22732 18182290 2
22733 18182338 40
22734 18182900 253
22735 18184331 31
22736 18184881 131
22737 18185542 315
22738 18186917 78
22739 18187330 144
22740 18188200 9
22741 18191004 29
22742 18191640 42
22743 18194550 26
22744 18194619 46
22745 18197895 25
22746 18197972 61
22747 18199600 1
22748 18199829 243
22749 18202200 13
22750 18202735 38
22751 18203171 151
22752 18204103 42
22753 18204452 304
22754 18204950 115
22755 18205066 157
22756 18205692 282
22757 18206362 247
22758 18206850 33
22759 18207896 40
22760 18208126 73
22761 18208415 8
22762 18208943 142
22763 18208990 23
22764 18212039 9
22765 18212573 64
22766 18214122 208
22767 18214420 15
22768 18215092 232
22769 18215207 45
22770 18215450 13
22771 18215496 163
22772 18215965 31
22773 18216106 19
22774 18216308 103
22775 18217607 52
22776 18217834 32
22777 18218165 262
22778 18218602 1
22779 18219462 50
22780 18220330 397
22781 18222273 80
22782 18222356 132
22783 18223727 232
22784 18224499 12
22785 18225034 86
22786 18225830 106
22787 18226452 87
22788 18227243 6
22789 18229379 52
22790 18229384 171
22791 18230349 143
22792 18230373 80
22793 18230470 172
22794 18231717 32
22795 18231725 352
22796 18232386 301
22797 18234163 38
22798 18234259 204
22799 18234381 4
22800 18234758 300
22801 18235384 43
22802 18235552 64
22803 18236286 13
22804 18236659 189
22805 18238259 175
22806 18238650 335
22807 18239601 674
22808 18240288 5
22809 18241622 89
22810 18242322 340
22811 18243094 14
22812 18243361 11
22813 18244614 76
22814 18245975 108
22815 18249519 1
22816 18249575 186
22817 18250972 18
22818 18251106 38
22819 18251459 38
22820 18252381 38
22821 18254343 115
22822 18254444 366
22823 18256863 11
22824 18257216 12
22825 18257731 75
22826 18258790 25
22827 18259351 96
22828 18260524 6
22829 18261412 70
22830 18262907 88
22831 18262930 1
22832 18263771 40
22833 18264361 82
22834 18265807 372
22835 18265927 175
22836 18266681 65
22837 18268320 172
22838 18273415 29
22839 18273498 17
22840 18273725 230
22841 18275015 174
22842 18276255 59
22843 18277055 76
22844 18278362 41
22845 18278576 29
22846 18279595 72
22847 18281019 74
22848 18281663 212
22849 18281928 194
22850 18282335 42
22851 18283760 67
22852 18284372 22
22853 18284514 111
22854 18284515 87
22855 18286276 29
22856 18286508 183
22857 18287123 135
22858 18287901 5
22859 18288285 40
22860 18291452 34
22861 18292447 190
22862 18293395 44
22863 18293861 98
22864 18294438 66
22865 18294754 23
22866 18295067 95
22867 18296494 10
22868 18297376 415
22869 18298798 54
22870 18299997 40
22871 18300377 107
22872 18301143 339
22873 18301666 33
22874 18305277 203
22875 18305371 127
22876 18305516 95
22877 18305605 42
22878 18306159 86
22879 18306510 45
22880 18306945 35
22881 18307677 80
22882 18310175 36
22883 18311884 166
22884 18312057 49
22885 18312883 317
22886 18314648 184
22887 18314950 32
22888 18315608 70
22889 18315710 205
22890 18315769 213
22891 18316446 200
22892 18316513 1
22893 18316567 1
22894 18316661 167
22895 18316754 142
22896 18316935 165
22897 18318345 6
22898 18319276 26
22899 18320172 29
22900 18320496 91
22901 18320849 54
22902 18322097 67
22903 18322595 65
22904 18323719 433
22905 18324163 98
22906 18325523 106
22907 18326058 68
22908 18327668 12
22909 18329550 6
22910 18330131 22
22911 18330770 61
22912 18331356 77
22913 18331951 25
22914 18332478 278
22915 18333907 95
22916 18333931 40
22917 18333955 135
22918 18334203 77
22919 18334447 49
22920 18334469 35
22921 18335900 4
22922 18336350 82
22923 18336599 46
22924 18337347 45
22925 18339377 62
22926 18340026 119
22927 18340379 332
22928 18342675 59
22929 18342712 35
22930 18343122 5
22931 18343258 41
22932 18343305 45
22933 18349485 277
22934 18349632 52
22935 18349981 2
22936 18351484 158
22937 18351658 166
22938 18351923 21
22939 18354108 10
22940 18354151 190
22941 18355856 62
22942 18356189 162
22943 18357091 3
22944 18357402 187
22945 18357972 27
22946 18358528 326
22947 18358841 2
22948 18363756 52
22949 18365329 6
22950 18366839 28
22951 18366850 39
22952 18367627 72
22953 18367840 257
22954 18368638 242
22955 18370259 40
22956 18372482 61
22957 18373103 75
22958 18373406 99
22959 18376397 137
22960 18381399 134
22961 18382014 45
22962 18382168 5
22963 18382209 59
22964 18382295 150
22965 18382712 34
22966 18384092 98
22967 18384187 19
22968 18384513 498
22969 18384551 218
22970 18385048 122
22971 18386356 126
22972 18386554 7
22973 18386859 23
22974 18387008 469
22975 18387012 214
22976 18388035 88
22977 18388717 7
22978 18389493 14
22979 18391678 94
22980 18392369 22
22981 18392958 519
22982 18393148 119
22983 18395385 40
22984 18396369 92
22985 18396683 61
22986 18397212 30
22987 18397555 5
22988 18399291 74
22989 18399674 63
22990 18400194 29
22991 18401222 142
22992 18401618 74
22993 18403271 15
22994 18403561 24
22995 18405828 18
22996 18406178 135
22997 18406209 154
22998 18406547 85
22999 18406625 1
23000 18407551 75
23001 18410237 51
23002 18410396 42
23003 18410688 38
23004 18412496 9
23005 18412929 281
23006 18413465 73
23007 18413754 30
23008 18414164 79
23009 18415047 8
23010 18415350 34
23011 18415497 51
23012 18415551 56
23013 18416189 172
23014 18417557 219
23015 18417703 136
23016 18419140 30
23017 18420531 164
23018 18421439 142
23019 18422738 117
23020 18423831 39
23021 18423854 213
23022 18424316 19
23023 18424472 78
23024 18424505 25
23025 18425028 44
23026 18425748 242
23027 18426598 48
23028 18427966 170
23029 18428821 81
23030 18429467 123
23031 18430936 24
23032 18430994 23
23033 18431056 25
23034 18431381 150
23035 18432864 11
23036 18433005 31
23037 18434260 204
23038 18434311 34
23039 18434535 182
23040 18435078 232
23041 18437423 117
23042 18438090 296
23043 18438456 41
23044 18439027 73
23045 18440088 11
23046 18440184 34
23047 18440643 75
23048 18445783 18
23049 18446161 118
23050 18446297 174
23051 18446619 43
23052 18447836 168
23053 18448122 70
23054 18448653 250
23055 18449089 29
23056 18450969 45
23057 18452358 176
23058 18453272 59
23059 18454597 31
23060 18455642 16
23061 18455681 169
23062 18455985 152
23063 18457262 5
23064 18459635 327
23065 18461636 10
23066 18462342 14
23067 18462365 24
23068 18465093 48
23069 18465134 252
23070 18465772 20
23071 18466071 175
23072 18466222 126
23073 18467132 70
23074 18467256 49
23075 18468440 151
23076 18469031 38
23077 18470418 41
23078 18470565 128
23079 18470567 88
23080 18471625 151
23081 18471952 470
23082 18472159 103
23083 18472371 175
23084 18472495 166
23085 18472788 17
23086 18473098 102
23087 18473158 179
23088 18473573 45
23089 18473963 128
23090 18474561 11
23091 18474663 81
23092 18476103 74
23093 18476154 369
23094 18476164 32
23095 18476594 22
23096 18477130 222
23097 18477784 19
23098 18478244 220
23099 18480309 11
23100 18481161 174
23101 18481274 129
23102 18482421 114
23103 18483746 9
23104 18484214 9
23105 18484368 1
23106 18485017 163
23107 18485995 94
23108 18488105 217
23109 18488182 99
23110 18489893 37
23111 18490627 15
23112 18491185 62
23113 18494222 220
23114 18495653 89
23115 18495891 28
23116 18496701 55
23117 18496800 455
23118 18496988 42
23119 18498260 56
23120 18498636 302
23121 18498656 18
23122 18499692 78
23123 18500685 26
23124 18501122 26
23125 18502328 11
23126 18504895 72
23127 18505786 36
23128 18506001 141
23129 18506273 59
23130 18506778 126
23131 18507872 303
23132 18507876 81
23133 18508491 115
23134 18513114 28
23135 18513761 135
23136 18514998 4
23137 18516800 246
23138 18516959 48
23139 18517476 149
23140 18517648 204
23141 18518627 119
23142 18521699 104
23143 18522056 113
23144 18522584 108
23145 18522593 32
23146 18523089 39
23147 18523523 86
23148 18524043 54
23149 18524524 1
23150 18525652 131
23151 18528419 127
23152 18529400 204
23153 18530022 56
23154 18530574 44
23155 18531936 143
23156 18532600 5
23157 18534699 133
23158 18535529 21
23159 18536750 7
23160 18538963 72
23161 18539192 16
23162 18539217 31
23163 18539547 50
23164 18540213 269
23165 18540738 42
23166 18541224 94
23167 18541555 210
23168 18544141 40
23169 18546697 23
23170 18546809 135
23171 18547467 20
23172 18548171 35
23173 18548202 244
23174 18548420 61
23175 18549235 51
23176 18549593 129
23177 18549600 43
23178 18549795 300
23179 18552406 8
23180 18552476 28
23181 18553259 111
23182 18553966 202
23183 18554217 24
23184 18554964 87
23185 18555546 199
23186 18555617 46
23187 18556755 28
23188 18558489 97
23189 18558699 22
23190 18558906 115
23191 18559193 24
23192 18561243 60
23193 18561674 249
23194 18562187 259
23195 18562379 441
23196 18563142 117
23197 18563291 64
23198 18564351 298
23199 18564722 10
23200 18565841 137
23201 18565939 164
23202 18566155 95
23203 18566328 129
23204 18566332 82
23205 18566613 322
23206 18566781 147
23207 18568495 155
23208 18568963 6
23209 18569078 61
23210 18569717 72
23211 18570691 20
23212 18570800 294
23213 18571360 27
23214 18571986 56
23215 18572203 161
23216 18572512 51
23217 18573006 16
23218 18575588 86
23219 18576004 133
23220 18576963 58
23221 18577128 119
23222 18577331 102
23223 18579158 171
23224 18579223 126
23225 18579356 65
23226 18579906 11
23227 18579935 1
23228 18581359 137
23229 18581926 95
23230 18583523 18
23231 18584085 308
23232 18584487 34
23233 18586238 178
23234 18587038 145
23235 18589218 185
23236 18590818 19
23237 18592822 185
23238 18594266 372
23239 18594624 32
23240 18596231 7
23241 18600673 43
23242 18601318 62
23243 18602256 13
23244 18602748 222
23245 18604516 32
23246 18605144 9
23247 18605554 138
23248 18606548 142
23249 18607600 56
23250 18609447 10
23251 18610640 11
23252 18611052 247
23253 18611635 163
23254 18612023 11
23255 18612722 139
23256 18613327 32
23257 18613467 40
23258 18615269 8
23259 18617221 130
23260 18617820 68
23261 18618183 49
23262 18618413 26
23263 18618587 29
23264 18619207 17
23265 18620176 167
23266 18620323 189
23267 18621740 27
23268 18622420 35
23269 18622726 23
23270 18622909 83
23271 18623970 134
23272 18625493 144
23273 18626541 35
23274 18627445 107
23275 18627846 70
23276 18630663 185
23277 18631954 71
23278 18632618 59
23279 18632897 123
23280 18632968 35
23281 18636569 624
23282 18637376 232
23283 18638822 11
23284 18639760 110
23285 18640690 43
23286 18641978 35
23287 18642960 68
23288 18645635 27
23289 18647005 13
23290 18647265 43
23291 18648985 5
23292 18649448 123
23293 18650454 40
23294 18652055 63
23295 18652126 59
23296 18652435 79
23297 18652536 74
23298 18652557 120
23299 18654006 25
23300 18654007 279
23301 18654327 86
23302 18654502 70
23303 18656308 76
23304 18657237 5
23305 18657447 70
23306 18657511 189
23307 18659072 107
23308 18659293 102
23309 18659867 84
23310 18660654 64
23311 18661180 72
23312 18662474 112
23313 18662692 16
23314 18662765 409
23315 18665317 7
23316 18666987 150
23317 18667549 4
23318 18668198 10
23319 18668475 217
23320 18669273 80
23321 18670127 13
23322 18670132 22
23323 18670946 355
23324 18671572 6
23325 18673458 165
23326 18674278 128
23327 18675077 41
23328 18676496 36
23329 18677073 13
23330 18678105 138
23331 18679279 167
23332 18680044 154
23333 18680450 10
23334 18681213 93
23335 18681400 14
23336 18683711 39
23337 18683825 80
23338 18684091 26
23339 18684709 94
23340 18685360 263
23341 18685426 20
23342 18686205 30
23343 18686729 22
23344 18689070 101
23345 18689664 8
23346 18689777 159
23347 18690721 171
23348 18690802 28
23349 18693002 37
23350 18693620 43
23351 18694015 71
23352 18694676 62
23353 18695262 2
23354 18695339 588
23355 18695777 204
23356 18695980 3
23357 18695986 25
23358 18696154 230
23359 18696377 2
23360 18699397 76
23361 18699450 113
23362 18699810 171
23363 18699972 47
23364 18700493 44
23365 18700583 43
23366 18700970 12
23367 18701898 176
23368 18702161 25
23369 18702524 448
23370 18703079 146
23371 18703256 21
23372 18703374 85
23373 18703842 206
23374 18705027 260
23375 18707577 52
23376 18707995 41
23377 18708448 15
23378 18708826 130
23379 18709268 184
23380 18710357 95
23381 18710895 492
23382 18710979 24
23383 18711545 53
23384 18711802 63
23385 18713191 239
23386 18714517 266
23387 18716985 89
23388 18717525 82
23389 18719288 113
23390 18719705 42
23391 18720893 1
23392 18721780 16
23393 18724188 95
23394 18724391 9
23395 18724779 357
23396 18725605 42
23397 18725708 5
23398 18726800 9
23399 18727705 636
23400 18728936 114
23401 18729242 95
23402 18729726 14
23403 18730600 58
23404 18730686 67
23405 18731397 43
23406 18731441 64
23407 18733086 14
23408 18733219 65
23409 18733606 224
23410 18733782 36
23411 18734777 140
23412 18735174 180
23413 18735704 99
23414 18735735 98
23415 18736503 105
23416 18736596 73
23417 18737206 121
23418 18737605 38
23419 18737619 68
23420 18737703 119
23421 18738013 113
23422 18738619 50
23423 18738927 113
23424 18739855 181
23425 18740716 41
23426 18740896 88
23427 18741495 211
23428 18741645 347
23429 18742518 3
23430 18743981 358
23431 18744445 37
23432 18745130 30
23433 18745880 60
23434 18746702 13
23435 18748350 4
23436 18748392 306
23437 18749277 163
23438 18750784 245
23439 18751526 39
23440 18753199 50
23441 18753293 126
23442 18753642 13
23443 18754734 125
23444 18756436 214
23445 18756823 31
23446 18757217 16
23447 18757224 229
23448 18757493 2
23449 18757517 111
23450 18758978 62
23451 18759510 45
23452 18759679 41
23453 18762042 299
23454 18762952 49
23455 18763602 111
23456 18763696 134
23457 18764155 45
23458 18764581 478
23459 18766511 21
23460 18766525 51
23461 18766651 25
23462 18766934 174
23463 18771920 2
23464 18772821 21
23465 18772964 27
23466 18774999 36
23467 18776423 60
23468 18776842 302
23469 18776850 143
23470 18777429 58
23471 18777679 70
23472 18777686 43
23473 18779291 39
23474 18780108 306
23475 18782227 440
23476 18783287 95
23477 18783792 193
23478 18785212 57
23479 18786208 21
23480 18786359 65
23481 18787294 32
23482 18787354 236
23483 18788049 243
23484 18788758 259
23485 18789013 115
23486 18789768 93
23487 18790526 217
23488 18791024 29
23489 18791166 209
23490 18792626 230
23491 18793161 232
23492 18795597 342
23493 18796672 209
23494 18796773 89
23495 18797799 431
23496 18798331 7
23497 18799827 35
23498 18800614 12
23499 18801547 276
23500 18801571 73
23501 18802216 313
23502 18804080 331
23503 18804314 11
23504 18805109 15
23505 18806671 107
23506 18807309 32
23507 18808227 445
23508 18809854 183
23509 18810557 34
23510 18813468 27
23511 18817220 557
23512 18818992 68
23513 18819236 33
23514 18819454 4
23515 18819781 286
23516 18819824 21
23517 18819857 197
23518 18820439 99
23519 18821120 63
23520 18821502 347
23521 18821848 49
23522 18822187 47
23523 18822807 143
23524 18822968 46
23525 18823356 1
23526 18824629 15
23527 18826674 50
23528 18827826 10
23529 18827945 169
23530 18828016 58
23531 18830412 149
23532 18830631 27
23533 18831666 417
23534 18833176 24
23535 18834664 443
23536 18834703 45
23537 18834936 17
23538 18836573 66
23539 18841840 44
23540 18842647 231
23541 18844013 197
23542 18844190 29
23543 18845263 95
23544 18845305 23
23545 18846943 6
23546 18847081 56
23547 18847966 14
23548 18848019 132
23549 18848215 44
23550 18848260 19
23551 18849583 142
23552 18850023 104
23553 18852652 136
23554 18852989 41
23555 18854113 21
23556 18854526 80
23557 18855332 297
23558 18855553 7
23559 18855669 200
23560 18856603 110
23561 18856864 33
23562 18857037 40
23563 18857048 185
23564 18858682 50
23565 18859024 119
23566 18859491 8
23567 18859549 11
23568 18859901 162
23569 18860775 7
23570 18861447 121
23571 18863575 13
23572 18865000 11
23573 18865365 217
23574 18866714 59
23575 18866786 8
23576 18867779 2
23577 18869988 9
23578 18870000 35
23579 18871463 162
23580 18872447 38
23581 18872552 8
23582 18875660 62
23583 18876350 112
23584 18876355 59
23585 18878214 112
23586 18879066 43
23587 18880116 96
23588 18880454 7
23589 18881224 391
23590 18883442 83
23591 18885705 90
23592 18885792 76
23593 18885826 51
23594 18888215 331
23595 18888486 329
23596 18889254 176
23597 18889317 15
23598 18889964 19
23599 18891133 21
23600 18891378 34
23601 18892198 80
23602 18892806 17
23603 18893051 8
23604 18893078 50
23605 18893630 99
23606 18893683 19
23607 18894378 140
23608 18894660 93
23609 18895219 119
23610 18895531 49
23611 18896547 10
23612 18896616 30
23613 18896682 4
23614 18896777 188
23615 18898544 53
23616 18901361 17
23617 18901726 56
23618 18901767 103
23619 18902108 23
23620 18904495 60
23621 18904543 189
23622 18905965 8
23623 18907875 10
23624 18908043 22
23625 18908573 62
23626 18908579 39
23627 18909148 12
23628 18909707 136
23629 18909860 70
23630 18912267 24
23631 18913332 17
23632 18915428 142
23633 18915498 86
23634 18916049 102
23635 18916750 148
23636 18917152 134
23637 18917519 198
23638 18918214 33
23639 18918537 118
23640 18918829 10
23641 18918927 149
23642 18919413 86
23643 18920987 124
23644 18922419 161
23645 18923994 54
23646 18924282 33
23647 18924962 67
23648 18926091 153
23649 18926708 44
23650 18927869 275
23651 18928372 21
23652 18929058 24
23653 18929244 68
23654 18929260 22
23655 18929475 39
23656 18929878 24
23657 18931663 36
23658 18932209 22
23659 18933387 91
23660 18934041 18
23661 18934151 150
23662 18934420 39
23663 18934569 74
23664 18934666 44
23665 18934830 58
23666 18935075 124
23667 18935511 144
23668 18936022 45
23669 18937473 7
23670 18938210 88
23671 18938533 156
23672 18939773 272
23673 18939955 96
23674 18940328 108
23675 18940351 241
23676 18941142 363
23677 18942133 6
23678 18942578 34
23679 18943574 75
23680 18947103 16
23681 18947317 21
23682 18947412 26
23683 18948022 93
23684 18950460 146
23685 18950622 36
23686 18950661 16
23687 18951350 133
23688 18951812 21
23689 18951997 14
23690 18955381 104
23691 18955932 3
23692 18956521 35
23693 18956659 27
23694 18957668 44
23695 18958467 39
23696 18958508 62
23697 18958647 198
23698 18958751 6
23699 18960299 143
23700 18961843 90
23701 18961896 49
23702 18962483 174
23703 18964348 56
23704 18964387 210
23705 18964800 142
23706 18965215 151
23707 18966327 13
23708 18967509 36
23709 18967889 19
23710 18968505 142
23711 18969835 12
23712 18971040 25
23713 18971883 10
23714 18972201 28
23715 18972957 29
23716 18973662 151
23717 18974136 23
23718 18975174 10
23719 18975584 292
23720 18976257 9
23721 18976946 289
23722 18979194 100
23723 18980034 152
23724 18980577 112
23725 18980630 42
23726 18980697 25
23727 18982913 126
23728 18983920 17
23729 18984445 1
23730 18985104 51
23731 18987795 3
23732 18987824 42
23733 18988518 69
23734 18988689 83
23735 18990582 38
23736 18991825 69
23737 18992850 27
23738 18993469 6
23739 18993938 49
23740 18995132 414
23741 18995443 4
23742 18997621 197
23743 18997715 61
23744 18997774 423
23745 18997809 89
23746 18997947 72
23747 18998242 13
23748 18998623 22
23749 18999636 91
23750 19000872 40
23751 19002213 107
23752 19003317 236
23753 19003436 40
23754 19006563 31
23755 19007998 215
23756 19009074 72
23757 19009951 86
23758 19010250 74
23759 19010307 51
23760 19010765 35
23761 19010789 308
23762 19012825 312
23763 19016344 20
23764 19016618 71
23765 19017353 250
23766 19018946 58
23767 19021325 213
23768 19021497 2
23769 19022405 155
23770 19024332 37
23771 19025866 55
23772 19025904 27
23773 19026085 22
23774 19027028 57
23775 19028179 44
23776 19028437 66
23777 19030008 102
23778 19030071 24
23779 19030230 306
23780 19030254 4
23781 19031018 80
23782 19031093 124
23783 19031346 93
23784 19032501 102
23785 19035918 99
23786 19036576 18
23787 19036846 3
23788 19037043 4
23789 19038499 82
23790 19038555 23
23791 19038897 22
23792 19039878 47
23793 19041248 60
23794 19041442 79
23795 19043100 2
23796 19043592 171
23797 19043939 62
23798 19044547 272
23799 19047538 179
23800 19049337 230
23801 19049382 3
23802 19049533 152
23803 19050660 66
23804 19051840 105
23805 19053501 322
23806 19054873 86
23807 19055476 17
23808 19056525 18
23809 19058247 91
23810 19059362 31
23811 19059449 15
23812 19061568 22
23813 19062194 145
23814 19063663 124
23815 19064379 34
23816 19064758 59
23817 19065914 226
23818 19066750 31
23819 19069933 25
23820 19071119 169
23821 19072125 184
23822 19073861 195
23823 19075194 23
23824 19076517 34
23825 19082523 264
23826 19083647 215
23827 19084833 22
23828 19085889 32
23829 19086992 10
23830 19087840 31
23831 19088050 44
23832 19090531 201
23833 19092449 45
23834 19092626 122
23835 19092718 14
23836 19094596 142
23837 19094606 75
23838 19095328 127
23839 19097083 156
23840 19101300 6
23841 19102525 39
23842 19102740 20
23843 19103026 26
23844 19103523 371
23845 19103889 131
23846 19103911 91
23847 19104707 63
23848 19105153 270
23849 19105526 260
23850 19107581 23
23851 19107667 123
23852 19111803 2
23853 19113847 62
23854 19114096 181
23855 19114471 57
23856 19115449 297
23857 19116536 126
23858 19116724 44
23859 19117300 49
23860 19117695 157
23861 19118191 6
23862 19118822 66
23863 19119215 177
23864 19119806 90
23865 19120118 95
23866 19120286 50
23867 19120373 175
23868 19121479 85
23869 19122210 40
23870 19122279 39
23871 19122830 26
23872 19125032 70
23873 19126158 184
23874 19126310 350
23875 19128815 179
23876 19128819 101
23877 19128893 68
23878 19129191 11
23879 19129191 45
23880 19130619 32
23881 19130742 110
23882 19131592 30
23883 19133335 17
23884 19133777 83
23885 19134597 97
23886 19134730 99
23887 19135515 11
23888 19136057 6
23889 19136900 22
23890 19137139 123
23891 19137717 152
23892 19138773 63
23893 19138908 115
23894 19139060 25
23895 19139445 244
23896 19140365 64
23897 19140918 75
23898 19141439 9
23899 19142705 299
23900 19143060 72
23901 19143837 17
23902 19144050 174
23903 19144374 62
23904 19144449 13
23905 19146908 57
23906 19149146 179
23907 19149312 76
23908 19149801 81
23909 19150629 42
23910 19151128 104
23911 19151936 14
23912 19153325 308
23913 19153510 122
23914 19153626 82
23915 19153709 175
23916 19154564 265
23917 19156335 19
23918 19156463 256
23919 19157980 61
23920 19158176 406
23921 19158221 43
23922 19159935 132
23923 19161745 4
23924 19161768 47
23925 19162205 20
23926 19163303 174
23927 19165931 68
23928 19167620 109
23929 19169121 126
23930 19170348 161
23931 19170406 14
23932 19170883 196
23933 19171194 69
23934 19171863 507
23935 19172515 76
23936 19173163 318
23937 19173234 194
23938 19173466 38
23939 19173656 4
23940 19174325 37
23941 19174413 46
23942 19174873 438
23943 19176653 54
23944 19176697 19
23945 19177052 20
23946 19178717 119
23947 19179485 70
23948 19179793 153
23949 19179822 16
23950 19179853 58
23951 19180524 152
23952 19181064 102
23953 19182440 56
23954 19182605 207
23955 19185510 122
23956 19185964 77
23957 19186026 76
23958 19186440 25
23959 19187505 206
23960 19188801 10
23961 19189565 21
23962 19190244 83
23963 19190552 256
23964 19190622 186
23965 19191526 162
23966 19191560 83
23967 19191692 107
23968 19191948 99
23969 19193850 97
23970 19193959 285
23971 19193979 71
23972 19194730 141
23973 19196909 37
23974 19198085 150
23975 19199763 45
23976 19199868 79
23977 19200087 83
23978 19201180 86
23979 19202457 209
23980 19202567 53
23981 19202862 298
23982 19203227 32
23983 19203515 209
23984 19203986 14
23985 19204621 53
23986 19204753 293
23987 19206488 171
23988 19207093 102
23989 19209216 42
23990 19210290 147
23991 19210733 4
23992 19211401 89
23993 19211482 27
23994 19211500 74
23995 19211672 9
23996 19211811 56
23997 19212296 3
23998 19213177 14
23999 19213662 304
24000 19214346 34
24001 19214586 56
24002 19215556 99
24003 19215806 45
24004 19216219 206
24005 19216611 155
24006 19216735 187
24007 19217971 159
24008 19220241 40
24009 19221066 226
24010 19222052 73
24011 19224115 207
24012 19224530 339
24013 19226423 10
24014 19227944 161
24015 19228622 196
24016 19228660 81
24017 19230460 17
24018 19231722 151
24019 19232078 41
24020 19233981 209
24021 19234676 16
24022 19235607 55
24023 19236061 60
24024 19237851 144
24025 19237961 45
24026 19238538 163
24027 19239073 145
24028 19239207 39
24029 19239693 51
24030 19240292 65
24031 19240561 52
24032 19240997 10
24033 19241387 5
24034 19242447 20
24035 19243044 1
24036 19243444 173
24037 19244409 56
24038 19245053 54
24039 19248304 199
24040 19248762 275
24041 19248896 82
24042 19251062 89
24043 19252996 180
24044 19254111 3
24045 19254522 133
24046 19255347 24
24047 19256405 26
24048 19257519 101
24049 19259783 64
24050 19260006 99
24051 19260315 1
24052 19260628 219
24053 19261797 72
24054 19263457 94
24055 19264631 29
24056 19264982 85
24057 19266506 24
24058 19266566 130
24059 19266773 12
24060 19267078 32
24061 19267436 122
24062 19268066 57
24063 19269556 24
24064 19270394 54
24065 19270887 82
24066 19272438 332
24067 19273239 72
24068 19273658 6
24069 19276043 138
24070 19276727 209
24071 19277576 318
24072 19279969 125
24073 19280863 99
24074 19280912 8
24075 19280951 48
24076 19281644 14
24077 19283428 2
24078 19284687 314
24079 19285457 129
24080 19285631 26
24081 19285848 353
24082 19287413 55
24083 19287488 18
24084 19287870 8
24085 19288118 353
24086 19290017 41
24087 19291415 4
24088 19291556 95
24089 19291946 86
24090 19293762 142
24091 19293806 8
24092 19293920 120
24093 19294053 15
24094 19294099 211
24095 19294288 36
24096 19294743 95
24097 19295624 1
24098 19295787 8
24099 19297866 37
24100 19298812 271
24101 19299007 10
24102 19299957 59
24103 19300424 280
24104 19300815 19
24105 19301311 8
24106 19301878 5
24107 19302124 238
24108 19302172 181
24109 19304569 86
24110 19304581 9
24111 19305733 284
24112 19306209 226
24113 19306416 60
24114 19307608 21
24115 19307848 53
24116 19311156 140
24117 19311902 10
24118 19312530 39
24119 19315221 19
24120 19316604 125
24121 19317363 82
24122 19318483 156
24123 19319198 2
24124 19320120 174
24125 19320337 80
24126 19322065 173
24127 19322180 122
24128 19323716 23
24129 19324992 245
24130 19325162 62
24131 19326328 143
24132 19326507 105
24133 19326779 58
24134 19327379 193
24135 19327999 29
24136 19329230 21
24137 19329647 122
24138 19330052 143
24139 19331818 78
24140 19332460 30
24141 19332832 91
24142 19333224 91
24143 19334718 10
24144 19335405 3
24145 19335579 38
24146 19336779 87
24147 19338011 105
24148 19338120 86
24149 19338616 208
24150 19338677 95
24151 19338952 194
24152 19339382 127
24153 19339488 201
24154 19340675 64
24155 19343536 98
24156 19345436 85
24157 19345464 10
24158 19345555 77
24159 19345891 17
24160 19349072 19
24161 19350146 56
24162 19351977 19
24163 19352409 79
24164 19352559 151
24165 19355625 382
24166 19357508 43
24167 19357857 3
24168 19359983 201
24169 19360131 130
24170 19360568 86
24171 19361485 91
24172 19362074 93
24173 19362735 45
24174 19362930 122
24175 19363460 7
24176 19363484 295
24177 19363671 36
24178 19364516 97
24179 19368627 242
24180 19370086 539
24181 19370214 87
24182 19370326 166
24183 19371957 48
24184 19372054 5
24185 19372942 145
24186 19373949 100
24187 19374084 212
24188 19374661 274
24189 19375621 11
24190 19376086 56
24191 19376663 26
24192 19377816 9
24193 19377880 3
24194 19379106 27
24195 19382028 24
24196 19382480 97
24197 19382493 8
24198 19384621 332
24199 19386151 69
24200 19387879 17
24201 19388274 45
24202 19390397 60
24203 19390473 12
24204 19390752 92
24205 19391383 66
24206 19393046 47
24207 19393253 6
24208 19393799 2
24209 19393869 12
24210 19394246 183
24211 19394601 200
24212 19394947 80
24213 19396316 250
24214 19397406 28
24215 19398108 14
24216 19399270 125
24217 19399513 20
24218 19399630 11
24219 19399737 32
24220 19401443 488
24221 19401750 31
24222 19401878 76
24223 19402098 10
24224 19403182 42
24225 19405106 482
24226 19405998 337
24227 19407158 113
24228 19407209 55
24229 19407548 28
24230 19408871 4
24231 19414110 130
24232 19414469 118
24233 19415031 101
24234 19416718 7
24235 19418136 12
24236 19418463 281
24237 19420127 26
24238 19420154 45
24239 19421013 49
24240 19422051 33
24241 19423865 483
24242 19424042 1
24243 19424553 177
24244 19426267 51
24245 19426667 32
24246 19427622 4
24247 19430112 47
24248 19430381 221
24249 19431922 123
24250 19431923 364
24251 19435030 107
24252 19436109 30
24253 19436307 28
24254 19436483 29
24255 19438677 87
24256 19439015 18
24257 19439698 219
24258 19440370 72
24259 19441019 69
24260 19441486 10
24261 19443631 52
24262 19443852 280
24263 19444700 161
24264 19446131 33
24265 19447501 216
24266 19448179 59
24267 19448698 10
24268 19449617 59
24269 19450074 148
24270 19450502 74
24271 19452027 69
24272 19452358 15
24273 19452866 28
24274 19453722 303
24275 19454195 269
24276 19457217 91
24277 19457571 242
24278 19458644 86
24279 19459693 57
24280 19459965 41
24281 19460330 24
24282 19460860 480
24283 19461179 37
24284 19461331 41
24285 19462571 84
24286 19463927 22
24287 19464053 76
24288 19464299 65
24289 19467731 315
24290 19468279 95
24291 19470592 13
24292 19471435 62
24293 19472356 16
24294 19472823 124
24295 19473868 53
24296 19474361 9
24297 19474803 278
24298 19475331 4
24299 19475526 75
24300 19476793 31
24301 19477297 3
24302 19478413 206
24303 19481384 71
24304 19481489 47
24305 19483195 74
24306 19483503 11
24307 19483551 57
24308 19485328 147
24309 19488993 296
24310 19490271 17
24311 19491325 38
24312 19496252 31
24313 19496943 121
24314 19497503 27
24315 19499538 43
24316 19499678 61
24317 19500836 297
24318 19501063 36
24319 19502030 250
24320 19502146 113
24321 19504163 20
24322 19504625 51
24323 19505261 59
24324 19505896 87
24325 19506611 3
24326 19507702 82
24327 19507773 15
24328 19508870 41
24329 19509123 34
24330 19509187 198
24331 19510074 92
24332 19510121 343
24333 19510989 23
24334 19511675 4
24335 19512250 49
24336 19512947 101
24337 19514576 50
24338 19517310 45
24339 19517562 93
24340 19517902 132
24341 19518737 276
24342 19519539 122
24343 19519620 29
24344 19520645 28
24345 19520768 126
24346 19521080 19
24347 19521255 137
24348 19521966 52
24349 19522914 42
24350 19523392 16
24351 19524401 50
24352 19525081 59
24353 19527646 35
24354 19528117 47
24355 19529121 49
24356 19529789 264
24357 19531464 265
24358 19532143 33
24359 19533766 126
24360 19534186 37
24361 19534375 5
24362 19535944 194
24363 19539717 138
24364 19541434 9
24365 19547243 39
24366 19547552 196
24367 19547819 81
24368 19547952 326
24369 19548023 13
24370 19548222 264
24371 19548443 125
24372 19550655 7
24373 19553008 24
24374 19553152 26
24375 19553419 32
24376 19553682 38
24377 19554364 38
24378 19555104 70
24379 19556711 69
24380 19557029 88
24381 19558709 237
24382 19559469 81
24383 19560334 99
24384 19560745 129
24385 19561288 113
24386 19562116 97
24387 19562672 37
24388 19562949 324
24389 19564156 3
24390 19565135 70
24391 19567303 313
24392 19567534 42
24393 19568187 63
24394 19568359 27
24395 19569180 149
24396 19570323 52
24397 19570716 128
24398 19570888 248
24399 19571383 128
24400 19571528 315
24401 19571946 6
24402 19572183 257
24403 19573716 177
24404 19574122 29
24405 19577173 57
24406 19577384 210
24407 19578145 7
24408 19580093 1
24409 19580675 23
24410 19582085 21
24411 19582393 69
24412 19583923 20
24413 19584990 92
24414 19585352 122
24415 19586005 215
24416 19586594 47
24417 19586608 9
24418 19587086 284
24419 19587110 78
24420 19587306 47
24421 19587457 214
24422 19587676 39
24423 19587919 164
24424 19588797 92
24425 19589333 96
24426 19590209 27
24427 19590290 317
24428 19590360 317
24429 19592458 40
24430 19593545 6
24431 19595971 12
24432 19596030 304
24433 19596034 48
24434 19597217 11
24435 19598222 21
24436 19598604 132
24437 19598739 43
24438 19599037 216
24439 19599604 73
24440 19600209 54
24441 19601407 87
24442 19601623 41
24443 19601763 14
24444 19601799 157
24445 19602414 63
24446 19602556 95
24447 19602937 44
24448 19603508 75
24449 19603792 34
24450 19608463 44
24451 19608660 9
24452 19609040 78
24453 19609587 10
24454 19610163 20
24455 19613482 31
24456 19613574 71
24457 19614133 348
24458 19614352 8
24459 19614377 5
24460 19614821 82
24461 19615019 140
24462 19615061 70
24463 19615360 63
24464 19617733 55
24465 19618724 122
24466 19620317 95
24467 19620345 227
24468 19620748 30
24469 19620924 156
24470 19621035 57
24471 19627527 48
24472 19628843 138
24473 19632978 18
24474 19633163 65
24475 19633755 143
24476 19635240 9
24477 19636151 108
24478 19636733 138
24479 19636916 12
24480 19637177 97
24481 19637789 73
24482 19638205 148
24483 19640131 168
24484 19640838 110
24485 19641736 225
24486 19641971 13
24487 19642130 39
24488 19642964 25
24489 19643372 303
24490 19644113 1
24491 19644493 437
24492 19645244 40
24493 19645892 241
24494 19647026 207
24495 19648078 104
24496 19648710 186
24497 19649179 162
24498 19649586 159
24499 19649737 111
24500 19650613 64
24501 19650770 85
24502 19651102 2
24503 19651345 148
24504 19651388 104
24505 19653412 60
24506 19654558 125
24507 19655106 20
24508 19655166 35
24509 19655547 21
24510 19655682 311
24511 19656492 61
24512 19658334 1
24513 19660215 23
24514 19660254 36
24515 19660905 18
24516 19662899 101
24517 19663282 16
24518 19663962 81
24519 19664544 4
24520 19665602 56
24521 19666193 63
24522 19666845 55
24523 19668684 34
24524 19669172 4
24525 19669815 138
24526 19670473 80
24527 19670841 68
24528 19672777 3
24529 19673108 104
24530 19673979 157
24531 19674594 135
24532 19675635 30
24533 19677060 100
24534 19677081 8
24535 19677658 303
24536 19677831 56
24537 19678533 117
24538 19678605 80
24539 19678698 234
24540 19679185 115
24541 19679205 63
24542 19680519 13
24543 19681105 296
24544 19681484 488
24545 19681759 40
24546 19682369 14
24547 19682893 129
24548 19683573 29
24549 19685409 43
24550 19685621 40
24551 19686974 114
24552 19687532 307
24553 19687559 179
24554 19688560 34
24555 19690115 294
24556 19690515 11
24557 19691156 20
24558 19693415 115
24559 19694462 57
24560 19695737 30
24561 19696630 69
24562 19697464 22
24563 19698131 51
24564 19699579 15
24565 19699889 60
24566 19700367 37
24567 19701109 27
24568 19702373 173
24569 19703032 142
24570 19703458 78
24571 19703716 41
24572 19704966 28
24573 19705240 59
24574 19705326 143
24575 19709994 42
24576 19712078 191
24577 19712230 160
24578 19712984 165
24579 19713276 32
24580 19713547 40
24581 19713768 125
24582 19713778 130
24583 19713828 43
24584 19714061 14
24585 19714594 180
24586 19715833 9
24587 19716112 146
24588 19716200 41
24589 19716368 14
24590 19716546 139
24591 19717364 20
24592 19717432 229
24593 19718261 35
24594 19719138 39
24595 19719615 55
24596 19720003 30
24597 19721171 48
24598 19721817 230
24599 19721939 51
24600 19722483 8
24601 19722995 27
24602 19723005 46
24603 19724241 4
24604 19726635 56
24605 19727962 41
24606 19728197 219
24607 19730853 55
24608 19731059 70
24609 19731436 136
24610 19731830 130
24611 19732383 4
24612 19732725 55
24613 19732936 12
24614 19735577 77
24615 19735817 165
24616 19736234 186
24617 19737348 273
24618 19738293 106
24619 19740501 27
24620 19741780 23
24621 19742850 3
24622 19743009 67
24623 19744577 58
24624 19744741 56
24625 19745664 3
24626 19746474 10
24627 19747005 115
24628 19747348 41
24629 19748133 34
24630 19749763 34
24631 19751937 12
24632 19754736 285
24633 19754940 58
24634 19755192 7
24635 19755268 46
24636 19755316 126
24637 19755641 18
24638 19755878 80
24639 19756164 47
24640 19756392 65
24641 19757400 154
24642 19757802 97
24643 19758063 100
24644 19758151 40
24645 19759653 70
24646 19759953 92
24647 19760914 464
24648 19761102 55
24649 19761623 30
24650 19762220 88
24651 19763031 258
24652 19763440 29
24653 19763674 102
24654 19764090 230
24655 19764207 67
24656 19764856 125
24657 19766860 64
24658 19767090 28
24659 19767770 32
24660 19768160 194
24661 19768447 281
24662 19768602 15
24663 19769495 5
24664 19769867 88
24665 19771414 480
24666 19771513 163
24667 19773853 55
24668 19775847 99
24669 19776951 180
24670 19778165 101
24671 19778284 388
24672 19778485 63
24673 19780978 1
24674 19781899 38
24675 19782256 36
24676 19783479 98
24677 19783999 17
24678 19784413 192
24679 19785013 9
24680 19786147 61
24681 19786170 218
24682 19786978 5
24683 19787779 19
24684 19787996 91
24685 19788930 7
24686 19789085 65
24687 19789539 64
24688 19790107 123
24689 19790253 40
24690 19792248 82
24691 19792273 8
24692 19794836 18
24693 19795335 2
24694 19796974 44
24695 19798644 121
24696 19799461 168
24697 19801015 39
24698 19802239 8
24699 19804463 15
24700 19805475 30
24701 19806023 426
24702 19806590 94
24703 19807606 102
24704 19808422 99
24705 19809619 9
24706 19809727 27
24707 19809848 109
24708 19810212 347
24709 19810519 230
24710 19810635 170
24711 19811560 115
24712 19816613 1
24713 19817019 185
24714 19817100 7
24715 19823121 28
24716 19824059 56
24717 19826159 71
24718 19827646 29
24719 19827693 108
24720 19827737 165
24721 19828139 121
24722 19828402 28
24723 19829705 127
24724 19830179 313
24725 19830697 75
24726 19831381 31
24727 19831831 109
24728 19832141 32
24729 19832646 3
24730 19833050 18
24731 19833548 304
24732 19833857 88
24733 19834155 3
24734 19834708 110
24735 19835475 95
24736 19835854 41
24737 19835908 174
24738 19838740 68
24739 19838895 68
24740 19839408 97
24741 19840091 259
24742 19840425 63
24743 19841870 78
24744 19841971 213
24745 19842449 35
24746 19842507 236
24747 19843140 224
24748 19844085 63
24749 19844360 118
24750 19844419 174
24751 19844849 15
24752 19846113 40
24753 19846652 193
24754 19847825 108
24755 19848327 61
24756 19848562 113
24757 19849044 165
24758 19850078 301
24759 19850163 40
24760 19850289 8
24761 19852361 22
24762 19853059 16
24763 19853618 23
24764 19854684 30
24765 19854889 59
24766 19855098 54
24767 19855109 5
24768 19855211 155
24769 19855438 131
24770 19856726 26
24771 19860067 48
24772 19860270 32
24773 19861898 5
24774 19862254 9
24775 19862892 217
24776 19863691 127
24777 19863843 86
24778 19864177 196
24779 19864521 10
24780 19864962 59
24781 19864996 269
24782 19865009 11
24783 19867030 101
24784 19868368 31
24785 19868528 6
24786 19869656 252
24787 19870198 104
24788 19871081 76
24789 19871396 84
24790 19871858 1
24791 19873325 20
24792 19873814 94
24793 19875292 75
24794 19875387 28
24795 19876028 171
24796 19876740 157
24797 19877114 169
24798 19878711 65
24799 19880642 31
24800 19881951 54
24801 19882376 65
24802 19883451 32
24803 19883908 40
24804 19886364 35
24805 19887216 273
24806 19888564 93
24807 19888623 200
24808 19889082 250
24809 19889397 47
24810 19891356 152
24811 19891778 21
24812 19892018 18
24813 19892803 40
24814 19893883 140
24815 19894623 210
24816 19895606 122
24817 19895732 92
24818 19895805 78
24819 19895905 44
24820 19896500 10
24821 19897666 14
24822 19898196 267
24823 19898532 39
24824 19899048 60
24825 19900242 624
24826 19901052 49
24827 19902637 127
24828 19902649 5
24829 19904013 42
24830 19905244 63
24831 19905454 24
24832 19905526 52
24833 19906027 140
24834 19906248 50
24835 19908333 30
24836 19910725 144
24837 19912794 8
24838 19913682 35
24839 19914026 13
24840 19914610 153
24841 19914789 60
24842 19915190 13
24843 19916643 106
24844 19917450 109
24845 19920718 52
24846 19921724 143
24847 19922135 40
24848 19922534 31
24849 19923320 35
24850 19923499 58
24851 19923867 69
24852 19924605 156
24853 19925429 167
24854 19925437 71
24855 19926220 4
24856 19927545 77
24857 19927791 28
24858 19928046 81
24859 19928601 219
24860 19928695 73
24861 19929447 5
24862 19929876 89
24863 19930362 34
24864 19931708 121
24865 19931892 26
24866 19931924 38
24867 19932320 5
24868 19932979 7
24869 19935278 170
24870 19935730 15
24871 19936813 3
24872 19936914 91
24873 19938109 11
24874 19938565 114
24875 19938857 179
24876 19938891 16
24877 19940019 48
24878 19941257 19
24879 19941845 91
24880 19943906 122
24881 19944896 58
24882 19945699 364
24883 19946430 89
24884 19948499 62
24885 19949344 95
24886 19951394 136
24887 19951602 6
24888 19952446 144
24889 19952781 96
24890 19953846 175
24891 19955359 5
24892 19956839 46
24893 19957395 173
24894 19958098 96
24895 19958174 4
24896 19960220 105
24897 19960602 82
24898 19960892 94
24899 19961112 123
24900 19962756 10
24901 19963216 66
24902 19963507 299
24903 19964455 222
24904 19969211 157
24905 19969907 124
24906 19973037 177
24907 19973509 99
24908 19973909 71
24909 19973956 137
24910 19974676 45
24911 19974709 24
24912 19974922 105
24913 19975452 61
24914 19975822 184
24915 19977260 48
24916 19978106 59
24917 19978222 294
24918 19978257 104
24919 19979272 62
24920 19982567 198
24921 19984079 13
24922 19984492 218
24923 19984492 5
24924 19984911 26
24925 19985052 144
24926 19987820 69
24927 19988021 83
24928 19988318 33
24929 19989484 5
24930 19990108 154
24931 19991220 114
24932 19991297 42
24933 19992643 58
24934 19992846 25
24935 19994814 194
24936 19997498 70
24937 19997639 185
24938 19998623 384
24939 19999426 64
24940 20002046 245
24941 20002644 16
24942 20004051 87
24943 20005765 5
24944 20006284 4
24945 20007371 51
24946 20008013 59
24947 20010234 620
24948 20010707 78
24949 20010857 254
24950 20010997 109
24951 20011458 616
24952 20013220 23
24953 20014657 22
24954 20016155 13
24955 20017174 9
24956 20018229 10
24957 20020036 96
24958 20020486 94
24959 20021432 337
24960 20021771 63
24961 20024262 109
24962 20025076 75
24963 20025646 13
24964 20025829 46
24965 20025922 46
24966 20026080 241
24967 20027198 19
24968 20028454 271
24969 20028560 211
24970 20028902 65
24971 20028963 145
24972 20029572 237
24973 20029665 2
24974 20030364 100
24975 20030815 272
24976 20031228 12
24977 20032277 125
24978 20033358 237
24979 20034227 13
24980 20039366 151
24981 20039647 214
24982 20040498 10
24983 20041151 136
24984 20042809 14
24985 20042920 250
24986 20043099 193
24987 20043269 122
24988 20043700 144
24989 20044027 205
24990 20044034 18
24991 20044340 148
24992 20046871 102
24993 20047194 280
24994 20048925 5
24995 20050298 152
24996 20051238 23
24997 20051259 135
24998 20051419 282
24999 20051943 118
25000 20051949 44
25001 20052206 4
25002 20052780 98
25003 20054191 88
25004 20054695 38
25005 20055657 29
25006 20055732 13
